"","","par1","par2","par3"
"cv",76.2209710430997,-0.229792122968883,-1.04585025967038,-3.36522537916918
"cv",96.0306224490339,-0.212165031059858,-1.13250950008732,-3.44213900481627
"cv",80.9226945677035,-0.240552814242709,-1.04002313776507,-3.38851239778453
