"","","par1","par2","par3"
"cv",102.665332301446,-0.000197516184115634,-1.59406689474712,-3.2809408797123
"cv",50.4891750101553,0.632194076596578,-3.5666258779285,-2.79983925994163
