"","","par1","par2","par3"
"cv",65.6566005497383,0.108117638431238,-1.82452099912312,-3.56630463230859
