"","","par1","par2","par3"
"cv",89.5881821225546,-0.337705620491109,-0.735188882026555,-3.51316318202029
"cv",94.0764765766993,-0.49926648592639,-0.68918482523576,-3.78529802372786
"cv",93.6878383620915,-0.399397022162375,-0.728952715299873,-3.61267034854397
