"","","par1","par2","par3"
"cv",71.4177897724472,-0.988966714693032,0.515337913967833,-6.00455399928647
"cv",79.8225915463964,-1.23558101580032,3.38194204037259,-8.41899604905775
