"","","par1","par2","par3"
"cv",114.818779217324,-0.49850592652728,-0.838621440531837,-3.74598503860071
"cv",109.622506113555,0.426377425992995,-3.11688505186357,-2.35350922042161
"cv",73.3051880540937,-0.574028716869522,-0.810117357549984,-3.81796589609831
