"","","par1","par2","par3"
"cv",103.024975600905,-1.37505558031852,-0.658588385786621,-9.9325913913986
"cv",91.8937565257889,-1.21853576294531,-0.297788913766244,-7.74058511021071
"cv",94.9401479577137,-1.33913049249923,-0.212095658862928,-9.33562955980829
