"","","par1","par2","par3"
"cv",104.687321400935,-0.424518710007339,-0.913059355130782,-3.49035177152911
"cv",120.225243151155,-1.02682201988374,-0.549575915847336,-5.98628146652212
"cv",103.890201349207,-0.364734048906735,-0.934053503921703,-3.41487500640008
