"","","par1","par2","par3"
"cv",126.544465111739,0.494312139515119,-8.31328503578285,-2.54517744302468
"cv",88.2827108893279,0.493331581120821,-9.98531772183653,-2.41492258095664
"cv",95.6513942414079,0.431221446511058,-9.99953518788809,-2.41848823960614
"cv",101.629423273469,0.445709100611664,-9.73119313710128,-2.43661247182109
"cv",65.1813500192193,0.502326360945258,-8.88656845179798,-2.30291310741897
"cv",59.3919961963969,0.466212725716371,-9.99999951851586,-2.34628916238383
"cv",102.850333201802,0.484299232974419,-5.71914382355014,-2.37316937869907
