"","","par1","par2","par3"
"cv",119.8690848843,-0.159173142772221,-1.63187065139429,-3.84945977937367
"cv",37.1930350303807,-0.138778448024254,-1.74933351577129,-3.46846344546876
"cv",21.0833246802195,0.0814476920515888,-2.0326629649477,-3.34180603025524
