"","","par1","par2","par3"
"cv",68.8901951117659,-0.0378255483236044,-1.44340606296205,-3.62085596203372
"cv",99.2258326559385,0.112482512173074,-1.44612183176256,-3.68447748411161
"cv",42.0674641242968,-0.0377402635763332,-1.44417559255835,-3.577954419906
"cv",69.6863364033951,-0.048176017923964,-1.38322204009128,-3.63027248292136
"cv",30.4735348498578,-0.0181905324304173,-1.45129035783707,-3.58132556299907
"cv",58.094668389329,-0.0137814710196108,-1.31962169440977,-3.65495049107082
"cv",49.0931144776403,-0.00997040790885019,-1.42383297542861,-3.60131844961201
