"","","par1","par2","par3"
"cv",80.9916768582632,-0.557621635886789,-0.661670586726187,-3.9879548831699
"cv",116.28287339182,-0.551697403241024,-0.66844737665067,-4.12534381704063
"cv",55.8085321901588,-0.538966889078674,-0.680977875188163,-3.88351077905411
"cv",65.1519726781102,-0.431719089802923,-0.699411124884502,-3.75938895373734
"cv",89.0505396151207,-0.491369266220679,-0.684297183049425,-3.94239101442082
"cv",96.1659197795071,-0.526987550799798,-0.66339651357266,-3.91515768016849
"cv",66.7997461659997,-0.600490768830469,-0.390828560717313,-4.07306406498633
