"","","par1","par2","par3"
"cv",120.564975403073,-0.326435907255567,-9.99999910144702,-2.67090849760031
"cv",116.347551467039,-0.327378557770107,-9.9999992324677,-2.65546992913461
"cv",133.298964265607,-0.422703301095188,-9.99999991136225,-2.85667409881932
"cv",130.192203806466,-0.233605792274455,-9.99994502964955,-2.81172250982914
"cv",114.470332618734,-0.370396107099663,-9.9999991701208,-2.67077749112236
"cv",48.9838871045285,-0.173038922849266,-9.99999998402075,-2.39100003805128
"cv",93.1004540218309,-0.326898013701272,-9.9999667283649,-2.57770227089305
