"","","par1","par2","par3"
"cv",105.800311172999,0.569093004470397,-1.86517541027154,-3.26038211697684
"cv",19.0254543406921,0.485904793747956,-2.48958347918909,-3.1016117594811
"cv",41.2790743066222,0.400142134094288,-2.17420483136054,-3.09803747059343
"cv",93.1192878577237,0.458771676193971,-2.36418362084896,-3.23449815767738
"cv",50.9999522388901,0.506169231333664,-2.81402371712927,-3.04914950364653
"cv",89.1173783371689,0.501207319800078,-2.43533553302971,-3.2507483325024
"cv",39.0471674059429,0.52840341894982,-2.66978576348599,-3.10861623304896
