"","","par1","par2","par3"
"cv",112.336630541824,0.566377481690597,-3.13353383841238,-3.26236061132061
"cv",100.026741263137,0.407311775807562,-2.54496551525007,-3.24384526014984
"cv",30.300197912898,0.335027253734194,-2.43843157151195,-3.15372474510569
"cv",46.5142218788975,0.358942747028584,-2.51811575266547,-3.15614851109388
"cv",77.0239682922634,-0.46781523715203,-1.31673277807844,-4.06448810264194
"cv",31.538471529614,-0.134505473254052,-1.55859563271728,-3.59501172244704
"cv",113.34336391416,-0.656485822445811,-1.08421037649908,-4.40161913565972
