"","","par1","par2","par3"
"cv",110.34662895256,-0.196032529140717,-0.796059081741244,-3.52064258926302
"cv",82.0922178564726,-0.260200391539708,-0.819298806667242,-3.49606509730487
