"","","par1","par2","par3"
"cv",78.5376532673564,-0.621453738741168,-0.669325463942597,-4.34846772486122
"cv",63.8968097044147,-0.614274421280831,-0.511226421886091,-4.36626327826637
"cv",75.9577104074572,-0.591300620570259,-0.646003688730128,-4.31261107323327
