"","","par1","par2","par3"
"cv",70.4761693344675,-0.600439620967619,-0.626935690116168,-4.27244664452236
"cv",81.0190014851533,-0.548945773197962,-0.608617880620194,-4.15885314158457
"cv",55.3638634475004,-0.575079300761788,-0.491542420923541,-4.18427288603417
