"","","par1","par2","par3"
"cv",57.8889428001093,0.459613285649061,-9.9999976389267,-3.26807496260394
"cv",74.1944873768996,0.527510684609042,-9.99999841021287,-3.33326646523213
"cv",40.9164389955155,0.493580494192463,-9.91977313574846,-3.29962697013925
