"","","par1","par2","par3"
"cv",55.2741129178762,-0.0853512910754045,-2.27675294622776,-3.58071819315676
"cv",27.676286831491,-0.0958685887664474,-2.14734381466794,-3.57223316205517
"cv",36.1067171636218,-0.148135412380488,-2.17621354032185,-3.56630909397974
"cv",9.6825282981986,-0.125261748051692,-2.15997890468931,-3.54873589320138
"cv",104.908955223694,-0.528466256773026,-1.3861964405459,-3.9209014447998
"cv",24.4765863599114,-0.145609721579603,-2.19908413293165,-3.54238366191136
"cv",37.6208939549995,-0.0986532605492152,-2.26821328739368,-3.51357796681858
