"","","par1","par2","par3"
"cv",106.701633527757,0.48113383491255,-9.99821140211932,-2.1949533690317
"cv",96.6643074795035,-1.30340329780528,-0.208312137717093,-9.41311940632857
"cv",92.3769428553039,0.496874146641564,-9.2168367339887,-2.18575781426887
"cv",98.9792601086715,0.578367038168842,-9.28900976076579,-2.20534517026875
"cv",52.6681127047146,-0.851615843184742,-0.658861598797944,-5.24343588178299
"cv",110.954741070176,-1.00874318823819,-0.555435037694165,-6.27877710208582
"cv",105.85020766146,-0.109997060678086,-1.48897839393781,-2.58747683858516
