"","","par1","par2","par3"
"cv",113.045041770035,-1.36728195574255,1.49777156777188,-9.30610076076471
"cv",71.4549033522545,-0.477853427347852,-0.785479341727415,-3.26828044375566
"cv",104.49619991582,-1.13761450061723,0.135493470666011,-6.62224155936522
"cv",109.409035280831,0.451717724126822,-9.9999237649471,-2.23491793855606
"cv",107.191208460482,-0.711384921448362,-0.731198850675833,-3.90875806790748
"cv",97.0315437103117,-1.13848220108902,0.739390367118303,-6.50656042000998
"cv",106.518899094769,-1.36808530302655,0.959615527792181,-9.45926404198823
