"","","par1","par2","par3"
"cv",100.398736616084,0.411946814484946,-3.95380567200637,-2.29185454936217
