"","","par1","par2","par3"
"cv",58.2200939219517,0.279002808869933,-2.29072121592951,-3.39217044611555
"cv",54.1389572829822,0.36299206334504,-2.12147292885453,-3.35155613933684
"cv",88.5648825954436,0.250107855012559,-2.23335394573417,-3.44655811640169
