"","","par1","par2","par3"
"cv",107.762487897527,-0.222237642853574,-1.15830902852211,-3.09252187205655
"cv",94.6339651450862,0.475250353732831,-3.45903021460103,-2.28223996208399
"cv",96.0090617764351,0.493741967168172,-3.17128038199339,-2.26252016416384
