"","","par1","par2","par3"
"cv",102.791064768831,0.556688606683929,-5.54529556554904,-2.08422096450699
"cv",94.5079426052547,-1.25100272099343,-0.615067597787961,-8.50388535374488
"cv",62.4628757894859,-1.35581761988197,0.171574928003763,-9.84728517476469
