"","","par1","par2","par3"
"cv",182.567708538286,-0.67772623405893,-0.601113701901318,-4.35384961897478
"cv",67.0441596261026,-0.450466632972218,-0.770707761740697,-3.38613200311733
"cv",99.7525446380773,-0.260289790897881,-0.85606798513829,-3.32569371203557
"cv",100.111710791313,-0.370677265003281,-0.7641459685993,-3.38692733541428
"cv",92.8857527220598,-0.411254891956307,-0.789099139662662,-3.47148457296929
"cv",84.5861353216027,-0.460978186213338,-0.706261102668327,-3.40771715402498
"cv",85.7962380429956,-0.349186300463346,-0.876585139018607,-3.30712427466918
