"","","par1","par2","par3"
"cv",39.74815594656,0.255434961176133,-9.16053861642286,-2.77472646636196
"cv",127.40890277933,0.292072710345358,-4.56516448497974,-3.22550727802784
"cv",31.762176205626,0.283148712709145,-5.72731145174544,-2.82031025120858
