"","","par1","par2","par3"
"cv",106.005233205813,0.560186004291461,-3.1174080813458,-2.30501689285593
