"","","par1","par2","par3"
"cv",92.1319469822865,-0.00276684294174667,-2.2946478183851,-3.11020288809943
"cv",74.448425313456,0.0499400188321756,-2.9974581853227,-2.92605395555341
"cv",85.9093811489194,0.0962423822277296,-3.17618551247767,-2.92237897763311
