"","","par1","par2","par3"
"cv",38.5264741921505,0.0954454660297806,-3.1204565661841,-3.33258952476461
"cv",67.9676170011547,0.161341071469469,-3.02615434889691,-3.45000224321044
"cv",6.29997781605967,0.175867240919331,-3.02883192045786,-3.28862495937489
"cv",27.705509034252,0.134417965606722,-3.46298514734943,-3.24522460399765
"cv",54.217512725544,0.145705561647153,-3.22570013389227,-3.31164855381831
"cv",50.1243982583784,0.200731458911555,-3.1627105681159,-3.36155755515271
"cv",24.2666012361048,0.0850966776815249,-2.92509993472902,-3.18153041939173
