"","","par1","par2","par3"
"cv",68.4685761656483,-1.13462010646649,-0.0816398597139465,-7.00976761788262
"cv",116.285260757303,-1.26514513436882,-0.598582786951413,-8.51842060198774
"cv",63.7144949998455,-1.36704562145815,0.653004380550454,-9.9381536943838
