"","","par1","par2","par3"
"cv",46.9532990826244,-0.15427347154868,-1.23223818291733,-3.56805630892726
"cv",80.2782282354138,-0.17799471584577,-1.19319717843912,-3.61047862661125
"cv",70.3573672723279,-0.148261309192361,-1.16004435145279,-3.50216847988963
