"","","par1","par2","par3"
"cv",81.7343550615206,-1.04869711481561,-0.633815664441027,-6.35033319549187
"cv",69.8198652048844,-1.32608315264174,0.29964192914273,-9.39747707145544
"cv",78.2192559829508,-1.24499647320894,-0.657997163178284,-8.31049106781448
