"","","par1","par2","par3"
"cv",60.5469821846798,-0.334149685433796,-1.19334615429121,-3.52529287497018
"cv",135.190613264457,-0.598897533928088,-0.943127392402001,-4.07185199056728
"cv",110.588128906047,-0.345192705339632,-1.24188015607321,-3.61757022740406
"cv",53.2811575339735,-0.389087213706834,-1.08406290945473,-3.66804219396158
"cv",79.8507713819276,-0.266941314893875,-1.13128741626774,-3.58313117373091
"cv",64.8677466508848,-0.332950142449513,-1.19967312784892,-3.54524589297758
"cv",49.7994650326888,-0.328127763947556,-1.18269641953762,-3.52114824503552
