"","","par1","par2","par3"
"cv",107.497764278429,0.507250997392242,-8.79724306069062,-2.93236476756427
"cv",80.256775613532,0.477184565568025,-9.95729342784381,-2.9317952558708
"cv",42.5789226190868,0.482149575595432,-9.99999823669741,-2.86186722993768
"cv",61.1682425025994,0.468072222285359,-9.99999875049369,-2.85642077316163
"cv",58.3041963215751,0.49645436922357,-9.81220318841399,-2.81711227866627
"cv",90.5630157169967,0.501705468603937,-9.9999966198501,-2.94380945951143
"cv",88.3307366102014,0.56962487083492,-9.99999273444362,-2.82128361642053
