"","","par1","par2","par3"
"cv",78.8298935409519,0.440008107652074,-7.67516253629703,-2.36447630324442
"cv",108.825162558627,0.455528568127486,-9.31501410872259,-2.44960586238653
"cv",99.8736183329979,0.41378738791265,-8.03995350803149,-2.46993171017912
