"","","par1","par2","par3"
"cv",70.9499072972004,-0.567381973394389,-0.834319954936344,-3.88259600634827
"cv",111.025589795396,0.45776428223064,-3.14427459927653,-2.23639873906877
"cv",88.7791816681536,-0.550455834070169,-0.852646959274736,-3.94674309708264
"cv",102.983995997803,0.477158939877594,-3.10220037093159,-2.1760821600732
"cv",105.150910686943,-0.587917159973354,-0.827747877197842,-3.98900863494879
"cv",67.3357053027356,-0.607573716704134,-0.834948596236243,-3.92136639015938
"cv",88.1541076028076,0.581857850377834,-3.10747425980447,-2.08787077061748
