"","","par1","par2","par3"
"cv",74.3053184082029,0.136883696490727,-1.56506915870129,-3.11745844798284
"cv",80.672056769179,0.262451324135512,-1.66480690704482,-2.96614111438068
