"","","par1","par2","par3"
"cv",94.2570606693836,-0.164897644254767,-1.16334697131224,-3.40064396260301
"cv",120.79973409158,-0.114093748450022,-1.22722976889864,-3.41494566654261
