"","","par1","par2","par3"
"cv",86.5134924465248,-1.35483429418115,-0.666826767143464,-9.48210095772464
"cv",86.7443642667601,-1.3452628714614,-0.281045892591256,-9.37462309629631
