"","","par1","par2","par3"
"cv",67.7401375991776,-0.969467780066637,-0.60957793873953,-5.56062809538198
"cv",68.2158395621648,-1.20547742108627,-0.643703392165507,-7.67133693394305
"cv",116.008463911341,-1.0550653402495,-0.688384302466289,-6.39355573577525
"cv",99.2210835470024,-0.796786039984284,-0.6538213186889,-4.8436816546153
"cv",99.3247096581558,-0.957363328372446,-0.642885765454051,-5.5818060165434
"cv",96.7178023171513,-0.843010329725327,-0.664359770369691,-4.99856718430301
"cv",83.0443366243571,-0.766475726298218,-0.665316130001372,-4.55727873976361
