"","","par1","par2","par3"
"cv",113.100949763148,-1.18695542299371,1.46833013145144,-7.02484586320115
"cv",95.4560712332911,0.490545390724215,-9.91823467516115,-2.1243178621653
"cv",103.481454871191,-1.2352108798248,0.263145577415681,-7.63999571378263
