"","","par1","par2","par3"
"cv",126.715992971232,0.192727024852936,-2.52751785884843,-2.48270347200126
"cv",79.3197131009258,0.361883613878624,-2.93995447888992,-2.23348917832376
