"","","par1","par2","par3"
"cv",85.2067157962208,-1.33077607211471,-0.432788073961146,-9.30905741987158
"cv",112.358553633396,0.419209769897546,-7.94772690662097,-1.97788056980853
"cv",112.657158987221,0.374791905206731,-5.67722492887621,-2.02573031069686
