"","","par1","par2","par3"
"cv",99.4201909344624,-0.0439977091728002,-1.81165716809185,-3.30818117718957
"cv",44.7040921689276,0.391931203893491,-9.99999794290892,-2.83021076280526
"cv",70.9327947557185,0.458856707332849,-9.92888220549999,-2.87972672528231
"cv",46.3761956350564,0.441011555456933,-9.99998478925036,-2.83167728333677
"cv",60.7764828358665,0.419240115602546,-9.9997531973918,-2.88241676976882
"cv",79.6686733915673,0.402396326159608,-9.99999877212384,-2.90752708847321
"cv",66.5975741101599,0.446616235667656,-9.99299561876483,-2.8937391199279
