"","","par1","par2","par3"
"cv",68.1784635246753,0.171312884566034,-2.14524722633597,-3.05719418123055
