"","","par1","par2","par3"
"cv",56.6626881121726,0.0336610356805471,-9.84354904168646,-3.0372519625022
"cv",42.4323293925688,0.0296031399839013,-9.99999971985502,-3.09714248518487
