"","","par1","par2","par3"
"cv",112.52504999319,0.37583616472425,-3.2735922328686,-2.8484485741335
"cv",96.8472326147542,0.437353240452099,-3.05742062802539,-2.85695445902815
