"","","par1","par2","par3"
"cv",97.1650639147418,-1.25459896098999,-0.536974631835231,-7.66604950382513
"cv",130.028915547553,-1.10335216897469,2.19810028463581,-6.41064685687231
"cv",119.777917366576,-1.27092685398607,-0.469599149397,-7.95891069557992
"cv",73.7232361839983,-1.11669370079836,0.0906726638833399,-6.10839511494487
"cv",116.399842151943,-1.27872276969385,-0.297587146640323,-8.05092223179066
"cv",92.8501792825068,-1.05611279224567,-0.589532235461121,-5.64243119664756
"cv",99.2577705540077,-1.14254061855466,2.43249837555498,-6.54527332063065
