"","","par1","par2","par3"
"cv",70.9814129417667,0.469830467742248,-4.69801888155764,-2.91630653768885
"cv",80.5807579467807,0.494250905655049,-5.10002558893019,-2.90912031018126
"cv",115.040796911228,0.456302627791844,-4.2133687388576,-3.07964997323096
"cv",37.3038876569478,0.488368902381717,-4.80797364060295,-2.86041239463021
"cv",61.1415130388947,0.477515656992684,-4.33834257122717,-2.81494326747628
"cv",63.6987889146731,0.474213421511429,-4.62747160069235,-2.7972204603814
"cv",112.276816197438,0.488176400186686,-5.39226670813551,-2.86520561426976
