"","","par1","par2","par3"
"cv",140.540099568483,-1.29267853783966,-0.0703833157159385,-8.7761056046051
"cv",94.093798783212,-0.999251978708686,-0.0283076916243377,-5.68129029040034
