"","","par1","par2","par3"
"cv",112.769445444724,0.447160478378154,-9.99953493631538,-2.02901230776845
"cv",115.068305192895,0.433490112723014,-9.99992425743971,-2.00163609163094
"cv",114.547501671839,0.445915850153261,-9.99989943929587,-2.02872957090924
"cv",101.468706860154,0.429845558562874,-9.92887420824353,-2.02495237057248
"cv",104.723263279668,0.441369766923138,-9.96929365229203,-2.01127171151444
"cv",108.192752819967,0.469182801458084,-9.99993728337594,-2.02917166082977
"cv",113.470805640828,0.420344936424307,-9.24778371603432,-2.07198755010975
