"","","par1","par2","par3"
"cv",62.5429008699331,-1.18925313045183,-0.56614118705194,-7.9566858076192
"cv",99.9048138485872,0.507928345153833,-5.75757993333915,-2.36423159641397
"cv",91.3797117301881,-1.14226664819173,-0.636099761407794,-7.64902643118543
"cv",84.4552846750258,-1.15752514543813,0.247653337222824,-7.61537050104671
"cv",34.1668328389187,-1.14538136041207,-0.601803954412006,-7.51267555520115
"cv",64.9259710168227,-1.0629841930499,-0.236523132590594,-6.8006647475789
"cv",98.8829366170798,0.525091948003193,-7.3111245946307,-2.34887082896317
