"","","par1","par2","par3"
"cv",148.202566964624,0.429882171158271,-2.13545814519636,-3.33986696117341
"cv",42.113484175437,0.396095298774541,-2.37840319060129,-2.93293080291476
