"","","par1","par2","par3"
"cv",122.719839535824,0.279092008350131,-9.93238565073545,-2.536112554224
"cv",142.995757671956,0.14722442334976,-2.60629906736196,-2.66853749711716
