"","","par1","par2","par3"
"cv",88.5536859581081,-0.0337200896030911,-1.20386441592184,-3.41498812802053
"cv",74.4489289115327,-0.0678735473412951,-1.20756555799232,-3.39876833191761
"cv",86.3840718321099,-0.0304692117095994,-1.18816963020529,-3.44410573783576
