"","","par1","par2","par3"
"cv",78.042279277796,-0.458941397886591,-0.671765451580365,-3.60728114313575
"cv",105.034505005146,-0.72016952706776,-0.694075050313389,-4.26476240678881
"cv",108.384872456843,-0.548513799656749,-0.69538483102444,-3.86363188608445
"cv",61.5905015158631,-0.626084031985681,-0.663672726764991,-3.889645538019
"cv",75.3988259646533,-0.454738901120136,-0.745138178729977,-3.58456914306638
"cv",112.618369801674,-0.597051194714152,-0.651319911676484,-3.97676526864107
"cv",114.799680255048,-0.481706657925523,-0.714738848930905,-3.80849310902497
