"","","par1","par2","par3"
"cv",94.7208844508578,-0.522549923398073,-1.24841391326065,-3.85105568399931
"cv",10.6147173795987,-0.39031095830639,-1.47231870710876,-3.54879495820369
