"","","par1","par2","par3"
"cv",128.170252847208,-0.354379925713339,-1.06399287055626,-3.51758524126338
