"","","par1","par2","par3"
"cv",65.8467136004599,-1.27763716273515,-0.636126427283948,-8.70826546328747
"cv",93.6506819972947,-1.33804836026633,-0.631804831162088,-9.5819633238579
"cv",91.5817673339005,-1.23279219329032,-0.577262541262977,-8.18229518895023
