"","","par1","par2","par3"
"cv",179.285276549135,-0.642551314798497,-0.654171124908601,-4.23492551495215
"cv",67.3140622294951,-0.46804294755739,-0.757034179692041,-3.40534207434521
