"","","par1","par2","par3"
"cv",229.998383801261,-1.44326500409379,-9.99999026375175,-3.45221088813643
"cv",27.578494944363,-0.758991684069782,-9.99999951938592,-2.8432337585526
"cv",58.8239747221131,-0.777836175399371,-9.9999995796314,-2.92579563795654
"cv",26.309945616615,-0.707318157870956,-9.99998527419192,-3.01728422984937
"cv",83.1753379470544,-0.611095966124739,-9.99996952830439,-2.98000399764184
"cv",17.1652008955282,-1.44247917912924,-9.99996447253032,-3.00867026994484
"cv",81.3166597777103,-0.763773800997136,-9.99999993269316,-2.92367362176804
