"","","par1","par2","par3"
"cv",50.1578660086714,0.333694087417503,-2.91755622169502,-2.69871154979982
"cv",85.7660618128193,-0.40868338790266,-1.53984197261173,-3.30915635143556
"cv",46.6973867945213,0.383252124603234,-2.67865097953775,-2.72354986140137
"cv",107.99093219567,0.270599579097914,-2.13203827031741,-2.98912130741527
"cv",73.0469985496785,0.365846944538022,-2.76187230798814,-2.71809063603664
"cv",107.357218995882,0.653191760273284,-5.06805318544889,-2.74696089898643
"cv",93.4565237411962,0.38520579010943,-3.07202465670832,-2.79942687527109
