"","","par1","par2","par3"
"cv",105.645461774509,0.418467135900236,-4.69432395333283,-2.37901175081779
"cv",100.157002881752,0.407540902135638,-5.17998269893933,-2.37466421430885
