"","","par1","par2","par3"
"cv",99.8451287732367,0.483654830045717,-9.99994571182757,-2.37517437203554
"cv",109.524303050703,0.471860623880233,-9.99979788434078,-2.30469731731429
"cv",119.829714422544,0.487372312695374,-9.93924908383857,-2.33329700840636
"cv",95.2011902396918,0.474044676134929,-9.99999757971589,-2.26901037920261
"cv",90.8669818032105,0.451626279408187,-9.99999183208691,-2.32549213595452
"cv",84.8283680937417,0.473089028243664,-9.98947737161707,-2.33575437034859
"cv",103.104735152857,0.562171833079521,-9.99997250528511,-2.41315980891528
