"","","par1","par2","par3"
"cv",97.0271139864954,-0.6481872938981,-0.711203238902891,-4.09688779543372
"cv",86.2759111840566,-0.732492800016911,-0.697699607540011,-4.37262442646282
"cv",102.178492543969,-0.717424677592714,-0.614103173232606,-4.35384178181871
"cv",106.14891598798,0.468112442504815,-6.41832381759485,-2.29275575741694
"cv",68.4503857496812,-0.73950767175654,-0.658674308366132,-4.38296026500814
"cv",79.7196760342406,-0.65262931487018,-0.713220826826033,-4.07826280319346
"cv",118.07805396454,0.469075915752419,-6.56620285590593,-2.31145675794755
