"","","par1","par2","par3"
"cv",22.6388382533398,0.133544732491154,-2.77580334295621,-3.43463454473246
"cv",14.0223404736543,0.348038544670969,-3.33274512032174,-3.44499302480051
"cv",84.3959076237877,-0.107135634813463,-2.25573596719286,-3.62562285215586
"cv",78.1071435097507,0.290925018534223,-3.53334143976681,-3.62518583403703
"cv",25.045795566027,0.331933875783377,-3.88587305251717,-3.40129937595995
"cv",31.8784795334436,-0.0392888725838514,-2.75450284154808,-3.37673118455514
"cv",68.1232863781609,0.112943510358305,-3.48781847168408,-3.33506769073863
