"","","par1","par2","par3"
"cv",90.8383336377782,0.208900522350616,-1.43643482731207,-3.19624830645067
"cv",77.0789456667,0.170454867390743,-1.61700826296328,-3.05925288110442
"cv",82.4561123323148,0.170639882020778,-1.55314698442473,-3.13173886146284
