"","","par1","par2","par3"
"cv",40.6436256112598,-0.0361284280901004,-1.36720304239696,-3.89965745273881
"cv",66.4908460437657,0.113583446257935,-1.3645751738142,-3.82112608038162
