"","","par1","par2","par3"
"cv",138.637700689049,-0.391929583493102,-0.85355122329103,-3.58930159934125
"cv",113.62071005721,0.626575078262758,-7.18121663712922,-2.27878784009125
