"","","par1","par2","par3"
"cv",45.2195961635349,0.909334389571134,-5.87541320333587,-3.21888941553897
"cv",24.7350823115278,0.830827218873104,-4.09154785522605,-3.17595938811721
"cv",63.476875161554,0.83430843618126,-6.07205513187828,-3.28751535497447
"cv",41.4184194319799,0.895645218933545,-5.05283561691944,-3.21161570600157
