"","","par1","par2","par3"
"cv",101.781079637412,0.527539856112684,-3.45268629175458,-2.18668642751615
"cv",116.095874048355,-0.451665212497006,-0.713647230163431,-3.76501301058646
"cv",64.1600360606539,-0.70684969185941,-0.173912821227188,-4.30057381353366
"cv",106.316072045662,0.595235907958926,-3.37788199409562,-2.20222450275444
"cv",81.1987250118852,-0.40329045966579,-0.783559039189016,-3.66812354179714
"cv",84.7024050050395,-0.592936328612268,-0.220297739688074,-3.9956186960259
"cv",76.8854103452738,-0.484068605534757,-0.711910649668971,-3.77888437524581
