"","","par1","par2","par3"
"cv",89.0423406594507,-0.342780909466687,-0.730260634076389,-3.53914570809668
"cv",92.6456004817129,-0.448444853859625,-0.732888575357273,-3.68899018110057
"cv",93.7210242334993,-0.39828884107168,-0.734195578157069,-3.60949053200396
"cv",99.9052299793904,-0.417681995322225,-0.727347813808471,-3.70921896816299
"cv",97.1358355489639,-0.465615057538985,-0.698221124761146,-3.81885569027341
"cv",107.354049746663,-0.368034319769112,-0.720780698036931,-3.6111038336357
"cv",53.0561843236793,-0.439224058145187,-0.695712456144817,-3.61211572043837
