"","","par1","par2","par3"
"cv",77.9496100769898,-1.23650128228847,-0.367489596130354,-7.78445457903563
"cv",85.3244036555838,-1.03524602350896,0.442688646358228,-5.95416231996195
"cv",63.9005939400315,-0.667982385454366,-0.632815708444698,-4.06244446578773
"cv",83.361695221672,-0.573121341894703,-0.666720989860562,-3.86358348602301
"cv",105.915792182841,-1.38574568606913,-0.191726607905328,-9.96946490860653
"cv",97.7683302356098,-0.500833068308152,-0.647381261314645,-3.75170956368413
"cv",92.4421498643825,-0.556082079003676,-0.669025987810785,-3.91622717188848
