"","","par1","par2","par3"
"cv",129.495544064608,-1.0509078458489,-0.0466748880641989,-5.70653069511769
"cv",98.0810325763919,-0.796667204090521,-0.674109369186401,-4.08784305898647
"cv",100.021498316763,-1.07679263968021,-0.400037242420983,-6.00770793737012
"cv",113.214829522207,-1.06360773540232,-0.487769793650667,-5.84898857620748
"cv",95.583587960949,-1.33564987145656,-0.226759307817811,-8.68908486791219
"cv",109.757676962927,0.481641648298629,-6.16175303096584,-2.09506197553807
"cv",99.240144295243,0.472892832611156,-5.15049930432609,-2.05748723507398
