"","","par1","par2","par3"
"cv",74.5560008751005,0.49409021380538,-9.82671608834745,-2.93075408211723
"cv",38.0879712515795,0.483241988125983,-9.98669622701752,-2.89861988640689
