"","","par1","par2","par3"
"cv",71.0092132336504,-1.05824691396789,-0.041552067468062,-6.08182602039319
