"","","par1","par2","par3","par4","par5","par6"
"cv",99.763568253445,0.682891208945791,-2.43664479070406,-3.33874581209152,605.721137192133,-27.8451607064167,-5.68623966315223
"cv",89.6548462145957,0.558379318431016,-2.01426530579939,-3.64736881804692,227.726429053066,18.057000823319,-1.06919972935522
"cv",94.2478915981071,0.884979405357545,-20.3522706784221,-3.14782563203834,631.284308034036,-17.509667510315,3.06032212319214
"cv",77.8246215797696,0.9019486660159,-29.1185829028881,-3.1702301455173,734.661894293193,-23.5746776492786,2.06865656876052
"cv",88.7565371854604,0.966434214467327,-32.2639591103045,-3.26416844820692,218.251519549479,9.86074628946526,-0.275679519400001
"cv",91.2343190981325,1.01372255404985,-3.52567374974229,-3.47060398256091,225.097423644725,6.16315129896,-7.61316585377113
"cv",145.411524103263,-1.23472265439573,0.893262026959716,-8.24170985752556,64.4310961353995,-647.497022483114,7.36796076543199
