"","","par1","par2","par3","par4","par5","par6"
"cv",96.8778804338886,0.727852600736774,-3.53928834422948,-2.95362398545571,-501.460951096837,679.854780901223,-9.09239174900759
"cv",65.9108848815139,0.739633838861048,-24.8556984379602,-2.99484312077342,-40.7355294146439,94.3986508251636,-2.99822571825645
"cv",87.8243000572842,0.680678734854659,-2.88909745854571,-3.32096107839698,-406.57890363732,603.144313783413,-1.39094525466338
"cv",103.623652897089,0.756779175938142,-4.27358126522157,-2.97796346346715,-459.141864257341,797.29531834155,-5.6656960893907
"cv",78.0643784699894,0.885870059944301,-22.5843437599525,-3.06580910490033,-489.451299388237,848.679215047255,-6.9981880752431
"cv",67.4111078990361,3.04778296117438,-41.3358228389773,-6.80894505036589,12.2281119097188,390.612071786999,-3.38088103996519
"cv",64.4405498519352,1.18660299693068,-7.27248634099429,-3.62626711538207,13.9804700051415,418.578859797952,-2.89222672777291
