"","","par1","par2","par3","par4","par5","par6"
"cv",125.114337431743,-1.13561612291122,2.93642322067171,-6.99425665026666,-78.2571025159158,-200.078385120149,9.44146735855913
"cv",85.2944421646462,-1.31003590422841,-0.388200716951226,-8.70692524334599,-315.901701100369,-292.331671196702,1.50226079637529
"cv",77.9016399018949,-1.26080891933049,3.43399698219448,-8.0207337929666,-1.01210502907634,-834.397368122714,3.01330527585564
"cv",84.4755741912109,-1.29797349645121,1.33677628417635,-8.50553776791168,-843.717393968532,-156.986385184174,-7.48365507131041
"cv",92.4674798192099,-0.621738610439891,-0.407508609494014,-3.84880944057908,-965.66397090744,-154.123678317366,8.57509119223756
"cv",100.406306668681,0.40524274215215,-1.87605038663008,-2.93510214280209,836.542780876124,-63.1227588258265,-6.43893329926907
"cv",103.146612896218,0.628614486103441,-2.27394123670567,-2.91129417545129,658.213644393837,-195.685504703766,-5.70705602917134
