"","","par1","par2","par3","par4","par5","par6"
"cv",124.479969363482,0.253898213764397,-1.43655994230766,-3.28588866039622,-44.9302638880908,-925.473800142649,-7.20190463587642
"cv",98.7735518154471,0.471050404021626,-1.4001940739245,-3.0716086193043,215.177260482244,-568.553537721107,7.11162208579481
"cv",65.3971608721909,0.514728721670514,-1.587860926039,-2.88265649977669,72.5180210775759,-110.394665025244,3.73998690862209
"cv",106.864237779054,0.182250681748992,-1.29088829292545,-3.2674783864589,-347.878850732576,-368.386651946473,-7.07059982357662
"cv",65.5592466267942,0.361367529277491,-1.44643753867459,-3.06998801319365,-344.792824407109,-930.157870421339,7.36450778786093
"cv",52.3303125263019,0.384266152968392,-1.41450362558985,-2.97479908529364,-453.003248489101,-475.18173380255,-1.92971592309877
"cv",80.9645713154586,0.415855029101056,-1.4490491120366,-3.04683210676847,204.13770751577,-510.970850741281,0.955724557620043
