"","","par1","par2","par3","par4","par5","par6"
"cv",79.6305181725996,0.889326150809358,-38.6461790909766,-3.16983522781639,291.274453561762,-3.34558409706082,4.03667222989035
"cv",98.6752597885281,-1.11801446423848,1.68689581292255,-7.40404827520319,-443.572408985347,-167.79545436049,4.01306163913042
"cv",65.3129996125938,-1.14146071850858,1.84458331759074,-7.46647272821854,20.2077229626875,-85.4713212152159,2.76388971222863
"cv",65.5782503880703,-1.18339975173188,-0.280758591169632,-7.79748899376462,-308.573466266128,-81.61215477449,6.81661935531683
"cv",66.6072163087695,-0.756491234644836,0.337896693412386,-5.25663102821884,-842.584145255387,-580.382101411541,8.37270000842314
"cv",94.200377795314,0.854366144477616,-31.930111028016,-3.25788259848561,212.061223563015,-1.26478648537193,-9.53721103258431
"cv",85.2199959869622,-1.18312968707617,1.24472352691799,-8.01692468311526,38.4080533657254,-529.836693708207,8.76593769630898
