"","","par1","par2","par3","par4","par5","par6"
"cv",99.7936338151081,-0.55975896076633,-0.752370641566813,-4.04502420146269,-951.556812609592,-575.399714504681,0.8420408889255
"cv",83.1038976778568,0.7063950637692,-37.3721565702348,-2.8775592922063,649.896081388006,-20.211006968403,2.89473863368424
"cv",76.1960592837164,-0.502234916144168,-0.543152111582458,-3.98637309150839,-366.870038925209,-37.944009716444,6.96933426858783
"cv",82.9080470936293,-0.967497981109192,1.19797770587351,-5.63195762111429,-735.723345646206,-800.513095865023,-2.11437784235686
"cv",96.697402155563,0.882256301623067,-28.098280513336,-2.95262765977163,69.5018715599863,27.5370579985304,-2.30143117988852
"cv",70.6321920014431,1.03353997654905,-33.9814385202574,-3.07510972309783,70.9276406139582,29.5720301776812,-9.34241657014975
"cv",95.5100001166127,-0.410470778059287,-0.383626729001556,-3.81398117861903,573.091414757073,-531.518061637995,9.99142316635698
