"","","par1","par2","par3","par4","par5","par6"
"cv",89.9569612258412,0.42325209945545,-1.98819210980061,-3.67789298084906,570.599926623636,-37.1058284571433,-8.05777143915714
"cv",80.234301239106,0.335217328090961,-1.71547072228332,-3.68252675136025,325.213921665217,-6.13997828070904,-5.48507836895245
"cv",88.5601420839492,0.700729375432682,-2.44939458271039,-3.16289961971028,709.198947558841,-47.9122131598211,-9.14526165750636
"cv",89.364693638355,0.145737774204506,-1.48762520703007,-3.65645677484137,732.559564057738,-37.3918106452575,-2.47625332543759
"cv",78.2696600364468,0.539267387201307,-2.03692088919479,-3.54763175876455,831.44955726281,-59.73010486004,-8.27353724067766
"cv",57.7059424833852,0.500855426342738,-1.98319534360563,-3.44441671529087,825.105204688528,-79.0982433228097,-3.84563933651235
"cv",72.2129394140604,0.48988631224463,-1.81802139815871,-3.47422765226487,761.234472038342,-59.1313940010295,-9.93618518695151
