"","","par1","par2","par3","par4","par5","par6"
"cv",101.705665658279,0.875520066963959,-7.00973216444254,-3.58624353437125,64.7759391969642,174.648628570139,-8.88333143473724
"cv",103.936474936841,0.544980443169105,-14.3790572185877,-2.89400337896564,645.641416319941,-69.6455147100538,4.16669728654433
"cv",91.632730586975,0.551604825286341,-16.8532558949664,-2.78919466682958,527.207273967623,-70.2738780567782,6.77001659122309
"cv",91.7039858261055,0.498146354910855,-14.1956690703727,-2.95721291887848,659.41635100171,-82.0051727251024,1.61723285860956
"cv",96.1670240871665,1.04795617084023,-32.8035192331299,-3.71625390752348,62.7715213492354,183.563855213552,-7.79727297747007
"cv",73.6957261772226,0.922629946071826,-7.00073285827006,-3.39416155230067,59.2489814944565,145.622976353976,-5.29497480019927
"cv",67.0263132910128,0.736850338183179,-10.7043935461726,-2.91936935090812,968.32017640685,-95.8590709175802,-3.52643917194927
