"","","par1","par2","par3","par4","par5","par6"
"cv",73.6897081280712,1.35865276010395,-15.7717558827168,-4.08018136217921,707.087672781199,-17.9865416360958,4.55209774358401
"cv",83.5720688863643,1.40958293781018,-33.503246604828,-4.06673324815069,216.428812245835,2.82058746702718,-2.65379495368712
"cv",79.4607724994273,1.36587840516321,-7.79795500979692,-4.28280149181782,235.434691499351,12.8330908796447,-8.71870885182499
"cv",124.204296072354,-1.08800415345013,-0.455969401095157,-6.68354507871552,-909.67511082891,-228.806594386697,-5.07647983145439
"cv",90.7961082039977,4.0058964677155,-49.2173149311128,-9.28881634492427,360.067085988787,-3.2118812530411,7.06307030023145
"cv",110.556768746298,2.04736666183692,-21.4765426734763,-5.50131610926425,719.492223696826,1.8354318333352,4.7081780602644
"cv",87.6661775694279,1.08379043692978,-43.6679031452096,-3.61143025683988,230.331363971982,0.217514548043908,2.51019974742999
