"","","par1","par2","par3","par4","par5","par6"
"cv",114.095306341201,-0.858099818215172,0.88278766218124,-5.11678606384665,-374.227097777426,-217.182716202534,3.21699986956305
"cv",88.6034579893282,1.15041135191258,-6.2616049520756,-3.54097247813243,539.000106975436,-7.99172007831523,8.69023445372689
"cv",78.044420240052,1.04386266565807,-19.5329861406549,-3.29816077839663,256.116142987116,1.44907817878555,-1.60391203111907
"cv",94.7448340405036,-1.21764197909902,2.79612856500893,-7.72692133888578,-818.992496000199,-179.56167332859,2.03764790892273
"cv",80.5468099155294,1.01464631967,-20.7981053354081,-3.37376948587379,679.30357893119,0.736474560456969,-1.05562520277422
"cv",100.201119105973,-0.305299816355621,-0.754752079956234,-3.46405976070721,-594.964050976607,-119.19971015918,1.14341913214003
"cv",106.393915225829,1.1576870466761,-17.1870735509928,-3.5332723446495,286.272170049766,-2.85906320069606,-7.7454163209818
