"","","par1","par2","par3","par4","par5","par6"
"cv",71.1007411383196,-0.864008779981285,0.0137477560814174,-5.22240997938594,-159.278474523844,-219.986234775674,7.92514645760291
"cv",55.3784585236199,-1.22284483534588,1.82698262484072,-8.1214371126628,-851.659904228423,-408.924392065466,0.845818971776487
"cv",56.2244783720416,-1.24699480179697,2.73997117765248,-8.3022239860907,-120.619227544826,-593.431497232719,1.09302560208997
"cv",73.9814167720247,-1.30030787570242,2.61913734767966,-9.15687710675251,-738.079405346529,-956.504058092833,7.60232232619778
"cv",86.3385280276505,-1.21140061396563,-0.120304082520306,-7.89660013156016,-432.047165822908,-967.791486531496,6.1579950785693
"cv",51.909327871749,-0.953598532593437,0.0701305464877175,-5.67299756273449,-822.112350631855,-142.958913467212,1.52715636604553
"cv",87.4528612906907,-0.891712511086047,1.24624027496885,-5.74563091398954,-411.440424039089,-746.727108327565,-5.58832434961178
