"","","par1","par2","par3","par4","par5","par6"
"cv",79.8234380641182,-0.664137613828352,0.324961184156597,-4.70553207900504,-251.854381058365,-498.899712356799,8.9814836654143
"cv",96.4462197581204,-0.494815726869835,-0.510991486095737,-3.88575299472203,-848.86282030493,-471.310122404248,7.64391561561241
"cv",99.2254940336752,-0.437800018516867,-0.41686834078282,-4.18802964356724,75.4328350845369,-300.951248302396,3.48295799270272
"cv",96.1223109286596,0.75504626091949,-14.9148929864168,-3.04517308594394,169.476364797333,-8.29248644658385,1.64609390374576
"cv",79.0417770140546,-1.14188514427201,2.71870885044336,-7.18258843291551,-527.515506831399,-332.076175951138,2.00863317053968
"cv",75.2699917103065,0.668695577339671,-5.54863311338465,-2.70999458725247,891.570630257728,-107.840431955306,2.18432974681865
"cv",99.3160891615985,-1.11988271492922,2.71143253829052,-7.14605998796045,-768.729710278451,-128.906484048514,8.71343187035405
