"","","par1","par2","par3","par4","par5","par6"
"cv",90.2666125138375,0.619505114365312,-23.158902574926,-2.85056996108949,135.309129866213,-7.34570866641996,-1.16223597320408
"cv",175.945378371887,-1.30545937341249,3.4894097146675,-8.95279366571842,78.0997830864268,-776.689108461142,9.94998534879806
"cv",84.6734188325072,0.740158139908511,-8.49202983711629,-2.89985388342804,172.764882508272,0.159243971912169,-3.76695205987975
"cv",98.5032733349759,-0.665897313604506,-0.419302063587978,-4.2918778435035,-714.725864683623,-899.577520023402,7.82743032997223
"cv",106.486319076107,-0.423063761727978,-0.842777933477699,-3.76303804217519,-541.438003455321,-524.470551483514,6.82459138127738
"cv",96.4430943930205,-0.347668729391173,-0.603629950433969,-3.32449633299347,-14.9303898736835,-9.97331369651817,0.849392836789767
"cv",78.4900312860041,-0.495205217150115,-0.12514179249507,-3.88254965990252,-361.5548128718,-209.744668369621,5.85789329016715
