"","","par1","par2","par3","par4","par5","par6"
"cv",94.2366342168845,-0.847352088840306,0.282053104252678,-5.00430682208389,-366.887729066214,-495.208813246896,9.55211682245135
"cv",124.798712440427,-0.888648397384108,0.318642499960959,-5.4521313041159,-136.05907664936,-459.224266291202,1.7558656557602
"cv",90.4493822695791,1.05625193314588,-3.45729608818877,-3.52535632256774,301.325215884836,-3.59366060383549,3.43739238101989
"cv",75.3238613637365,0.898758477239304,-30.9776327964569,-2.8195457961158,209.22084660274,-5.15010379651879,-9.69895386603497
"cv",73.0143228239804,-0.560753013544265,-0.204086547150467,-4.02851641283504,-49.5855668854024,-12.3986355687516,1.85457738755094
"cv",72.7137427903609,-1.35622585280045,0.213646905339682,-9.38519518193245,7.52757449085662,-8.98174127707193,-7.55177527200431
"cv",81.0214951674936,-1.24563680803031,2.02459127176553,-8.21689208140684,-128.967259652941,-289.386014445347,3.45913676431762
