"","","par1","par2","par3","par4","par5","par6"
"cv",82.084148936506,0.246692744456694,-1.26494633391015,-3.40336515382859,-594.415395986289,22.0329528495553,-3.24186282047417
"cv",68.0499529767438,0.552781093751622,-11.6699481855953,-2.854146378815,106.018794117806,-5.62790171467311,2.29575802879457
"cv",64.0021480958607,0.60671142021742,-20.0139635094088,-2.8466241447382,122.771367277954,-7.85157246574189,1.71495881119013
"cv",72.659507697437,0.660454478839242,-18.0962485374457,-2.99528701429228,57.801029261411,9.80748498733368,-7.64531680327348
"cv",66.787335109623,0.582684182226288,-11.3040069064334,-2.9108794821645,68.2147240548086,25.4431865556052,-4.91081540783055
"cv",91.058178600751,0.164800830140623,-1.83972561067198,-3.11286789948501,-243.51036734879,-478.955189438567,-5.31006819826907
"cv",61.7777584708396,0.505875381522981,-14.3761493199608,-2.7210272604169,97.1445399324439,-26.1253528274627,8.44332868504193
