"","","par1","par2","par3","par4","par5","par6"
"cv",74.3061251510727,-1.32622349936865,2.83708170993208,-9.35807516485711,-68.1357482207618,-275.141614786549,2.8900993513527
"cv",64.4351332180347,0.681132232825908,-3.65849350731383,-3.41105509469336,274.120334323509,-5.5768464680413,-1.51084152517528
"cv",97.7224301741014,0.857573023273953,-7.87241489415094,-3.39336017609336,753.208854377204,-21.2287534766328,4.11047257884508
"cv",73.0705413671402,0.769313467172546,-43.6839061532574,-3.04722664244309,670.291230468631,-19.9615384027958,2.45565827290886
"cv",78.6594397389028,-1.13670386389711,-0.58885641715807,-7.32909803877274,-157.631887812116,-946.651633135711,2.55053775126356
"cv",57.548868202106,-0.918740587099139,-0.288811741208692,-5.72367375789881,-87.133968283257,-955.193550899413,3.66836174341806
"cv",62.146333943808,-0.736693920908139,-0.560898162545053,-4.78032156199003,-224.138287265633,-304.050951948706,3.91875317473783
