"","","par1","par2","par3","par4","par5","par6"
"cv",84.082914079879,-0.68558628109243,0.0461333490610443,-4.70652183975236,80.3170126410319,-390.732192288802,4.68974208349506
"cv",77.4531713346517,-1.11005025353781,-0.573620131287173,-6.96441580298893,-362.60751215741,-395.446377340704,6.16716450957997
"cv",69.2542423991833,-1.0172330175364,0.208365403926574,-6.05854283594531,-241.934251159402,-45.2087329794838,-0.270674319364708
"cv",94.0536248597041,-0.593755373917694,-0.163483612045816,-4.24826337494306,-76.2629039493003,-147.747115632078,3.1822391333848
"cv",51.0191945877427,-0.977735525876284,0.480974521396156,-5.88369810539621,286.311493720859,-539.748129744878,4.21826375648379
"cv",64.0954213563904,-0.338113020776974,-0.904267040580518,-3.6185347207028,-356.240432348441,-893.148733213921,3.41127614025231
"cv",84.8601003515963,-0.969272155883868,0.925186337920236,-5.80858433218782,599.305876761223,-920.965764533986,8.09658616157565
