"","","par1","par2","par3","par4","par5","par6"
"cv",108.037917822562,-1.03872162969058,-0.449780688914324,-5.69688492573194,-386.524408800391,-327.70480550999,3.34660376438807
"cv",84.2446446673224,0.844983490776584,-16.9919787356256,-2.47496814571459,903.62666346811,-143.22753883398,0.756939173311412
"cv",102.286082077681,0.955464624595878,-19.7462907760626,-2.5408440481555,863.281665668747,-155.456916268816,0.426052286278396
"cv",97.1220796357322,0.875363923212271,-7.31000075895866,-2.44620615555181,220.978419946796,-35.4958132259547,0.227096206716685
"cv",91.9625087813735,-0.244679619363654,-0.683655958308149,-3.47458308461641,-262.674151454121,-164.988354798281,4.44723266017099
"cv",100.88415449572,0.769311016882905,-4.09708196421432,-2.56549333108456,414.587216854299,-43.5811733768588,1.01959077258357
"cv",81.8531663601903,-0.401625838327976,-0.272056702544159,-3.83453560551323,-382.137753599733,-446.917278532608,9.198687976298
