"","","par1","par2","par3","par4","par5","par6"
"cv",96.9602205439713,0.206024218344085,-2.57804458549092,-3.26103346710121,817.505385882402,-119.755471112645,-5.01719201611864
"cv",104.128887894505,0.106885560297025,-2.24609573458529,-3.41269948345181,905.116106383502,-121.951163090874,-5.08586083379961
"cv",93.0066253487449,0.0159828993009504,-1.98613557072126,-3.53555921587383,868.652473647776,-131.970879167417,-3.85922116693109
"cv",67.2481270896377,0.230726534774423,-3.39633030324251,-3.23023689081628,224.901204763513,-0.396051954566473,-9.19721660077759
"cv",24.7217870713861,0.416259337364006,-3.40804139910683,-2.96011400110759,944.328261841495,-155.392729949679,-1.26102465541332
"cv",96.6212090124665,0.00734425529430111,-1.99950908088317,-3.33048957796126,481.357901168669,-50.0305059875732,-9.01948872953653
"cv",25.5206742638084,0.254692125553939,-2.67988865673543,-3.2344466243731,686.739928766474,-90.3922509809611,-8.33663550938387
