"","","par1","par2","par3","par4","par5","par6"
"cv",82.9310289660596,0.739860355533658,-2.16582978643461,-2.58780567026932,188.361889998596,-152.839540038258,-3.63363770554244
"cv",85.12836513952,0.441474198550654,-1.64980782058841,-3.01309028868993,81.2199583653479,21.6081941281977,-6.67936453675318
"cv",96.3981234421773,0.581570501096,-2.35307850685182,-2.75353205150137,89.848410340298,15.4428485337618,-0.107083930722968
"cv",92.8890457102955,0.5366198972104,-1.62966759361429,-2.52167709168923,91.1423676857301,-80.3882242736081,-2.14479873422533
"cv",96.6048775170653,0.663625892306742,-2.44124372828389,-2.78305866666243,536.670152708449,-500.131447557318,-0.270293555797195
"cv",89.8304432463611,0.771237585471606,-15.2158601135606,-2.51909539646824,640.967258717865,-148.483728654683,0.831508869305253
"cv",84.9352283595371,0.794193830219115,-2.48953027824128,-2.55866657798027,166.553911291969,-144.950154053632,-8.85459674987942
