"","","par1","par2","par3","par4","par5","par6"
"cv",88.2701205414524,2.95401871800028,-15.4188162017481,-7.44864887328172,420.905046857982,11.1450891220631,-0.111032590741472
"cv",88.9801614398069,-1.01857691757643,1.26809565546048,-6.21405147425248,-863.800349629006,-484.37627012616,2.13490375013861
"cv",77.2029730614832,2.04298695203664,-49.9103802206826,-5.6646026733905,233.984535560012,3.10083618335725,0.163492951542139
"cv",68.2360425570533,2.33407689279207,-39.1874499350148,-6.82850829668086,554.493299508669,9.48115460394688,9.66338356093893
"cv",70.8131123873834,1.78668919216417,-34.2257440370017,-5.27959358756915,357.113153033627,8.3845836843196,4.65680286225153
"cv",87.3610733599808,-1.24391466979192,-0.512123630202414,-8.28722582917893,-42.631488370991,-220.556119729933,9.37103705480695
"cv",70.4696032631961,1.51531228487542,-13.4450609186745,-4.29400792559997,264.667781690803,0.645364748664525,-1.95528808747275
