"","","par1","par2","par3","par4","par5","par6"
"cv",71.6114642276429,-1.19431765691033,2.05093735304253,-7.99757287700335,-996.017448138446,-615.629356655818,0.455884110460848
"cv",75.2746815313227,-1.11569327859946,2.55962221171569,-7.04460885580324,-572.174989720891,-212.642407228997,4.56919577143531
"cv",76.3444368814225,0.780101790864797,-17.8483755975448,-3.26207344077431,320.753330221591,-8.37283753670409,-2.7295285021607
"cv",57.400791015707,-0.871031244965891,-0.444478622840432,-5.25993002984205,-264.722601920083,-161.192170673074,5.49850828945637
"cv",78.8490970043134,-0.945674783426762,0.207810638658702,-5.76255798606606,-174.18709769845,-222.692580565626,8.50031816109122
"cv",70.716234079968,-1.20985099282661,1.04275318938396,-7.92006503497701,-632.041127379699,-1.00622971990516,-3.06887560292153
"cv",73.6334753328163,-0.700357928431989,-0.442797713913023,-4.60442124648463,-551.070231974261,11.6704765957332,-6.50532590684021
