"","","par1","par2","par3","par4","par5","par6"
"cv",95.0892465185172,0.916879667445625,-23.8138078022699,-3.53205833176198,537.834616141779,-12.1386155017614,4.57902557667249
"cv",90.5431891945885,-0.879956019526471,-0.447087627995208,-5.30660135793499,-497.125881674139,-585.783517560961,9.42696592782214
"cv",77.7119362187706,1.0568066610879,-16.102768986646,-4.13002371012996,800.805403612217,8.94341737613081,4.71579285349173
"cv",80.5691252029925,-0.797461257155838,-0.0601662257303351,-5.01701274421066,-4.18917530222124,-190.704050914666,7.48319402005757
"cv",87.5769084669809,0.906535294243914,-28.4511271657988,-3.56000104577388,410.701274395043,-7.89013359890168,2.33925698325038
"cv",86.4679490613612,1.02650986467951,-40.6363673751558,-3.61303153344152,254.57668600051,-2.33918196525784,-5.759413452123
"cv",94.0647113378904,-1.05047773596406,-0.290289264507592,-6.46878819328423,-23.4958174205716,-491.982368286699,8.65756854447991
