"","","par1","par2","par3","par4","par5","par6"
"cv",101.399601707347,0.711317881566578,-13.1901436343575,-2.6870650505715,913.168631959707,-2.01895079202884,0.124709450653451
"cv",113.538635016435,0.52386456291685,-25.6144723802838,-2.61129828899786,231.474062088089,5.83941915317755,-5.5362251913175
"cv",104.920215009873,0.573187815201072,-17.7973798010498,-2.53081789341069,261.706522685441,2.5986196775554,-5.05534347287758
"cv",110.316326429002,0.632827067621894,-17.3841167376983,-2.67896903197521,236.779018931208,10.3587173425706,-1.71736731668056
"cv",111.076567250526,0.680025005188986,-42.5998589965853,-2.60629455299488,955.230792028884,-29.8312670319261,-8.60873732842538
"cv",108.754457323205,0.693168668580672,-13.237721874765,-2.71720284681241,442.521472499929,-4.01866364793372,-4.18808559823693
"cv",114.986608591852,0.714198205591953,-23.882249021743,-2.6399310986116,753.282695008273,-20.8058976683735,-3.42573754058927
