"","","par1","par2","par3","par4","par5","par6"
"cv",83.7447063580683,1.60623708450851,-22.830393188633,-4.83888810871703,867.357373605286,5.23223177926353,-1.84394681852775
"cv",85.8704206521746,1.56225703656673,-35.9019743994291,-4.70803972811935,691.344723628767,-14.94543173127,9.98087119776756
"cv",77.2455320282377,1.29386276456776,-31.9010756275523,-4.44743334118113,434.122869554706,-7.06732040337287,-6.74538614907858
"cv",85.3243791265495,1.35069247597844,-8.98765758087511,-4.41673834867938,475.450437515974,-8.97185039905003,-9.86372893676162
"cv",74.1988853922048,1.47790325276049,-40.2274201680332,-4.73002301775581,681.584936531513,-16.5922781872335,-8.60574284653729
"cv",73.974266581087,1.32495099054354,-40.4374005679097,-4.46840407330617,868.193134661519,-20.1112686014695,-6.53664446357913
"cv",82.365475006841,1.79152970082004,-39.0623776707798,-5.21428075153381,396.82315089579,1.04047547251813,0.129730635933895
