"","","par1","par2","par3","par4","par5","par6"
"cv",56.8881079145457,-1.81000509367127,-2.76534946527194,-9.69738146515149,416.422783655207,129.518978480711,-3.86354654834421
"cv",34.4292837917961,-7.75110328296094,-11.9741486939955,-4.24950647056958,257.758454527538,68.0946179814247,-5.26965193655184
"cv",57.8728156659802,-0.310214442206579,-6.2459058270799,-4.28511517566316,255.051687867911,75.8786882387436,-1.52260130995153
"cv",24.0516004393046,-7.96891566320854,-2.83389853018096,-7.00553446858135,331.341124122739,107.339277449001,-8.77506701169862
"cv",119.895444555303,-1.18246091957811,-12.2760586501303,-3.43342516975543,221.640511121396,64.8796730005634,-0.295052003234207
"cv",9.6089778096095,-1.21189454346043,-2.76852480001029,-7.88303304530613,389.815159257574,114.292592797205,-3.05648957447882
"cv",43.2128734183294,-0.375869781604693,-5.64441597593027,-4.28554488812435,260.038856330269,75.5610543367601,-6.01221710389975
