"","","par1","par2","par3","par4","par5","par6"
"cv",81.1269227899381,0.344821554565509,-2.05733131945419,-3.07812002185486,823.849905030215,-65.2170510628002,-8.89859010177129
"cv",80.1163287343254,0.647003070118953,-5.23004540376111,-2.84807504114366,846.924680491002,-60.6690668855847,-7.09592279512435
"cv",87.7529106743304,0.568687819092061,-2.33965439888649,-3.12723475729539,744.393527388882,-54.5622747756667,-8.86215629043945
"cv",82.7958038175851,0.626201738987254,-2.465549896305,-3.07455820091156,979.313427303833,-77.2517045199164,-7.27713607717305
"cv",75.7578045338733,0.742946436287645,-37.2961408324228,-2.83571602071887,294.528967235237,-20.2398922820169,-7.88532298684619
"cv",98.787292487447,0.544388695507456,-2.79974305593274,-3.00609962741546,974.999703718893,-101.784613604683,-6.13476968574007
"cv",111.415098663935,0.597154973203444,-3.02828141962354,-2.98965734479497,802.218575496227,-60.2487264687171,-7.38891576118862
