"","","par1","par2","par3","par4","par5","par6"
"cv",80.437148685999,1.30552626507054,-40.8941205488853,-4.12727437476513,343.911892288824,-1.90032719224689,9.08411913211164
"cv",83.7710168047601,3.08610137616748,-15.6744319223628,-7.46362624677701,959.648358791601,-20.4087779081919,4.95924694704028
"cv",71.1156278755104,1.08577373451842,-40.0018468861474,-3.96779687669935,365.348991041037,-4.34052403030092,4.03009050519049
"cv",71.9602888559529,2.50915687372864,-43.9971950086549,-6.41246648255091,372.901382856071,-1.69468743320528,9.41900434715189
"cv",89.4333357633829,1.11528308343191,-21.4951248083242,-4.05682016529309,317.866757744546,-1.26562373850277,-2.64909173684201
"cv",63.0436903611475,1.35181113572488,-42.9746904667226,-4.10091513205596,678.41470963064,-13.9442041963126,6.65587895609577
"cv",86.1494342901546,1.15601612629438,-26.0260422837455,-3.82180502388867,500.048233430404,-9.91018522797339,4.43626737975823
