"","","par1","par2","par3","par4","par5","par6"
"cv",98.6606387465394,0.470383319455772,-28.0305106994828,-2.91335999994928,702.821899178115,-158.768052099944,0.0513313520927987
"cv",101.349531084916,0.526214315645697,-30.9017887108792,-2.90535569954255,61.8835277087018,3.35383260275704,5.25731727480888
"cv",80.428639429878,0.596050160069388,-13.2703261635031,-2.99227419700005,97.9075882479586,20.5122912329669,-8.5323100914491
"cv",99.7199313748618,0.574746228444108,-18.2756966167728,-2.97049529558073,96.0122551738774,23.0681821765178,-6.34986648086282
"cv",80.6374414177085,0.584182191461932,-3.16622378907792,-2.9925683637812,111.665550205405,15.4988683098035,-1.08261339089234
"cv",59.7160718425883,0.554963933998394,-19.9004728230694,-2.88486377255261,964.59105895523,-86.4616941009782,1.33625872898847
"cv",72.2997634227118,0.872781988140582,-7.96145021557521,-3.25841497359962,101.996364740477,21.840234399343,-2.38950533298851
