"","","par1","par2","par3","par4","par5","par6"
"cv",76.2914538967053,0.789408068385746,-43.3001155596176,-3.63615315939293,122.846962211405,38.9969075562698,-0.27333642969096
"cv",32.3999489666377,0.694492827324261,-24.0113539006124,-3.13416614025442,66.7911871541604,17.693045609778,-8.21858488240537
"cv",100.541787753428,0.460342221298831,-10.8775686816904,-3.14388226186434,79.0579553291539,161.108162986104,-0.200378720263383
"cv",35.7094976835904,0.544930521267494,-20.4640787024269,-3.16874149142921,215.64566765032,2.14380228462431,-1.64449067725933
"cv",107.255697158507,0.215907199246437,-1.79639576476366,-3.30644885445953,-617.682289970126,51.1965972172886,-3.10602091074144
"cv",57.3390441941134,0.649090409119047,-18.0816530147203,-3.40752196212259,73.2278539799154,223.12771560878,-0.385109886815288
"cv",25.6430393345253,0.52251870506279,-18.7799439057177,-3.06969047084961,86.2600751219015,25.3979672512458,-0.132465476356701
