"","","par1","par2","par3","par4","par5","par6"
"cv",30.1865323858139,0.999103477851449,-48.9768303464137,-4.25593887420476,71.9685117608916,161.494929874193,-0.544300852334429
"cv",40.405079397214,1.21335294758767,-29.3424380790648,-4.70099133506437,86.7567585861446,110.900172641943,-0.694066305833485
"cv",71.1891191712608,0.39769309709027,-16.5299044247806,-3.56053457340737,761.578115390057,-106.153137731663,8.41345718494198
"cv",68.934243545921,0.557094888998832,-26.5218336257675,-3.51912104706825,94.7215332814345,74.180572041429,-9.31395818081477
"cv",45.5974331319921,0.51359099147063,-20.7334207593487,-3.5960718077889,86.6606617072867,64.129274646005,-0.839836905259557
"cv",28.005942832869,0.525165052186437,-42.7294514117528,-3.49195770563582,81.3342014086684,76.8830195624131,-0.733482527184066
"cv",21.0959387110079,0.720623632272932,-40.7387946663482,-3.88847591016437,121.56808934669,43.5463014023396,-0.388208557851613
