"","","par1","par2","par3","par4","par5","par6"
"cv",81.1529904231633,-1.17103735276847,2.09237172976136,-7.54566091515812,215.75558859247,-303.187764840423,2.83077622013566
"cv",79.0317889728257,-1.1080221551299,0.0620749484971164,-6.80715713998029,-347.152625539287,-889.812299675314,4.71159955715838
"cv",77.7803624494667,3.54037432721678,-49.6086644298054,-8.41429885027588,529.272204264998,-2.07302731875662,-3.53351829778251
"cv",87.5752384457487,1.10640902659326,-7.01110181193978,-3.70956557458051,288.94733567678,-2.53624781194839,6.69568512588739
"cv",73.3264462067455,0.8430638474549,-14.611022625346,-3.1717201492928,198.836116236508,5.35301302492977,-9.09912016708404
"cv",144.93346752095,-1.0959280508076,-0.423260568749909,-6.88892916310579,30.4115897240083,-570.602906753248,2.76249736352803
"cv",66.101607776955,-0.948623255372651,-0.714697292074561,-5.61365195742249,-273.957587366763,-136.000175029039,2.37635199621716
