"","","par1","par2","par3","par4","par5","par6"
"cv",90.0905158007874,-0.429227325374047,-0.951434066519141,-3.61476397666716,-928.011260468327,-243.824518106658,4.87891341295599
"cv",83.3247192056094,1.00537618906924,-7.56945956406971,-3.23385994562807,237.637041247352,0.891075636646477,-5.8918410761922
"cv",81.8685952583114,0.826403496811297,-23.2941033212382,-3.20410166372262,241.113869250385,-2.83438770115619,-5.94349063369998
"cv",85.0718290170745,-1.01878249673332,0.0756699603464668,-5.71886735628932,-465.473636053503,-60.7678974047303,8.85433073271807
"cv",104.245074003348,-0.810968234954691,1.23731957282871,-4.9131977186766,-221.005470491946,-461.284664722882,4.69564995678977
"cv",98.8909063906924,1.34879744398226,-14.8030076715571,-3.59987935110234,206.464232038707,7.04880851408427,-1.56325091495315
"cv",85.8912275948168,-1.26857063833354,2.72212788861662,-8.17818707205128,-152.628998421495,-100.786371519292,9.87120640130399
