"","","par1","par2","par3","par4","par5","par6"
"cv",100.948296785975,0.581762743237004,-40.2642230608296,-2.97876439182794,809.834166152694,-93.5597445621347,8.87453390813103
"cv",124.277169851797,0.224302930228664,-1.38992878076012,-3.36864996906457,-87.7815501279322,29.1260535149733,-2.21673068294168
"cv",52.8535614427651,0.591980903676414,-13.2813055127955,-2.91974591594915,162.397855778883,-13.443275262967,4.09302978310734
"cv",54.7331682462745,0.588561117264628,-8.59054001515831,-2.91230040290061,191.376812001616,-17.3742815209243,8.82407098603071
"cv",57.4637802579585,0.647452690460969,-46.9286525424621,-2.9850714461183,52.2972897437304,11.3815118228145,-8.11521746218204
"cv",56.6548250518417,0.494945784557449,-3.8571761266877,-2.85849963591936,769.164692395288,-109.626372289533,6.49613747889862
"cv",50.2920440889858,0.697949834887996,-41.4524955052399,-3.00903523134435,204.36229396348,-19.9251138935143,3.47050791120172
