"","","par1","par2","par3","par4","par5","par6"
"cv",49.0554959625065,-0.813740969212519,0.492609283626081,-5.04339072762415,-221.370048040581,-417.274975599138,6.69503325350858
"cv",84.6019020835436,-0.772984271342291,0.932392082177103,-5.35845691444306,-793.260666954979,4.90593263676783,-9.75980164402211
"cv",79.5585872133674,-0.819026143550417,0.962503324262798,-5.19504795512944,-405.34524973816,-766.728072256198,2.34940717928112
"cv",118.345273959863,-0.979173907900491,0.148407884056074,-5.97999205090542,-546.012213497821,-956.236660786003,-4.88779150880873
"cv",65.7881046997575,-1.03513842408046,2.0941680813246,-6.61982791310456,-419.683644429813,-43.4442667022925,5.65642365625894
"cv",87.4996375412613,0.958056905412606,-23.6167684170265,-2.8661168093592,148.837238103377,11.3757607417511,-0.444920869476961
"cv",76.5379812720641,-1.02313316419766,0.929716809692656,-6.13545584307358,-687.871889607389,-355.549331022377,0.870928945951164
