"","","par1","par2","par3","par4","par5","par6"
"cv",0.029982014387056,-0.0633523613484857,-5.45023402254295,-8.76694744077097,-673.796329173853,42.5643586114886,0.224941985257954
"cv",13.6463099281874,-4.74264460712617,-5.19265026990899,-4.61425575873875,-20.6989893848451,598.185356755289,-0.369533030937869
"cv",0.029982014387056,-0.109665184643899,-5.8700326343258,-9.81256358464541,-861.833526752889,70.6078166515795,-0.137132508680224
"cv",4.53800356825294,-0.144474194102975,-5.04442047722848,-9.88506755523473,-441.618105317219,30.9714447382659,0.236949242646802
"cv",0.029982014387056,-0.152486349340539,-7.78505767117468,-9.97215289741818,-5.64095284789801,616.765255383052,-0.275532174520173
"cv",11.5417081987818,-0.188930855500546,-4.47270405958282,-9.76999393421229,-143.633241355757,22.8449485948163,0.768278627788283
"cv",24.7788842540577,-0.491533968221288,-36.4474945710715,-9.99391673132777,-240.28625106439,-369.395815029189,6.11683970630426
