"","","par1","par2","par3","par4","par5","par6"
"cv",43.3570172958287,-1.09691606889312,2.37441351168507,-6.75421957848835,-400.109702769232,-673.883904445154,1.31236022380013
"cv",105.544668698321,-1.13400319232593,-0.00531878897788651,-7.61775032564085,-35.6909732074743,-566.262423526556,9.81862333473824
"cv",59.5200678101879,-0.595179150737822,-0.67468633702189,-4.49315587753533,-431.531006314266,-477.069094094789,7.39410682917886
"cv",67.0424610699277,-1.0381498343973,0.203875764753665,-6.42586981877685,4.678828465999,-598.173557281619,7.82830410049549
"cv",43.0097778723112,-1.07015781277659,-0.07368164042535,-7.01252842351494,-329.907487295981,-209.276382363731,6.20720815024378
"cv",58.9263392887989,-1.31396782002001,1.25725599716213,-9.36873742676473,-526.693070328279,-269.829246487883,1.06178448826294
"cv",49.4297917773534,-1.32389438355478,2.85486976545004,-9.8763100787921,-9.06569306693558,-77.0806567060642,6.26146248679119
