"","","par1","par2","par3","par4","par5","par6"
"cv",92.1559455346162,0.722118374621792,-33.9033780685518,-2.74229722359725,125.986995963869,-7.19411214223531,-9.8055713949725
"cv",84.0807915207595,0.905935146852227,-18.8432234413155,-3.01311426807626,197.377287825763,-0.67999746247977,-4.51585999318043
"cv",97.976689837808,0.875359684847148,-20.8624596536112,-2.97330104337728,179.335836777208,3.06144471242314,-1.91548602352953
"cv",84.2164750864538,-0.870538839402643,-0.2440574311705,-4.91869899275467,-162.720054579208,63.3800816845539,-1.62578446160873
"cv",83.7267442863903,0.772818293089404,-47.5467092261039,-2.91229826762228,188.704276953812,-9.28270019749725,-0.978140648089713
"cv",92.2344763082303,0.647223789695117,-45.4075490855776,-2.96246263321167,120.140431914479,2.82636487537353,3.9585014167006
"cv",91.1117619828536,-0.276054003014965,-0.887519236862977,-3.80606314906322,-45.3632153231173,37.3334467696773,-1.789489765206
