"","","par1","par2","par3","par4","par5","par6"
"cv",90.4901359088993,2.3855230038599,-15.2083203264857,-5.98866231917309,49.477469621817,60.0941055527006,-9.34966651232812
"cv",62.1184598041405,2.65192131921434,-38.1631087834395,-6.49875074801743,56.5154932573855,58.2784863903332,-9.46864735335112
"cv",102.057770737166,2.89634430947433,-36.0737700713798,-7.23606467538126,42.7174093480575,71.0717896503093,-4.02249056993449
"cv",68.6091892157319,2.57539427392966,-48.6200332119749,-6.28306579346357,40.3267232762602,67.9718551211117,-2.71982471308839
"cv",73.9847413412657,1.04313422172956,-20.6535718580721,-3.4674923779016,35.5272159265863,63.4593854000487,-2.14411674196069
"cv",97.5472008811346,1.68855908360508,-44.4143280990841,-4.48043943436251,36.1790642548984,80.3124212654315,-3.90471605761399
"cv",92.733828382398,2.8365098539512,-43.3347950211324,-6.60139947230141,32.6105756993449,23.2932086009201,-3.52597530329828
