"","","par1","par2","par3","par4","par5","par6"
"cv",60.5541017259857,-1.25061631340508,2.95793614763937,-8.6143845780329,-414.949467070687,-271.443274858054,5.73472448550728
"cv",80.1188013897657,0.760135272577859,-5.71663420748546,-3.08356950330473,825.492806217374,-72.6167777446348,-9.23481858946796
"cv",63.03829473221,-1.33453095861907,1.84081593392562,-9.42909512019667,-780.870654154569,-791.173354410759,1.96250586978363
"cv",59.178938541672,-1.05290343410219,-0.31680167384878,-6.48170991861467,-201.744728256017,-829.613846921461,3.21241209081747
"cv",94.7860916875692,1.01912607090679,-34.4084592676096,-3.41687072105953,295.849090005964,-2.55328507193365,2.1796413930133
"cv",79.821732261156,0.998427278426289,-37.3041316451111,-3.27369174010605,534.588909668274,-33.1118073863951,-1.87224676181531
"cv",62.9505790323746,-0.955793122962331,0.419670349832005,-5.93669757294941,-117.306639989467,-773.618746033262,5.45956682879478
