"","","par1","par2","par3","par4","par5","par6"
"cv",97.6560703400103,0.587527526581608,-1.94440067784053,-2.97584243852349,461.836081126723,-122.257213785256,-4.86111530512909
"cv",72.7551960211584,-0.316994325952394,-0.676972297210883,-3.44224690341993,-520.263882195348,-28.3542633738745,-1.99245137941627
"cv",87.2867097574855,0.436765620071924,-1.778543272761,-3.03342032014813,237.339503608229,-12.7609871309549,-3.14789649539446
"cv",86.4161238607041,-0.230753329567187,-0.790161089081714,-3.56514833170192,-162.836892063652,-716.072479856675,-4.72406089305878
"cv",103.399453657845,0.486194707312248,-1.51672332623964,-3.23139753854813,525.065459885144,-104.515577848748,-4.19723125538938
"cv",85.349337315427,-0.13141197941518,-0.885187451195552,-3.46940813423475,-853.516734941873,-395.18880783313,2.98000305425376
"cv",98.4182804812196,0.844761440232411,-2.42826798789049,-2.92895542912479,580.549998848109,-86.7032188820709,-3.53100010103206
