"","","par1","par2","par3","par4","par5","par6"
"cv",88.6763542591815,0.817867618953359,-3.15205685328692,-2.96891226839221,240.014346616614,-2.73085562553284,-2.09548633629896
"cv",76.4724397512999,-0.451331076478958,-0.352818612696491,-3.86924525933572,-489.131301340769,-433.12152224054,5.637395217962
"cv",89.2111708381767,1.01220844508015,-20.1732403015316,-3.024047471819,186.98575683598,7.98522975356585,-2.45253890242026
"cv",80.5748034558625,0.620027090223494,-1.92376569773246,-3.52658392438797,255.970479454845,12.0004839244221,-7.16630026294828
"cv",111.750787343976,0.764317414723337,-2.72311965816042,-3.26492327593769,258.266804521842,8.13549592805229,-9.17090600822121
"cv",84.6178867209032,0.879542053469756,-2.92727264870146,-3.03029703945662,181.559518040729,10.3754551525279,-3.7669572432703
"cv",97.4591565258303,1.00870865346246,-9.77260702062441,-3.06874430242026,250.164635989625,5.59306541025829,-7.07756964987385
