"","","par1","par2","par3","par4","par5","par6"
"cv",79.240880475219,0.164542170679213,-40.4209845179167,-2.92089951899703,-18.973884100893,982.072190654602,-1.25986535943825
"cv",37.9365275060978,0.245961886622507,-41.3545058745244,-3.03462483303828,46.2598627405449,202.035190401155,-8.06907382420369
"cv",51.6200395668676,0.252533500732556,-12.73614895585,-3.01853374471899,31.8909275364414,5.84654562836828,6.92781119141728
"cv",18.4939071158743,0.171264275206521,-24.3444110732388,-2.90507959103377,-15.1190472214517,944.226121113879,-7.72002304158782
"cv",58.5961666544474,0.133535932393904,-4.1534143961164,-3.00099707589581,11.286881607468,999.788520557885,-6.2152204937086
"cv",35.21432519227,0.267464196140923,-33.1874726577783,-3.00650632486733,46.0208006162242,212.63134279136,-3.60910082583891
"cv",69.3540884299662,0.488637966796401,-24.5415069498958,-3.2645708719335,48.5781760505893,5.47515292536559,9.85895479753784
