"","","par1","par2","par3","par4","par5","par6"
"cv",0.029982014387056,-2.63325126439572,-47.2480051616964,-9.99997669660672,-797.08323299368,25.4420256475636,9.61643298945053
"cv",70.0371096756654,-2.19124240675935,-22.1174011880619,-9.99990960810664,-680.536143673225,20.5459437299835,7.44536809194154
"cv",66.6100264369823,-8.96228636296356,-43.7359750526407,-9.99664791725485,-836.569615473033,469.1841101552,1.89483897633734
"cv",106.219655849214,-6.95015781094973,-46.9663861487355,-9.99225310874956,-797.583141851947,779.051566475799,1.96607194520482
"cv",0.029982014387056,-6.81927016035626,-23.8339731004089,-9.9998209138066,-646.808504126966,21.1328874597696,7.62672942754428
"cv",66.4447760553814,-9.77581560000217,-47.7647220819556,-9.99987989671273,-409.898220685624,97.1733759966152,1.92431870660021
"cv",83.2684743848305,-5.52218355085694,-45.4966010262395,-9.99996909401783,-270.942196834104,322.509244172997,-4.68504329186333
