"","","par1","par2","par3","par4","par5","par6"
"cv",61.68634336307,-1.04216368526974,0.202021342747608,-6.00463770740748,-92.5314400548962,-331.957360333046,2.2625625089793
"cv",88.2328871288004,0.846315501098413,-3.20549151559287,-3.10835929396429,978.490739335824,-75.7169510881127,-8.75379518140107
"cv",87.6382096541666,-1.06544557912905,1.11299675938487,-6.48312104865909,-139.725499784451,-554.986805269549,3.01365437735754
"cv",83.2876726383528,1.05703663914364,-30.5990367241454,-3.2918231528281,331.583843391886,-8.34323205951559,-1.44043885637075
"cv",79.5391559466732,-0.934522337104039,-0.18447250540569,-5.54725203385295,-811.945699361143,-545.677789920396,3.68372251430452
"cv",80.6547312844673,-0.968813217625265,-0.663494601474937,-5.70204532646321,-45.2076766280795,-173.734290759017,5.57186861988157
"cv",73.4094699930426,-0.997876928951785,1.81871704633711,-6.0206512496986,-308.614449658906,-993.49509271885,2.85933696125035
