"","","par1","par2","par3","par4","par5","par6"
"cv",99.0201143469724,0.976530747541805,-38.3389002876356,-3.02060645306662,191.727159970013,2.06004017643113,-8.99174659047276
"cv",93.6207479138509,0.74506303381712,-17.709686793649,-2.70590653481266,200.395906380874,-9.11287246388259,-0.0478150885596358
"cv",97.417175806192,0.834368919203467,-6.86003134565998,-3.24428448753121,198.288902970848,0.0908641832264685,-0.384736508646679
"cv",89.8957173793118,0.768215008674576,-6.832503251594,-2.86665688562599,63.3049543048789,14.965470234128,0.258664715056981
"cv",80.9125521341228,0.845296562201982,-28.0405485110302,-3.02065440496333,128.800667772613,15.4104067748696,-6.32174561870799
"cv",176.364620673838,-0.972454185711008,1.85876546640555,-6.04893085446145,-437.779860473289,-431.964188361209,1.39374967896012
"cv",83.2928516804633,0.888532915544003,-5.60030176977387,-3.05950993443059,98.7198616542509,14.3471749040395,-1.02916795235623
