"","","par1","par2","par3","par4","par5","par6"
"cv",96.5056912175217,0.981204839802544,-49.8037669663236,-3.40446875197265,236.700462035046,5.76504807364307,-6.17857392244127
"cv",95.1993397343076,0.915445269883482,-46.3772188824658,-3.16260941693391,644.790901893948,-35.3360658251525,-0.765140866860747
"cv",86.2876668096122,1.00888623203301,-28.5482841293938,-3.2335991932722,232.436490710825,1.66846829522885,-3.63778137699042
"cv",88.9659016665816,0.968424546931431,-38.6733508829214,-3.31698414613636,785.227815543465,8.71152636368697,-1.0747312433381
"cv",109.116133834002,0.861528163099199,-12.3793412959227,-3.09124665552974,786.545485985045,-54.7453742090339,-2.41759956708828
"cv",90.9561704346504,0.775955286574613,-21.9771753430007,-3.04812572714509,418.789181581207,-22.9350589124143,-5.52738025773061
"cv",93.1462011453875,0.839617080466715,-35.9320301096886,-3.10826178924465,285.388703587366,-1.88325476632608,3.5920048197314
