"","","par1","par2","par3","par4","par5","par6"
"cv",79.7458679583335,1.49312840383899,-30.8226060937517,-4.51240197888922,538.494480773807,-3.85387497482661,5.04838938824832
"cv",81.7872856863402,3.09285232517868,-44.0767855866407,-7.26286740042269,420.471227629773,0.945336921716148,-3.71035646527856
"cv",70.6750058543947,-1.30701921220836,1.72885262516343,-8.97484629116306,-948.471921100805,-262.171637695861,4.24530831157404
"cv",109.773681310632,-1.0716072995528,1.61088651511818,-6.58786757618397,-33.8429392360134,-885.746953955407,7.74136066436768
"cv",72.5130622279761,-1.33692448568663,2.04949208216231,-9.20369487662009,-690.274489236193,-790.586321182418,-3.77248895180322
"cv",100.858188584919,-0.977912195025161,-0.478537074557422,-5.84727151870594,-31.2865623272955,-727.260167710483,6.59260428662472
"cv",85.503934739874,1.27037547549465,-33.9562315682511,-3.89909323772816,326.665635880599,-0.124113845036554,-6.65259975315206
