"","","par1","par2","par3","par4","par5","par6"
"cv",135.883559763128,0.687482786155434,-34.7814066359298,-2.88227832916329,-97.4586109145556,628.305556159467,-4.130037156865
"cv",85.3886177210469,0.48500766404239,-41.5652554665568,-2.66523731770746,660.225294833857,-207.635028176904,1.76445319568547
"cv",85.4358258337493,0.528392102178133,-3.85363143657867,-2.68550196697519,223.704686230375,-48.517965120855,8.18804092954416
"cv",64.3582886746746,0.512203460716498,-22.5818988707993,-2.67534550867685,855.510305627036,-212.596978785524,2.81851893049142
"cv",75.8464385432415,0.407955871238727,-3.64714975656781,-2.70471533109104,846.308358883189,-298.860904608696,1.44149264883546
"cv",49.7738615153369,0.480409677137967,-25.5722829844826,-2.58794302878389,225.971748174842,-50.9007767804365,6.88231421168894
"cv",58.2017162676146,0.502099231026599,-26.1560518240615,-2.65452814853776,756.151641764097,-184.244443182393,3.4305570870074
