"","","par1","par2","par3","par4","par5","par6"
"cv",82.401547228174,1.11299708538757,-41.1503145238385,-3.20024140329795,532.138485076622,-3.16484530106544,-0.770694790408015
"cv",90.8889302612034,1.39803253950358,-16.8070543736042,-3.52721556671005,960.090055130422,-27.0750445744216,7.08571200724691
"cv",93.3529650422202,1.23886983876919,-24.8841029063159,-3.51049868088127,812.991999873358,4.41173238744778,-4.16288894501576
"cv",97.6936408911301,1.08592886696015,-47.4336582011361,-3.22223071207199,428.592649680371,-6.81718595020478,-1.11534897533316
"cv",99.4340760203491,0.946142275847856,-36.9608768971691,-3.00157137510625,416.116222828407,-7.17915079943196,-2.40689867641777
"cv",100.191604151695,0.956126159561181,-16.5683809515718,-3.06255286531835,949.558729966798,-43.7860776272178,-4.7845646366477
"cv",97.319611665716,0.714504942639411,-33.4975216307152,-3.00177652468872,868.148831696291,-18.9642598231518,3.72531764552851
