"","","par1","par2","par3","par4","par5","par6"
"cv",59.5849020702889,0.556724399885282,-2.65417001286052,-3.43778314356041,-612.194342300886,246.524740356286,-6.59758919335897
"cv",72.3991051927399,0.504921384965358,-19.0429755461145,-3.25730536274039,10.9158114737728,283.198725894081,-1.41549836399558
"cv",74.5049789718361,0.469014209922446,-26.8541188630176,-3.15175288480188,15.0958798125194,215.137895907541,-2.35725907246941
"cv",35.170176422751,0.582753152121307,-2.740986981922,-3.24675815299712,-981.143519310282,355.61557127512,-3.95717438987909
"cv",28.1849911614854,0.871308308431219,-3.66489981972933,-3.60758166765262,-262.721521940321,352.317374197394,-6.05191796694664
"cv",91.6968407564839,0.637352539488719,-2.14996052694107,-3.43426097331429,-807.641882091232,293.586489402771,-4.31661127241302
"cv",86.6895829688121,0.819087509209525,-4.33888456463046,-3.48352117760981,-140.569342688938,208.409227253675,-8.91241463398141
