"","","par1","par2","par3","par4","par5","par6"
"cv",43.4941451813251,0.526049448661442,-16.3158048623314,-3.2840597417475,244.253850438032,-6.84474488238254,0.125849927550726
"cv",73.6043144971109,0.421765049153575,-25.1037664012983,-3.32451254777454,241.913898323964,-54.1717120094564,-0.262553928740156
"cv",118.692110016598,0.703851098323107,-12.3797551394049,-3.690560031713,248.967453313608,-2.41040222640728,4.10664787626134
"cv",54.164421060932,0.459099234041617,-17.8933527598071,-3.35495786343628,269.574709906657,-39.5839404083498,-0.416846233190523
"cv",92.3967870058966,0.432806806515239,-5.95622225091003,-3.17158574859239,255.497655215344,-34.9296198535702,-8.7203719106728
"cv",62.9875835096927,0.477297758074423,-30.285791350239,-3.2901413903564,228.379947905059,-3.28861935834969,-6.30619168478277
"cv",42.7489553624962,0.585365962543941,-13.5178007594099,-3.3601680803548,229.655154516105,-4.35652290533636,-5.87131983901079
