"","","par1","par2","par3","par4","par5","par6"
"cv",70.2225590643314,-0.508220529183745,-0.235239507630467,-4.31895531347998,-157.791670411825,-164.460822721005,2.59475082624704
"cv",74.3874838985914,-1.25038026698311,2.31490176633123,-8.27011704431737,-969.943524803966,-343.326802533055,9.3358401581645
"cv",62.2754309579035,-1.19528735951701,2.5800405398199,-7.63234101592482,-976.144742270177,8.74730951539833,-7.36011552802562
"cv",80.3992601010721,-0.574585385350596,-0.522885799197851,-4.20869995675236,-459.142445704253,-393.106307253314,4.53212300417097
"cv",126.596013021938,-0.434808714332076,-0.709470690863161,-4.05395249630228,-860.615124549523,-691.285053201217,-0.730985580012202
"cv",86.3342361887558,-1.00227840920406,0.803440907295996,-5.50783366051684,-64.624019467402,-501.565285026715,-2.31798192649526
"cv",60.0905511275969,-1.11518649224142,-0.40028477598015,-6.78144925633245,-16.7455179576293,-55.954578508816,4.1756868693214
