"","","par1","par2","par3","par4","par5","par6"
"cv",108.415531084162,0.577900668288699,-1.87043572870513,-3.62794768419345,267.311398544705,-12.4291974128461,-0.89716222367236
"cv",47.0674192438149,-1.24633687590102,3.80424872999638,-8.63748960450441,-899.21556606374,-795.372637391685,3.5167939869978
"cv",44.3020487782205,-0.632082208218286,-0.247703622031204,-4.51519661004883,-714.960747796065,-303.349344454436,0.753205738744158
"cv",60.2548152099595,-1.04376086029559,2.50655375421047,-6.73421983597362,-969.733992568617,-490.447134054585,6.92107066512108
"cv",83.0562560403785,-0.440507302524519,-0.6161001070029,-3.98000556210471,-689.359682263927,-198.10357656459,-1.5600757738155
"cv",74.8138603310032,-1.1429705781689,1.89064010325819,-6.92743252760968,-273.320846804388,-396.506622291036,7.42071551537715
"cv",79.6814094015223,-1.18296273377004,2.09751987556259,-7.85189461648963,-366.831533751625,-538.492336013364,8.90404613021486
