"","","par1","par2","par3","par4","par5","par6"
"cv",91.5356591506342,0.554020673297139,-34.6291108719275,-3.20250765059569,235.32435670495,0.568488246360296,-7.09952333254476
"cv",88.4842115239072,0.579651211976828,-7.39682873004509,-3.30496805342472,428.574057137934,-8.07333734162737,2.9323690718512
"cv",74.319748268478,0.666327752860659,-31.3713443493648,-3.36974746423582,643.095696568911,-17.7643329048622,2.34271099573989
"cv",49.2879182215978,0.738679399926645,-35.0632774315405,-3.28529404514228,396.820595985846,-6.74118304232324,2.23590843579001
"cv",49.6158526214526,0.69601432815742,-14.8406537156234,-3.37780672639263,292.16686832979,-1.38860624866102,2.49673375394195
"cv",32.4756053374703,0.68692728480417,-14.792853187123,-3.30654182354878,243.039061444726,0.0106696996647102,-8.06131894411564
"cv",56.2891897941493,0.556096299208739,-13.1909760462626,-3.13774764717396,659.515441673573,-16.8003571502178,8.64867028437971
