"","","par1","par2","par3","par4","par5","par6"
"cv",101.051118476108,1.3729534526254,-26.4772595548158,-4.2824862221627,211.589862738177,5.14632271459937,-0.210136511850157
"cv",98.5938800270785,1.95986036602208,-44.7125439923469,-5.43977315288333,218.89115250056,6.21997747171282,-6.07054344393533
"cv",67.0508475169723,3.27788751785643,-13.2182022141293,-8.21352300789207,948.763205274735,0.907501639168345,-4.92941529222685
"cv",112.959013527906,2.14343564198849,-16.8100462949095,-5.96507993110451,370.489781988148,-4.22620208293438,6.61219479795545
"cv",71.4223823133816,0.897685466334224,-11.977034486003,-3.33042695313314,58.671376132106,61.3045372068882,-6.02040531637261
"cv",82.893568390158,3.13273313803081,-43.9879515964769,-7.76786704963514,587.34413866491,-1.1175734106435,-5.80920112595947
"cv",91.3250746301251,1.99163104964922,-33.5726312671145,-5.57727660541255,304.870809488297,-2.0384844401608,6.35471119542661
