"","","par1","par2","par3","par4","par5","par6"
"cv",106.644310073986,0.623269265314911,-3.03594492160094,-2.94580257501448,808.923134875559,-117.020172198436,0.0207049422734586
"cv",91.5606325874972,-1.28765873316983,-0.386810281923834,-8.53616188533129,-355.830106972835,-181.739379986887,1.26497514545918
"cv",115.857881594857,-1.23841957853055,0.380052415608986,-8.18584239320831,-258.139448931289,-654.350935942995,6.56476892822166
"cv",78.9796068375216,-1.35206301162964,0.218102454624027,-9.51987390566316,-138.097218063162,-15.8371462421001,0.870313037886099
"cv",88.1986688507894,0.81480641571392,-28.9304538368111,-2.89473406944215,227.714754990759,-1.29330313211308,-6.88699915385288
"cv",79.7876350786798,-0.617651149805778,-0.340492922311498,-3.8558429563898,-364.551330619781,-31.2431082159301,9.70969122431575
"cv",82.5670057372186,0.786352248048724,-36.4263624598072,-2.87730510355392,699.25536715938,-23.2105514328498,1.78420867652056
