"","","par1","par2","par3","par4","par5","par6"
"cv",111.263186323417,0.394797721482633,-15.0878162246557,-3.46331748345016,226.767628364172,-2.52186740808903,-5.41066829231729
"cv",104.005071082545,0.278941261946828,-30.3006886686366,-3.21305585454417,101.162644365629,42.164120613785,-0.958601829832878
"cv",46.9115058531796,0.412415588738334,-18.5768419340576,-3.33446250230445,222.267867770993,-2.3083967620281,-8.98051590681292
"cv",65.5288770411426,0.432031318084419,-7.81926625225725,-3.28710852912449,214.835511716445,-2.46487241888092,-4.95291367271551
"cv",29.0209369551841,0.50349301198778,-21.2123532472027,-3.3708970027795,214.90269829158,-1.88274664275543,-6.98974227801339
"cv",30.4797266727557,0.476915642424142,-47.4706559025486,-3.26659516416935,211.423306267038,-2.89233337941635,-6.08709891773258
"cv",25.7132630998258,0.409103597952789,-15.0825217164465,-3.27146922725232,211.489271078894,-2.15640543857186,-5.22694158396299
