"","","par1","par2","par3","par4","par5","par6"
"cv",81.3544256601711,2.50400241915964,-40.273944420479,-6.30105566470364,904.886509335486,-26.3143016248555,2.42685808012714
"cv",94.9549939160865,1.37378518673807,-15.8592525646411,-4.187097864296,782.319588510149,-4.5306784280035,-3.5365468335816
"cv",93.198050690542,1.89821615406871,-16.3171002219198,-5.20001172185862,314.858099144053,-1.84464622355711,9.73682358531569
"cv",119.134959295059,2.4989942638497,-19.9448017299961,-6.27725375821765,735.331126927799,-0.851177657275372,7.58368820883334
"cv",81.8689438742816,3.48077056080674,-22.4143377930189,-8.28018711404655,243.529113475233,8.49511885287969,-4.10748072073494
"cv",83.5855479884464,4.14245058730451,-28.1729847318887,-9.8087509367909,339.012866839767,9.25416076913938,-3.34300853082653
"cv",101.87334321523,2.84561740938233,-42.905939107555,-6.49731353643835,41.8791715256073,25.9316855556364,-6.70036944025864
