"","","par1","par2","par3","par4","par5","par6"
"cv",79.8055401619454,3.67181347389722,-19.2984690776989,-8.83460094264314,727.477474603802,-10.8267016690294,-2.66872313339263
"cv",133.245714517244,-1.32978554992115,1.43058633699092,-9.59314527079947,1.99921162715179,-84.2908405858659,2.29585273656994
"cv",81.1817089610303,3.89793144638108,-33.7666669889021,-9.37514852229545,938.999944270706,-7.14789761652172,-2.36274129873079
"cv",76.6447790425406,-1.33696695787194,2.86871471852064,-9.48315314482898,22.1121852105438,-335.391645922322,-0.386769411879387
"cv",80.0464048470859,3.4009659289097,-48.6446401350451,-8.32231870847679,553.388123170395,-3.94540666242951,-5.51626788452268
"cv",82.2915597321808,-1.29451193668672,1.37991134446971,-8.75893201678991,-482.428279265285,-148.520209900331,3.84539374393724
"cv",70.7507522091018,4.17900970488132,-48.1518464671694,-9.94611597677136,643.272304907441,0.452322525538211,-4.03958232577574
