"","","par1","par2","par3","par4","par5","par6"
"cv",93.5497850063302,-1.21970268782098,2.94311009100467,-8.21241946385817,-167.417129804998,-530.044940161376,6.0357278969625
"cv",136.256237679657,-1.14689656548281,0.120945318721498,-7.48626598110391,-289.265430689215,-101.648754598639,5.18130738181689
"cv",83.2526943669876,0.904806148946349,-43.4785975929652,-3.29651963427171,228.339127846858,-1.6913220888884,-3.56932473833521
"cv",71.5454189263978,0.737896398389475,-11.0529393465308,-3.06960985771319,289.228378649846,-3.01139514775329,3.27802166191428
"cv",125.240705521028,-0.741860389071423,0.576436720147086,-4.74584268372411,-283.425386342028,-83.4089974228752,6.17598600219935
"cv",60.9706121177498,-1.13223103500745,-0.145155981080165,-7.06609122425493,-265.605937341595,-103.173251884406,9.70055969431996
"cv",57.14501107421,-1.18017843713611,1.19851368945092,-7.70866612438112,-601.431986002059,-119.406576197439,3.64540218410359
