"","","par1","par2","par3","par4","par5","par6"
"cv",109.114989262075,0.458030583314674,-40.4869053673238,-3.20839564586431,75.0930874506755,-17.4683705875145,7.35933945784554
"cv",78.2771516754816,0.413736940227071,-25.2677344495837,-3.33112061430398,254.799427924739,-248.51889765182,0.0906642299260585
"cv",63.9766926961235,0.487031784943985,-11.8526685786463,-3.20149200352052,69.4357602989546,37.1736038042006,-3.29189228825271
"cv",69.4075453583988,0.47083082489173,-42.7041234615432,-3.24459540190001,341.713457826085,-349.330241350945,0.0752720075090993
"cv",39.4829779620954,0.531827231443081,-30.4371669574645,-3.15909758674722,86.9667618496343,-64.1684310034764,4.90454167593271
"cv",36.5527326807018,0.50087169175699,-12.3754305177086,-3.2052813484737,84.1961056374218,-31.3151210650637,5.37030321908314
"cv",68.668192191524,0.429742325351747,-34.2758386647766,-3.34987985987478,44.3220340783139,6.41089817509055,3.65679442454301
