"","","par1","par2","par3","par4","par5","par6"
"cv",59.3647967926849,-0.938586804252856,0.498989621552457,-5.48112340173043,-164.474154392061,-779.631964672505,4.88587172037986
"cv",93.5057880099704,0.487935949739315,-2.46218475964455,-3.2499987153928,792.565217050202,-36.3635728051938,-6.75205359236553
"cv",82.6255650182204,-1.27341480182453,1.88401055091572,-8.58990477875157,-563.252942865925,-269.062893928737,8.06989762927048
"cv",66.8900232256156,-0.667293607819182,-0.0330430265166779,-4.62388704351569,-62.63287321707,-264.594921738442,2.89027201496844
"cv",48.9946736265936,-1.07447552305716,1.13359808594906,-6.45675138045538,-740.236501984274,-914.30787830282,9.10031165164419
"cv",94.968240683504,0.786254503590934,-2.58740517486634,-3.05477335931287,827.303098078545,-67.4921247514575,-5.21540103945881
"cv",88.0961856829434,-0.425076737731202,-0.806626944560277,-4.09456786812343,-171.022400259972,-624.752096831799,2.52696238560562
