"","","par1","par2","par3","par4","par5","par6"
"cv",80.9333542275546,0.784924037814207,-26.3082715938526,-3.38938250818474,101.65593894036,25.5684724656399,-8.07126810241629
"cv",89.4372376620574,0.542778885517373,-31.1175566527413,-3.14294333781615,76.2023533078931,20.1534834435422,-2.05568475148847
"cv",63.5159813007375,0.782591869163255,-33.5487614965626,-3.0682440927365,120.41082867767,25.5716548760101,-2.46462531391054
"cv",100.456639287229,0.680014197267592,-4.41522131754826,-3.45201580055523,201.953589916075,14.2830168072253,-5.85018371605778
"cv",89.1188160024696,0.745188848823394,-40.2971192259165,-3.35688434082138,125.132876278292,25.3078963161032,-3.81429086272128
"cv",66.063799371549,0.609363203309519,-30.7495810051407,-3.04626350643344,98.1496798809714,25.0919792065863,-6.87320081094638
"cv",63.5003676597052,0.688856800254562,-48.5091748523259,-3.15548677985615,85.4060830531959,26.6759446072343,-1.88829474616796
