"","","par1","par2","par3","par4","par5","par6"
"cv",87.2350659096918,1.50737680962453,-18.2094031246379,-4.37180681315349,445.942594541369,0.965488338399015,4.78657041681467
"cv",82.6229600946154,1.15852823449596,-36.7286426008366,-3.74497747596749,265.187376950194,-1.58102189719673,-9.54400940798223
"cv",91.749988091622,1.83297248949986,-37.9394675159807,-5.84841276295086,267.473876346279,9.86009946593015,5.97719860606395
"cv",70.9095320082065,1.55084104273861,-42.6369487459373,-4.49235330386689,241.608655178556,0.827731480697374,-1.94954330041704
"cv",96.0037513787445,1.42994237146015,-36.6621528503856,-4.28350123744276,601.038236462549,-14.482947364156,-8.67047873518275
"cv",88.5973827942091,1.60270981108493,-25.3305789733222,-4.44355950574275,456.417791937057,-7.46452576739054,-6.01169178262353
"cv",62.0308863923136,1.99236915866315,-48.9224854461432,-5.22264355044725,546.927805544623,-3.52185596996492,-6.3310674438253
