"","","par1","par2","par3","par4","par5","par6"
"cv",82.2775128495126,-0.928263442339864,0.761466450057924,-5.58069663378313,-470.88213201912,-75.9497036656872,3.4376740996901
"cv",75.5029651275292,-0.440483163384008,-0.781691667003459,-3.82512152015905,-911.539892046949,-637.494636946423,3.17487475462258
"cv",69.9618626042618,-1.19373221010997,1.04920039427424,-7.55221502670489,-323.695437904877,-500.432252993473,7.15458358153649
"cv",71.1763604360339,-1.13408454488963,2.86654113557547,-7.21897580970932,-405.371165735946,-349.447555739026,7.10328901028413
"cv",67.026801067676,-0.643790345459839,0.020078394877808,-4.23118996703863,-302.097984286896,-458.576073943263,-8.05597882464312
"cv",105.111604951931,-0.540596825704623,-0.717600628128348,-4.17478139216852,-631.801834329963,-476.689944059468,3.85786114449307
"cv",58.7140417297527,-1.3433293364356,3.22299245912582,-9.37774588140613,-904.348388254642,-3.80412804980912,0.288336651545882
