"","","par1","par2","par3","par4","par5","par6"
"cv",104.979850004125,0.117348393581807,-2.06158896783139,-3.13194151748588,-541.530366673253,35.2767230612824,-7.26885099199032
"cv",83.5958029341921,0.820182492756044,-10.01551941638,-3.56343069217482,188.051937790848,9.15031214452102,-9.62380324615206
"cv",104.345858564538,0.695867692367935,-17.9165845773281,-3.27706375355508,193.767288763301,6.2309378274116,-8.19948540069163
"cv",90.1120411342841,0.573717949839321,-28.118912947246,-3.02324663869957,28.4951563062172,5.13145661007252,9.92525270674378
"cv",45.3070897382125,0.66696609769065,-16.8307083065815,-3.18793682788996,196.333087096327,12.8615262548465,-6.69221272692084
"cv",38.8431401549159,0.957771342230339,-30.1145451662317,-3.49207042266507,185.248362489035,7.12617579847574,0.212715304663457
"cv",44.0338801288506,0.847215450418792,-15.3455692615982,-3.44769534884652,184.02302319387,16.1427355692682,-2.39999419060498
