"","","par1","par2","par3","par4","par5","par6"
"cv",108.217057478644,1.04598595332818,-3.0417711581919,-2.86945607572939,23.1002836173093,690.197674829175,-1.84307313291215
"cv",70.6077303105685,1.15755108595654,-30.5950238147255,-2.79129339181059,-36.2798341530678,446.451844924893,-4.41119104739181
"cv",89.2427021961306,1.1909720584804,-31.1943752680757,-2.79899358298213,-47.8737286706628,811.700715051386,-0.727656711824238
"cv",79.7600832810704,1.04340296909162,-22.4993611947829,-2.72289323493505,-56.9155006767237,951.045226729094,-4.34097813002074
"cv",125.102055302669,4.39034301917403,-27.9191490175967,-9.12953815179762,11.2606449314542,772.800658340861,-8.74032191046634
"cv",82.3735525771784,1.90578704714921,-9.35243774408363,-4.77867494821374,241.829135238016,7.34912843578445,-1.35107759347021
"cv",93.7072829495883,1.03368472493127,-3.20371262507697,-2.93514681053624,-12.1235741520345,731.244452763349,-8.28947257250547
