"","","par1","par2","par3","par4","par5","par6"
"cv",99.9612773970237,0.651641801551487,-2.47756673031424,-3.10318053413096,215.183765027997,8.89700026607692,-8.12258071265459
"cv",100.899814973391,0.0175775922928498,-0.958100703296815,-3.23086311520604,-740.980291582259,-96.7241099430617,0.320683890721861
"cv",102.083144714465,0.6060560347839,-1.86097601186806,-3.37194049562053,665.968763051654,-51.202819188478,-5.39119941144883
"cv",103.676286623313,0.592459288177504,-2.33066184223492,-2.7591707565306,198.485766208119,-7.43058049611981,-9.9969936260282
"cv",79.4399462315524,0.397154918576581,-1.43619826367715,-3.58187449149955,802.42238455427,-32.437955452002,-8.78735796548426
"cv",105.14249539536,-0.994295091022196,0.829932011099706,-5.4829254601603,27.3564964595885,-12.0976640979306,-0.157722300666526
"cv",73.6940606964295,0.344627227235516,-1.434476337772,-3.32931337942782,796.78974734268,-133.186002794901,-8.28876293891688
