"","","par1","par2","par3","par4","par5","par6"
"cv",118.821145789667,0.599929890827634,-22.5623235755158,-3.01005091715764,203.042637261546,9.72132876499092,-5.97835567107099
"cv",76.6353407926454,0.466595817100212,-10.0581544892816,-2.8125294925879,206.412370903194,-25.5616327172376,0.277173580826937
"cv",91.6671836978095,0.4787275715398,-5.30923277785169,-2.84603742521298,764.137207889467,-334.159430686465,4.35531100807727
"cv",79.0247294883955,0.536009689055362,-21.3326362873545,-2.95403254526575,631.17734755076,-120.468616515692,0.288370660335851
"cv",36.5044425313553,0.563126128401064,-16.2305584572974,-2.89480145178675,265.26555207426,-55.7964785123448,0.214875670006273
"cv",89.7403350697686,0.532429046516681,-6.40134039303745,-2.92737457307242,265.094727652583,-47.6900581202987,0.261023948985033
"cv",88.2901381396576,0.596076384909146,-26.7557408313695,-2.93835732732692,554.232496706005,-204.686512166387,-0.227951009111865
