"","","par1","par2","par3","par4","par5","par6"
"cv",80.474761223013,0.209910361187698,-2.94800013730693,-2.82504615554285,103.401481735735,-13.4814896252057,-6.24654100721853
"cv",65.0553337998597,-0.0296632085600316,-1.46529107593276,-3.37763112963568,-909.529829331027,23.0752709757151,-6.58742258325219
"cv",79.6993836973412,0.399549235211335,-3.0489710679648,-2.87750154885102,79.8143712695392,13.4273717144553,-0.653338130180844
"cv",51.442818010783,0.373745749027369,-1.94252145010978,-2.92020676651405,-35.2583010498439,32.9181259676542,-3.53801240104954
"cv",91.8978161451286,-0.176614569360211,-1.3599509039934,-3.39266872375242,-60.7031718827784,-672.602771845111,1.87903870709692
"cv",52.6609735968803,0.19192728177425,-1.7626580493107,-2.91368021836699,-720.637773839356,-308.68599891372,2.11154093626998
"cv",81.74839766232,-0.0841939029853243,-1.41968755998625,-3.33102959091001,-792.673967957377,-247.881273462314,6.89222895241284
