"","","par1","par2","par3","par4","par5","par6"
"cv",93.8095050505981,0.415186087219577,-2.39797666832936,-3.23419418536279,-187.717028941926,275.050600666173,-0.465125677702175
"cv",76.1706994065916,0.519517997952627,-3.96611791699866,-2.88495332033754,199.610325020827,-948.703652447855,0.295635576447719
"cv",47.9116452132432,0.449463551962277,-7.13690999626489,-2.93317007405673,64.4531529556928,-4.02132032845756,8.05428964684032
"cv",67.2856496609864,0.239288387890637,-1.86668218766404,-3.40063970038771,-729.156746090516,755.492822108951,-0.487849065102637
"cv",36.9290983499696,0.517920274497258,-27.2455430021992,-3.099112476651,46.8540830704823,27.1145295436278,-6.15017864554892
"cv",58.6371102368154,0.544757493426735,-2.7406383561039,-3.16437960240255,-811.858531842029,930.03208770113,-1.69586694979387
"cv",102.767757294258,0.495189819471087,-3.43609901338457,-3.18607135239135,335.863588633213,-462.322281482681,0.437450520334623
