"","","par1","par2","par3","par4","par5","par6"
"cv",95.0479280165319,-1.28249145144684,1.42864262913462,-8.95644036057853,-991.944774476709,-403.101457823879,-4.8928480708196
"cv",80.8739003421365,-0.785596750291638,0.12872314441236,-5.24855015955679,-26.0140393690162,-917.994561248058,-0.559615405377319
"cv",64.3089328170756,-1.10220650319461,-0.240023866482396,-7.03052101755454,191.847388785074,15.1027254148823,-5.12093603443087
"cv",63.2085268616589,-1.34140644260019,2.75874691242699,-9.36175903476909,-176.482197409139,-375.711317763643,8.46949520506561
"cv",63.4017048677369,-1.0861025593483,-0.418202525456202,-6.81440362454949,-607.218966533636,-549.585148833953,8.79595932496565
"cv",43.4942239837782,-1.05083698771149,0.946334272858227,-6.34303681523195,-994.41535387585,-601.13192036505,1.58383229232961
"cv",86.3252250320992,0.938473368471591,-49.6877743519337,-3.72715553973349,290.931259288444,-5.18064902583365,-2.2363609181199
