"","","par1","par2","par3","par4","par5","par6"
"cv",114.390720944859,-1.22520231698384,0.641149330069577,-8.48318427236078,-296.649195312688,-939.041540043104,6.92728585695143
"cv",92.4979429436022,-0.535877276660876,-0.730447910178875,-4.26672029311027,-825.19743399493,-291.548371879896,8.3146228733472
"cv",71.9863762778822,1.11621665097573,-33.3561680979037,-3.47783782909033,237.790013961906,-0.858412829367894,1.44773574588152
"cv",64.3424854914365,-1.20299860597605,0.682765687815845,-7.9982120025245,-764.357267484238,-114.056308624072,3.69867695495486
"cv",79.1785934987952,1.12069522814453,-16.4345105633564,-3.71576617102617,208.880889791278,3.0861447609386,-6.76366015342468
"cv",53.0021415339324,-0.791726688721611,0.614892479424334,-4.8742599215253,-51.1495405808091,-102.828132138837,9.30126573987296
"cv",75.3000959839315,1.06907048896709,-4.2830943845021,-3.62895909768349,197.454707371414,8.3675728085769,-6.10033785966979
