"","","par1","par2","par3","par4","par5","par6"
"cv",143.639528971796,0.263526407074686,-1.62969073502233,-3.27449632858572,199.102911840414,-27.2684108011014,6.85206925030798
"cv",53.4040145047935,0.414509616171171,-1.68478059159692,-3.17221767347953,578.453920720317,-326.732645174659,-7.69839551943077
"cv",101.682160041677,0.391175369732082,-1.28979929616898,-3.63021456609957,276.453008281559,1.51851565790173,0.411477449658887
"cv",54.3484918699678,0.336476501693866,-1.53569204695137,-3.02094170586143,244.741513164797,-90.0146172093459,-4.39763925969601
"cv",91.5264357701119,0.605080970747206,-4.06412916827243,-2.48750574591363,14.4002457744111,16.8275159421324,-0.246730796217087
"cv",68.7567147843632,0.143786481071788,-1.14162110323192,-3.26624898035121,154.886553152591,9.75890009858504,0.0321217535784539
"cv",60.6559950470457,0.439506362723714,-2.42821692868357,-2.76819319454949,190.898594599707,-74.7201644412579,3.62672234419733
