"","","par1","par2","par3","par4","par5","par6"
"cv",97.6914960463547,0.959513599235724,-11.4703353890418,-3.46431886199286,254.348035436124,-1.69096409372848,1.80803365816925
"cv",102.085594218373,-0.997651756469248,0.206476135008291,-5.09254604305977,-30.3514843622779,-661.625398611473,1.26287517448367
"cv",60.2905995792197,-1.25031509994521,-0.246607240621298,-8.53536084637106,-111.313949055505,-882.216826801624,-0.977517227310387
"cv",49.238030794803,-1.18121706619169,0.762895978244712,-7.70564102102071,-833.526037633419,-267.756555367817,-0.0063299386595137
"cv",45.1134688829328,-1.25999345506852,1.97933656393319,-8.74006359062073,-37.1951313551357,-957.177797926283,4.07538083847612
"cv",85.7716566925291,-1.29135328700039,1.97100200841762,-9.22884761023426,-413.116112449319,-759.631862154944,0.293945742519621
"cv",71.9245829242,-1.27257023479693,0.635351430718709,-8.88219578191638,-19.2257631570101,-407.804728122844,0.211439575508372
