"","","par1","par2","par3","par4","par5","par6"
"cv",81.1459444151731,-0.642185793708896,-0.578058962002402,-4.48651142735877,-848.415823772808,-458.942056999337,1.49374264568124
"cv",75.3447903414859,-1.22843867740794,0.224655917845666,-8.25500121372617,-86.2035610583722,-498.864274460706,1.04876468889415
"cv",74.3717091789143,0.989462947248185,-10.6980059136362,-3.39278379901897,796.649431083195,-23.0134850374652,9.30493561459073
"cv",81.0089247306307,0.69124521930174,-27.3652951661601,-3.14129272372497,180.961626368865,4.30963016612213,-0.505587625964368
"cv",69.1773751360448,-0.627569281269029,-0.495714949529372,-4.4587830803849,-555.543996504599,-938.524413165105,1.92163995888311
"cv",57.4668884131612,-0.842276595719158,0.0833271434530616,-5.30738001152265,-757.596170529723,-11.3758368882335,2.22865164293655
"cv",69.069620866033,-0.666552270839234,-0.170049141651205,-4.5836724878568,-684.916627642086,-126.559065773908,-3.23196997292205
