"","","par1","par2","par3","par4","par5","par6"
"cv",87.7882290216893,-0.524562451122999,-0.0592841766774654,-4.03786269547867,-55.317429778192,-761.161663266652,4.13178476926499
"cv",88.3889046675813,-0.319545368935196,-0.660955447314927,-3.64653346611216,-998.786039167655,-649.581288477597,4.84742136605233
"cv",103.117943291726,-0.610422796912723,-0.162100682680413,-4.29743807465401,-129.28403670001,-89.2729508751433,7.4532252898225
"cv",97.5130855968645,0.197781579153731,-1.2829605578034,-3.15203992599336,163.366809656971,-31.2806016393567,-3.47913845584067
"cv",111.146638419345,-0.3384927416704,-0.597633584391687,-3.89009843732667,-288.589017889255,-171.706972774869,0.27398573152599
"cv",95.7814727967713,-0.574486095311647,-0.34140497898084,-4.06905748053225,-939.884796063291,-586.899423623296,2.87714180226386
"cv",69.1564725976911,-0.937178802359443,2.13273133353363,-5.77861692525745,-109.189213753361,-750.837436659692,1.10349105394027
