"","","par1","par2","par3","par4","par5","par6"
"cv",34.8976445394751,0.677787161600725,-20.1404982935513,-3.88274843012426,-25.5969795937751,900.911758293007,-5.02754453841926
"cv",62.5069710561776,0.732038036485423,-13.1730931944125,-3.90006931753808,5.5203732521755,666.207448867947,-1.68403167975204
"cv",65.5206971938023,0.588133903225441,-21.7735962776251,-3.64519593048066,23.5174388165935,581.393081631805,-6.92656035876671
"cv",18.8463237768158,0.695994931186378,-36.7708723526448,-3.81497590146104,0.100999614645933,983.650841307329,-5.46773416265645
"cv",33.2656265511339,0.731103033369221,-17.4621722515171,-3.87500433818452,-54.0679194227898,821.704495909043,-1.68775683582227
"cv",54.6636022492554,0.561746607664246,-13.4684200394016,-3.70424720887488,44.8225699061496,14.0143157341577,-1.43440914341073
"cv",100.655985263977,2.95535610375021,-29.0994885980249,-8.20548276893753,-357.235523434558,969.837038673788,-4.79438303120964
