"","","par1","par2","par3","par4","par5","par6"
"cv",107.64743584686,2.41673209482413,-46.8756093542818,-6.28023340895122,66.7822643616527,30.9869971649814,-6.69415297021675
"cv",116.514499800849,-1.28666104151255,1.07719571541101,-8.5134765757281,-170.170810953174,-229.523384180747,3.04088818162845
"cv",94.3613896957611,0.850602804833813,-9.22104639290013,-3.06899927660246,205.53358378406,-6.79882853028601,-3.86652422240331
"cv",84.2602276113762,1.58213022688348,-36.367555946039,-4.4640320368129,80.6211051518748,55.3062754194823,-8.3352765613605
"cv",83.0372156781253,3.23004560749001,-43.3884412515908,-7.48557515245165,73.9905341342971,59.493286185166,-4.59475434436022
"cv",86.3645813847021,-1.36052920931361,3.01739656687752,-9.50595294272568,-51.7459929710995,-572.428587467311,5.66113546748382
"cv",98.7469958632001,1.31344136447222,-18.6391652352211,-3.90519043464,182.156505554984,26.5638143020588,-1.06107062249779
