"","","par1","par2","par3","par4","par5","par6"
"cv",111.712837977996,0.582340780560007,-2.95337281553968,-3.42648314951657,466.97433539649,-19.3788728066183,-1.37268150519978
"cv",99.0054456366528,0.427611499126114,-2.54139389901128,-3.14988922163569,705.845172517002,-109.156930027882,-6.30419888940715
"cv",94.9874936731176,0.479280307228176,-2.37756167595617,-3.1908051088615,471.786591345068,-49.5946317471236,-9.22462852494136
"cv",75.6971838459295,0.716974142408502,-3.9274019480273,-3.07445269817842,320.931230428861,-9.3100309178365,-4.9023318934326
"cv",88.1866615521349,0.604032957742478,-2.61897242078247,-3.25309222825089,357.561211002644,-25.0780837180187,-1.20719718616456
"cv",92.1660075288368,0.445642205885934,-2.55215076623205,-3.22337238412112,917.609842911386,-141.868921863279,-7.23231318627998
"cv",72.9977461552292,0.589983192571132,-3.30726271716844,-3.17507713392679,269.749001215155,-11.727570587524,-8.36531193145702
