"","","par1","par2","par3","par4","par5","par6"
"cv",91.6534617898384,0.783054472804837,-4.02789432362783,-3.15518345710836,-445.755438764792,776.227533473039,-0.606741925933611
"cv",95.1257762629236,0.717482702630993,-36.2273063025893,-3.14813405823485,35.270028491358,41.8327305565725,-2.16068912617051
"cv",87.9478949668477,0.719501227032849,-3.13242571646886,-3.47125357492808,51.2658472297974,67.3800766826875,-9.65768778780737
"cv",67.1405447513099,0.783915866713329,-15.1883978793658,-3.3771401304131,49.7009564194981,39.8715786794643,-2.37039678652754
"cv",65.8317627180136,1.09428607924201,-35.49204588055,-3.40761946195632,43.3270240667559,72.5729609611421,-7.1108981393638
"cv",62.87975769476,0.730362496002858,-19.4657963998589,-3.1548588701881,943.772240076214,-278.494505477349,0.54589776317104
"cv",62.9553325882927,0.715158007156495,-16.2012920750345,-3.05006054793283,43.4744265607357,50.2295894334329,-9.94749214317574
