"","","par1","par2","par3","par4","par5","par6"
"cv",100.84873424949,0.185532104031913,-5.06133762595147,-2.9650356326386,-2.99705116143573,823.687932943282,-0.31298163121808
"cv",61.3079375968671,0.0657419250495126,-44.3127771434273,-2.81088163153719,5.13773923403172,434.500268287488,-0.973139434166539
"cv",44.4449052311175,0.0714925450911304,-12.1437191601255,-2.84510743284462,16.0166216493087,179.699866264631,-3.17167536372303
"cv",34.8304582004062,0.106619948852401,-13.3402000564142,-2.8141215007688,11.5091538029856,222.087630837781,-0.641273122280757
"cv",38.2151472166247,0.0904259513859842,-14.1277830045686,-2.81094614477261,13.3703621389818,192.376395605791,-1.40839078864457
"cv",96.2330517137717,0.0932504236766829,-21.0088340452408,-2.76696326290536,8.13803649892569,509.729600244022,-0.199789847247303
"cv",70.9024518526308,0.116948989558332,-29.6746406168853,-2.81968746399202,7.61151652822477,434.975003437481,-4.59008308532177
