"","","par1","par2","par3","par4","par5","par6"
"cv",29.2612955985324,0.207045186433644,-24.6054540333315,-2.95669055766712,78.4500542605351,162.845042810639,-7.40852998883953
"cv",105.099397816402,0.268190551063078,-3.45309214377744,-3.33060033099229,104.843594482992,196.546433055888,-5.28040024117611
"cv",74.0306259978826,0.262845869928903,-22.8399250728569,-3.02733645424957,122.285737382577,96.9102845990284,-4.53721692182152
"cv",59.4951737488551,0.10934675478197,-5.40041108337341,-2.86681477343131,78.980442438551,158.146840701796,-6.32661887806805
"cv",49.0539883345845,0.170432346519729,-18.0434824717091,-2.83902162533644,22.1463373177657,194.204219234645,-0.744946944957487
"cv",38.5028291517973,0.194381983676812,-12.8262105317742,-2.8877318822426,74.2591171409139,161.150709725916,-8.06318136228988
"cv",45.8356178962768,0.0635428626372338,-15.864717376104,-2.74081920117729,5.71895363945404,223.290805998948,-0.267421647913753
