"","","par1","par2","par3","par4","par5","par6"
"cv",87.2656165434916,0.836004395565644,-3.11282686889172,-3.06311146758482,203.708234912408,-2.17327752475357,-5.09030854918513
"cv",76.997526364378,-0.446457675925743,-0.608046594032819,-3.8350323245814,705.692032655001,-715.305909958979,4.7673692878674
"cv",92.4526235492058,-0.803646560586775,0.942758690120039,-5.01612016458454,-995.012906461284,-164.702625001879,1.79993303104931
"cv",74.9408617764929,-1.02771626151317,1.30525171053557,-6.060000168117,157.823028222312,-168.182801155395,6.59605353757294
"cv",79.748685969868,-0.520832134308835,-0.784754384248605,-3.79926208935057,92.9256121458906,-350.051669524129,4.61734681393865
"cv",101.518564734107,-0.535446088307504,-0.224758243619918,-4.16249531276033,-254.090972959845,-874.877696945152,0.491760098133396
"cv",102.364015842281,-0.313047294187779,-0.595114258752801,-4.28282997031586,909.98148939842,-768.939402319548,2.69424024943209
