"","","par1","par2","par3","par4","par5","par6"
"cv",107.556304973062,1.01896091973587,-15.2857303756328,-3.02624025295687,402.901530443074,-6.83840330881622,-9.90511647339246
"cv",97.2338603724564,2.75174922304552,-28.5276572054281,-6.51730540471585,698.433418954398,-15.8382612280548,9.07436425797641
"cv",89.6264119580189,1.36969799873293,-19.9666649717133,-3.88435578803027,834.295606461421,-21.9420308362014,-5.52820654585958
"cv",81.1325810948756,2.81100059992757,-38.4308085036521,-6.75510574339839,810.816800098906,8.09577862949643,3.56939292117043
"cv",106.031189572881,1.17092897502274,-27.8127253003418,-3.62979281619803,583.155703421966,-1.63928177341472,1.58852590692583
"cv",91.962853830604,0.929496932361891,-28.2708881703401,-3.20851024952543,961.085083380992,-34.3457570929826,0.736658805043708
"cv",98.0297490818256,1.52666159758282,-24.9203832355612,-4.72303974814713,368.385048257546,9.41559100225686,9.96532331313938
