"","","par1","par2","par3","par4","par5","par6"
"cv",92.9039258630627,-0.526049865252782,-0.822115526534617,-3.59476768994538,-583.037909145287,-988.161494856173,9.31069531769068
"cv",96.0135146805162,0.95493907757481,-18.3767445425372,-3.06577495438717,832.925936095494,-50.3995494568581,-9.77224486205254
"cv",78.4442309721766,0.939263985161281,-23.8487690084692,-2.91037455632155,822.140298420312,-49.9782449694577,-5.1688740270662
"cv",112.745689977639,-1.03560592295209,0.664442013475408,-6.0201887919184,277.376979368379,-832.331595031094,7.29471084661782
"cv",84.7371132618478,1.03793615714957,-10.0048637818388,-3.04062658593928,701.886281384336,-34.5083533481256,-8.81625978276134
"cv",95.2778313625526,1.02785672124539,-12.5719149723218,-2.95003078686235,974.516693594521,-70.9745797053043,0.219357722459107
"cv",137.269997976012,-0.988918528471132,-0.332040982103326,-5.36443967424832,-815.451228814271,-109.021896382402,-7.85852775822167
