"","","par1","par2","par3","par4","par5","par6"
"cv",81.9251813364723,0.827828920381145,-34.3498521048142,-3.35153412225593,287.066058768489,-7.73801399824249,-6.78150116931647
"cv",69.2656489688489,-0.909527210142582,0.702922864950654,-5.61914581405706,-769.229250632258,-516.740339808166,5.71590981851893
"cv",65.7160142460195,-1.30028019279909,2.65992340408852,-9.31088417972629,-2.96674978757705,-168.001789904253,1.55254776285681
"cv",71.4514344804077,-0.96698804819899,0.226656976975502,-5.60227080298871,-950.805011510344,-963.460739056073,7.21694660250819
"cv",65.1891393170387,-1.06320685651925,0.512399353841823,-6.26262791928659,-217.387891846564,-784.841096920875,6.62609657868816
"cv",117.99824811801,1.39600507298693,-3.85744968032207,-4.64198063633827,477.237490783841,-8.73854381915085,7.04713390373167
"cv",62.4581191223462,-1.19662750967513,1.85244516114405,-7.65114497039064,-449.455686464621,-848.997819235134,0.305450995549131
