"","","par1","par2","par3","par4","par5","par6"
"cv",90.3746476523672,2.06335626814554,-16.6143951941467,-5.88591423159672,170.218570181969,17.4863196734572,-3.34480717113164
"cv",85.5418327520914,2.27426944946393,-19.3487965020129,-6.23854486498749,271.421984052321,5.64429954290455,-7.88632119019025
"cv",63.2618492202914,2.44412278134653,-39.4841769886028,-6.54749014975197,514.679972537367,-2.35100754420785,1.20805738959461
"cv",66.3412067640786,1.96118470336737,-43.3037065109727,-5.51893106905455,321.850993920135,0.212626204214887,8.44838568940759
"cv",80.616855347482,1.71635904290765,-20.7224010844063,-5.11239687995176,702.796753995897,-10.4556979204156,-9.14724352769554
"cv",72.8093615021728,3.82576745752531,-12.6460194927875,-9.24878712171388,742.140986511523,7.62335692176324,-7.20420939382166
"cv",90.2840906447207,2.08535191412878,-27.1481504620579,-5.83526595767532,190.078682689493,9.71840006505445,-5.96892095075923
