"","","par1","par2","par3","par4","par5","par6"
"cv",61.6666395514494,0.666578032688252,-11.3796433608573,-3.06634183230158,218.422607464842,-14.4265044148751,-9.34625924597235
"cv",112.945160068365,0.747047232960041,-26.1000950796848,-3.42983862882892,267.890144835644,-2.09480768627119,3.50009520079328
"cv",57.7610477979105,0.723345412325793,-42.1093994912423,-3.26464155196674,335.875934546557,-5.00109214759991,6.44245774443101
"cv",65.3540605892899,0.579362537720071,-15.9788627393021,-3.08070427584922,672.748384091208,-18.3429536526563,4.90662996114203
"cv",61.1034612327287,0.559373806814914,-41.5205979715671,-2.85484442102691,92.857143090434,0.16813183010796,8.33654602989554
"cv",67.4456374215009,0.522378465609302,-15.4189690029249,-2.94944612486442,687.359950984404,-47.2299537592647,6.13789848516856
"cv",84.3326291618008,0.545773208735708,-34.9766360691332,-2.94850534013319,854.033055249602,-68.1341761829051,5.96822963561863
