"","","par1","par2","par3","par4","par5","par6"
"cv",63.902421864173,0.328315178617486,-3.60209503002071,-3.76690250672363,365.312461894609,-45.3787688311477,-1.61075764307032
"cv",22.4204090159161,0.30557475041495,-3.96300336539755,-3.39556833733799,952.456936952043,-757.752430363445,-7.22546009604013
"cv",71.245863867927,0.278162421981985,-27.5679222757872,-3.40471071349576,375.78735756959,-321.756140883931,-7.46253997201559
"cv",36.0328449362174,0.362081628955236,-24.9749014875698,-3.36899685801864,821.340787107364,-266.921511743944,-0.160145044104789
"cv",7.38804565783198,0.365039983599386,-3.73356082707868,-3.42398988605237,915.640434689039,-718.071573201067,-5.45116503512258
"cv",76.3512827420304,0.353417049570536,-4.05096056448362,-3.36554288315288,739.975847517047,-525.677506816313,-8.81315330223383
"cv",17.5721565449812,0.358715145142934,-3.7746646628062,-3.38775750481209,932.400762949427,-735.529896153388,-8.78104056814574
