"","","par1","par2","par3","par4","par5","par6"
"cv",88.9505842244885,0.484678687868045,-22.1761639104499,-2.84244882918992,-47.2093299031258,25.0161949533887,-9.39999699443642
"cv",86.3673386764054,0.544523072348048,-23.2097080060542,-2.86613701653488,-57.0756111428178,32.00735515128,-2.16913184616715
"cv",70.1183159737054,0.590846522965506,-32.7146426282686,-2.84386347798864,45.6596608716465,2.97676136443016,3.93502981867641
"cv",56.5866690749203,0.496354545884367,-8.51728301602066,-2.9436590521034,183.300617675831,-14.7316119927841,8.30625211064227
"cv",44.2325205453999,0.825680784987052,-26.5974635586428,-3.11671925958454,64.0402973157828,20.2677177549203,-4.48513818759344
"cv",85.1751818064809,0.612992649384589,-35.4671948193249,-2.93480530644924,36.3884440063674,17.0657322916539,0.641575553338288
"cv",90.5460936929432,0.508550053777853,-28.0613389220997,-2.83659981414326,61.7217573161704,6.54423027915546,-2.22072506789118
