"","","par1","par2","par3"
"cv",84.90114384041,-0.97359440696391,-0.9061958123038,-6.3534711013332
"cv",14.794763375099,-0.759509633338854,-0.989314249666758,-4.65372447870663
"cv",39.3693302541868,-0.725072815132828,-1.03802475323369,-4.50538419867961
"cv",42.6592072801413,-0.936922271986806,-0.824614181545114,-5.87619576743634
"cv",17.8547825606313,-0.8451486359691,-0.898442645716641,-5.41783980790575
