"","","par1","par2","par3"
"cv",83.9541349551976,0.438982427057874,-5.2636193687404,-3.0980595747424
"cv",33.9767709671787,0.441128599674358,-6.55048854603402,-3.06359148971271
"cv",23.357845267043,0.420844610456499,-5.92009597381502,-3.05739802948986
"cv",66.913005561233,0.442049175489129,-4.63999819795477,-3.12354316837504
"cv",13.8654422366927,0.428143841296832,-5.76832513432855,-3.07019377220442
