"","","par1","par2","par3"
"cv",93.0540402418251,0.476588267221091,-3.13272942515802,-2.09804641691105
"cv",67.0020625600079,-1.29098577319915,2.8454979324943,-9.09761576672095
"cv",49.9526923658383,-1.19349141114358,0.9882926070547,-7.95445981215742
"cv",66.0680758505697,-1.1361297158108,-0.526070164160824,-7.38258368223538
"cv",83.2380025186883,-1.13938740360861,0.324050514071232,-7.41951746224683
