"","","par1","par2","par3"
"cv",71.2858344364513,0.137972727667194,-1.39645267472436,-3.16772172955042
"cv",61.5446428384968,0.0862210010167792,-1.46772519227975,-3.20003082480463
"cv",68.5859394658126,0.145663239582792,-1.44396299482088,-3.1681981248222
"cv",69.6493272298716,0.141039331073419,-1.57241794530995,-3.13713444871387
"cv",73.5221718375602,0.23750397032816,-1.63414476860111,-3.10078682664921
