"","","par1","par2","par3"
"cv",131.761663824969,-1.2286339759342,-0.260409017023558,-7.84500918246834
"cv",116.143792752594,-1.29189469096989,-0.317611338883857,-8.59517217845301
"cv",103.945900319323,0.595708741098459,-9.9998959546808,-2.16245211162323
"cv",63.7553169586764,-1.37220496895531,-0.675703239343868,-9.67004625869117
"cv",52.8085986935784,-1.38532378793523,-0.553809090536644,-9.89007684236033
"cv",86.1261408213284,-1.3872048115875,-0.590004499647558,-9.95398368466463
"cv",78.1870128958739,-1.29434193182493,-0.532301785819947,-8.58348075015748
