"","","par1","par2","par3"
"cv",97.6218826876953,-0.765965074491489,-0.628098881920063,-4.39193031496639
"cv",110.72310406511,-0.518522510563137,-0.65990736281876,-3.73523569446085
"cv",70.778213020268,-0.733766770883768,-0.638736002124488,-4.16187780285924
"cv",85.9764884971277,-0.67580993422304,-0.654249731533887,-4.05686016935293
"cv",62.4046506765468,-0.638387930399622,-0.642470683205702,-3.82539206412517
