"","","par1","par2","par3"
"cv",52.4382536718583,-1.23339504263687,-0.612478104470546,-8.42483885276857
"cv",88.6059449827583,-1.32821412127379,-0.619163973830703,-9.68376552131167
"cv",106.035674902083,0.49742392904107,-9.98702189501529,-2.17782535305173
"cv",67.9477859361848,-1.33656723686767,0.244147102325014,-9.82884209054368
"cv",47.2138987010248,-1.29618229781863,0.268064974536013,-9.2932236600835
