"","","par1","par2","par3"
"cv",111.433949051912,-0.214939813134465,-1.38820184046719,-3.24919643143361
"cv",128.870738086034,-0.103716154561066,-1.43869167690613,-3.19100496987655
"cv",85.8416318727918,-0.223306164956616,-1.35405695578453,-3.12879658834992
"cv",70.8827265745757,-0.255687425506064,-1.29419682700444,-3.18334865727563
"cv",73.5935396161611,-0.29081294697704,-1.23940210401549,-3.29811771827504
"cv",85.5731545266641,-0.318817280986603,-1.20897778275027,-3.23247506525454
"cv",88.0850984705319,-0.362884737750341,-1.12935780245889,-3.32551167393843
