"","","par1","par2","par3"
"cv",75.0228749138755,-0.5766431177782,-0.817968228035055,-3.75371363695618
"cv",108.036768946858,-0.590451819268983,-0.804974142033442,-3.97660809335891
"cv",73.5284127130779,-0.594882439843993,-0.808725908977873,-3.84990014558223
"cv",80.2538426497946,-0.605819397853079,-0.817969272560081,-3.86469532150567
"cv",134.057477555687,-1.04804593733341,-0.629856465091819,-6.01681287598417
