"","","par1","par2","par3"
"cv",48.1458743284722,-1.32273979149409,-0.419146531603964,-9.64901788963083
"cv",61.9541087035972,-1.34504308335333,-0.626511131754244,-9.95236890286179
"cv",46.0665965462427,-1.27332891127774,-0.568516482372539,-8.94289042412842
"cv",58.615848174392,-1.22294785351547,-0.612019403105658,-8.40138427041376
"cv",46.1507270050712,-1.32953484846286,0.0412018898319135,-9.81968475448899
