"","","par1","par2","par3"
"cv",94.8239281932889,-0.2756083988243,-0.989265686682321,-3.48877441561955
"cv",91.0965993789237,-0.22791877317658,-1.01597411105291,-3.38138217784104
"cv",88.8972952545937,-0.271052955594601,-0.969926777374546,-3.46776497735173
"cv",116.749002053257,-0.279136144407247,-0.94343981670358,-3.5108133951601
"cv",82.5430585145886,-0.247612944380577,-1.02180609025229,-3.30777029921936
