"","","par1","par2","par3"
"cv",88.4632088920982,0.473118269466282,-3.43527189118616,-2.8079570072133
"cv",84.9914537772071,0.461517291237505,-3.64049880889778,-2.79677091319577
"cv",35.5222587257479,0.467151245141678,-3.58074171992941,-2.65509192241595
"cv",92.782129919979,0.531362133376458,-3.29308040639173,-2.7582200961922
"cv",72.3806804731229,0.495104943187358,-3.78109627816561,-2.67264699753816
