"","","par1","par2","par3"
"cv",77.4007961324237,-0.844656762019851,-0.713316727113776,-4.79250812402808
"cv",115.067845732644,0.422957306011382,-3.27846955138606,-2.08021856673275
"cv",109.997688426739,-0.544978929808836,-0.763672605762928,-3.78769456110668
"cv",102.73529678851,0.454587155542284,-4.13817990157023,-1.99354226732711
"cv",80.2075322057049,-0.453011740809473,-0.918247771605315,-3.34291039338522
