"","","par1","par2","par3"
"cv",95.1820014300191,0.291071468026903,-1.74634079471935,-3.14881687421805
"cv",53.8611756417282,0.413732072524942,-1.84174844393993,-3.08256149770938
"cv",32.8554685398941,0.391495499021649,-1.7730433926482,-3.05240965326495
"cv",62.2340727247269,0.443484702312303,-1.65352306597711,-3.14954081308108
"cv",61.9323341909564,0.46497367258708,-1.78326111818592,-3.1584765069615
