"","","par1","par2","par3"
"cv",110.922736739678,0.486874782395436,-8.19100186063068,-2.14114282299546
"cv",61.6116849496167,-0.933620428796158,-0.305386066215072,-5.6127496933873
"cv",57.2771147758187,-1.09380115111129,-0.0383488000708588,-6.78184889177858
"cv",64.9765905689006,-1.08275512182068,-0.643320444171558,-6.80402899239107
"cv",98.6086813554532,-1.00139453506164,-0.560574216516951,-6.26502194350804
