"","","par1","par2","par3"
"cv",120.528831100699,-0.373224558691626,-0.837233196057388,-3.82541548728155
"cv",105.056638594598,-0.208157775936116,-1.17747458332234,-3.36137511360515
"cv",87.1635503342659,-0.204688757085902,-1.11501655149991,-3.21712988509575
"cv",76.0184089581199,-0.20724524566542,-1.13741649537298,-3.20683009309892
"cv",106.914919802314,-0.197321836396943,-1.17860631686164,-3.31717049717369
