"","","par1","par2","par3"
"cv",96.8075474185783,-0.25976747982937,-1.28453942037523,-3.0184714046007
"cv",95.960736258515,0.424279411293156,-3.56986444990895,-2.1787953432731
"cv",116.508402296672,0.447290948746797,-4.21153106273405,-2.18947646846983
"cv",137.524020397489,-0.473040043506706,-0.835804195345479,-3.64505365758952
"cv",103.664173896524,0.460911804230546,-3.38539459826694,-2.23541111775342
