"","","par1","par2","par3"
"cv",73.2730669098526,-0.99353493415086,0.249812229414219,-5.6196950439012
"cv",124.121621022373,-1.16461613231895,-0.340754124595363,-7.25738090654513
"cv",91.5296614400321,-1.36461988410103,-0.577315269389907,-9.68089633452671
"cv",71.2406082473813,-0.944876726624114,-0.553697671784631,-5.27896205479415
"cv",83.2066662258427,-1.24969833462647,1.66745660277317,-8.0310411940378
