"","","par1","par2","par3"
"cv",109.452903554763,0.316966159637764,-2.62339844741038,-2.69164809279043
"cv",96.0892016452187,0.383151380841545,-2.87246379872645,-2.62050957438354
"cv",84.3020285548351,0.402909198552001,-3.38343307519504,-2.5049728566899
"cv",92.027984852744,0.422165276853935,-2.9548818342391,-2.51501547780773
"cv",122.636166174517,-0.364839209897117,-1.02516540917113,-3.5133026792688
