"","","par1","par2","par3"
"cv",97.70436037166,-0.24949604296078,-0.797588676766431,-3.87158374044394
"cv",72.6342432584452,-0.291724436061258,-0.785094577061966,-3.77764195183364
"cv",75.3404908298581,-0.325167308803446,-0.760172646611654,-3.73129135205846
"cv",102.900209439053,-0.341576729447228,-0.774677618919274,-3.90834336085274
"cv",79.6597875741777,-0.321456401876952,-0.766983352483066,-3.88079680260974
