"","","par1","par2","par3"
"cv",117.313655602687,0.515799187370071,-1.49049945741256,-3.323923525303
"cv",69.5515318085917,0.538411117927194,-1.50442974898009,-3.16225283979104
"cv",33.7813080963054,0.53515888625639,-1.50486579474206,-3.0838353064448
"cv",103.415971306716,0.587609170430805,-1.60281634660502,-3.12564424262878
"cv",23.4679173776124,0.550620204805124,-1.48784472336466,-3.0372422785623
