"","","par1","par2","par3"
"cv",89.8174527481677,0.313743043143694,-9.99996344878623,-2.21426629635225
"cv",91.184519005089,0.332215917115597,-9.9999999036258,-2.19680707650597
"cv",113.232738065367,0.382699460969827,-9.99980133930825,-2.21121347778612
"cv",107.299614190738,0.323155761266632,-9.99995202858539,-2.28043885929269
"cv",109.978161067478,0.312036150563569,-9.99995970823147,-2.30826254701309
