"","","par1","par2","par3"
"cv",124.244093208144,0.556475171075807,-8.5072722223562,-2.47740514303695
"cv",123.291740904336,0.559226691146927,-9.12393182155591,-2.47781388569712
"cv",94.3934777439933,0.543787626124394,-7.96266639023393,-2.30846911476521
"cv",92.2286512454648,0.5767824057386,-9.25595083326348,-2.33989593615422
"cv",94.1167447913294,0.540957721189447,-9.99999693054279,-2.28305082829892
"cv",86.5430030676928,0.60165711953217,-7.17410740500155,-2.24272176638227
"cv",176.230618549973,-1.21576178898317,-0.128398896149015,-7.77458143547175
