"","","par1","par2","par3"
"cv",63.3748716209886,-0.0163490055106934,-1.29111825325957,-3.2940060713124
"cv",53.2044225246408,0.0538663062875065,-1.33121492971478,-3.23109627129898
"cv",71.1933558305894,0.0936972425741081,-1.31770889225178,-3.25248209176822
"cv",54.6291260596916,0.0238571454499457,-1.26248071092961,-3.28158644926108
"cv",68.8962571242415,0.0231885800036853,-1.26533648415541,-3.33457500852993
