"","","par1","par2","par3"
"cv",75.4887519037978,-0.250325170830431,-1.17643089075139,-3.27560188535711
"cv",106.98461713676,-0.249611225911105,-1.15212104402408,-3.42851060407564
"cv",67.3650781838734,-0.266603330077681,-1.10339669394343,-3.38553527275773
"cv",111.988288990356,-0.356566994543803,-0.978225097843622,-3.51696938965551
"cv",60.1757234462304,-0.249109403175494,-1.16515624207043,-3.27848297456529
