"","","par1","par2","par3"
"cv",117.838280247248,-1.40613569477078,-0.687994132474027,-9.97856142513892
"cv",73.7279524992715,-1.36757187446075,-0.681533839712269,-9.12769083633159
"cv",131.244198564283,-1.28290555331116,-0.593436571821047,-8.1914181943182
"cv",88.3336834878869,-0.978606426211144,-0.561653031312935,-4.96236556026137
"cv",105.457161364401,-1.37453771758266,-0.459781977265978,-9.36139169084215
