"","","par1","par2","par3"
"cv",0.029982014387056,0.156827992756055,-4.11239533310337,-9.9999872372717
"cv",7.40730461750853,0.319601859828408,-4.2839383151963,-9.99999959391136
"cv",0.029982014387056,0.15681123633406,-4.10936457533374,-9.99999553380481
"cv",11.5417081987818,0.156830000721706,-4.10677450131277,-9.99999958673869
"cv",19.1579302155865,0.0706035805131058,-4.01763605291454,-9.99999968822648
