"","","par1","par2","par3"
"cv",74.6082503450407,-1.15377393036187,-0.597658045561586,-6.9936771170263
"cv",116.69671521888,-1.24362519329623,-0.460458427997677,-8.18565770038588
"cv",88.2016113951212,-0.652592966252354,-0.661686987690687,-4.11408052249594
"cv",101.581146206449,-0.720704209748084,-0.67983411828679,-4.30977206127926
"cv",100.48343592043,-0.678603531395649,-0.66907732474021,-4.1217397604017
