"","","par1","par2","par3"
"cv",85.3885232566342,-0.162399706320351,-0.848828066788561,-3.11466684190737
"cv",102.377013934865,-0.0938023081186624,-0.879079586959454,-3.13467842841057
"cv",118.810140086574,-0.123343916554592,-0.820198640251773,-3.32736371695387
"cv",94.0145414624816,-0.113048266232349,-0.845538625296318,-3.13775801868843
"cv",85.9173425192065,-0.127354418988226,-0.833412437233209,-3.14256048056653
