"","","par1","par2","par3"
"cv",74.7334434156914,-0.0378251916723396,-1.21643251854991,-3.2313950584588
"cv",93.6833528800796,-0.02517331470178,-1.17514954204891,-3.27779681207221
"cv",78.0835687551983,-0.0714182184920529,-1.29785667454549,-3.26235686540077
"cv",88.0412824230389,0.022039036300924,-1.15523504382002,-3.31145907922914
"cv",79.2180401400674,-0.0935296547404432,-1.20030874583292,-3.25393132121737
