"","","par1","par2","par3"
"cv",109.459067565739,-0.738850263033952,-0.64290881859336,-4.79559529655223
"cv",107.96250507964,0.62339379404807,-5.93554874406383,-2.24618036088602
"cv",74.4997245010358,-0.71982345608532,-0.705101962115704,-4.90170879942402
"cv",96.1223642651918,0.597374306271328,-6.1535885531041,-2.1816920327154
"cv",101.585873175766,0.63904005283991,-7.870545551509,-2.24232865339611
