"","","par1","par2","par3"
"cv",62.844623227211,-0.995521036061552,-0.686254677551409,-5.90497823818685
"cv",53.1380890050372,-0.535085195494631,-0.828160874015345,-4.02857713959502
"cv",60.8039817784942,-0.690470893897927,-0.818528857251003,-4.45763422567057
"cv",88.1906201704404,-0.636037225901675,-0.806707535681303,-4.24251648529947
"cv",71.5918089509445,-0.558735158088237,-0.804896423077194,-4.11213937218089
