"","","par1","par2","par3"
"cv",129.65422588569,-0.147553619447419,-1.22694459038409,-3.26946118192754
"cv",85.695083163896,-0.464024666261911,-1.16774292945318,-3.43087436263047
"cv",127.974965962141,0.00768787490131118,-1.23382115982982,-3.28894272136845
"cv",108.381179567735,-0.461826926504997,-1.04560193891478,-3.62350526199406
"cv",68.5757543240952,-0.243928894669528,-1.22914341560059,-3.16515630381521
