"","","par1","par2","par3"
"cv",107.991883518101,-0.117605909366588,-1.04500561471679,-3.36881604283528
"cv",102.659989761054,-0.172792181144239,-1.05170145062421,-3.38561243889886
"cv",97.1453114085805,-0.143513979548803,-1.07768554009411,-3.36434812390228
"cv",85.6737022124067,-0.164922155828571,-1.14130983857524,-3.30505285114178
"cv",54.3887435191222,-0.144357886407889,-1.03857922832458,-3.29900799973885
"cv",128.284519572267,-0.386607815337187,-0.976568099500605,-3.65938050571461
"cv",57.5373739242251,-0.130677151710367,-1.12071228482292,-3.22838919772391
