"","","par1","par2","par3"
"cv",78.8001020902415,-1.33676670061048,-0.587199799156506,-9.71879191384149
"cv",103.402375161123,0.539551834828567,-4.73925951134402,-2.28979648500368
"cv",91.3191632281612,0.54888716169012,-5.40651779988064,-2.2931393219138
"cv",94.4797556452623,0.551846581905085,-7.33618583095063,-2.26132888940872
"cv",94.9422987869238,-1.18148738534333,-0.596498890656948,-7.74551447014966
