"","","par1","par2","par3"
"cv",47.6718207282564,-0.0507107746958008,-1.60074266966238,-3.36242327229121
"cv",70.5526853156223,0.462496788502379,-3.00813900028889,-2.89672810912216
"cv",36.7653147706816,0.427732572404025,-3.03859865199731,-2.91626689082461
"cv",58.2495788210828,-0.0368051983680867,-1.67783641068249,-3.35101877634264
"cv",98.5929974955104,0.412647916511128,-2.693389740675,-3.11975843306466
