"","","par1","par2","par3"
"cv",60.8778407156956,-1.31145340461979,-0.592223809352266,-9.15656235323648
"cv",84.1228754630863,-1.0863963389497,-0.625531139126542,-6.71945228145491
"cv",95.1525284631975,-1.2582601027824,-0.558024787005322,-8.56577029295099
"cv",78.6144353840752,-1.23236619203606,-0.507215713100841,-8.16685731111415
"cv",55.5325194339828,-1.32076392194033,-0.23298681081931,-9.22486445741354
"cv",79.7137157395817,-1.36052686342766,-0.589811228167906,-9.80727047299315
"cv",76.2239337568129,-1.33872007426402,-0.618141358288493,-9.51827643914291
