"","","par1","par2","par3"
"cv",58.5769411081107,0.164182649226199,-7.06260747270807,-2.73072278988958
"cv",80.0629172622523,0.233339686557249,-9.99999370525305,-2.72765874057018
"cv",44.3462681697066,0.2547632111144,-6.43708681254878,-2.65399129450259
"cv",44.2043973141526,0.193897856968068,-9.99865344624335,-2.67801947120932
"cv",31.361578203085,0.148610602086485,-9.74444298544567,-2.70349493106326
