"","","par1","par2","par3"
"cv",121.799394914166,0.133265981143298,-9.99999961408141,-2.52987498640574
"cv",72.9275464859238,0.00624817344117364,-5.646821956298,-2.51524997433294
"cv",66.9202430968878,0.0173150422472097,-5.48291787599667,-2.45708106582376
"cv",79.687722838112,0.0281428254361889,-5.52501105204046,-2.47763365316644
"cv",81.645224590842,0.0080630125547266,-9.99995867853729,-2.47701543753958
"cv",117.83887547256,0.0038389095436932,-8.97618299526125,-2.54866973234128
"cv",67.4227704647683,0.045566810761219,-9.7397502312297,-2.39766288703389
