"","","par1","par2","par3"
"cv",114.247488627145,-1.36540826908088,-0.607046846241587,-9.87924646691306
"cv",78.8135513291685,-1.09477303003598,-0.119074201057413,-6.51810896413155
"cv",78.27873838551,-1.15614400862757,-0.560775107688047,-7.01684214772591
"cv",107.819614123059,0.509324203968689,-3.01998264345867,-2.0944514962606
"cv",80.7051229964721,-1.30396527181344,0.370912967624861,-8.79159100760508
