"","","par1","par2","par3"
"cv",80.3059885375736,-0.547259917626779,-0.535216527041043,-4.11880825976675
"cv",108.25715914829,-0.5920614375064,-0.381728319718004,-4.32124988166325
"cv",72.7935372090569,-0.742185868900091,0.657693550564549,-4.87778698901567
"cv",73.2203057341355,-0.645139383503368,0.105799733408429,-4.4443302520089
"cv",76.4168850864952,-0.529247337247584,-0.53416075472649,-4.10878175896045
