"","","par1","par2","par3"
"cv",94.4745692832692,0.274888445308462,-4.68622166501484,-2.48121101862143
"cv",73.5512801524758,0.270636474541214,-5.29487234516027,-2.42672723416688
"cv",82.8287880799661,0.309719597730715,-5.89830869036297,-2.40790999794237
"cv",94.5640833194787,-0.437547132075223,-1.07603426943653,-3.57516287105048
"cv",62.9855671646423,0.272480783088799,-5.14923403745001,-2.37178830933381
