"","","par1","par2","par3"
"cv",80.9756225329123,-0.334530459602629,-1.00410431410495,-3.412564618428
"cv",89.5810953375406,-0.39101390438329,-1.00390295496112,-3.5016052885118
"cv",102.671099631788,0.482811870670183,-3.04743235331268,-2.28992589318553
"cv",78.6424788147538,0.474346686711288,-3.30245462766364,-2.27406802085907
"cv",85.1856520065847,-0.532297539283571,-0.863101321746235,-3.72175822928496
