"","","par1","par2","par3"
"cv",71.3407875997509,0.0242015756518838,-1.23413387902447,-3.55342590375608
"cv",65.6602166402274,0.084219472802128,-1.22322603847679,-3.66306832396606
"cv",74.2289038587681,0.0465320725682366,-1.29888929942463,-3.5774069112584
"cv",38.9151331924099,0.073365186920043,-1.32202981811506,-3.49994954373852
"cv",107.107174412266,0.0195343470619399,-1.34412547505535,-3.66845217159916
