"","","par1","par2","par3"
"cv",71.6874115037373,-0.872490598308634,-0.579440222113846,-5.08657441004784
"cv",53.4124284743165,-0.859883191129611,-0.22525221435959,-5.05658908376092
"cv",93.8572632787726,-0.64585142023186,-0.6296850601539,-4.28208231306791
"cv",59.487900582235,-1.17987646079256,2.76371853098841,-7.55489906825285
"cv",71.2977553297336,-0.776835371004461,-0.381778863435574,-4.66780048237556
