"","","par1","par2","par3"
"cv",105.513013608082,3.23120941270356,-9.99988621897971,-1.9745220929608
"cv",144.095786545423,-0.684023734109724,-0.784252364401283,-4.13149487808866
"cv",94.6321388680186,-0.734871626758657,-0.800071701214868,-4.00969193425228
"cv",84.5743389031907,-0.744144203188347,-0.796670984469392,-4.00198269221516
"cv",94.438146747461,-0.399441935652773,-0.902252082255601,-3.01680266060885
