"","","par1","par2","par3"
"cv",83.9500180703562,-0.404266441091326,-0.74486131190717,-3.51849220917252
"cv",98.4910640731416,-0.388842639841402,-0.762473655529783,-3.65556063002641
"cv",105.117874993938,0.560167674378957,-3.35866391702143,-2.14134691214608
"cv",78.2278721627345,-0.376185475335742,-0.751389146645002,-3.54349861382995
"cv",89.2052081136581,-0.385164208983003,-0.76109631788424,-3.62902942688751
"cv",95.2382794054064,-0.325493917334878,-0.762948987424671,-3.51952272527064
"cv",79.5651152534145,-0.380972945136233,-0.746064174191306,-3.52324686118375
