"","","par1","par2","par3"
"cv",104.851471123222,0.692972837234195,-5.86404034063881,-2.13430732958034
"cv",104.890453428064,0.718836750038337,-8.82702994822292,-2.10418922220983
"cv",99.6281004516864,0.68361942908955,-8.92286929176637,-2.11247693956324
"cv",106.608552666061,0.711122965034484,-8.97062954127226,-2.17077308437272
"cv",90.9715580925281,0.680377493925337,-8.61681915262802,-2.11369033292427
