"","","par1","par2","par3"
"cv",111.824597898616,0.390942877512681,-1.47760535018945,-3.0837542744331
"cv",97.5022201616207,0.420452839325403,-1.47079947440021,-2.9628854332203
"cv",100.409820161241,0.274776540304829,-1.63657655194999,-2.98438180802584
"cv",93.620682002293,0.171901783820303,-1.43079270090602,-3.07008297661444
"cv",62.9912675536217,0.224589503846854,-1.41793589703736,-2.96445842089173
"cv",68.0053387748386,0.264204190718877,-1.43402955019893,-2.97248980954403
"cv",49.8122118581312,0.234839384779429,-1.30679897447896,-3.02341887705153
