"","","par1","par2","par3"
"cv",53.6019793183121,-0.323610982160641,-1.06754065636184,-3.74135324133934
"cv",49.6341498301603,-0.361698543993241,-1.08243079688919,-3.74183509964067
"cv",32.9499188673629,-0.375153191486262,-1.0697624597832,-3.74624292371871
"cv",81.0666632154373,-0.470749394762216,-0.985957215957289,-3.97280981915922
"cv",95.4994549596851,-0.319600177859295,-1.08264201249717,-3.7494028074937
