"","","par1","par2","par3"
"cv",56.4439862275901,-0.373712034159955,-0.975839155279434,-3.47287320752341
"cv",84.0410558318747,-0.443059112220002,-0.908011368729278,-3.65457363388136
"cv",93.0145770651141,-0.326405603085799,-0.922911286961405,-3.51407772805797
"cv",80.2029050728852,-0.439625265144386,-0.899887664278944,-3.60816212665037
"cv",108.444496437116,-0.448300814136381,-0.708133851691236,-3.6899381302661
