"","","par1","par2","par3"
"cv",73.5800086275805,-0.390479074482438,-0.77640516890573,-3.64063417851471
"cv",105.893068900813,-0.597619153330941,-0.650188313920005,-4.10911969789797
"cv",55.4542881250258,-0.450854726028325,-0.67020761510024,-3.74602081956902
"cv",97.2366559304244,-0.304513244512175,-0.697183035329507,-3.68581362409761
"cv",103.242951735296,-0.494876997376083,-0.681957866822529,-3.84190046766617
