"","","par1","par2","par3"
"cv",79.1143663103594,0.0337221562400359,-1.36020813980329,-3.62106608207224
"cv",32.6513328431829,0.0544895416207792,-1.34791170915087,-3.59681841199575
"cv",41.7570232849434,0.0423124372397927,-1.3805514727708,-3.58331797961543
"cv",60.0489398356189,0.0948798808460117,-1.37114823074676,-3.58595005237422
"cv",5.04185269387822,0.0109474898270745,-1.34973909990862,-3.57535765814793
