"","","par1","par2","par3"
"cv",91.8308907422905,-1.02140264040984,-0.640634417673875,-5.84286602471953
"cv",80.0051467541299,-0.790748281528208,-0.703916367434163,-4.42466963080559
"cv",106.999339698905,0.525544138491179,-6.78578017615119,-2.06250939278029
"cv",101.141600193695,0.529056491500021,-7.53177444304015,-2.02831120384223
"cv",95.9295822611314,-1.33236474643435,-0.357709527631391,-9.17294339512576
