"","","par1","par2","par3"
"cv",58.4379333603797,0.353060300839624,-9.99997373639772,-3.04426639048295
"cv",72.8102246818705,0.354037610428376,-9.99999040462513,-3.13564632154161
"cv",38.5234290628999,0.431720782009549,-9.32941326982925,-3.12130424600496
"cv",35.8695293270431,0.340270418000627,-9.99877365057886,-3.13233544662447
"cv",60.1068911536458,0.361251447887402,-9.9241978864833,-3.14666664563566
