"","","par1","par2","par3"
"cv",60.5972046611377,-0.602457347794436,-0.696802661253091,-4.34227569478315
"cv",73.3291896260066,-1.01579284476582,0.331989281792322,-6.11741931183886
"cv",83.7972196932797,-0.625680274346995,-0.720689513953627,-4.36233960440424
"cv",51.2605280413147,-0.728493303431283,-0.642333821520174,-4.62043760707193
"cv",80.3053569551386,-0.523416026819603,-0.680706279868007,-4.16896470719235
