"","","par1","par2","par3"
"cv",90.9813653386773,-0.603256663422509,-0.688899924907084,-4.08379512417492
"cv",87.1941625002152,-0.594674546569633,-0.673259448953017,-4.00835492379232
"cv",76.5220677192978,-0.499462546511177,-0.743461201380763,-3.85744839663382
"cv",68.5853124161304,-0.728108585069835,-0.606776395848216,-4.38072700266053
"cv",58.8710767106988,-0.538347488473535,-0.718712515485047,-3.94110569714043
