"","","par1","par2","par3"
"cv",117.462186124221,-0.0621843672026545,-1.43649052070243,-3.59296813186214
"cv",60.705973709555,-0.0786849069755901,-1.418768121803,-3.4063058810405
"cv",30.1751476747352,-0.0671447397710062,-1.41284212402113,-3.34613184605379
"cv",39.0016035457848,-0.0157090076841357,-1.45217341139588,-3.32579809824129
"cv",38.7409958415228,-0.0702006060632407,-1.42071511558267,-3.37072467980268
"cv",109.007321858805,-0.0206434440722206,-1.33566188959768,-3.53511796180373
"cv",40.3948865062095,-0.0810605704471216,-1.38051743503026,-3.4122305760261
