"","","par1","par2","par3"
"cv",91.845360673916,-0.410037379380463,-0.933832137373476,-3.08418817427642
"cv",58.0255152304135,-1.00925212610951,-0.610203266419895,-5.90720431378759
"cv",69.4792011609573,-0.876864640249049,-0.665348667533903,-4.97423642050149
"cv",98.6708587087993,-1.18949643847337,0.88243719530831,-7.40943998098373
"cv",79.1075672978979,-1.22764435971815,-0.050821204120294,-7.77304560009101
