"","","par1","par2","par3"
"cv",81.587883802149,-0.414330751957485,-0.575207424918493,-3.61887532129296
"cv",87.4380328819769,-0.53642732126063,-0.650413129621736,-3.85500233715215
"cv",54.1677858428445,-0.46974245834954,-0.670158519053477,-3.65556813025873
"cv",99.4947951759256,-0.446363565894398,-0.63313995880459,-3.76722149669366
"cv",95.0467417118926,-0.425893217739109,-0.686472483584427,-3.67688631282398
