"","","par1","par2","par3"
"cv",78.4792471534754,-0.0884019265191815,-1.71663369683171,-2.67812238104597
"cv",64.9279848594905,0.345145138476641,-2.91682025381599,-2.37684057390084
"cv",71.9599015606654,0.260310384244887,-3.04207005372381,-2.38767911299158
"cv",111.217930298066,0.417020957515048,-2.98534817162294,-2.42474181344611
"cv",134.314400031224,-0.280434509579327,-1.18769695340154,-3.2142490870998
