"","","par1","par2","par3"
"cv",82.897541838945,-0.497252751725207,-0.6469377013122,-4.09461032776415
"cv",64.5674736864975,-0.567182510898193,-0.647751992598886,-4.22914484254168
"cv",48.3805867001612,-0.499895860048129,-0.65456504645923,-4.08275003458406
"cv",77.2211104226055,-0.51051644814864,-0.689103652282357,-4.12563088594086
"cv",86.0734870098861,-0.514200656900924,-0.679576411733677,-4.19446775153699
