"","","par1","par2","par3"
"cv",133.645603767833,-0.199905551294177,-1.24229480924906,-3.58577774933052
"cv",75.463340750172,0.415338201908594,-2.23080114593387,-2.67587547584267
"cv",59.6927000822815,-0.26690539377728,-1.18714158746737,-3.50348918517795
"cv",110.259132555021,-0.412389683807064,-0.942723051513959,-3.81617321068829
"cv",118.974713080255,0.46602079985404,-2.44477046313856,-2.70165830739694
"cv",67.3421742260492,-0.272742834673627,-1.16810653566106,-3.47893254674294
"cv",91.6636572442862,-0.352253862097013,-1.02596559632198,-3.6726528611225
