"","","par1","par2","par3"
"cv",46.838807570286,0.279647422863551,-9.4274864551137,-2.98142282184887
"cv",32.0412753295658,0.288479092056177,-9.99027974087716,-2.93135518085882
"cv",68.121727829928,0.263640255722191,-9.9999976704182,-2.93675821664437
"cv",105.472463883356,0.361090105850092,-9.48268804605702,-2.97693509952553
"cv",12.7240018339686,0.290191579494743,-9.97702147456215,-2.92929186674297
