"","","par1","par2","par3"
"cv",108.590687886623,0.131850635393362,-9.99235560096098,-2.79010634736098
"cv",163.49288385219,0.0809410698953139,-3.64705875995455,-3.04891154567267
"cv",58.5769847299668,0.16417951537203,-7.0625876857495,-2.73071870758985
"cv",80.0629591926245,0.233339172126587,-9.99999593320582,-2.72765300556693
"cv",44.3465136545778,0.254752679174559,-6.43723029257693,-2.65397529197906
"cv",44.2045520770728,0.193906944883508,-9.99849162782771,-2.67801718315244
"cv",31.3617442603975,0.148607655993994,-9.74452139953292,-2.70348744392671
