"","","par1","par2","par3"
"cv",86.7005576511862,-1.00603148331999,-0.0292215687193156,-5.65980569609096
"cv",103.978108262566,0.566702613410776,-6.75892268415477,-2.25147735947342
"cv",66.0756330377802,-0.908968241845911,-0.67510091901764,-5.08271793473426
"cv",90.2846850642647,-0.921440416667106,-0.31167760547563,-5.20464416378974
"cv",100.473776894828,0.56537416722386,-6.14254637383711,-2.25653228751645
