"","","par1","par2","par3"
"cv",60.8890515191756,-1.3407838620951,-0.147322620843451,-9.57634744713985
"cv",83.9132320782551,-1.35153865017553,-0.624674408436618,-9.73778510328493
"cv",94.6824682106211,-1.3585268765758,-0.553922702027855,-9.92730203165474
"cv",78.6217045248068,-1.35624529773085,0.668491424515907,-9.82441726746854
"cv",55.8958474093433,-1.28516308674837,-0.50759057969999,-8.73167364428284
"cv",79.7862070837261,-1.3638492425354,-0.616453998226627,-9.85470813708728
"cv",76.1923790628303,-1.34176285087245,-0.528275315690513,-9.56899964355879
