"","","par1","par2","par3"
"cv",80.7050176205171,0.0336531878227243,-1.26531469491474,-3.26015291459658
"cv",26.0843337157668,0.0430636841997564,-1.23703716803038,-3.19454700224745
"cv",67.4463745188711,0.0412383821962167,-1.30997576819996,-3.22675655034458
"cv",126.590720290328,-0.0578785082110928,-1.23469715360842,-3.42000054455812
"cv",117.038375953424,0.0381935995513203,-1.2592843797324,-3.33459503432438
