"","","par1","par2","par3"
"cv",93.6326659096701,0.463991954220653,-7.13007548147918,-2.02499149650763
"cv",69.4623598202412,-1.18041308281713,0.00122214428446979,-7.87867251282029
"cv",112.879900597515,-1.3051527729435,1.09613394506825,-9.3961312375099
"cv",74.6478142697045,-1.23842018108693,-0.305052109355769,-8.51513181766445
"cv",105.258174031711,0.458050776630668,-5.76554273227898,-2.10230701930169
"cv",57.2997128470866,-0.917130826993409,-0.633951402134283,-5.70160917939595
