"","","par1","par2","par3"
"cv",70.5212943992994,-0.622436009952557,-0.648390851961145,-3.9000253514017
"cv",65.4528959275543,-0.779451780136253,-0.663326204393556,-4.38691508337476
"cv",141.025867851058,-0.885147517174473,-0.652501484702619,-5.13921603184254
"cv",76.838117485464,-0.545190382701409,-0.676549287640214,-3.78200890862782
"cv",59.8072704749932,-0.734962104556527,-0.623587835580111,-4.26381250305969
"cv",92.4552254764073,-0.757683802007945,-0.660721797922351,-4.40559050144686
