"","","par1","par2","par3"
"cv",69.7924966643381,0.424073932621401,-4.22440500206991,-2.86941300800397
"cv",73.9900014195916,0.424597077030741,-4.39429334094219,-2.86874794450757
"cv",85.1835121259698,0.433961634207636,-4.45090459567424,-2.8118937861827
"cv",67.8822459632692,0.430692741883989,-4.26863640909489,-2.79914487860563
"cv",61.3657979093003,0.452574439033565,-4.08211670864981,-2.87129464992499
"cv",79.278931981215,0.348385778199389,-3.03947465136453,-2.83842409740539
