"","","par1","par2","par3"
"cv",148.203112928162,0.429883197024448,-2.13545288519026,-3.3398743479594
"cv",42.1141894436919,0.396079616891237,-2.37844185224832,-2.93290138087963
"cv",54.0200032825425,0.406454052334239,-2.20454695242343,-2.97209294283987
"cv",64.7665637956333,0.426693284302476,-2.23454706825711,-2.99598187919846
"cv",52.6145870012668,0.412724362810635,-2.37535327638124,-2.98631986086715
"cv",49.392905714415,0.335825672677426,-1.93981550513837,-2.94098562547213
"cv",75.5264586303201,0.508612912866229,-2.49756530189446,-2.94571461660955
