"","","par1","par2","par3"
"cv",100.745885199018,-1.33529918085951,-0.104342038994453,-9.43381912251045
"cv",65.3792409166032,-0.706858805925886,-0.669359867294668,-4.39108063249576
"cv",74.8984147006542,-0.746424219455794,-0.619239201111145,-4.64753441004716
"cv",67.5436851852771,-0.844221279370612,-0.6384288640908,-4.94740000110976
"cv",77.9825792168702,-0.919397327603639,-0.647022678125211,-5.30368254792979
"cv",82.4164815184162,-0.877694508632549,-0.450349624505116,-5.09428795890638
