"","","par1","par2","par3"
"cv",130.249977912158,0.354386080314513,-4.21953078798696,-3.48368467456129
"cv",67.986383449525,0.183027231654419,-3.05894872544813,-3.21969600554167
"cv",44.2567034443219,0.244336883368928,-4.49035365914903,-3.25662306009572
"cv",96.6801273182067,0.61464784502402,-9.99999772060304,-3.71662567309956
"cv",33.7551172247141,0.303726819245835,-4.14656546750908,-3.25329854927279
"cv",68.9067034496262,0.374298400722315,-5.09273562858943,-3.52813067551177
"cv",26.7081335084486,0.37368852447223,-4.1249270274087,-3.31428484712069
