"","","par1","par2","par3"
"cv",103.061405258957,-0.781350233038192,-0.684739556722693,-4.94723395374733
"cv",94.4942938633741,-0.702146572311272,-0.690288971761433,-4.6082063713502
"cv",48.020205705014,-0.912473542367537,-0.642229754245704,-5.43477483647639
"cv",75.2563342007609,-0.698675604168982,-0.718223375576549,-4.60125486966125
"cv",97.8853042979564,-0.644797272573409,-0.688190810398274,-4.43144777588359
"cv",67.7531893516818,-0.859267081890962,-0.656334979007372,-5.23229291127626
