"","","par1","par2","par3"
"cv",69.6802872563798,-0.338382252773828,-1.08178455447102,-3.35805238116401
"cv",102.161157151129,0.476244552238657,-9.53806513805385,-2.21027482745191
"cv",89.084354235221,0.499817662563854,-9.99997049638227,-2.15179656705422
"cv",87.1847237921747,0.518298714663913,-9.67730843315682,-2.18639231420835
"cv",97.0716768325288,0.486876281368305,-9.99046288909915,-2.18556254073742
"cv",96.4717388544788,0.48148710694202,-9.36523594053557,-2.1760940189505
