"","","par1","par2","par3"
"cv",93.0696541003349,0.353652123974997,-9.53087780871602,-2.55587619326265
"cv",108.2979023084,0.323676623667097,-5.45965879314356,-2.6171220908722
"cv",89.0241872593676,0.323941705963339,-5.1860136281019,-2.51210502426082
"cv",74.0904904675833,0.372737709513422,-9.7869677913557,-2.43160757555108
"cv",79.0842799684315,0.200259840773712,-2.63302512673763,-2.51815175903693
"cv",59.8640791078747,0.331587402723405,-4.98489001322841,-2.42806262328009
