"","","par1","par2","par3"
"cv",122.205023549675,0.294573406362773,-9.99993533366346,-1.89061583269841
"cv",122.356299722177,-1.3345778801299,3.91199966284944,3.51278027082252
"cv",105.305554398776,0.290234536092007,-8.98180612270838,-1.76131173453822
"cv",109.057908920946,0.266244410354759,-9.87779173880337,-1.75992642300523
"cv",115.188395836702,0.302645800595573,-9.98365478681966,-1.75234982972214
"cv",120.203937024981,0.353637995815319,-9.99640203880076,-1.83010404130371
"cv",116.418104285918,0.308595175755549,-9.96808022977056,-1.77469651185986
