"","","par1","par2","par3"
"cv",87.1687393811913,-0.103955176890875,-1.66137938839814,-2.9554156558121
"cv",82.9725429344502,-0.142389120843489,-1.57486124296098,-2.93861323301489
"cv",70.3942316431987,0.0552226470008268,-1.93255223767708,-2.74968401092698
"cv",55.6791940912692,-0.0441135225134961,-1.82077612122354,-2.79269774919202
"cv",64.1613035517406,-0.00716010097512197,-1.89372963542689,-2.81725114901323
"cv",136.630438609687,-0.120104669217491,-1.53038511178797,-3.15150589589605
