"","","par1","par2","par3"
"cv",47.3720094209667,-0.0673368730012611,-2.86411753348016,-3.24486906030185
"cv",28.6203274041092,-0.0640793020125551,-2.80417551247522,-3.18560928521619
"cv",56.5213048765818,0.0483989153521744,-4.00160132563054,-3.05771215051743
"cv",86.5613078517664,0.190943522779044,-3.89977363710997,-3.26135441050975
"cv",47.6144870176914,-0.0535753577297785,-2.9532201185605,-3.15353398824361
"cv",35.7714501398534,-0.0522970855735299,-2.52295004119565,-3.17997311628371
