"","","par1","par2","par3"
"cv",115.574376799916,0.289739678937466,-9.98911694196274,-2.4667012620529
"cv",95.9764500937024,0.235748735007991,-4.51131884154946,-2.34254638620323
"cv",115.029721747672,0.320240887958574,-4.82123530579551,-2.39849189005023
"cv",80.0964079986979,0.409204275615995,-9.70151618357815,-2.24845291637492
"cv",83.4207813527902,0.356748385813376,-6.6025632876369,-2.2480875937857
"cv",106.703255246974,0.274478192698548,-4.26941494556656,-2.36102679817529
