"","","par1","par2","par3"
"cv",128.272759520685,-1.18522906622303,3.06709783416764,-7.19275702075192
"cv",119.723591802408,-1.33899608109591,0.7729932840192,-8.88249556919824
"cv",73.5440821701115,-1.36240195723099,-0.516110115055537,-9.05480549082913
"cv",116.372904984599,-1.26568144125328,-0.0939083880476547,-7.88403372185268
"cv",92.7963827411827,-1.19870796571515,1.23181217290517,-7.01083277805851
"cv",99.9964734067923,-1.11155333720565,2.36049736122597,-6.25359501326809
