"","","par1","par2","par3"
"cv",104.669656621758,-0.0766305779220422,-1.44629501159234,-2.91978458071539
"cv",99.0217794883605,-0.0994667791681778,-1.38523322203693,-2.9251455223889
"cv",115.09804920056,-0.10136775889641,-1.58042478584648,-3.00414611619473
"cv",112.573605866748,0.299416920355908,-2.46678813634707,-2.52511135376401
"cv",118.452917674915,-0.0560422047458185,-1.65004163363034,-2.97662539746632
"cv",103.090070475696,-0.224050290332802,-1.23758485950863,-3.0885306712665
"cv",60.2781684608318,0.35458119500887,-2.87477927340671,-2.30115498845461
