"","","par1","par2","par3"
"cv",67.5191813704176,0.440025209679277,-3.19129100751565,-2.71661839134777
"cv",73.0672583356702,0.435333384041941,-3.21274866269717,-2.75468081369501
"cv",67.1375124266268,0.446321284596143,-3.16646993460928,-2.74657940729014
"cv",151.999794577042,0.51459381987158,-3.33377163149962,-3.01253407600439
"cv",48.6537389385236,0.47482417433928,-3.65267852852195,-2.69830918497196
"cv",64.2445623522768,0.504358220288813,-3.58842088753868,-2.66162074046289
