"","","par1","par2","par3"
"cv",88.79446695241,-1.27488825636992,0.232367012700849,-8.60958415696304
"cv",87.3828642898122,-0.837052914899056,-0.662375915184412,-5.08297091244677
"cv",102.865063287088,0.451728761450273,-4.08442873471419,-2.15233259285031
"cv",72.001261659747,-0.703407772013064,-0.726527456949771,-4.54220443528152
"cv",100.62133422656,0.431864997294572,-3.46635562561079,-2.20591795321734
"cv",78.6881740721348,-0.683841040200796,-0.763191730112614,-4.43931243149677
