"","","par1","par2","par3"
"cv",149.999017658832,-0.228279442896809,-0.921510566535852,-3.64378348536077
"cv",88.7367682357175,-0.0699858444272961,-1.08300809676373,-3.17726372761176
"cv",87.5330086968103,-0.0644909253542354,-1.09162303122195,-3.18708745853069
"cv",85.170392737833,-0.0631144228093281,-1.12876235376903,-3.17119219470894
"cv",135.36470583401,0.115795604454827,-1.37877261668631,-3.25435260890061
"cv",85.6705255725678,-0.080078500368947,-1.10204955736078,-3.15376743131227
"cv",100.71109972297,-0.0689126384417816,-1.10913102741668,-3.22255165004943
