"","","par1","par2","par3"
"cv",83.9686425034236,-1.27986266553765,-0.415430860779118,-8.5423585529291
"cv",76.0150273846627,-0.777294291462228,-0.348485147234923,-4.67503120675242
"cv",65.1273970401031,-1.06322718779448,-0.486674484528181,-6.33994684072036
"cv",79.8938335451772,-1.34211023285493,-0.330021258445784,-9.44915050939614
"cv",57.1474645780788,-1.29191876279721,-0.573549840572185,-8.68541317933731
"cv",114.568481315684,0.471350011975389,-4.09399459017879,-1.92165776946568
