"","","par1","par2","par3"
"cv",32.265498994463,0.104403227235269,-9.99999372150117,-2.96748685936292
"cv",38.5123581064881,0.0934470732088529,-9.99999995237322,-2.96077286730639
"cv",38.2210146027646,0.149394299924495,-9.9999894612508,-2.97931443585721
"cv",29.4693281585534,0.248332052976232,-9.99999992476395,-2.98938611689549
"cv",81.6480721995992,0.175298563940152,-5.28828205807797,-3.06749731826546
"cv",56.2727540431472,0.0903072313155204,-9.73253276213194,-2.95047165823007
