"","","par1","par2","par3"
"cv",102.397314779343,-0.440997517382689,-0.710803480082396,-3.78030743186545
"cv",106.426734163994,-0.399030063114908,-0.678142703973047,-3.64168395998145
"cv",90.3485865663457,-0.521244941523479,-0.688800902924534,-3.7940855573179
"cv",89.8118096916313,-0.51670104397143,-0.684328420980328,-3.81814992978648
"cv",84.1891384746368,-0.619929298487422,-0.283535790206003,-4.0557839899402
"cv",82.4314439383493,-0.427891607817905,-0.677025044358817,-3.62809617495537
"cv",80.0874604795565,-0.46833350052264,-0.694692295902441,-3.70276232930763
