"","","par1","par2","par3"
"cv",80.672293332826,0.2624493218405,-1.66479948089632,-2.96612828069265
"cv",88.0994116908788,0.258178990666792,-1.83540131141379,-2.95577125339389
"cv",39.8026724083925,0.228587803808801,-1.70555274948616,-2.93778497498442
"cv",73.5007552854974,0.213655824179429,-1.48285590764231,-3.04120742510933
"cv",92.2181918304376,0.270274095326262,-1.7006571595762,-2.98691607492107
"cv",95.2533284295991,0.269729093528367,-1.78861164995661,-3.07765622983714
