"","","par1","par2","par3"
"cv",96.8749104579321,-0.843624907945972,-0.525061224901201,-4.74076375047876
"cv",97.6599006480099,-0.909809959488696,-0.599567978477309,-5.12641806437414
"cv",99.4591906709093,0.583685202956704,-5.68414796538238,-2.10206374079577
"cv",88.7670253967195,-0.729998288324574,-0.674190427310563,-4.22371855981169
"cv",80.6692234205703,-0.933819755498629,-0.610842915873713,-5.16659429940792
"cv",105.179909124309,-1.31119052139731,0.217231662484996,-8.73447798746615
"cv",89.197919993039,-1.34834791547188,-0.639035085033521,-9.25012343690606
