"","","par1","par2","par3"
"cv",91.5550958242357,0.599195827533363,-4.30233152944209,-2.73236113087756
"cv",67.3441889019748,0.459548089659616,-2.5619347295956,-2.90014293030292
"cv",75.0382840290705,0.586986612497367,-3.62569944421302,-2.90827071148693
"cv",62.6030973121505,0.463041910202944,-2.76476862920676,-2.86733540243399
"cv",95.7692765886418,0.561606014172791,-3.81577287814461,-2.88144440597053
"cv",113.937114989625,0.620851498269298,-3.14718431724822,-2.94032794240643
"cv",88.6162992093446,0.57156621649784,-3.47976428634244,-2.92955004119973
