"","","par1","par2","par3"
"cv",91.0240514219748,-0.0468265858110258,-2.02028500537534,-2.83713779705739
"cv",100.16248359274,0.213492250032047,-3.39207166344765,-2.61441013469036
"cv",76.5637062374584,0.166548294342615,-3.49162703819268,-2.51047306844338
"cv",58.8020780403374,0.143679742704673,-3.45556939880097,-2.52777878139372
"cv",80.7676160822872,-0.0596731511926188,-1.98190688541407,-2.7203565030129
"cv",107.270964468722,0.255769508036536,-8.71344033522569,-2.49066021937592
"cv",103.593161905982,0.188600903109134,-3.44927843777955,-2.53975954183171
