"","","par1","par2","par3"
"cv",66.5736366941426,-0.904504281255537,-0.576642005041895,-5.20381216928921
"cv",68.1565106735889,-1.12835633480512,-0.648454059401471,-6.87915780418312
"cv",89.7234718232141,-0.88356485143017,-0.68061004455397,-5.24135556071997
"cv",100.669149503686,-0.764567718175386,-0.685203815703561,-4.73225591750291
"cv",99.2656133975951,-0.949641122921654,-0.635350622807312,-5.53959931604596
"cv",96.5702939983482,-0.856521309246648,-0.667408794104523,-5.05620748988138
"cv",82.8931179853266,-0.777328408154149,-0.657452838839256,-4.60112575392132
