"","","par1","par2","par3"
"cv",91.8773079944778,-0.357676502982495,-1.55861819301699,-3.65452599389992
"cv",53.1341512489934,0.204683875713754,-2.63348525809963,-3.15966101452257
"cv",45.9714458224182,-0.328490513077374,-1.61672660044009,-3.58167688564563
"cv",63.9257290497897,1.24466346847019,-9.99682686464369,-3.07717294623465
"cv",40.2317882871769,0.195369271140721,-2.6361402870104,-3.03286170362367
"cv",52.7956992351238,-0.179508722127075,-1.68933306725046,-3.46337202191056
