"","","par1","par2","par3"
"cv",52.443387133335,0.0483263922078847,-6.14348920387194,-3.61981941383335
"cv",49.6201930508738,0.451986397276182,-9.9999916137885,-3.7941322869489
"cv",23.4394850728357,-0.169188523730767,-4.60710925373639,-3.49300083762804
"cv",38.1001080339212,0.0879336633771281,-9.99995887974974,-3.42126343050326
"cv",27.281116574139,0.225226440218644,-8.98792640466954,-3.67554635989856
"cv",31.1217879060562,0.205557184523737,-7.66010005578863,-3.63294420114139
