"","","par1","par2","par3"
"cv",113.257373374034,-1.37821988263675,-0.516664421938643,-9.4650762464173
"cv",97.4566520347071,-1.03289069258581,0.496271588605034,-5.53684582187497
"cv",88.4089652401896,-1.38685863261422,-0.540049708987514,-9.51755407945698
"cv",100.162885688758,-1.39938881549984,0.41125014157199,-9.85048011548817
"cv",135.634574810376,-0.901670048595394,-0.464667785815453,-4.88526132955404
"cv",88.7496338808389,-1.07979298390876,1.19558361212611,-5.80633352997854
