"","","par1","par2","par3"
"cv",69.51640675753,-0.968446373633937,-0.390629505313054,-5.53811075569381
"cv",123.090411048463,-1.10414331704219,-0.605624493933608,-6.69250077004001
"cv",100.919353937372,-1.35238951994447,-0.248451494088945,-9.57642256058314
"cv",111.851661992105,-1.17587454249761,-0.624905477142963,-7.54637209153784
"cv",94.2500713238998,-1.19654973226328,-0.309704330841214,-7.6720688302936
"cv",61.3537301077395,-1.36373453815087,0.54879532601121,-9.69404439038354
