"","","par1","par2","par3"
"cv",97.8578043864176,-0.34964451375736,-0.828866468510924,-3.36187260652501
"cv",112.490339733645,0.646636769894134,-9.99813810666211,-1.91821965787773
"cv",137.248236665084,-0.42146150830136,-0.830610395561165,-3.50569169602439
"cv",94.6907516169989,-0.324772116707012,-0.844458073515213,-3.2134958784044
"cv",111.185507514863,-0.434368868919499,-0.704588244990406,-3.46452770609494
"cv",83.3842378750388,-0.352259024745053,-0.884131449385416,-3.2117708627044
"cv",97.8853201970756,-0.273170490563116,-0.859870297193521,-3.17755428562775
