"","","par1","par2","par3"
"cv",101.809280601881,-0.920074470796102,-0.614740816867537,-5.23556858711008
"cv",104.849342859809,-1.06810623715711,-0.437565810447116,-6.15955782745845
"cv",85.5553633946076,-1.10142450642837,-0.160658666611623,-6.49064224807932
"cv",85.6256979551147,-1.0663148528891,-0.539239428928483,-6.17966029344814
"cv",76.4737861056193,-0.571076443273318,-0.763866903012573,-3.79527539360483
"cv",114.115328876243,0.630853990328054,-8.60465820397359,-2.20211151856226
