"","","par1","par2","par3"
"cv",83.5143189372034,-1.176968962174,1.60108081717829,-7.1626416232276
"cv",124.30574307138,-1.13938784645924,2.61998849466241,-7.1155017495536
"cv",72.7207828805955,-1.17552000906099,2.49541887958819,-7.25585825754951
"cv",87.8010292946496,-0.883848978226648,1.03707343896019,-5.08793311430416
"cv",66.3608065030799,-1.22953477575855,3.67717482228732,-7.90942288492009
"cv",132.085406723547,-0.808548408975845,-0.589390629254119,-4.61041411411413
"cv",94.9828475502454,-1.02572614067617,-0.0818389415730181,-5.78179303854331
