"","","par1","par2","par3"
"cv",97.5018857269632,-1.34089783882453,-0.390024122356842,-9.59601899694692
"cv",101.304837242268,0.377821607457557,-9.99903378058404,-2.06002449461131
"cv",81.3228512660421,-1.35501638117195,-0.371646940084044,-9.72862174821139
"cv",78.9482189218328,-1.24672940671444,0.502701171201585,-8.32723390057683
"cv",66.5846829286596,-0.647451365975754,-0.665796129575959,-4.16811474988771
"cv",103.932853610662,0.36669513820333,-9.89162616518411,-2.09311915404487
"cv",72.7692039993177,-1.25851745954619,-0.154419877138092,-8.42785131326551
