"","","par1","par2","par3"
"cv",117.4346036148,-0.582212697011823,-0.658073022131421,-4.19133141850316
"cv",55.6977528716001,-0.540057608583903,-0.678178034066879,-3.88934882137
"cv",67.4294559190356,-0.409589177893032,-0.694835067381173,-3.70055076143528
"cv",88.748612259264,-0.484407318088917,-0.684955135654276,-3.91798883844365
"cv",98.6619677205367,-0.996336787291286,-0.248562391298053,-5.72527084054608
"cv",65.9106285450812,-0.510256094519707,-0.667736997117036,-3.89926393981721
