"","","par1","par2","par3"
"cv",105.52678333795,-0.743746872572342,-0.687742889672472,-4.35476472665794
"cv",108.126381453426,-0.484639843360249,-0.725196424676577,-3.74522080983394
"cv",61.4869522819723,-0.608814819043711,-0.651343891620359,-3.85081138915732
"cv",74.6067248103799,-0.463209472583707,-0.727318178512988,-3.62721967777847
"cv",112.763411280447,-0.599276492109152,-0.640039339805341,-3.98764740394266
"cv",114.808751004358,-0.481940620052192,-0.713635630974227,-3.80933853670046
