"","","par1","par2","par3"
"cv",110.216894624682,0.0352564266166122,-1.38981232719445,-2.80549528254076
"cv",95.2977378621771,-0.120125004528572,-1.23804780356992,-2.8309242645322
"cv",110.607760309119,-0.610507765581317,-0.934400899454827,-3.4805103849424
"cv",101.852464270248,0.56285380842833,-2.98187070804285,-2.23738946038739
"cv",74.4766152767698,0.547087561319195,-4.15719504062231,-2.1159702512245
"cv",128.37439194992,-0.386816027811308,-0.974419885105535,-3.23975828935188
