"","","par1","par2","par3"
"cv",141.525276109509,-0.981794876144965,-0.703704774230104,-6.08962833501515
"cv",127.449353632982,-0.981897397390794,-0.664686422744868,-6.27795546940699
"cv",80.1411727727558,-0.973547912395816,-0.675993344962481,-6.03721630275393
"cv",91.4239196829455,0.425701121841785,-9.99639495492353,-2.12214520280198
"cv",92.0145813923261,0.423118096751693,-9.94268184418845,-2.12144056326078
"cv",67.4590153381236,-1.15953282995625,0.36237477967909,-7.68863913003575
