"","","par1","par2","par3"
"cv",95.4241414607456,-1.06851183892002,2.83982735114585,-6.59067164262767
"cv",85.8690111294918,-1.16025412375496,3.83240699578193,-7.38401026345562
"cv",83.4513530312676,-0.294269799800335,-0.825475449122735,-3.49844501306277
"cv",97.44345985097,-1.22654557643014,3.795761933389,-7.9274348482196
"cv",85.9973372033962,-0.397595216278914,-0.71903520198234,-3.57213967301679
"cv",108.228424377099,-1.11675101561112,3.12097435416947,-7.06421103138507
