"","","par1","par2","par3"
"cv",104.034501612765,0.196755862421203,-9.99999967288239,-2.39711983790995
"cv",109.042060179006,0.219131223882679,-9.99999960149157,-2.31933935783192
"cv",78.6775856115817,0.1744727716603,-9.99999236976167,-2.33457456511549
"cv",100.620372621669,0.162135620532407,-9.99992732807593,-2.37101705035545
"cv",99.6503327838242,0.179033017011747,-9.99999767866257,-2.32236293142938
"cv",104.25896728286,0.161233158442742,-9.9999872074409,-2.30296831265634
