"","","par1","par2","par3"
"cv",123.711741630005,0.477955254481409,-3.15435855377743,-2.81966916291725
"cv",92.0206519628781,0.547863501226197,-4.58521892380996,-2.61389827569589
"cv",89.1730986768904,0.069393160255253,-1.480618690233,-3.20452111322889
"cv",70.3454660755988,0.44623726484072,-2.65057010210865,-2.68010042257092
"cv",42.5190095325,0.569686369961844,-5.9090823578659,-2.52035735645134
"cv",99.7786962611081,0.601010297658609,-4.43330288945635,-2.66663240816401
