"","","par1","par2","par3"
"cv",140.540099568483,-1.29267853783966,-0.0703833157159385,-8.7761056046051
"cv",94.093798783212,-0.999251978708686,-0.0283076916243377,-5.68129029040034
"cv",91.4689629125362,-0.688896858932647,-0.614135578912304,-4.00982023535266
"cv",94.0717171821526,-1.24042059455364,1.14407206870081,-7.8637131276555
"cv",83.4525908262375,-1.36547392699867,-0.361684863954886,-9.5572621235624
"cv",90.0462320916916,-0.831086448551798,-0.671875158352354,-4.57106739465819
"cv",99.2118989789958,0.426580130298264,-2.79891678817085,-2.10881125133616
