"","","par1","par2","par3"
"cv",104.649294588826,-1.25705510908237,0.0670961718001126,-8.38525598401238
"cv",112.656863487824,0.374528445348075,-5.67973140350926,-2.02565085590872
"cv",87.0234922351228,-0.995748787416494,-0.588441980508415,-5.78864961464114
"cv",114.785740519037,-1.17894186989603,-0.555338385625814,-7.40583977639307
"cv",108.21360786902,0.375758709096454,-3.85887926945057,-1.90528837292131
"cv",94.7424926732052,-0.753162421369066,-0.706244248706795,-4.41879535982612
