"","","par1","par2","par3"
"cv",60.3455933803809,0.538130714939953,-9.25573427878088,-3.0501184967265
"cv",89.9758992684768,0.566845749026417,-9.81474554037166,-3.1715207731149
"cv",30.2580708614715,0.587441869275899,-8.26782915589567,-2.93838705754211
"cv",26.1703453631011,0.561930226659429,-9.82985312151095,-2.99081510948834
"cv",29.1178537282862,0.565280590037376,-9.23039991915485,-3.02365516545132
"cv",85.4531159628612,0.595710832684261,-2.85158298323063,-3.13664443069423
