"","","par1","par2","par3"
"cv",105.184698970649,0.560884500767916,-9.61409330475011,-2.09787798462139
"cv",60.7594512274058,-1.23262040684936,-0.554186711589793,-7.95323029668222
"cv",61.6511479282118,-0.722811952266688,-0.651313377078374,-4.51929537692491
"cv",79.8151721866455,-1.27226257673921,-0.419222124917837,-8.50077204115523
"cv",99.1114096642712,0.522662122835306,-9.47868756225386,-2.08986580388592
"cv",116.985620967597,-1.20005953697809,0.318180747220224,-8.02463544687223
