"","","par1","par2","par3"
"cv",78.8298935409519,0.440008107652074,-7.67516253629703,-2.36447630324442
"cv",108.825162558627,0.455528568127486,-9.31501410872259,-2.44960586238653
"cv",99.8736183329979,0.41378738791265,-8.03995350803149,-2.46993171017912
"cv",82.1687893545015,0.447880066431121,-7.58120633355346,-2.37194968901259
"cv",82.2064798411209,0.45084660825652,-7.6874183592786,-2.38538816191436
"cv",101.994384510817,0.570266663053379,-6.63870387379571,-2.3711222896216
"cv",79.2163960032276,0.461192660692435,-6.63001854825048,-2.38238775053873
