"","","par1","par2","par3"
"cv",84.1820869401032,-0.292154653564975,-1.07921618974307,-3.11939839128877
"cv",108.076082262017,-0.225618952757254,-1.18413480829252,-3.12910364054475
"cv",97.6546752585684,-0.231520781163024,-1.19986828648408,-3.06750367176184
"cv",94.6907285080221,-0.236873690688706,-1.21535859187673,-3.06649753906765
"cv",118.665024135685,-0.2917210144871,-1.17782318913568,-3.19028692972077
"cv",69.4280662105186,-0.209101418243286,-1.22759858705513,-2.96399559743417
"cv",98.9319625169531,-0.287862275969187,-1.0910380864195,-3.15323093197983
