"","","par1","par2","par3"
"cv",66.4894616709321,0.113576595289406,-1.36460208762636,-3.82115098344971
"cv",27.3338221882583,-0.0630764255355843,-1.33148513761044,-3.90853756284883
"cv",37.3837350385173,-0.0240152942417524,-1.33734910423435,-3.91677706783306
"cv",47.519426307423,-0.102584416387821,-1.31716475620525,-3.92784914466189
"cv",31.1774530727557,-0.0206826038110353,-1.32846150627104,-3.87248552173978
"cv",91.532191348035,-0.0715616989543577,-1.28226095485145,-4.0834794071001
