"","","par1","par2","par3"
"cv",95.6001020177228,0.533148727740835,-9.96601963901836,-2.17780881658684
"cv",97.8781558577681,0.526951938378699,-9.99956044885086,-2.15107192626863
"cv",113.070456166381,-0.992664982101321,-0.445144152447285,-5.91748256450846
"cv",98.5044049298655,-0.543826022017803,-0.773296015796175,-4.07163656695132
"cv",95.6483247476188,0.516710248640348,-9.61774911004392,-2.19722440838002
"cv",105.101437211123,-0.446439456965263,-0.87296405845135,-3.91568775417052
