"","","par1","par2","par3"
"cv",86.5134924465248,-1.35483429418115,-0.666826767143464,-9.48210095772464
"cv",86.7443642667601,-1.3452628714614,-0.281045892591256,-9.37462309629631
"cv",78.1819267149029,-1.05057530575971,0.43820650949015,-6.02419832659754
"cv",85.8051963356789,-1.23636471592138,0.143922000825876,-7.89760225715138
"cv",84.0179219035096,-0.461538205552271,-0.805404047582202,-3.2156333999579
"cv",67.8598178616769,-1.34148786481835,0.365264607886906,-9.28389305682968
"cv",221.865368010644,-1.30664461757592,-0.365439546454366,-9.30406312458217
