"","","par1","par2","par3"
"cv",74.0237607310454,-1.31649750930404,-0.290525282007404,-9.2109824833177
"cv",108.081431417803,-1.24615512737132,-0.580364189758339,-8.38729376053952
"cv",84.3904800090906,-1.32560005394922,-0.658493938101377,-9.27145216470989
"cv",106.496030918944,-1.33237526973921,-0.586976837160438,-9.46019242434043
"cv",76.0561131160944,-1.33290828165131,-0.439306252103747,-9.44739093577857
"cv",78.6438280445166,-1.36002359828505,-0.301690321889427,-9.7544788415492
