"","","par1","par2","par3"
"cv",84.4314330016693,-0.182485137322928,-1.59346277197265,-3.02274456633471
"cv",44.6981550792052,-0.0710010643429252,-1.71083486298073,-2.84936658991437
"cv",134.725360227879,-0.00758577027665049,-1.83836560331947,-2.97218597008597
"cv",79.2641077686088,-0.070732843357259,-1.75879259569228,-2.90446923338835
"cv",108.792841847612,0.0397001228688807,-1.74208485049598,-2.91856886415514
"cv",69.6276804807381,-0.0447457065025709,-1.82647310052268,-2.81856909221401
"cv",80.4607471595602,-0.182910015037851,-1.47930725726323,-3.01413452863912
