"","","par1","par2","par3"
"cv",57.9853375836231,0.117272742517921,-1.80284551686546,-3.28767089202112
"cv",55.8677073255578,0.282322980298219,-1.83214169279998,-3.2937064414116
"cv",69.4419910251805,0.285236704080181,-1.78182384074701,-3.30312355059269
"cv",53.2439181683274,0.259986398153286,-1.85056104575355,-3.31146499957606
"cv",43.7698514410675,0.22481303527065,-1.84790851526006,-3.26975687154135
"cv",59.8534766039009,0.105729536243726,-1.66463722080188,-3.27368079814004
"cv",57.9403688336681,0.23633456692452,-1.84480825270704,-3.22610175289629
