"","","par1","par2","par3"
"cv",117.448815378324,-1.077977033566,0.0112272966665086,-6.53860425488838
"cv",105.855212885525,0.335618338939486,-9.89029595284276,-1.97328530112166
"cv",101.922629755024,0.329289994255649,-9.93439612625178,-1.95083155741528
"cv",106.629633496435,0.336351774937327,-9.99992891149394,-1.95744602102226
"cv",97.1960820728546,-1.22484209334854,-0.208050826241071,-7.98152694013782
"cv",85.6862661378351,-0.858694975985527,-0.490237155628317,-5.07259840976049
