"","","par1","par2","par3"
"cv",68.177997506381,0.171337141132538,-2.14529994079773,-3.05716560740843
"cv",106.800746958932,0.187116815504726,-2.41645976526846,-3.00276986031537
"cv",78.4913860077597,0.0904554968196474,-2.20818239647336,-2.97888383798941
"cv",168.474740090434,0.394606318530894,-4.55951920172494,-3.0999457268561
"cv",45.2755723335935,0.178813566677813,-2.64237249840384,-2.90031309608291
"cv",25.4374324970614,0.180477524778174,-2.56602481347332,-2.86810587042521
"cv",51.2101167060317,0.191446475572398,-2.66969011741176,-2.89137683074497
