"","","par1","par2","par3"
"cv",104.223256271377,0.53542178262541,-6.73003555388025,-2.05077728016123
"cv",53.4901494746001,-0.670339256839441,-0.573469106428664,-4.34234030576712
"cv",66.3994853709766,-0.664677915704379,-0.640442058024819,-4.34082189944091
"cv",75.147170140133,-1.13098605409259,-0.570777124551181,-6.88330028709248
"cv",79.2133340144988,-0.779874566560878,-0.614281348543796,-4.71542317043975
"cv",85.3633914999612,-0.90450282583404,-0.566684256309427,-5.37407551764976
