"","","par1","par2","par3"
"cv",102.717503595226,0.484842889550286,-5.7806646002163,-1.96626955146935
"cv",106.876283949643,0.519640676978609,-6.92231761472769,-1.92636817479597
"cv",116.254430592049,0.549959154807201,-5.56588218274537,-1.94180359625669
"cv",118.067980739547,0.532778518534897,-6.43780372235364,-1.93835465237629
"cv",109.269135467917,0.548545724730219,-5.46011020359635,-1.91577651067217
"cv",99.3151114655047,0.51431533936491,-7.08181734245756,-1.8492439675083
