"","","par1","par2","par3"
"cv",20.6376553708586,-0.656237294091886,-2.55968472035757,-3.52647434441533
"cv",4.79516338373444,-0.693337272240063,-2.4514602601308,-3.5606378410486
"cv",80.6120653051503,-1.3887680278076,-1.62508404750178,-9.68960759247633
"cv",12.1231208226901,-0.698936384830489,-2.37384401040119,-3.64075775117259
"cv",131.031939860651,-0.963900507231836,-1.52776049565801,-4.27806357898754
"cv",32.0413240655634,-0.714869890318977,-2.33389346424149,-3.68994802262759
