"","","par1","par2","par3"
"cv",110.845578517823,0.454233282539087,-8.38042013244623,-2.12723324807042
"cv",114.626409183375,0.43812891891431,-8.11507704165179,-2.13021118634499
"cv",105.25430791573,0.470640020645526,-9.03729334563056,-2.11613252657942
"cv",109.021761264862,0.446487509853682,-7.78884903736195,-2.1235281119794
"cv",85.9844711268396,0.47595276211803,-7.19600051749964,-2.0213379428593
"cv",122.936633599051,-0.596439287516305,-0.841024659004284,-3.63258049945981
