"","","par1","par2","par3"
"cv",75.3044158120104,0.32559178566182,-5.21750456664156,-2.29375398482868
"cv",99.1898331612019,0.373471151152026,-7.58534441441606,-2.40179068754816
"cv",97.0048752311729,0.32972738597753,-8.38693820773429,-2.36217298490343
"cv",81.6521729568831,0.349392060227595,-6.78553779956848,-2.29011789116539
"cv",70.8974892072766,0.385118163132883,-7.24266870469966,-2.323151662136
"cv",86.4609645822355,0.425111427345095,-7.25226132102595,-2.33903794995888
