"","","par1","par2","par3"
"cv",94.7208844508578,-0.522549923398073,-1.24841391326065,-3.85105568399931
"cv",10.6147173795987,-0.39031095830639,-1.47231870710876,-3.54879495820369
"cv",53.7875537657094,-0.246719159999082,-1.56433469424171,-3.52406790138024
"cv",29.5669250289844,-0.468253338007666,-1.34627098157114,-3.62721874679105
"cv",22.3788073962061,-0.410373357274834,-1.43848264650356,-3.59225064710621
"cv",59.4119909100833,-0.455662310916222,-1.41714360633083,-3.72967221520275
"cv",79.6745109228289,-0.375195865365982,-1.55648873733543,-3.55111349595092
