"","","par1","par2","par3"
"cv",136.469822571077,0.336679475199838,-2.66962304279046,-2.44302730236552
"cv",86.1258612712849,0.407138402467989,-4.70079648370355,-2.21319958122456
"cv",95.893761375155,0.358922860550163,-7.12531840104473,-2.19936480802704
"cv",79.0728823635322,0.359548370551813,-4.18405695036983,-2.21850621985646
"cv",97.1572412271682,0.282822532127315,-2.90943916636866,-2.28906194326893
"cv",82.343065755515,0.356527471776695,-6.78246200670671,-2.20365626963345
"cv",106.075521997955,0.366923817201252,-6.90947628831224,-2.22034266352762
