"","","par1","par2","par3"
"cv",19.2758142588446,-0.332551301437783,-2.28549799013269,-3.26805919938817
"cv",153.16252509697,-0.255532147757404,-1.86180803329984,-3.73548402649673
"cv",26.9198997942882,-0.32158389751483,-2.18995018691937,-3.29608248284901
"cv",78.2662779675067,-0.414726389277024,-2.23314543618265,-3.35377866089893
"cv",40.431422618545,-0.409331910649639,-2.21787811617523,-3.32638443498324
"cv",79.6547386131533,-0.405851879050796,-2.21339789571558,-3.32800871981787
