"","","par1","par2","par3"
"cv",90.5935374270031,-0.534129680906912,-0.680758808204858,-4.01859597106716
"cv",88.0456248835909,-0.562394084670213,-0.706380607625616,-4.05846352637989
"cv",90.0024437682001,-0.658402000676711,-0.673304172365447,-4.29161895784261
"cv",98.7962071149207,-0.499498682683022,-0.72903797901149,-4.0517001445268
"cv",102.752691676119,-0.486068825033456,-0.882958305050919,-3.89858338637729
"cv",72.8898838072111,-0.504548873758325,-0.805929566295539,-3.90133384220132
"cv",71.8470335011885,-0.450755277662308,-0.784667489252847,-3.7890294436987
