"","","par1","par2","par3"
"cv",56.1608498532287,0.0167849778743453,-2.04999991918291,-3.23075696038905
"cv",44.5496410559343,0.012379094236825,-2.11388962328382,-3.13491867857663
"cv",48.0002802369181,-0.0369880174065606,-1.92398503346191,-3.15415048847144
"cv",91.6747669484452,0.0896962423456412,-1.85650720553803,-3.35609538185934
"cv",40.3417273879692,0.0238584467369749,-2.04114604679015,-3.12610388220911
"cv",48.0782918389439,0.0360376323405655,-2.00531597012919,-3.16949413596534
