"","","par1","par2","par3"
"cv",88.6984427039113,-1.2981891825105,-0.600878773355448,-8.80418755530939
"cv",98.2030200694529,-0.830501532342921,-0.679082111444633,-4.79846623592649
"cv",65.3683681740295,-1.37255582873093,-0.10178435745096,-9.79411038656793
"cv",94.3273926256518,-0.959104878744684,-0.661440106586459,-5.58143439575511
"cv",93.9442485999755,0.412194337278095,-7.77908683841127,-2.10307788140476
"cv",107.497836070713,-1.06179983997383,-0.665835960230201,-6.37622970300014
