"","","par1","par2","par3"
"cv",51.0256873947061,-0.59685503057386,-1.22053549581346,-3.89190369341249
"cv",28.4496014825409,-0.591015460529858,-1.20602343456939,-3.87541841568924
"cv",54.1380604243463,-0.601223748242764,-1.20458199432249,-3.92306850970071
"cv",117.389781153772,-0.797175139399533,-0.911393046109959,-4.55457602801677
"cv",32.3180691631514,-0.557170695860846,-1.22284828644768,-3.84821538710683
"cv",80.5673928366395,-0.609335764983759,-1.22205724153995,-3.98338203672218
