"","","par1","par2","par3"
"cv",109.048516916165,0.252430658998352,-3.32430477916435,-2.78905584192586
"cv",110.898910413822,0.0855562645522157,-2.33766956124666,-3.00037235119459
"cv",39.9661752080023,0.168268804639775,-2.71324056213756,-2.8064710164809
"cv",49.0247831529401,0.182309268801171,-2.71531129028691,-2.76186071818664
"cv",76.1613170903854,0.25950610326425,-2.30251327117273,-2.83713953782011
"cv",51.5223774296512,0.180899161102273,-2.90327358386688,-2.76132413560015
