"","","par1","par2","par3"
"cv",98.916260614175,-1.23628319337112,-0.245782713402384,-8.58591764819747
"cv",99.0253755022308,0.517041114098072,-5.83538108977424,-2.42811437910038
"cv",85.2107422121071,-1.02681755281397,-0.561943490749357,-6.44427867280058
"cv",34.3158275071866,-1.09114634939398,-0.369770299657466,-7.00937023332386
"cv",66.4712981064181,-0.961462399638452,-0.0115696750641476,-6.09687638024024
"cv",70.0305479809559,-1.16961891107782,-0.498283168810863,-7.73570610420886
