"","","par1","par2","par3"
"cv",99.4843917587799,-0.905322961504191,-0.447851556763922,-5.18420290957271
"cv",130.400305270722,-1.0281561160765,-0.636110199201659,-5.97569179179227
"cv",75.6023406910747,-0.774450958577511,-0.56155662383936,-4.4377686550903
"cv",81.5377226073603,-0.728529525786646,-0.598290521728347,-4.23549582550376
"cv",80.6734083557522,-1.38424435053989,2.03124201426042,-9.83754201641051
"cv",85.4883066997577,-1.11562374245865,-0.560672296194119,-6.59087280960273
