"","","par1","par2","par3"
"cv",116.34764316532,-0.327453014820172,-9.99999897312013,-2.65547071057838
"cv",133.298527646579,-0.422706877296397,-9.99999764260908,-2.85666831582554
"cv",130.195540666741,-0.233602226916754,-9.999997109244,-2.81178069362573
"cv",114.470312961636,-0.370397195174928,-9.99999941318392,-2.67076916274137
"cv",48.9843282806636,-0.173043536595888,-9.99999991197178,-2.39099118471576
"cv",93.100048644486,-0.326898697310824,-9.99998280962655,-2.57771791493221
