"","","par1","par2","par3"
"cv",0.029982014387056,-1.4319480481861,-9.99997905474043,-9.99994528939198
"cv",107.358888390038,-6.50444967979035,-9.58461375274074,-9.69492613340474
"cv",0.029982014387056,-1.4316176260439,-9.99997465945508,-9.99998999342279
"cv",0.029982014387056,-1.43292057078781,-9.99982198312614,-9.99974029576758
"cv",0.029982014387056,-1.43161308455939,-9.99998146312939,-9.99999799387304
"cv",0.029982014387056,-1.43246603604867,-9.99996674073848,-9.9998624584516
