"","","par1","par2","par3"
"cv",68.4685761656483,-1.13462010646649,-0.0816398597139465,-7.00976761788262
"cv",116.285260757303,-1.26514513436882,-0.598582786951413,-8.51842060198774
"cv",63.7144949998455,-1.36704562145815,0.653004380550454,-9.9381536943838
"cv",77.3662407787614,-1.29679508884969,-0.0997608870522346,-8.96974914926495
"cv",114.959401420423,-1.16220921794524,-0.503616085871924,-7.52901543927446
"cv",66.5077902247191,-1.23146954465313,-0.361208864309091,-7.98813088985334
"cv",79.1880698783546,-1.19692971499879,-0.433902673853773,-7.6168472759422
