"","","par1","par2","par3"
"cv",27.5778322981907,-0.759051744633627,-9.99999977781987,-2.84324187144548
"cv",58.8238763791871,-0.77790895760034,-9.9999995025474,-2.92579701755664
"cv",26.3099026863694,-0.707307122781707,-9.9999984388433,-3.0172635379878
"cv",83.1746372043153,-0.611087616524837,-9.99995132649064,-2.98004972556234
"cv",17.165103360294,-1.44251831772355,-9.99998869459759,-3.00860420460481
"cv",81.3167873985969,-0.763753752199883,-9.99999950701354,-2.92367068177035
