"","","par1","par2","par3"
"cv",101.367021821635,0.556479244071816,-5.93982986158486,-2.02665184208284
"cv",78.4028491264355,-0.970049625676822,-0.547049578834336,-5.80724894283268
"cv",76.6494532258017,-0.844258424852847,-0.636542228925038,-5.09458508701039
"cv",51.9051897945891,-1.25308608013183,-0.478277952990348,-8.38124028911347
"cv",87.6133128123234,-1.06898561405917,-0.100889264916098,-6.5164132979648
"cv",61.3405312081883,-1.35134099518449,-0.644693353003312,-9.71321412050554
