"","","par1","par2","par3","par4","par5"
"cv",110.660198769018,0.279259722483429,-3.29009791604414,-3.01395856969774,303.519229424931,-0.442304109520559
"cv",91.6837427424736,0.236719284342878,-22.6084139219862,-2.75241863626635,303.603973833057,-0.0960524055855637
"cv",41.2808177143667,0.477229626529553,-2.39169734576153,-3.02952080257626,18.1332348449386,-0.567066491989437
"cv",75.8560053417739,0.415012714553368,-2.22272846948262,-3.16027873662961,22.5689090257844,-0.576689112129788
"cv",74.2538629919759,0.149582104511626,-1.58803046050238,-3.25474315477264,10.6187791467045,0.712878781992328
"cv",54.0919042995061,0.222800994746119,-3.37821051625401,-2.82515602771182,364.350484320736,-0.492145956846933
"cv",50.5481251767643,0.233848877273096,-3.34201394728276,-2.82209490894324,355.474293056696,-0.444517191737135
