"","","par1","par2","par3","par4","par5"
"cv",106.404480175864,0.71051552136931,-8.37503168873,-1.8983652339975,6.40135812659597,7.77753108534058
"cv",106.449961204288,0.509725056452091,-17.0120531588634,-1.95582270832603,4.95670560857373,4.15563699816216
"cv",79.4537485947391,-1.28861854684537,0.817823898283436,-8.76813166401316,-523.519210256595,-3.11204785605341
"cv",109.970574394245,0.650488226958502,-5.03317943322384,-2.03224203112011,6.61322862964033,5.01709638476412
"cv",112.551651200016,0.392100562108722,-3.25311754253135,-1.95773087292551,-377.576472198256,-4.81232799348104
"cv",107.409032265826,0.612083164853951,-4.65519436275214,-1.90284211229937,8.37818023975436,-0.799184363438701
"cv",105.405098092978,0.362786146044905,-3.17926729404783,-2.02367827019788,6.99863469387617,-3.7356047979805
