"","","par1","par2","par3","par4","par5"
"cv",114.581469282698,0.737277955834126,-19.204207956587,-2.55505001837729,56.2930221026471,-1.41628870203121
"cv",67.6014160242379,-1.06718748773787,0.434116832911968,-6.64193370672765,-743.208868489772,6.47232098970562
"cv",70.7853010912199,-1.01422027476972,0.44705793261528,-6.12580672338037,-603.994390747976,1.54295490283218
"cv",67.2895079361133,-0.476937968691491,-0.915632673028036,-4.01821845636678,-339.142611641297,2.63049786926291
"cv",59.5875466834144,-0.744386503158241,-0.0937835105656033,-4.75618967082666,-630.710952477908,8.753763945788
"cv",82.9722228253531,-1.08091776920759,0.0451696606572431,-6.76498248707503,7.63154475635383,-3.13774404669893
"cv",59.7496191885256,-0.831122620554539,-0.315008849584803,-5.19495593979348,-665.526967389316,7.3539946693927
