"","","par1","par2","par3","par4","par5"
"cv",105.12313177718,-1.26887714851184,2.06609830848276,-8.97838106878853,-256.544171304,2.04039557199587
"cv",108.219117301495,1.14963956260272,-29.9258426453906,-2.43344291940404,58.9252919476025,-0.245624184959165
"cv",92.3060166342129,-0.983481934177458,1.35549022795807,-6.1448336461316,-911.866443183295,9.513352625072
"cv",72.8212213124015,-0.57267375973533,-0.584704092562896,-4.45171804435191,-633.348313571372,6.53656160380122
"cv",96.7840718240427,0.753293043853806,-10.0985799683258,-2.21153713144318,15.0719171504264,-0.919907297717196
"cv",94.4337866210432,0.998069343902436,-38.1220462732017,-2.26921837105556,219.041196624572,-8.63172091129887
"cv",61.6034120860044,-0.608708442761716,-0.792876092684502,-4.34572740526018,-561.301269394251,8.56760401048008
