"","","par1","par2","par3","par4","par5"
"cv",64.6058495162908,0.365801352470856,-3.19323953503165,-3.82565195992381,8.67169746155822,-8.49530967527465
"cv",67.1725281344958,0.440680144763202,-16.3603659144496,-3.49782013335103,507.99629468259,-0.627467222083033
"cv",46.4820847702341,0.372750831743008,-4.50307476731427,-3.64820298874169,6.46680940813297,2.52251082588102
"cv",116.295015525448,0.158002630490275,-3.21235831620804,-3.21521057455145,530.713450826925,-0.292840992339494
"cv",47.7014300967377,0.35572627182685,-37.3236866310183,-3.46977331285669,807.260340711331,-0.613553497857515
"cv",24.4111703810156,0.49937839320463,-45.3743059595126,-3.49392149618054,472.12588140083,-0.61517256788855
"cv",62.1910775959838,0.485736116233613,-4.6983112115413,-3.69690497037309,501.259023747665,-0.628505231348821
