"","","par1","par2","par3","par4","par5"
"cv",0.029982014387056,-9.50107988908431,-46.7707077591442,-9.99999982525743,-698.227450765243,-1.43194568031856
"cv",70.032862527231,-2.8885956888199,-44.3262078121367,-9.99999972765084,-742.824586463186,-4.50440143025453
"cv",66.4386753534966,-2.94125567748025,-42.3321995510104,-9.99999904570322,-386.835110174255,-8.43657291198299
"cv",79.3544674754337,-8.73103617022813,-45.7022685425264,-9.9982160043132,17.1083269497934,6.64332437112394
"cv",0.029982014387056,-5.62181150273025,-48.1717713419269,-9.99999996975772,-750.216792474448,-0.124518686291741
"cv",66.534623967504,-4.66808467526105,-47.3777669263354,-9.99812374123249,71.6406556465563,0.743112936980287
"cv",43.4532961552871,-8.19134772197181,-44.6199944106389,-9.96940898043877,17.3006435399446,8.6812984244898
