"","","par1","par2","par3","par4","par5"
"cv",103.095147397316,-0.724848195654816,-0.0968950381502509,-4.49039182529538,-930.63172295943,-8.070288146846
"cv",40.037635297743,-0.949952298153738,0.697492931219671,-5.64033090317526,-503.438349942042,-4.55518308561295
"cv",114.466250427271,0.824870532282316,-1.89713607499935,-2.61963119226912,102.256993359992,-0.148004423826933
"cv",76.7962733683178,-0.856226285933022,-0.483543740711933,-4.72865852142864,-89.2399871869586,-1.8717552840989
"cv",84.2160550476391,-1.23244472648948,0.28369168471545,-8.02190652787043,-411.364855855703,3.81132110611207
"cv",48.3108921975792,-1.15275762761406,0.370439709370989,-7.27583801999559,-859.870793615231,5.31359340349544
"cv",95.7131915310474,0.991234423639155,-3.65275670303651,-2.25074958459885,71.765839606529,-0.194923836401661
