"","","par1","par2","par3","par4","par5"
"cv",72.9976812463545,-1.21946914409464,3.05150549468304,-8.33269062542626,-296.955830786849,-8.05261383442447
"cv",124.540473917364,1.38689234696158,-22.5543334148738,-2.85038669264682,158.754727900983,-6.61836276493561
"cv",93.3448207435921,1.62529305566233,-22.1597507507458,-2.81538181673821,141.987076713947,-2.5992421620829
"cv",96.2848258492268,1.75207746071594,-49.98647903343,-2.83334009294431,229.903788943656,-9.05316580423346
"cv",73.3430430412191,-1.2869860017273,0.559026847869146,-9.28874785654559,-250.893289736428,0.66327750338762
"cv",73.7677273234809,-1.26079530405241,0.101325196372481,-8.70618542177014,-677.428813278206,7.59991506091045
"cv",84.7955311953009,-1.25656734404206,0.208949607275429,-8.61519842111364,-892.495428712003,8.90418044521684
