"","","par1","par2","par3","par4","par5"
"cv",70.1245857553607,0.669393148058306,-2.87906700644307,-3.60774783495113,-43.4867256530756,2.38826760599634
"cv",43.4336955860035,0.497602101905605,-2.13909459814446,-3.6813827845003,-50.323279491077,1.40388526630512
"cv",43.5097628160244,0.638730801109899,-2.73131783008267,-3.6677554710018,13.4879793768805,-0.80382617216936
"cv",26.5200263524425,0.589826311551044,-2.84430799616244,-3.53242445890719,-715.283631754599,1.70747645919295
"cv",36.743909499437,0.624225327000567,-2.794253252343,-3.65813969075765,-458.636825941297,8.39074265021747
"cv",48.5669608895911,0.624981011810518,-2.92260074053777,-3.50178461505711,-713.376014787564,2.91189362570812
"cv",49.9891694919415,0.58896547895646,-2.79970587412096,-3.54353574155184,-637.485580117514,1.71329443594551
