"","","par1","par2","par3","par4","par5"
"cv",73.834649417374,-1.05070185011498,0.980260292068124,-6.69811753980797,-620.355360887488,1.42785383464766
"cv",92.0569387761554,0.933147604458633,-11.4677431069785,-2.13314747592803,7.46385519439266,1.75983879275435
"cv",107.366897028942,0.773951673246781,-10.6121762036673,-2.23620004222748,8.99591852839914,1.733926278539
"cv",42.1643485151145,-0.822981829331014,-0.048579973098642,-5.28409777541961,-670.819782789843,6.77201075563468
"cv",78.6255505370939,-1.26245687055827,1.02609913597323,-8.77849519535119,-505.940278889042,3.94538407679647
"cv",57.9297842870186,-0.976479250581293,0.564793139355923,-6.08690099333159,-61.2953373551657,5.62648532328217
"cv",110.098943929538,0.430281761195743,-2.33584459340186,-2.26320599473489,-181.409674296626,-7.9097471665591
