"","","par1","par2","par3","par4","par5"
"cv",63.3201684466525,0.459803373208924,-2.01396262923469,-3.06092233913846,-367.134933203317,1.10300042535028
"cv",95.9225104103748,0.750949354903908,-3.92473421633678,-3.05369797255049,7.38907065602151,1.57137488972548
"cv",87.2354323154434,0.494386261744294,-1.96036963346868,-3.02130243537724,-716.841959998671,0.685981856341139
"cv",42.610672006728,0.51170467903383,-2.21816477405156,-2.98057820748601,-551.473844323606,4.42592406288477
"cv",44.5570701488098,0.386674684114721,-1.91662147983764,-3.1441232854541,-978.561897197294,4.63218959718552
"cv",69.4506696816924,0.486582288527606,-2.11193619396098,-3.0857117574664,-6.08139112591743,5.38794002006829
"cv",64.3939884762328,0.412385489309814,-1.76901080353231,-3.04214029464697,-167.312636716208,1.21163986620331
