"","","par1","par2","par3","par4","par5"
"cv",121.897115899059,0.69087196832577,-35.3960886131972,-2.98720097610524,41.6520350671719,-1.83290072706492
"cv",69.6046299362942,0.665139872611291,-16.3811922080489,-2.71406363344123,37.4761493084687,-3.83131636869499
"cv",69.9319859341874,0.652294076639138,-43.7062157916058,-2.5584608740874,31.7285664505582,-3.48913236844607
"cv",68.1936346607793,0.630671083998775,-24.6221527954048,-2.66301730772111,29.3858611644874,-4.94936133310417
"cv",71.1822276446966,0.533265401695203,-9.33037745013099,-2.6302240995545,23.3595761690999,-1.19139448936236
"cv",124.063952250033,0.0126625810656534,-1.30921243205135,-3.13692398935226,-554.346315683624,8.52060297738083
"cv",81.6836762803608,0.683480250256651,-14.1613649954725,-2.74243116673318,21.5228618630482,-5.61484692988185
