"","","par1","par2","par3","par4","par5"
"cv",62.3389968027011,-0.814910200107866,-0.0252338077697321,-4.83124367836204,0.980278483278909,-7.21396315081018
"cv",74.4617962036602,-1.07442792913364,1.36717989854782,-6.67378341431684,16.710963111751,-1.95411432251806
"cv",60.2158805879215,-1.09029119791602,2.9127474417582,-7.07528722844282,-212.687253381119,-1.77423023435047
"cv",88.6628114058085,-1.01859750956699,-0.17832994394033,-6.00763884476998,-16.5261873776255,4.84507834905992
"cv",115.829117421684,-1.13608808632851,1.17830827366561,-7.09307225886732,-761.233153953944,0.418105981097129
"cv",82.3543496090972,-0.75346633553247,-0.0892877731530575,-4.84193763676714,-668.252816998205,5.01319215288163
"cv",55.7601576729096,-0.799487582544078,0.39572755098343,-4.97838134039608,17.3078429282037,-3.66106926032122
