"","","par1","par2","par3","par4","par5"
"cv",94.4229677085064,-0.195504056616911,-1.3184843637744,-2.86567546209081,-347.861965793584,-3.02380089892223
"cv",102.28236935456,1.35659508776309,-41.4292016005683,-2.53212204626413,193.087773604241,-5.63361654174857
"cv",56.9182312747987,-0.908361690913394,0.858254354383234,-5.56309774195925,-577.480984082472,1.12885825172958
"cv",73.5311146059898,-1.29840433362865,3.19125307217187,-9.0447944051384,-676.446449645485,3.65615407215697
"cv",86.2984919239141,-1.3753606325808,3.17887187295348,-9.82686599376049,-310.670411098927,1.75039733040078
"cv",85.391287928386,-0.531756516137023,-0.302384815534251,-2.93670926557004,-411.821064766298,-1.2569012685457
"cv",78.6443492849605,-1.03775153542611,1.31963025233958,-6.28048840834856,-146.686979701446,3.40002944245494
