"","","par1","par2","par3","par4","par5"
"cv",87.9573873491049,-0.214075948234409,-1.32104720137616,-3.36530444178883,-400.142215606853,5.86592674557161
"cv",81.7021836335229,0.00594347247290167,-1.41986884205063,-3.06981219008642,-210.100294427574,-0.854555743517017
"cv",72.9053695457471,-0.284460764621571,-1.30622896958827,-3.3019468675596,-439.87455390734,4.90874161238374
"cv",74.1323162773019,-0.227215422172539,-1.3189713894996,-3.295852312291,-66.6521840607809,0.573058094288035
"cv",78.1042939115275,0.0184212456543824,-1.50058192179308,-2.95267499377765,-677.995739714689,0.595456909823056
"cv",69.9980012521488,0.00177625564690032,-1.52261513477085,-3.10664264345799,-72.685316465795,-1.02377656381577
"cv",68.9543358203425,-0.140759442098289,-1.33162252423155,-3.15345038645614,-179.714362233317,5.51010038318701
