"","","par1","par2","par3","par4","par5"
"cv",89.1789480489037,0.94667533859042,-17.639249732391,-2.28474107044259,46.2525678758726,-0.0762845004463603
"cv",110.608306162745,0.775518995957554,-29.2331016102976,-2.3513319032658,52.6214136622835,-4.35282330826068
"cv",86.511930746328,0.728568911185009,-48.1251271862742,-2.2577394068503,44.4118995722726,-3.34571930481729
"cv",115.302155726726,0.65983265936798,-39.6327257151975,-2.36534354908063,28.7816872031015,-0.144991774292006
"cv",91.6859103765602,0.615774682710117,-3.85671390704393,-2.32908567688215,27.7223210382789,-0.408587312139776
"cv",132.415042459407,-1.24430175766346,2.01803607407957,-8.1525871861428,-253.541874032959,6.0101994882585
"cv",94.9409179948145,0.822414238839643,-6.22527134546904,-2.26722481765352,41.6945499962569,-0.0550897490952814
