"","","par1","par2","par3","par4","par5"
"cv",89.5478632132031,-0.810625186327627,0.38524679841526,-4.538365465332,-231.917959108476,1.48780129506095
"cv",92.9946697156908,0.74776566075914,-3.17974628414959,-2.33865881740284,83.1437337788337,-0.00221864860388221
"cv",111.780114262944,0.775068819255088,-2.22317231845863,-2.40699581988682,84.3414344080231,-4.14344468110267
"cv",82.3546037424337,-0.859725775786231,0.857050594174392,-4.92267716531579,32.628412717993,-3.57760177118592
"cv",89.2071814005695,-0.576608119490974,-0.6735346303223,-3.82421367758552,-958.788798719199,6.59542479184767
"cv",108.660235272831,0.961831406503949,-31.0741981203081,-2.23310185818847,65.3312977848727,0.0625023456565355
"cv",92.2878701817531,-0.289124229121003,-0.690109419172623,-2.92207784013017,-448.095797095448,3.592444122349
