"","","par1","par2","par3","par4","par5"
"cv",111.571754962524,0.944380356916638,-3.91741648741245,-2.19552290862805,48.6901737643191,-6.05546165028659
"cv",133.054385031824,-0.875013933083792,-0.545143314936894,-4.93725074461587,-394.497333761884,0.278030305224687
"cv",102.251192778487,1.15199985653171,-34.9991776186929,-2.17148960131019,110.728558003975,-1.13361754098262
"cv",107.560716378172,0.954576462701918,-38.9233990090361,-2.15452531058435,46.8189298316502,-2.13399414122045
"cv",106.717770242419,1.35979260812493,-36.3544538849965,-2.20525494398161,141.395012963895,-1.89738668238249
"cv",98.3979200387071,1.04586493307673,-36.4050485565013,-2.08173363402486,47.2938474774693,-9.02418229527868
"cv",99.9474183448833,1.29318353009354,-12.4587094343369,-2.21960816875541,162.104218366778,-5.37917234469205
