"","","par1","par2","par3","par4","par5"
"cv",110.659743901948,0.379510642006597,-1.45630385606576,-3.080293422167,-483.612016476653,5.39925646103887
"cv",98.2030533160251,0.465149528236317,-1.58018648365844,-2.92692273816403,-685.006312204692,7.41574781004788
"cv",100.169952488182,0.300299994900605,-1.65588381816404,-2.98284450098852,-387.203328880096,3.02063266038373
"cv",94.4807364225164,0.165102422328175,-1.41512123500167,-3.1131155951015,-1.58392219735182,6.00784725127795
"cv",63.8331155623175,0.184634477514935,-1.37904601343975,-3.00308157850229,-6.03968159486294,9.85183805288143
"cv",68.1570491079671,0.245945226093368,-1.42002145674561,-2.99444697529942,-335.493512019356,1.73756521113392
"cv",51.301015173607,0.222555283209152,-1.31038907793336,-3.01560434564419,-462.089994665955,4.56844183745142
