"","","par1","par2","par3","par4","par5"
"cv",112.783510032873,0.452984199918696,-8.52920393278007,-3.11628353406092,140.933128215457,0.126737985759974
"cv",70.6045776792676,0.626893529465827,-3.63425015830881,-2.95151953759912,22.5629254671325,-1.54979719116783
"cv",44.6996826125082,0.572842794048518,-3.54655013692768,-3.05431743759628,28.5358837628868,-1.17167271475258
"cv",71.0683306835369,0.690633217446283,-20.5191123444406,-2.9192365744205,23.6997236912868,-5.51979105768273
"cv",37.1192778272029,0.618632584340323,-8.29250371043042,-2.94474054789558,24.1043756707813,-1.94428820305678
"cv",62.3316537215065,0.664203713360631,-15.6067558760208,-3.05453912244159,41.6010032475757,-3.57068634126307
"cv",101.588122031766,0.732620444018045,-5.4141341323282,-3.22630627717706,25.4552580334945,-1.37537201873118
