"","","par1","par2","par3","par4","par5"
"cv",116.628849475624,0.800947468554664,-13.3123891187201,-2.46772170549596,40.9302019039102,-2.20217150590465
"cv",100.238241778555,0.710976073251564,-12.1065366538104,-2.30816392496019,39.2714886631575,-2.62150739047835
"cv",94.4379741994588,0.702359282381832,-12.552478918551,-2.29390097223222,46.0966685786843,-9.14201054235583
"cv",103.439088105875,0.925658910880807,-27.6627347719058,-2.50811912424237,104.666604388967,-7.61904115000417
"cv",104.615829521384,0.823391659296575,-15.4083894725058,-2.32806721428873,87.2075835574319,-0.265046654642711
"cv",92.7232843103038,0.829273799502583,-13.4561009036289,-2.32610980092439,68.7047552429246,-4.87788471490072
"cv",103.799568525405,1.0640427459106,-30.8247037913529,-2.61543849812924,79.2622437896598,-1.86760729094815
