"","","par1","par2","par3","par4","par5"
"cv",59.5704217521384,-0.97215494056786,1.03293056296788,-5.88249777456408,-568.024571985006,7.84137658774853
"cv",73.9966432368978,-1.16419815284453,3.18982526013289,-7.59099100435748,-787.712338462524,9.68072878289016
"cv",87.4527303511291,-1.02887011453108,0.812399979032675,-6.18502251550211,-478.916367805835,6.83955743612935
"cv",58.4946487542762,-1.14764071918808,3.15255884476551,-7.37953100977355,-301.159246165671,6.76089909373284
"cv",78.6402716450264,-1.09151198907595,0.375247930671755,-6.69389398191616,-698.275949381987,5.21100513407129
"cv",102.029053530403,0.824638379987554,-3.28812116420145,-2.2443370713178,142.074452232502,-1.24304602618169
"cv",68.2221445378664,-1.067062647139,0.613975699306946,-6.41063129722067,-375.634317614939,-3.02289928571739
