"","","par1","par2","par3","par4","par5"
"cv",99.734389704837,-0.684546952899712,-0.232570041776415,-4.72256436211566,-51.4834276072328,7.58636389647296
"cv",88.460535971031,0.56491003173285,-6.39406342859898,-2.17814457980918,3.30180689440073,9.44649557583034
"cv",78.6381993336682,-1.26443665053248,1.98572884878032,-8.65265203146522,-557.472142856568,-4.55708078164185
"cv",71.7111109524514,-0.873686691093701,-0.590108137363792,-5.44203087109497,-167.46852959789,1.81922315261041
"cv",99.296756102398,0.52707108018911,-3.38191751776419,-2.29138228754574,4.91341400797713,4.58965602003997
"cv",94.2180118895681,0.682928613633131,-3.49456712436933,-2.21672680828444,5.77583140567136,4.21428840607405
"cv",99.2371135078578,-1.1122150219479,1.05206422683842,-7.2159197352348,30.2506922489547,-1.16574514210451
