"","","par1","par2","par3","par4","par5"
"cv",98.2450877924066,1.24191433566172,-14.2541411872214,-2.80022187939141,377.216409018275,-0.607048172705805
"cv",70.1239422051078,0.964161877668016,-2.11148015857129,-2.9043665337661,600.503993066952,-0.58793073305796
"cv",89.2688882760976,1.15886110270824,-43.5257903552699,-2.76153469104456,367.992449387579,-0.614299619328179
"cv",78.854260236829,1.12039128858714,-3.1618463497761,-2.96574025373822,579.597921898816,-0.651742932386696
"cv",121.729293847795,3.18889024702408,-5.30508371114201,-6.74634283485489,915.554648147578,-0.325283887859085
"cv",83.7992023293277,1.04077878008098,-2.63190090539238,-2.93065063079596,613.396821116524,-0.597541447263524
"cv",93.1723365615107,1.07341439342418,-3.32078856560023,-2.84428210689412,399.127513345288,-8.5650896147697
