"","","par1","par2","par3","par4","par5"
"cv",97.8225499349209,0.589150513478056,-35.0794896352559,-2.56402864922008,7.19559466682898,2.11908933205343
"cv",179.032048156575,0.994814737501724,-37.3653098299088,-3.1727402435214,112.473743889832,0.0117836175911328
"cv",90.0306411121583,0.771106188805948,-13.308669316502,-2.6515057175865,8.10086623206598,2.36907549967162
"cv",87.9941548391441,0.514667644957841,-6.80296102171273,-2.64648058902391,29.4197068128672,-0.021634224856764
"cv",74.3231713900733,0.712756580976503,-15.1617068864662,-2.67919014786136,49.7675637312933,0.125446034555667
"cv",91.1554754609752,0.869084573445081,-48.1529861174448,-2.60138674689892,5.63108850201894,8.83175830822438
"cv",70.8041430753168,0.771748386156385,-45.2729795390267,-2.60917147606067,46.1530145963324,0.149499820867724
