"","","par1","par2","par3","par4","par5"
"cv",129.294574133323,-0.208087314589601,-1.19240820093258,-3.64080117242173,-841.821075805681,3.68397274903905
"cv",75.3080963018955,0.400815723063184,-2.21352497831655,-2.6822122395009,-434.698017430208,2.06029101738645
"cv",56.7170515232653,-0.240827388661769,-1.16380416322681,-3.45714121200039,-465.312367619512,5.97544982846371
"cv",97.8394350520169,-0.37149178251964,-0.985415372779306,-3.7730689940534,-356.694449558497,1.98972216117319
"cv",120.390871864613,0.600470106556821,-2.36922636275836,-2.70937536055873,7.31410970204428,2.46816448017699
"cv",67.7443540622184,-0.22246275957122,-1.21420167390123,-3.44173617621306,-361.867732459765,4.60042951157105
"cv",83.8095948156704,-0.260227794153397,-1.11654789145499,-3.50412949114518,-248.34171251856,6.67931397080315
