"","","par1","par2","par3","par4","par5"
"cv",108.652720998384,0.677353196458883,-25.747692477949,-2.30460057460985,14.6557537584525,-0.0711032841043452
"cv",101.102184814026,-0.58726859894837,-0.848383781577994,-3.8942385588327,-722.572044580461,3.43209388942657
"cv",87.0598167456983,0.814733935489873,-32.6889234463875,-2.11693891707533,12.3199792066236,-0.60448979855315
"cv",104.732075898864,0.659602319291682,-37.6319175168937,-2.25323599008988,15.7378597075497,-0.386198456037201
"cv",70.3630593985973,-1.39152186439946,-0.0616846394490512,-9.86691908579492,-538.3140440278,-2.30524615948134
"cv",102.475707131021,0.637710508215439,-5.43537461198866,-2.15858985902366,20.1967113151584,-0.59922915116594
"cv",131.138202458826,-1.20819973651548,0.813999848985476,-7.82657890490954,-416.337625842863,-5.5241521812207
