"","","par1","par2","par3","par4","par5"
"cv",92.8563542985296,4.48106004673143,-49.7186975448131,-8.50743092423354,983.055969426014,-1.6346030257825
"cv",126.37779878083,2.6149902327601,-32.53136259545,-5.1611806004929,966.154208562418,-0.64424978955224
"cv",106.040485932173,1.73547355419159,-48.7846159071366,-3.21491773986026,181.770285367676,-2.4733515628729
"cv",155.073287374375,4.72720434854,-42.3218441290092,-9.07769327457511,313.515279818759,-7.0466982277672
"cv",87.8086805201901,5.06146318998506,-37.6526898002065,-9.64570728650807,985.364686960491,-5.58277828139422
"cv",102.421225409362,1.32927387652613,-48.896400830754,-2.72700945245764,178.591331195159,-3.09824785930102
"cv",93.5471099834587,4.61208840866011,-49.084916850552,-8.70597183320273,991.152594039558,-5.15357902286842
