"","","par1","par2","par3","par4","par5"
"cv",104.809143238809,0.0594607369338508,-1.35983167097949,-3.19544052888861,-473.928975250646,0.339469978210092
"cv",77.2322712936554,0.473317710697833,-14.9723562891328,-2.73181480689219,71.6718792926783,-0.158802877368975
"cv",87.0916628336407,0.277575332038612,-2.53752263408544,-2.82883608836529,-390.960121189582,0.376591681961298
"cv",91.6041574854575,0.59377251203521,-17.1074717940453,-2.85066067574825,133.724129791287,-0.0333533994853497
"cv",62.1223478852275,0.48137601132014,-12.1397969976081,-2.75626755760665,72.6665209062878,-0.132279555742207
"cv",55.4088253491434,0.472956301999787,-6.63433851734671,-2.75774941435995,83.1202712539104,-0.115058965881061
"cv",61.6282603666258,0.325831186799531,-2.42011558532769,-2.82486834641578,-202.535698529709,0.334348668344319
