"","","par1","par2","par3","par4","par5"
"cv",99.4205167054294,0.428587488725176,-1.90566082349583,-2.45613639935209,44.5573746620532,-0.00587821275826786
"cv",93.6601992335821,0.63494801968849,-2.29185933518224,-2.27808030318671,42.0306151874516,-0.126638881317484
"cv",106.511301480755,0.756975704497369,-2.22985838539372,-2.32158910944493,10.520655052576,1.02295123376627
"cv",105.079332713529,-0.188847685140094,-1.28479858333469,-2.95105952660632,-709.611260126153,-8.03972365481833
"cv",101.643012363284,0.544180203323438,-1.8173235748639,-2.38903595413625,41.8066685163858,0.0691183277644577
"cv",82.7200894863117,0.108215707965275,-1.2958264071481,-2.8230362614754,41.7040622778274,-1.117329410156
"cv",87.1409537803989,-0.109667262314942,-1.32140604555146,-2.78033351475118,-714.51267532772,-0.324652599570436
