"","","par1","par2","par3","par4","par5"
"cv",76.1251184361848,-0.812218998683291,0.65838623983002,-4.81145315108225,-339.393978766357,4.61105386260897
"cv",79.267415324752,-0.369035615283225,-0.624452919111885,-3.62834498859133,-665.606191019798,2.94566392073224
"cv",97.2673323173761,-0.273746332042043,-0.713270075822514,-3.82184019532975,-658.886642721227,4.78887344245548
"cv",77.3680153281789,-1.26723662116162,-0.304837957559348,-8.26662516620267,33.4617648636465,-3.40585045163355
"cv",78.5664781613596,-0.716309467084178,0.259030897800819,-4.52519636435095,-206.644916416911,-9.14929687251934
"cv",102.857096060164,-0.500040663307959,-0.788158576912057,-3.89120084466725,-116.316959707126,4.28622373745722
"cv",82.7745109879527,-0.381855995454412,-0.769150360308927,-3.94570870849207,-597.227832383088,8.63162469938186
