"","","par1","par2","par3","par4","par5"
"cv",99.2733705591066,0.356839447489195,-3.55751970306189,-2.46481458471331,-576.668288138958,4.3113120507224
"cv",104.534565167194,0.429462591170441,-25.2621830359357,-2.46186200964176,21.4637543267437,-8.31845311575512
"cv",95.5345151836068,0.470427595460007,-22.7504288416938,-2.43394214608386,21.9075992708076,-0.758268413625536
"cv",98.4717747830492,0.492511177406309,-13.4374889831137,-2.47853928171559,20.9158756998892,-3.22921830226034
"cv",86.7170673018039,0.464080439192692,-12.8444230914788,-2.47973636019582,22.1802712660026,-5.79079172352203
"cv",48.0235849677775,0.485740161209383,-18.9852545786225,-2.31924487711942,25.0769013843882,-7.74882652316392
"cv",66.4702307527639,0.51741392535108,-14.9709294183399,-2.35865551974073,20.0109777564461,-7.55851511622686
