"","","par1","par2","par3","par4","par5"
"cv",59.5126232665804,-0.870691717288485,-0.560371260174739,-5.61618953367558,-229.556686619275,7.40459834144608
"cv",73.534777701508,-0.525516998841086,-0.489130377590794,-4.45678410434264,-502.086593555036,-2.33598618835424
"cv",69.4139700920781,-1.14665485958616,2.31572991983093,-7.06688255298858,-976.662245113403,2.01175304224359
"cv",62.7119178837294,-0.891768705009244,-0.663465077889306,-5.27870703596623,-16.8328881576603,5.55951505335103
"cv",84.2706755962472,-1.33378780892236,2.02017787384313,-9.50525703827486,-393.40093850519,5.03730246476134
"cv",63.8198374147323,-0.92997627390697,-0.175757402148516,-5.98646897769337,-981.78691003464,8.712885286659
"cv",91.6583861514846,1.17191469474919,-42.1573335756623,-2.40134302111814,84.8484912099136,0.0791101210130485
