"","","par1","par2","par3","par4","par5"
"cv",89.8742183061649,-1.2390408753992,3.09847966243054,-7.75943050371031,-447.439466026269,7.17879188247025
"cv",95.8391113251987,0.942077341655026,-3.26048156075309,-2.16919388353273,5.07636501319198,5.19375490490347
"cv",76.368541458941,-0.313982205679943,-0.844839440225172,-3.59065949654992,-51.720572063102,3.54798749285294
"cv",97.5667803783915,-0.316503108635387,-0.612511057179688,-3.82302429190256,-236.235777405212,5.39637927058434
"cv",92.6275961852214,-0.507451810853049,-0.535351027910916,-3.91024273663996,-251.951458770503,8.35724237219763
"cv",76.0027866449384,-0.784937261551811,-0.103946018173936,-4.47214034676334,-119.378151302713,9.60131746619113
"cv",93.7859142295736,-0.709312464759437,0.0334528700379064,-4.23166157716384,-882.437319708422,8.37428800782004
