"","","par1","par2","par3","par4","par5"
"cv",69.4939422808309,-0.16324030654947,-1.37451485229487,-3.3178946112353,-775.228548705792,1.80456084927546
"cv",69.4263941443774,0.332086681656456,-1.65464799560303,-3.21257011253211,39.9498199636255,-7.98059754661827
"cv",77.6565075223411,-0.117450252133611,-1.39448185539531,-3.40372925812724,-381.794505710355,8.97140028420836
"cv",51.0989652437899,0.471506263952838,-2.08045013311244,-2.96256419512434,33.9255676403354,-2.51833328224448
"cv",90.6685617402589,-0.174796102245477,-1.30565996810541,-3.37659182114454,-491.521072769447,8.91975234772726
"cv",58.3723243050115,-0.22482889179687,-1.21001367749188,-3.48385090211829,-385.590504118522,4.86003879766535
"cv",92.5438524442719,0.5503252630292,-2.61527790708304,-3.01041090541722,29.4222613125471,0.213690120447876
