"","","par1","par2","par3","par4","par5"
"cv",142.564728238393,0.54620592253605,-6.21833450427375,-2.38273255855597,22.1266547051966,0.170996120266726
"cv",102.440212232421,0.507981948351532,-6.86174019933591,-2.27494230855484,21.2194268711274,0.128501366458456
"cv",101.510875481321,0.493409992545019,-3.79853742821042,-2.23964906404339,20.9533322388078,-0.0522466516122222
"cv",93.0758664426624,0.650533816272574,-6.03110204039564,-2.22450428654087,20.9875234958875,-0.840552040113889
"cv",92.3259442018161,0.593409983841625,-3.99798173216053,-2.19211596634725,22.6540923936524,-0.133312934448262
"cv",103.195817465182,0.647346282691827,-9.17302176821977,-2.24376387333629,16.4380318702737,-2.36974356230348
"cv",68.3861418836984,0.589509708654689,-21.9739765285318,-2.20970491707215,23.6377578935822,0.168837873804032
