"","","par1","par2","par3","par4","par5"
"cv",60.4240046798981,-0.468608685359358,-0.684115291824937,-3.94527473745342,-47.3820367583891,4.07219652220124
"cv",114.93492936168,0.75621272777415,-32.7953894051823,-2.14856254403297,43.5412609061715,0.314697604626417
"cv",81.5709443110424,-0.670731348116921,-0.698193633544547,-4.39842781477478,-773.287768526533,7.13295446355429
"cv",93.837275457826,1.01128692626126,-46.8030227195297,-2.08781300014012,34.2982738128874,0.461235247952697
"cv",49.1868592740004,-0.456227417852048,-0.644309072859874,-4.05230849852238,-780.440797097981,3.54330092666434
"cv",77.1147695882138,-0.674362409245968,0.0618488314922753,-5.01036256197025,10.7897694010084,2.45168912510214
"cv",86.2610865827886,-0.597055469881202,-0.586407571626568,-4.34778697030112,-274.631503498362,3.50612490818642
