"","","par1","par2","par3","par4","par5"
"cv",87.1056637425109,-1.09106356755508,0.441227189621406,-7.43635893291725,-473.605209327465,1.25240354610923
"cv",61.4015427031914,-1.21928163221098,-0.0484375515952706,-8.54138887461865,-578.949375676164,0.922288800859809
"cv",90.7036811678662,0.90565881993185,-42.1753272181377,-2.21135196797906,79.267708792617,-0.262838524423176
"cv",111.487901717161,1.38980642349404,-43.8662233178456,-2.70761038080293,248.326356596564,-0.687662863834682
"cv",36.5375198715423,-1.24119274174658,1.02334172434314,-8.86398724396098,-757.831506864848,8.1400704431539
"cv",95.0416375834652,-0.567202307678986,-0.392337159569708,-4.41062448533013,-265.562365529671,-9.29952068324678
"cv",38.1477463547001,-0.836736924863397,-0.127268700209942,-5.45616357589356,-184.136288132856,2.03852807000083
