"","","par1","par2","par3","par4","par5"
"cv",6.66235932927936,-0.329932671871678,-1.39254338928889,-3.97665277174831,937.015452410617,-5.31677338523625
"cv",61.1041952228922,-0.576899158934172,-1.01486947162097,-5.00644507267084,987.91094304841,-2.80653472313965
"cv",71.8175667087579,-0.00643928818775455,-2.7472144380182,-3.21395823832638,977.297705890117,-0.332766556845489
"cv",16.3978116841876,-0.290727734581997,-1.52191990307128,-3.63106174361316,931.201781609629,-7.98924360693228
"cv",42.4391570588448,-0.185840308261425,-1.80888328645764,-3.76297115962248,989.657480668853,-0.234618558753621
"cv",32.0354417215774,-0.279020801101335,-1.50073159333194,-3.79858733483265,994.992125956548,-2.5411052092564
"cv",12.4534481865156,-0.0991460771194724,-1.80469185062886,-3.74252854480654,996.329807718969,-6.8056452298898
