"","","par1","par2","par3","par4","par5"
"cv",106.500714861714,0.487757126878043,-31.9996121389287,-3.027490916438,97.7479353645561,-1.09308567897576
"cv",108.570016685603,0.77872425829969,-45.3965069469337,-3.22610755824962,144.637686906153,-9.31420372250936
"cv",84.2122490830479,0.477744072955404,-36.2260141943418,-2.81769806008332,92.3658753301204,-0.695114528832454
"cv",79.7057850081018,0.663244326354474,-44.881961000023,-2.89791171107616,105.0535691334,-0.166811261579609
"cv",37.7332373346557,0.651026804370191,-21.9877954552972,-2.91765865172511,110.119797247619,-1.05530932725862
"cv",35.9681071288351,0.701524306557265,-12.63050094714,-2.95115651846461,107.620027775201,-1.03463596435179
"cv",57.7701795489269,0.675336640575315,-49.4282832402149,-2.87940975353379,105.651083440038,-1.03635112289109
