"","","par1","par2","par3","par4","par5"
"cv",79.6197459133658,0.818537355933173,-3.72068945229249,-2.64935188491118,362.123175038188,-0.257989365939984
"cv",102.15127209019,0.80652335153395,-17.5845676146751,-2.60242243338277,28.432785883014,-4.47493846645374
"cv",86.1360946290497,0.781170844405299,-5.487882043235,-2.62912070923058,353.054454279982,-2.40067669013331
"cv",67.74886128967,0.875044346401872,-39.697758271063,-2.5768692167865,429.022025114961,-0.83916361242135
"cv",76.1346327258454,0.970789817680802,-36.5800828496915,-2.78916286295497,309.456102282838,-9.92775842316573
"cv",78.3276973327653,0.879178832853123,-40.4631771651964,-2.65486208874097,390.257276565919,-0.236453766072498
"cv",69.6385459697876,0.799545251258307,-4.18472098348012,-2.57554278023763,371.01682884658,-1.97004558052868
