"","","par1","par2","par3","par4","par5"
"cv",64.823134278484,-0.0341018062447877,-1.39053367681123,-3.22775421359977,-835.860634009166,0.43524438665991
"cv",84.8505468634586,-0.050446892848087,-1.30124445599575,-3.33174149660593,-496.769232578759,7.4273047863555
"cv",91.3840328860873,-0.0532324395172744,-1.42282298600435,-3.3229992514105,-858.399321682889,5.56874447191345
"cv",79.2972839257553,-0.0404545379295192,-1.39024433487344,-3.28338468742027,-671.555168916296,1.1655275621556
"cv",113.6673556038,-0.158167849507406,-1.19250183733723,-3.42887382532342,-336.956974357693,3.10337257706168
"cv",68.1675693298519,-0.108316484640736,-1.32561104356406,-3.30289192153969,-319.200293160975,4.50418724141999
"cv",40.364778699725,-0.0717286752131759,-1.33538756272615,-3.22400045519971,-287.291024705255,8.41273566456668
