"","","par1","par2","par3","par4","par5"
"cv",89.1176204919518,1.13871606265371,-33.1222190486108,-3.10255585925289,9.07299505234243,-2.65958010776357
"cv",101.858823358462,0.226110993503322,-12.9763962605395,-2.91134832284507,999.755537876048,-0.258987152592698
"cv",60.7126315824686,0.88365873374622,-29.6983983854359,-3.12915895117816,12.4096892219889,-0.10377788996384
"cv",22.3014970991147,0.726908087031761,-6.50706315092466,-3.16953107866898,22.6597849920717,0.15101049938959
"cv",72.1733028676003,0.909163501962442,-25.3360930063155,-3.52963722181036,28.0732057524944,-0.299030048997801
"cv",40.0453571863346,0.785121817475483,-19.2287403779532,-3.19967031016589,28.4828713958947,-0.301579681359988
"cv",10.2073171069623,0.76848132773539,-20.1086042183631,-3.19782298326512,23.8082653437241,-0.350572649068011
