"","","par1","par2","par3","par4","par5"
"cv",59.2719030588645,0.0832517266232958,-17.2662318768262,-3.3418963423826,8.89882720591182,9.07469145728029
"cv",57.0158514842582,0.257327396727115,-5.91017743428838,-3.64660683270152,10.0316412611863,9.35600375347195
"cv",51.5349012961424,0.0780161841521328,-16.7859085362409,-3.00331656921532,32.7062465559095,-0.505660703847017
"cv",75.652918835855,0.0557172745330608,-21.349071873776,-2.84412542974112,8.17723472363615,2.53882923126858
"cv",75.2954820781844,0.0803922635485331,-16.0583786527788,-2.94829777084002,7.8662401088763,6.45359937101603
"cv",152.115227657085,0.577502160262004,-7.11837967033863,-3.25112594657611,101.693789181593,-0.560511430385546
"cv",71.1247334376703,0.0294401284184553,-14.9365335241284,-2.86119027856606,8.12809470840475,8.0992292257313
