"","","par1","par2","par3","par4","par5"
"cv",70.1567827107211,-0.768394970364284,-0.362185982682924,-4.87021332010612,-18.3825027197599,4.5996315497905
"cv",112.732463564791,-0.80372417285999,-0.369373065760326,-5.17801168386315,1.56327709576965,-3.09415125986003
"cv",102.634132469702,0.601577022946835,-22.2480168277554,-2.16671995433205,18.7835250917789,-0.659909613713498
"cv",43.7122790530577,-1.25121857270341,-0.610961961296145,-8.4372429848152,-44.8946501128376,9.18168364165294
"cv",86.5918204380239,-1.36623994921653,1.59951239290336,-9.92544499936682,-37.2552591460619,3.2870255380268
"cv",100.392272944842,0.540444778466469,-7.23658401006101,-2.1875708520196,20.4902509801375,-0.335812336189147
"cv",104.311889456667,0.318899299930793,-2.30705809742383,-2.35069943446616,-664.018662994381,5.79423040188793
