"","","par1","par2","par3","par4","par5"
"cv",139.101852083273,-0.0912074571881488,-1.29125458317416,-3.24524318242772,-536.290832205471,1.83463034029977
"cv",42.1373044671028,0.771903965268106,-14.2540294195503,-2.6905527538733,20.8099627802608,-7.38054370131465
"cv",87.8866986945685,0.693864528138226,-24.9550246149685,-2.66586890310613,19.0798181008065,-0.51194868250124
"cv",84.0721503830677,0.779323852618721,-28.3150742028673,-2.76242220968911,18.8335629382123,-0.604551796492916
"cv",75.7510053209383,0.861161702541141,-23.379406916992,-2.7612981867974,18.3905015701055,-4.75861946981584
"cv",79.2072707330178,0.767941777101407,-7.88511850173961,-2.69013444401807,19.4399240827837,-0.438804900691307
"cv",88.9567794059675,0.821539512574536,-32.0844774808316,-2.79700192465434,19.3234894862545,-4.08849865483783
