"","","par1","par2","par3","par4","par5"
"cv",94.8231882164576,-0.282757068357155,-1.11992974878897,-3.22022843977521,-724.588931229442,-0.566271536545416
"cv",104.483804785837,0.256552878829916,-1.74606190495517,-2.5232372818514,-262.860016001329,-1.80319115830064
"cv",94.4816605395862,-0.135315264816646,-1.10741039912193,-3.31674725514808,-899.729150734978,2.34449776141822
"cv",92.4363271786516,-0.100017702820427,-1.04217019856708,-3.20197681256938,36.0407938805718,-8.76666240859777
"cv",94.919753686245,0.869004010571776,-4.68228770967797,-2.27860856971877,7.56293569924696,2.86467128842631
"cv",113.426054354144,-0.250305048801508,-0.990752961941784,-3.4822923074296,-428.723469413273,-3.9689712272957
"cv",90.4870586334268,0.154633642002798,-1.64836636095897,-2.55598951277397,-363.898684014921,-9.55186650356294
