"","","par1","par2","par3","par4","par5"
"cv",80.6269013879622,0.117717674484352,-20.3660261521192,-2.57750185906683,234.983625101227,-1.82551143630861
"cv",100.258830927375,0.574168478860604,-2.6177340293469,-3.00866884912427,10.4450324929935,-5.22537607163466
"cv",41.5098433681784,0.603471903623192,-2.79424948646909,-2.67216250408871,16.6095131920483,-0.297595058338747
"cv",96.4220749301433,0.69874000111118,-2.36693315249315,-2.78711604280669,9.8888566121164,-1.38586844069054
"cv",78.6386813853989,0.651581506466214,-3.3934486582587,-2.82194568378812,11.5398088760661,-2.0745620575129
"cv",69.6454321203467,0.205648235130651,-40.305905843956,-2.52561380032206,165.814136161343,-0.796150398477613
"cv",85.714869855842,0.336002335801478,-1.65855527857342,-2.95703784413151,-10.3573110845774,2.15152908529024
