"","","par1","par2","par3","par4","par5"
"cv",99.7642518168947,0.149832153107632,-4.55981908104576,-2.96805169288241,765.495917859535,-0.45393421771184
"cv",61.5561893854622,0.0488272861062782,-5.56638958908785,-2.8274419383608,648.884600517734,-7.54531365425668
"cv",44.2816493523791,0.0540580917597015,-5.12788776200308,-2.83192193153615,647.873762940478,-0.403189883620318
"cv",34.4816845022372,0.0979479300169114,-5.15603459858203,-2.82402720941687,648.595528418174,-0.391662368214887
"cv",37.7234165641008,0.110747026093273,-41.9588614003745,-2.81587268847672,652.825013421194,-0.406953123393571
"cv",117.346516124819,0.0894658629637754,-30.1476626549051,-2.77203753257959,647.837130398218,-0.14004292717218
"cv",70.844877363331,0.105789285566583,-17.1085639797941,-2.81852934465313,658.429482074668,-0.405796333057233
