"","","par1","par2","par3","par4","par5"
"cv",97.7830777829559,-0.0840243105072677,-1.40779796762885,-2.68528303756909,-711.340680255181,9.17096356395632
"cv",114.269629711927,-0.47807514548313,-0.874211593415969,-3.72776431237832,-766.338838534809,6.59328539810892
"cv",64.9859960956817,-0.283451977701139,-1.09516320012736,-3.35318997759327,-519.766333881776,4.40285323610042
"cv",99.9978234259627,0.552817477164616,-2.09296162188552,-2.49414903577035,26.7003799330568,0.161311143038015
"cv",93.2486490391322,-0.314125067559742,-0.965479478545984,-3.47362957409491,-564.072383714024,-8.95210380472873
"cv",90.4100404441111,-0.392334865089224,-1.10582237031707,-2.96814395159022,-390.854129167237,8.43023225570811
"cv",99.1924008009315,-0.512114222403091,-0.754971114214307,-3.77743623633009,-534.606742679467,0.867189851156799
