"","","par1","par2","par3","par4","par5"
"cv",113.046308913716,1.05217449202784,-18.2239969918319,-1.99078994544055,6.68828507402264,4.65619260561403
"cv",101.348353962593,0.80336288976004,-35.8101830672743,-2.06039323622634,9.22995278448866,2.04143838723975
"cv",81.4250794594825,-0.417616355866702,-0.783387702853682,-3.36313796812055,-39.7903282401689,2.3653449423187
"cv",109.804310096605,0.0299891815663014,-1.58844367035822,-2.33578141367662,-152.210499412995,-2.52914974007514
"cv",101.520127059282,0.780181944402999,-18.4597651889189,-2.13322661427146,8.03940764973945,2.5953054691789
"cv",105.977557279056,0.800481619483691,-2.9000451397568,-2.17616188792072,12.056940957867,1.28231073966183
"cv",132.029142518696,-0.780277961155118,0.0782366528301643,-4.57359304036209,-110.350538045168,0.00291151266198764
