"","","par1","par2","par3","par4","par5"
"cv",94.1405043204882,-0.229671414993485,-1.1557112449945,-2.95477053454964,-766.642438205888,3.15684187405634
"cv",117.157418838215,0.814914457865871,-48.2968113952516,-2.26651462788491,69.0573082339933,-0.430385937204323
"cv",95.5281736993725,-0.410407418828152,-0.874130627886807,-3.85957597993708,-32.1961796275265,0.64603135921061
"cv",114.457337811681,0.765571698675745,-26.0261997114867,-2.21547949230014,66.3126378898001,-0.622217493031933
"cv",96.0465398819463,0.755001424405118,-47.3561616145636,-2.09639240047756,412.16883508005,-0.463683871537966
"cv",73.0257607095193,-0.413133201319482,-0.86577208712697,-3.8397296069394,-900.049098301679,3.13236405221159
"cv",91.1613289978365,0.595345509357153,-11.7257986864558,-2.12944732003741,19.1518338478538,-9.52521053608507
