"","","par1","par2","par3","par4","par5"
"cv",142.64034661691,-1.32444756997298,3.86240046722687,-9.78050170123846,-272.648009811836,-2.83161324448884
"cv",101.607755106882,1.22872449782125,-2.14417961534402,-2.51077166936277,183.575838537022,-0.710514779266253
"cv",131.740199994162,1.4375629840855,-2.42298786279259,-2.89055703308901,250.348702033781,-0.618888123873528
"cv",90.2786724146005,1.14492410269842,-2.83658114383676,-2.30901041101967,121.585487005852,-9.63251663328826
"cv",80.6561023452321,-0.854281065931873,-0.143650727689926,-5.4692171177048,-113.74427250746,9.70154750976157
"cv",99.0448744055854,0.946104609197236,-1.9093859301029,-2.64718396138698,112.171917795541,-0.839269611533237
"cv",101.252477149413,1.11896413284263,-2.7788586254574,-2.37683541395681,102.603211409838,-6.45711319414965
