"","","par1","par2","par3","par4","par5"
"cv",95.353890078266,-0.97558090470989,0.153575240855979,-5.60683888443101,-126.332124228507,3.99205660903835
"cv",101.381414703337,0.867746657519477,-38.6419982660585,-2.03745037240502,56.3910079913975,-2.78020442463458
"cv",87.2838897190089,-1.14397883689561,1.47338297417808,-6.99145260977585,-224.380848929286,-5.48476932928533
"cv",112.693349918403,-1.13209017047314,1.27358436584473,-6.97597574415516,-905.962437391281,7.27258449154152
"cv",78.7859897370143,-0.811338312301864,0.284350991264215,-4.80404598967298,-60.6067418302354,-4.11300644881827
"cv",86.6445192250898,-0.674776890099369,-0.513323581289439,-4.27727542669081,-868.648600235574,1.22215169077861
"cv",101.551067528369,-0.590428622745735,-0.619100050359676,-4.05368322633411,-96.0771294608478,3.08752982181322
