"","","par1","par2","par3","par4","par5"
"cv",181.631586946553,1.74606106170949,-32.8416538565871,-5.85640724245295,242.212440374867,-4.10616973453681
"cv",40.4503629713648,0.309461017999177,-12.7756202225346,-2.86292357453457,999.665667665245,-6.92803625216894
"cv",32.8758337281205,0.334479727155303,-44.4884456527355,-2.86446273702356,998.672307688603,-4.24222551559197
"cv",55.5590173756781,0.25167022372103,-13.2451314209711,-2.8781183290276,298.727683401082,-9.55871358651839
"cv",40.3382934703427,0.310394960220525,-18.4716296138857,-2.86533362596282,997.714157403204,-5.93034630855913
"cv",72.9621578868035,0.320579256806068,-34.6715794421681,-2.89128161517134,999.696699566062,-4.49964228054989
"cv",56.9968178442153,0.310931278564765,-15.9693899613046,-2.84490255532214,999.024896329302,-3.67721730302164
