"","","par1","par2","par3","par4","par5"
"cv",68.2559687240547,-0.378045544708217,-0.820137300264193,-3.62058177540371,-342.851234628768,3.57148076316396
"cv",106.510826932923,-0.614103235668433,-0.303680614238789,-4.27350519921284,-584.012486733534,3.97676731525733
"cv",81.3941767420563,-0.378723871457041,-0.866375421537249,-3.66375646744279,-792.945817836047,9.40487722544717
"cv",94.6567955326148,-1.10188457803222,-0.156886363402009,-5.8353846903925,-381.3743822432,7.50954697010256
"cv",97.4426219755804,0.950382808790436,-10.016338467149,-2.31794342078386,5.79866819556282,2.82880079821273
"cv",89.640200267526,-0.378509941435452,-0.735181664603349,-3.76491383733981,-20.8583684721034,7.61543579498871
"cv",103.147714425196,-0.506701462465144,-0.738774846094216,-4.00793287917695,-72.3844601886607,3.46464150585234
