"","","par1","par2","par3","par4","par5"
"cv",95.852885235845,1.41097748091963,-22.5686076738415,-2.41857932418366,436.774127482095,-0.394876629006458
"cv",108.528774542966,1.36754254305392,-35.5767357081484,-2.54791188916379,451.362000779489,-8.93553370457244
"cv",100.263371584317,1.42159584539145,-40.979290201552,-2.61387566022657,461.590434399303,-7.05859243148204
"cv",103.171270156518,1.21267839558631,-10.990836880789,-2.36428934302123,251.811713296892,-9.58694537881275
"cv",101.152175554965,1.35008991424107,-35.6116928858683,-2.4981142395661,468.94581611065,-8.83843786354885
"cv",110.066340594193,1.27662106505511,-27.474280865863,-2.55160742318325,466.291899344336,-2.72804175384299
"cv",90.8630796216998,1.31845370245861,-49.4827083923585,-2.45311611636531,388.711959957804,-1.83101888080651
