"","","par1","par2","par3","par4","par5"
"cv",99.1074872574272,0.594672779984867,-2.4388357964295,-2.57641987247496,8.60148673594821,-3.28607128682079
"cv",124.756439262812,0.440334379436762,-2.07844399688688,-2.77071228099541,25.7738411590558,-0.245212430987628
"cv",89.2794152799085,0.449754689657644,-2.09243894933943,-2.5538365344319,15.2142317317247,-0.193544172966151
"cv",99.5942737366059,0.571147925551769,-2.18776079563023,-2.65487732074569,18.2985309348701,-0.250144783144213
"cv",133.262818022686,-0.0917769860905384,-1.12108859994566,-3.16134454132032,-18.7209236308408,2.68772922852792
"cv",55.7799286385259,0.563693819697751,-1.96533931998523,-2.51054145511145,6.36008811860046,5.96285547843513
"cv",69.9511803937474,0.482869561018653,-2.15173997737917,-2.50721862508955,10.1580198518884,-1.56919317856778
