"","","par1","par2","par3","par4","par5"
"cv",97.5679177054813,-1.14924353237778,-0.180123034406332,-7.49683858988851,-618.684589397162,-0.145053458400071
"cv",73.8325022001067,-1.22511008679879,-0.0162492112693642,-8.11128325567866,-779.383492121273,8.01773190810584
"cv",101.291623278675,0.871473447371832,-41.5353908257136,-2.29480884506841,49.3052780305418,-9.9607903569349
"cv",99.6750518060693,0.540274826537943,-34.9822113419479,-2.07950382926586,16.4847633154038,-1.7908737258764
"cv",63.1750730317188,-1.0424475151271,-0.534073799848141,-6.37763159513601,-307.669572811574,-7.57178187242058
"cv",40.8402367963378,-1.26018279614375,-0.127830865922233,-8.54440338683677,-380.757611583701,-2.66232362616115
"cv",51.793750351787,-1.25396778905093,-0.485964422114193,-8.49324977395742,-891.238127494948,-6.19796693309907
