"","","par1","par2","par3","par4","par5"
"cv",79.113108790164,-1.24307405140612,0.922291120907893,-8.40749885078446,-223.895396314351,-4.89499543793499
"cv",95.5820318013355,3.85715266222977,-20.7791760180696,-6.99645841014594,930.883009452373,-0.695544497728804
"cv",106.168234288007,4.29409092459828,-27.2344459092043,-7.86309697004512,944.960891625416,-0.718574175786443
"cv",92.1718598354766,3.38523032759691,-17.465602770874,-6.17080812692533,993.13393996837,-0.778833409523138
"cv",98.4501026948662,3.32212316949964,-13.0406326898242,-6.06569240559838,861.861963117597,-0.813010669571433
"cv",100.812414940092,5.23866845561629,-49.9319184740364,-9.8601484478577,931.612705346197,-0.779223175044938
"cv",100.443821747639,5.01893077187914,-16.253289097808,-9.30165427181539,980.312410923721,-0.68801170414258
