"","","par1","par2","par3","par4","par5"
"cv",50.4349331653113,-0.906542872701715,-0.526891947802472,-5.78856303627864,-578.974980428748,6.38740411620969
"cv",94.2090243211079,0.919922086998156,-28.8655802326306,-2.33025872987265,108.388711295662,-4.93844959884882
"cv",91.3407114057473,-1.13739663124753,0.742150901151133,-7.4476465803663,-316.485897457092,5.32646877025991
"cv",119.894770541636,0.959187576304547,-40.4747585472143,-2.39239074217689,107.584087054103,-1.18031392069348
"cv",84.7496498719075,-1.09648358717351,0.288797238959501,-6.97630362949004,-460.037635638918,2.11992348008048
"cv",85.6294159381424,-0.993651792609956,-0.00141260679811239,-6.30154354218394,-207.333700022242,-2.77943396280679
"cv",89.1658828452834,0.984994305853708,-33.4060119411933,-2.33363090327561,96.9854991307048,-3.25607736540703
