"","","par1","par2","par3","par4","par5"
"cv",73.7328938885502,0.419116957151212,-13.9339530712736,-2.51917955392096,33.8936532868927,-0.651613162707574
"cv",133.877430116427,0.8208353828501,-32.758101118264,-2.86193274045362,398.461857731999,-0.438643321509799
"cv",96.8686995017987,0.433601436488971,-9.48446150857636,-2.61685396567409,33.7950673454037,-0.274378423417838
"cv",105.638067532036,0.34829257548355,-15.1862097407203,-2.47412792738965,32.4363033796393,-3.6232970848655
"cv",86.0435699682631,0.374721547167005,-42.5091522503786,-2.52036316763476,30.7480674823084,-0.196093650691829
"cv",90.6034550497485,0.336708735257785,-4.17467229399066,-2.61900540873031,31.4708424200774,-5.21514514463695
"cv",62.7866407732194,0.663659029196062,-13.5573260092608,-2.44266206845878,54.5008174981915,-1.7010121242732
