"","","par1","par2","par3","par4","par5"
"cv",41.0870075094802,0.0737434987262122,-4.04940966723263,-2.713012358516,175.524547659501,-0.587435825140451
"cv",38.7763156509338,0.33715462351257,-1.85091709596683,-3.14862597797575,24.2998115488746,-0.330904366455967
"cv",66.5407053339353,0.326140850118556,-1.9398725437624,-3.07091528919339,26.605080816879,-3.29781695572342
"cv",48.6804739010527,-0.41051214924037,-1.32016422219764,-3.48653662810924,-962.037803085127,2.45804286057956
"cv",40.0081954296805,-0.138969361415725,-1.6427419056526,-3.27005486806397,-846.147741983452,6.37610097742269
"cv",48.5398912243644,-0.211833559776959,-1.51940653605017,-3.31408948349524,-577.845382891606,5.56094150339297
"cv",162.306045742833,0.216111534025718,-3.43861751240372,-3.05829470311468,451.042335863815,-0.273559221854466
