"","","par1","par2","par3","par4","par5"
"cv",82.5806370865275,-0.857369407777089,0.906939567048443,-5.33582261174433,-992.045627672865,1.5932529247387
"cv",71.1723782689244,-0.732031271852552,0.212081451900303,-4.68789738844305,-412.085498521747,6.68507577237714
"cv",77.7052219130416,-1.07762735471399,2.61850302768825,-6.53023438701312,-99.5352985337377,2.86433735856222
"cv",72.398431346477,-0.658710623012003,0.0086251449207505,-4.48667019813083,-893.371002897086,7.61793143344888
"cv",64.7017607705329,-0.683299224021158,-0.285253613467613,-4.43080028063592,-840.006250422448,2.9998063217439
"cv",97.8257428161617,-0.676808218323362,0.39478177947765,-4.74246032952535,-777.90364870905,6.220243192851
"cv",54.7695676208199,-0.796678392229233,0.611065458183708,-5.00272988633401,-88.4586061392473,8.1205755862536
