"","","par1","par2","par3","par4","par5"
"cv",109.341356597365,0.974306211524844,-40.4277642857775,-2.50407472597087,106.973317771209,-1.81037249509245
"cv",91.4429663776593,1.07738598357354,-46.0997972986396,-2.45571077055428,98.5180818257324,-1.98958602164225
"cv",84.2158011174227,-0.778828064039757,-0.102898469672166,-5.06093628547971,-934.604165820215,-2.21521732646784
"cv",67.6086665382639,-0.872235296068189,-0.527254750631819,-5.55050166485998,15.2240194024266,-1.42236597217407
"cv",92.9067175941089,-1.32273077492397,1.06801927888925,-9.71214225568046,-569.801887150888,-0.310260048820004
"cv",104.536408688918,-1.03038741337836,0.822723017036914,-6.6762983224078,-985.643913827079,-4.43198325337953
"cv",93.2781645363615,0.958591172132465,-42.4746878008664,-2.43239250290209,97.1533604170559,-1.09416979121149
