"","","par1","par2","par3","par4","par5"
"cv",138.880273867406,0.20408200061561,-26.8079396587386,-2.83640387769007,970.224375080585,-2.25149708957309
"cv",38.8284350706159,0.458931082379375,-24.0957859229584,-2.82962384897264,157.763929002353,-0.235165493896081
"cv",109.804440448046,0.194259661213047,-27.1835012975713,-2.79541893178216,599.663697842807,-0.0479763484285815
"cv",44.1376802176973,0.430237069999223,-17.2122212475529,-2.79324461230103,157.916129681933,-0.220645689877561
"cv",119.595929621009,0.187359734779499,-22.9903954640701,-2.93096497582688,680.572672627486,-0.0599819545122141
"cv",41.1848915888001,0.563761904507558,-15.8180947345244,-2.81336728490377,163.12878415193,-0.216991081592325
"cv",55.4322718919972,0.0852093789274443,-2.84168978077539,-2.8762364534876,559.836827153705,-0.057499350107804
