"","","par1","par2","par3","par4","par5"
"cv",85.8161991387476,-0.169386216365719,-1.15479690546223,-3.3203859663492,21.892873796438,-1.6637908532211
"cv",93.6899546220181,0.911013553199722,-29.1435651598302,-2.36453108668202,83.8881752188476,-7.23855604417622
"cv",100.883597545547,0.8868640946192,-15.913191967759,-2.38177285659499,71.3791452165025,-0.663718296263679
"cv",105.296183174997,0.851661341143431,-37.3724226141348,-2.43666448913393,60.531147867139,-0.552905643719828
"cv",105.363136309117,0.914116192280596,-41.3336471961588,-2.36178384836367,79.5385214650458,-0.465167965361577
"cv",116.381278879056,0.939052585442966,-44.547523998356,-2.38371853712214,925.089198692043,-0.388715454522055
"cv",82.8617448591587,-1.27217960131711,1.73020279754632,-8.62839464857558,-620.630797165556,2.77908237343701
