"","","par1","par2","par3","par4","par5"
"cv",107.3533908308,3.56167489838657,-36.7036437845202,-5.59882017845941,378.437649597769,-1.39709191087013
"cv",118.726621336487,3.18303398857777,-39.6780132697832,-4.89018351421259,181.499225775683,-1.9475836717164
"cv",149.916214748055,3.37367709946759,-43.4282439346484,-5.49091038317767,140.812935307622,-1.38241860688302
"cv",119.509329878383,3.31296126884295,-37.6490560171691,-5.42144299846973,224.725945258339,-1.88064470757437
"cv",112.17476623869,0.823057103752209,-49.3993292714359,-1.89133278094359,7.92381945043111,1.4934333721191
"cv",118.068856037312,-1.09684021191179,0.191923533566296,-6.47376862679175,-932.042251905734,-8.41053077410907
"cv",105.732333275073,3.61189592190087,-43.3275146362741,-5.61107785099494,168.347598984838,-7.4376469753416
