"","","par1","par2","par3","par4","par5"
"cv",87.9197206954535,-0.152911220471972,-2.51712706932547,-2.71753787253584,995.173952301847,-0.702543480788978
"cv",56.4496140778436,-0.183130327720807,-1.95792872874134,-2.92201888252547,834.537541926359,-5.62302166038127
"cv",119.690218218126,0.763531787896868,-2.0594270889341,-3.26547669437181,20.2182619832456,-3.12128204041289
"cv",60.8886126923448,-0.0418152357468871,-2.45306268950958,-2.82307470179155,778.142852141573,-0.461629685020214
"cv",37.4003194908432,-0.0182142490335975,-2.77332065531307,-2.69519450095937,810.967980418354,0.00855024564997819
"cv",119.87977826438,-0.000407781765629556,-3.36925739255928,-2.70589284481488,754.620800497467,-0.172418039980284
"cv",25.4705792942225,-0.00376125992764265,-2.85097462746112,-2.68418549499272,907.751331173245,-0.131895398982212
