"","","par1","par2","par3","par4","par5"
"cv",67.9174785174781,0.18046178886479,-3.10244826002681,-2.88435684596271,818.540799422184,-0.128778305273535
"cv",31.6723990789596,0.364737246042636,-29.6004165951361,-2.74341644603989,975.374166399802,-0.0898161425116626
"cv",109.884796774034,0.254303845901507,-34.7054414691442,-2.80625118044341,952.74248814026,-0.128412716081238
"cv",34.3027035016603,0.173142239782404,-3.64952873407008,-2.74040344396499,973.651670540178,-0.14630271894101
"cv",84.7268130381783,0.226255526618907,-2.95311584408364,-2.97267362220482,968.297193062607,-0.13863370286189
"cv",48.6503077343104,0.18041920464372,-2.97870058566332,-2.85582467782991,977.742241962227,-0.140473209321499
"cv",25.3701826593676,0.24921766753557,-3.65049332184149,-2.76491155745726,952.132641996597,-0.133028833767949
