"","","par1","par2","par3","par4","par5"
"cv",84.2339479640329,0.871568615539506,-14.9703618350147,-2.32274745893674,47.0548262540517,-7.33224832918495
"cv",97.575401025104,0.921540343815099,-3.52662239751963,-2.40169608803339,46.1672256592824,-0.397807112674285
"cv",90.3664188245187,0.841529033497339,-30.1702924047098,-2.25587821778719,42.433806695044,-1.51596847342111
"cv",114.400325886398,-0.775827501580809,0.0186517449095831,-4.83942201054255,-799.540587987379,2.1076043606007
"cv",87.0338123226539,-1.2766197840393,3.32230896684074,-8.44315216970354,-50.4243127070367,7.17157144464283
"cv",100.633634868853,-0.945468143982046,-0.552664715774358,-5.41309256606428,-431.466705396056,5.01381245216598
"cv",106.119691566544,0.924981075047466,-40.045224314692,-2.3943169041391,52.9946775249047,-0.436542900452535
