"","","par1","par2","par3","par4","par5"
"cv",68.5662151292345,0.399574258413502,-4.10874937089399,-2.76854233308725,975.17432888492,-0.289015173995824
"cv",61.5057608938115,0.270762806480753,-1.51742908165614,-3.06593730840533,20.8186153563633,-0.98339583027408
"cv",61.7810412897605,0.356365500764584,-1.84966073291281,-3.06398168074798,18.7178525678502,-1.6883203696208
"cv",59.1803747349059,0.352457874271337,-31.644118481518,-2.6299702472451,997.427274063584,-0.263843469766314
"cv",86.473070123234,0.31106794549607,-19.68932947822,-2.63937801151834,998.409675414416,-0.056884956017167
"cv",50.9513332440315,0.352811675198688,-4.36463314772316,-2.69164735451091,978.326399844579,-0.319850881015976
"cv",64.757828202932,0.411960585072731,-1.67980182181584,-3.11864662859168,23.4043081385273,-4.07184414305125
