"","","par1","par2","par3","par4","par5"
"cv",97.8726393432095,0.488999354768468,-2.67648299839777,-3.36205261358117,27.2803255356848,-1.91632341713615
"cv",85.5152202510335,0.6858445255616,-27.440374334141,-3.19035994206695,23.8334771818801,0.0561970188344305
"cv",105.648300197214,0.346867764183823,-3.85337279225828,-3.15930374270188,987.910083811096,-0.858119887765015
"cv",33.0990248521922,0.583768776393283,-11.0465249369058,-3.10051003437281,15.8023950619166,0.42324179290785
"cv",23.1066671491824,0.523557204594246,-3.56190700692567,-3.09838404308142,27.6837950255126,-7.06618177106938
"cv",70.2920619917683,0.543419132737173,-2.99536067846858,-3.3122938699176,22.2902302316631,-2.87186455106653
"cv",12.6240790080163,0.480705047251141,-3.96550094756911,-3.12097672738622,19.1390651553134,-6.35359361007351
