"","","par1","par2","par3","par4","par5"
"cv",62.0035436242182,0.888367780599331,-18.7988794600622,-3.0480342627872,29.8265237300328,-3.69489707655361
"cv",46.7121866499998,0.312782862610371,-30.4813712781757,-2.76588496871105,998.564643712435,-0.149822699886533
"cv",57.8327694546469,0.540913422946648,-20.7605809542035,-3.24794178848899,994.735622265516,0.297850236479031
"cv",64.5332959275336,0.429905726403998,-29.3044915558892,-3.10835259391058,680.764571367598,0.354650320501189
"cv",49.2648863946008,0.30168986917044,-29.1646398643303,-2.7023573715367,980.581753258645,-0.250513202971892
"cv",112.509200604608,0.780205855254932,-43.2173330186845,-3.19223875543516,30.8460677323786,-9.1659536078593
"cv",119.894763639919,0.648285264768438,-32.0681851227519,-3.27934988294788,979.139931070417,0.314718396802965
