"","","par1","par2","par3","par4","par5"
"cv",99.6589065940789,-1.07240558642788,0.0150145944450579,-5.91488798001015,-387.912143430518,-0.547230855282416
"cv",85.670335519502,-0.789400327286125,0.799783617258072,-4.48050402787841,-937.549900143669,2.18703107687432
"cv",93.782412047281,0.79622546698545,-12.4434213533725,-2.19394283246687,36.2102549343331,-0.543771763173039
"cv",92.1202405559272,0.759738111855215,-13.2473859262056,-2.19142878149587,37.2035704173163,-1.69063444412181
"cv",102.927976970546,0.811825986655047,-7.37170106661013,-2.16245501482163,36.090379837552,-0.159606660652444
"cv",105.087962385827,0.652409271050893,-15.2146150237687,-2.17903144864421,16.0820387204645,-0.653544120374679
"cv",107.458376685704,0.69147829898589,-13.9682293368509,-2.22864075566271,39.9001042034356,-0.372160854863397
