"","","par1","par2","par3","par4","par5"
"cv",92.6648093854784,-0.849211535204779,0.277875287599542,-5.41343993646587,-704.04452234945,9.50850585941225
"cv",52.2087682836391,-1.32790933402119,3.4901878311516,-9.44500153421281,-524.432532393396,4.30996801488396
"cv",72.7898639739001,-0.9315868426764,-0.524699778668586,-5.47970527265051,-853.340496005021,1.54016575784534
"cv",97.9347376517708,1.36522986794786,-45.8037011724132,-2.83966434622935,119.072972739104,-6.5664564202117
"cv",69.7144900955714,-1.11110502177237,0.0413572519363212,-6.67991341287397,-882.084245493464,4.59913789343957
"cv",90.4649310803105,1.37638287515659,-34.3903941450968,-2.79199876127378,110.39792822109,-0.674958150427784
"cv",52.2978691960179,-1.3073683714457,2.40165255768836,-9.04323224765549,-994.257733225635,5.38587797583284
