"","","par1","par2","par3","par4","par5"
"cv",67.420915922421,0.307785116272436,-31.3796382129605,-3.47152488500486,16.2165495765663,0.47803469630408
"cv",28.8383573273425,0.348406083840188,-24.4809669541862,-3.52580100645096,16.0808273970395,0.48691293900689
"cv",33.3752884286398,0.390442306054417,-13.8171330306956,-3.49522813756051,-58.7440618233824,0.383906985661567
"cv",43.2547409947331,0.332354644658927,-48.365973543351,-3.64546435843529,16.2842529048516,0.549894741583576
"cv",18.9532647498947,0.355181385905177,-19.7906959570408,-3.53109410851868,-38.7507633453602,0.556313411634658
"cv",29.7946210241207,0.326196181410273,-15.2587449241666,-3.49166894950013,2.5050828061838,-1.15093185454706
"cv",52.5795392393936,0.324600326316396,-12.5369685496171,-3.56283538996676,-47.1298290517315,0.381912133908596
