"","","par1","par2","par3","par4","par5"
"cv",90.7385922812181,1.24657784723773,-36.8612797518698,-2.36033885076581,104.021666102907,-5.97280037440314
"cv",102.19250264566,-1.30882165210483,0.589327490888536,-9.52329413833624,-96.4024457274905,5.60443890649779
"cv",52.7761408701263,-1.16573073133731,0.597272627022676,-7.55502943111994,-192.282931174793,2.33204274212193
"cv",61.3214096605145,-1.34392257905542,-0.649415783881965,-9.96718509853558,-246.9411765503,-4.91096421610564
"cv",49.8272461547974,-0.897551146811491,-0.0393293530040371,-5.73848898025278,14.7366026801574,-3.44500944314721
"cv",58.9335753492577,-1.27627015588452,-0.0793616206316742,-9.09783649995565,-519.158115461517,2.37438888289034
"cv",47.7550974756443,-1.09830858142943,-0.391896423672069,-7.26047173275354,-142.350429725178,4.17750998340888
