"","","par1","par2","par3","par4","par5"
"cv",102.927889755205,0.560264394354678,-7.68690141323944,-2.26908578323601,16.9436392817342,-3.51357978302985
"cv",85.192768828629,0.539600360957575,-29.4428006280214,-2.25419256088381,16.7808121746948,-7.22653913194116
"cv",152.008866214068,1.1794381928245,-36.611202036055,-2.81250717277479,216.639934255841,-0.987574529252513
"cv",116.751058406985,0.559177508841735,-20.9921207709433,-2.27323896767544,18.425946456347,-6.19073870760906
"cv",92.6542475484223,0.612972498335747,-42.3748358468115,-2.25424614438232,17.221434881502,-3.98021940141916
"cv",106.188289196633,0.559697283604571,-32.9563116777826,-2.3813692500322,17.1668253615355,-3.67548819020554
"cv",88.5248274722149,0.505434301399234,-18.5339891247861,-2.26572942830133,19.9084357057854,-7.04649889282058
