"","","par1","par2","par3","par4","par5"
"cv",102.707528976041,0.631621038154315,-10.1435599242345,-1.99151700721999,35.2864003332386,-6.06287928072605
"cv",127.031273466151,1.0642166657573,-3.0643783501929,-2.35755315099772,109.360906701324,-2.95775164817436
"cv",112.099588752911,0.657876848369624,-3.40180108323693,-2.04460228623371,8.28507234414448,2.52889252459567
"cv",107.671750448297,0.780456437885209,-23.2864174965343,-2.04950777472109,41.7091757656743,-0.372726642637145
"cv",106.194693598264,0.663105831845781,-9.48362767080167,-2.02576546366241,23.9053782522053,-1.77504152391833
"cv",101.035853755453,0.656668486740499,-4.00128573507353,-2.08241613717984,29.6524040004391,-3.54413806379752
"cv",101.588397826315,1.14096107523062,-33.8727813515182,-2.11858525898152,101.229660285952,-9.66463976821819
