"","","par1","par2","par3","par4","par5"
"cv",95.4665026762632,0.109045630694586,-1.88905736528371,-3.58190481057456,29.3819560992476,-0.523943438161749
"cv",62.8415690300026,0.413633330117054,-45.4123962437734,-2.99047500284476,245.998320973314,-9.53787156718153
"cv",71.1315085611867,0.427970869295371,-16.7660716644935,-3.03018761704133,327.008363210595,-8.11480700710041
"cv",36.1294616258572,0.665227508591587,-13.2539182309522,-3.19143075028614,142.362983358985,-0.384153304561985
"cv",19.8482984339699,0.66014577135588,-14.7824419873613,-3.21345679240796,137.255384803209,-7.76777016880233
"cv",45.2602409431759,0.152252944341555,-1.86724252742487,-3.38835299238298,20.3887450874779,-6.79626443551466
"cv",57.0687349749932,0.688554127434477,-45.0783656724921,-3.27043311797668,105.089044713183,-8.14213045684648
