"","","par1","par2","par3","par4","par5"
"cv",123.326810179065,0.275709710116768,-35.2646321220054,-2.48363030461962,999.952021564711,-7.02955498821373
"cv",120.40747502318,0.413538557907251,-36.6011058585777,-2.45662575872218,98.4537351202395,-8.40772230262703
"cv",75.5380335205987,0.545897076090874,-39.8738616761173,-2.31303808605118,91.233673783921,-0.45416207851431
"cv",70.5477260497079,0.607056657028807,-36.4561672900368,-2.33166232832726,98.3336930494763,-0.121138891424981
"cv",71.376021742583,0.525836864834462,-41.3473401512529,-2.34180033728553,99.9151843773528,-1.27804657659764
"cv",108.018186836655,0.621853237714728,-35.6093136133608,-2.43214900890677,97.1769608052594,-6.40244138137498
"cv",103.489297738347,0.578675006228819,-38.1672981826897,-2.39822146540575,32.1409913929822,-6.83148766503333
