"","","par1","par2","par3","par4","par5"
"cv",93.0731994678002,-0.609756426885724,0.289309083856637,-4.50112835945065,1.85294660894021,6.21458819601685
"cv",108.840237534912,0.625028594325088,-1.95886349457504,-2.37393961181024,10.4230588908695,1.2290821826968
"cv",63.4991766075718,-1.15383945871145,2.92185856495053,-7.45319136568755,-431.275472132513,3.05152311790063
"cv",61.0224741310404,-0.847553256928944,0.790729287742709,-5.22917390942416,-382.874283082222,7.28965858463198
"cv",111.118813923955,-0.41950335069041,-0.834928329735996,-3.93662226316791,-568.117271119893,1.75199610753507
"cv",88.8438782625111,-0.76076602782663,0.46307155736384,-4.94300183652448,-461.521994815299,9.4373152417003
"cv",99.5096123411965,0.0646467307677138,-1.73523559379788,-2.47673030927333,-56.6086917519877,7.00147324187555
