"","","par1","par2","par3","par4","par5"
"cv",70.8360346833389,-0.0571354158195109,-1.43328051483281,-3.04804587955049,-503.280332601323,-4.71921885976115
"cv",117.706873974969,-0.00355762077949587,-1.50403539281678,-3.05906926742458,-383.036212995648,-1.84809925625361
"cv",101.800267753257,0.414732479580998,-2.56615717578627,-2.61955896382858,-856.499279849231,-0.880980324634565
"cv",77.5569185813227,-0.101932903898451,-1.32102801753985,-3.19538310691936,-778.305803216992,-2.62668093258052
"cv",73.3120867699984,0.228324096805196,-1.71773135797245,-2.79816615732826,-234.376755654524,-5.67687572043606
"cv",48.1042387190562,-0.0893319825943363,-1.25817943211085,-3.18398131234712,-838.790206606347,-3.37166729984763
"cv",66.475809520763,0.368512502964934,-2.21368347843714,-2.57396014528003,-907.777521981546,-1.96557960535572
