"","","par1","par2","par3","par4","par5"
"cv",70.928346750667,-0.658308055949256,-0.793557805348934,-4.59003950112169,-414.027456175823,8.52627080165502
"cv",54.1227384406521,-1.09629717837977,0.320076650275329,-6.71103479374599,-160.101334706927,7.7632225255875
"cv",60.6831775541494,-1.17871360387653,1.2930826516822,-7.56069339729263,-166.750131638323,2.43625426223587
"cv",68.5754000035778,-1.07023718642273,0.639512887224555,-6.52833644972908,-516.676600577674,-2.52442436699063
"cv",75.7660970199981,-1.31505059474924,2.17532674968243,-9.09044098110798,-339.457932442375,2.28125083357141
"cv",105.275503253601,-0.901946143946518,-0.154452687572413,-5.41200830641447,-836.163455725601,5.27311331547017
"cv",111.181113303875,0.779772909060858,-11.5942677814036,-2.09485442275791,33.0903681221787,8.89187285810089
