"","","par1","par2","par3","par4","par5"
"cv",51.3888806057942,0.387794664642917,-24.3146076146956,-2.67535798914006,30.7100424543023,-0.952082767743885
"cv",220.299346719622,0.948267882860959,-43.1599255051328,-3.03332415807461,989.744600448789,-6.19098290677364
"cv",99.7888472401527,0.251952056073151,-38.7159464175887,-2.79765826234688,8.26887005841722,9.00765107375907
"cv",54.1325102953818,0.237622317982271,-3.32253727282508,-2.77623129996103,26.0662419485836,-0.140707563930442
"cv",113.87801246999,0.405641609065765,-6.20959254302867,-2.87463130417652,26.3488679252102,-0.74613483436828
"cv",80.845125282951,0.277575835615644,-4.6735045956951,-2.65635580582578,25.2361117845411,-0.41989315314108
"cv",82.3876333628368,0.264368838940228,-4.30805133728722,-2.67344616326851,23.3316629939879,-0.190488680173068
