"","","par1","par2","par3","par4","par5"
"cv",124.395259510478,0.226404775363176,-1.43390316476763,-3.29028228199501,-488.365212278205,-0.038142213703649
"cv",96.944037216311,0.333950728085682,-1.41520147869507,-3.03395316954094,7.54436339718551,-1.32732827675144
"cv",60.8613894238954,0.277547692627712,-1.36655565452964,-3.07684619993951,-114.228262895123,5.751192656404
"cv",111.097266322165,0.154596154200861,-1.28054378620292,-3.35969326151597,-523.042575567758,-1.70105579571949
"cv",66.0013969350241,0.392345303319829,-1.45651495372722,-3.03584167753683,-889.858189485877,1.37905966659724
"cv",52.2108712655697,0.380719359407326,-1.42118790935656,-2.97695980225498,-611.888093408197,3.08584283382017
"cv",79.1059631170532,0.179917331783571,-1.4496730412948,-3.08049435410589,-254.342585804428,0.256939093240154
