"","","par1","par2","par3","par4","par5"
"cv",74.9747281086917,-0.782869833975331,-0.477846547877369,-4.41126270087424,-763.570918955812,8.32869939040393
"cv",118.437554403373,1.02490385543988,-42.5528106889483,-2.13531053420731,-114.21386571601,-0.0710554189726286
"cv",65.6570395691249,-1.08780913778584,2.87534632493826,-6.7880497352844,-381.835516041757,4.78765276416651
"cv",91.1316527122291,-0.422483603395062,-0.751094688791108,-3.6149085937037,-547.878995969333,7.19199279559067
"cv",116.713986069861,-1.10987601398476,2.25953600744918,-7.0000084091922,47.6238861457257,-9.04446363520964
"cv",89.6335890953337,-1.19410008366896,3.866974340206,-7.70528304860458,-96.2916578960391,6.49923507684502
"cv",71.9927417739842,-0.502094729836201,-0.570543418325736,-3.87751530330796,-851.466591912359,-8.90668181157152
