"","","par1","par2","par3","par4","par5"
"cv",91.4662419148213,0.867397353188957,-38.6444352093822,-2.61862773177832,34.3900044543588,0.127602886749382
"cv",96.8137685413575,0.832995768312485,-48.7170722633804,-2.45348445452469,29.1787495912714,0.185731177179766
"cv",46.3901333472809,-0.973084751465394,-0.00926270009942987,-5.91174048217894,-101.885552742804,3.50440019455135
"cv",64.3460747098381,-1.09945259599115,0.521726133458317,-6.87684478064892,-0.747072510421276,7.28674878078763
"cv",91.9089644907851,0.844781154027712,-13.8364155774723,-2.50964792317705,30.62928684002,0.21825830725428
"cv",86.9808930130367,0.952866629493677,-11.3520878246669,-2.49347594645675,32.543545555898,-6.20556916813237
"cv",39.1953246553725,-1.05204656712502,-0.194268674503326,-6.49563053791722,-75.0747042434252,5.48190258423566
