"","","par1","par2","par3","par4","par5"
"cv",90.0653493757454,0.843778943392199,-37.3769854314574,-2.44883830587959,47.2305887185616,-0.209079821753793
"cv",86.1933367401588,0.732492229202973,-3.06111990897391,-2.45620439283395,37.9826061237153,-8.97512109250389
"cv",92.616504998006,0.829406684314434,-23.1330695816613,-2.42759788237918,16.6332901168302,0.455162615440122
"cv",97.4629009234799,0.60194097592643,-2.13626717246591,-2.69212423133931,79.4739606090613,-8.71667804612335
"cv",90.5876544313758,0.766261367200319,-2.67407723786117,-2.41601096756841,10.9272738437101,0.84048235029347
"cv",93.6109387336147,0.381458128611292,-2.1494990428128,-2.47854445423375,-257.648904783284,3.06406511444445
"cv",84.8574665224684,0.679986158765413,-2.6448185249202,-2.43451537736524,6.83638836425634,2.99534837623988
