"","","par1","par2","par3","par4","par5"
"cv",115.616686184098,-0.360229600215236,-0.8066151599933,-3.46855659311682,-504.178222440881,-9.91772279871883
"cv",86.0700180408084,-0.226923349590699,-0.88749715275078,-3.298978976054,-34.7543085668727,0.910267992709477
"cv",87.5005030833335,-0.210646686633352,-0.939445125488086,-3.16266784220693,-187.084513354409,8.69680110970248
"cv",118.320141386667,-0.171706137698872,-0.888254510416251,-3.32042011740104,-271.111970576893,7.86639731671574
"cv",90.8464125505237,0.226256001742476,-1.3055324165157,-2.57043651926554,-351.992589188498,-2.58697146850434
"cv",108.703286113073,-0.174120987510418,-0.92055001907784,-3.31114660682653,-398.874049320775,-6.54012998480063
"cv",105.668217257675,-0.788847908831519,0.939301637184041,-4.56267114521458,-0.511581425846529,5.40021438629176
