"","","par1","par2","par3","par4","par5"
"cv",97.219250502335,-0.00824680772197412,-15.3975603656144,-2.86519229290892,197.653686056324,-1.07742335775687
"cv",239.924250888406,0.459010474231724,-4.269947607659,-3.85745039058442,46.523261444331,-0.209713361685611
"cv",56.7606533443417,0.0874833929193337,-25.7478827243908,-2.7957816885921,275.357677949615,-7.81357534606818
"cv",26.8677725510508,0.167166483490968,-22.4492811415839,-2.8937225833568,277.920335353135,-7.19425089250386
"cv",12.3015151802726,0.290587424281209,-18.0343142093974,-2.91218920423526,284.761358388999,-5.21822293754667
"cv",119.894763639919,0.552506162520144,-49.4090422553979,-3.79538038371687,301.689792530193,0.772317337597852
"cv",19.0955821395735,0.277584240262058,-25.0325969442019,-2.89489294191316,285.118999373593,-0.281731826168523
