"","","par1","par2","par3","par4","par5"
"cv",63.2013636631651,-0.981071277096422,-0.355957968551929,-5.98285262605042,-865.203845013436,3.54517011658288
"cv",114.876683877573,1.20813415395071,-45.8980216499916,-2.57663496457227,221.249938592988,-0.484500407757617
"cv",94.8142532517775,0.843071109517582,-45.3336365753785,-2.27898709337187,44.3559645846551,-0.625742918131493
"cv",100.768257753725,0.798819087631359,-15.0587514036003,-2.28101584150733,40.9475761555831,-0.385928869789028
"cv",117.190796858777,-1.22118059553608,1.73016357572919,-8.35098654304941,-731.338681220072,-0.0923063757412921
"cv",90.1672363680985,0.738597904695662,-17.6413431598346,-2.32841273738793,34.4108184561682,-0.690974020463136
"cv",77.4984975137333,-1.17626472841948,1.26011052634567,-7.62761673863713,-832.013854152466,2.7985907625407
