"","","par1","par2","par3","par4","par5"
"cv",101.544951286915,0.416698946629021,-2.82675053060113,-2.66252696633232,-938.79116306999,2.3465620337775
"cv",79.94856675503,0.481775451770745,-6.22223214455333,-2.58001109552487,-631.689248877931,6.16750564100012
"cv",87.2717573870689,0.673370873347367,-16.5966840570886,-2.5810681262078,5.38452409852795,5.13072204615375
"cv",75.6143232481153,0.485043410306858,-8.88295544182879,-2.59515651555459,-641.299733879129,-0.0907168249236118
"cv",116.735240224903,0.520797695535581,-9.200297619936,-2.74985870667714,14.3153995760686,-4.09360942979048
"cv",72.5878379302913,0.489644389191867,-9.35680756510902,-2.56529609805513,-926.887510085003,9.81032610265416
"cv",64.208900556724,0.497912674941021,-8.63349814157173,-2.47617747756218,-5.60754554338382,7.6447687579848
