"","","par1","par2","par3","par4","par5"
"cv",77.7106583474452,-0.8223237737371,0.172458456390617,-5.45980303615479,-151.249759985377,-7.29505891336992
"cv",102.237574695588,-1.22064569927836,2.94953691773117,-8.42566098207377,-319.54380612684,0.559911549429341
"cv",93.1399165847537,1.18325417404484,-48.0912725545596,-2.50157792694921,123.597579481754,-0.800896445924048
"cv",96.4053760040661,1.34030600287954,-33.9298080202363,-2.63708706637793,672.013396837853,-0.799139820929026
"cv",93.519692927867,1.08787776587124,-42.8276042290208,-2.36565390561553,118.676927228796,-1.99100271162209
"cv",139.030423372697,2.7998747650963,-4.8984264680375,-5.57573342674794,946.220163037613,-5.85583279027708
"cv",95.329367549448,1.23760218875477,-7.09422080436023,-2.43214074247081,556.86517482672,-0.95047721170188
