"","","par1","par2","par3","par4","par5"
"cv",86.9350940365599,-0.977455151067061,-0.269536861641066,-5.63737042909072,-787.45972207979,8.93433761707497
"cv",108.41787641184,-0.925367262792292,-0.454306898538583,-5.37177137807573,-288.525067160335,2.18401070843395
"cv",101.288691625634,0.783847376376322,-47.079003274085,-2.19903988291428,5.65372881461042,9.86925402656198
"cv",88.7064400547053,-1.00015242477881,0.77332238460333,-5.71568473979482,-4.41865384190237,5.24304327951562
"cv",74.5943874080276,-0.608627123319861,-0.746686751829653,-3.98393485537036,-267.90292169333,2.05414132332786
"cv",95.9586606893029,0.586416985314101,-3.24605857593247,-2.12794529024127,8.29445756971836,-1.60946327261627
"cv",57.9542897116261,-0.677340713859353,-0.433020457467345,-4.29426776096173,-921.639058738947,0.510752258926694
