"","","par1","par2","par3","par4","par5"
"cv",76.4809090814786,-1.39634387087131,-0.0913043413327088,-9.85011997097095,-700.901309613169,-9.14359874649061
"cv",70.0804123642907,-0.706050489727394,-0.572828309884048,-4.52288613909247,-981.009757353434,1.50066443815765
"cv",100.907924499327,4.80754391381749,-39.2424636794617,-9.41767591041519,731.100986723767,-1.76858776287072
"cv",102.61513641583,-1.34269303938549,0.901778495215284,-9.87035311041218,-288.069664050703,6.86015904223789
"cv",60.4327545321311,-1.20838940763116,-0.0563493371860089,-7.95066162800091,-6.87158195123348,2.32981422798943
"cv",75.9758232306783,-1.11229638690678,-0.272905086251893,-6.93901906764456,-845.140046842376,4.67736717087959
"cv",61.5837225839059,-1.36021308300887,-0.453618414118772,-9.8315023509094,-716.052038861103,9.91262876925292
