"","","par1","par2","par3","par4","par5"
"cv",85.7918100969088,-0.385345021126928,-1.1353776557371,-3.60820029152535,-230.06180402756,2.48343906854393
"cv",94.67796154827,1.43537365512138,-35.3251434704515,-3.17149015815062,302.769718645012,-0.993851480850473
"cv",85.9862751509606,-0.505889062852835,-0.497563810580037,-4.61413845548815,-56.628132224465,6.1149221593046
"cv",102.567849888282,1.45065109287924,-47.781043864896,-3.29656266072137,158.730903870842,-7.7007039592016
"cv",77.9977085987213,1.39802857278911,-44.9242119004834,-3.07556350040412,256.730044792521,-0.901801137919072
"cv",80.5231867736538,1.47719611770982,-12.0452387818165,-3.20847775659445,239.116861128296,-0.877597465407286
"cv",87.7939769837148,1.46377968002352,-46.3375397725031,-3.22071807794497,418.864653466627,-0.645691805875198
