"","","par1","par2","par3","par4","par5"
"cv",69.7200665963948,-0.860192054324048,-0.000620360732085601,-5.45019580530702,-669.663106488777,5.21193299267293
"cv",78.1183272992436,-1.30504145391751,1.14325645215876,-9.24241080877515,-656.193320492086,2.06618654474215
"cv",90.1079655894954,1.03058487628485,-32.1928670971081,-2.46124539526932,50.4904688662277,-0.157447140929023
"cv",54.1048068721494,-0.657677365818143,-0.348666634145494,-4.87543453963051,-689.658145971822,3.64071667714533
"cv",61.4926234501488,-0.64933981264207,-0.617574198756697,-4.69886768639493,-299.424888948744,-3.20987167354658
"cv",51.683766510007,-1.28173653575948,3.65632481632213,-9.03854961254527,-894.838907823192,3.34756733502478
"cv",115.142005460287,0.976803418924473,-11.8106107894042,-2.54089500407819,48.342400840387,-0.162798428906575
