"","","par1","par2","par3","par4","par5"
"cv",91.9600076570144,0.246117307505786,-2.93313572890656,-3.42361455002869,978.849146922874,-9.0058683324674
"cv",42.9149381567543,0.297833773608897,-3.80166201572383,-3.17180045342772,995.534232763977,-9.73554625788675
"cv",50.7978104142272,0.2108390725898,-2.86966420248224,-3.30169711893701,970.815639791885,-5.60923131171151
"cv",45.758558761261,0.218694856256461,-2.63813920462753,-3.33416521089515,996.483836294553,-2.159745869576
"cv",51.7831112788149,0.362758338025994,-3.36041525327652,-3.32670416575593,987.203010988792,-1.85499395421653
"cv",43.8157878967045,0.337850965232972,-4.32979247998446,-3.21464819667798,997.163480002978,-2.87243180084042
"cv",54.6378870078347,0.186095861213418,-2.61118532371143,-3.27453658945698,985.129028218103,-0.630552985006647
