"","","par1","par2","par3","par4","par5"
"cv",86.6265349974806,-0.49277704313672,-0.440099475889741,-3.93434075789513,-922.654004366727,3.66250304039568
"cv",76.6045352821979,-0.589689372159037,0.00779702929006465,-4.12781687577745,-107.458089839551,-6.18831752022258
"cv",94.154703259365,0.775111015404261,-8.87572945280835,-2.25718259966022,21.4193171020653,-3.84610406725663
"cv",77.0336517648048,-0.118685175060571,-0.961395143972404,-3.26464493238085,6.42575183883309,-2.24537045593886
"cv",114.884878314028,0.699760717932116,-23.1037768598973,-2.31317627151408,21.8628119590634,-7.750780422441
"cv",78.452137808743,-0.229606024893927,-0.957805196673562,-3.13643843264246,-92.0853789290854,2.53555404087528
"cv",121.672930262362,0.766146141512294,-7.70603083657548,-2.35411007626477,35.7027251249411,-6.59955857431224
