"","","par1","par2","par3","par4","par5"
"cv",104.224066890873,-0.219064300001325,-0.887618714924227,-3.51881601568279,-561.907905918279,4.39130570358289
"cv",101.199674477826,0.285532506214296,-2.22213769195873,-2.43717461406496,9.42000665502091,-3.43517426504768
"cv",110.505274674331,0.66363903054569,-11.0104256816518,-2.30242037735234,9.86142174244691,-8.21674167921809
"cv",94.8760269177826,0.643845080937295,-3.55136449597065,-2.27986313242473,9.95449139679257,-4.14717480581897
"cv",71.0898670919502,-1.09914531791936,0.638514557531117,-6.88988467242159,-627.151667746665,8.48800161986611
"cv",101.274677633123,0.760564664620638,-4.76445024869303,-2.20028764078794,6.79887811522515,2.57946519907728
"cv",86.986942501033,-0.321867382032476,-0.785164619568991,-3.63559164223438,-615.072830580175,2.55265397353444
