"","","par1","par2","par3","par4","par5"
"cv",89.5021318995726,-1.28477268539917,1.93232879973948,-8.9216246176511,-449.772066999916,9.59628894872488
"cv",81.4270060268003,-1.2394578018515,0.789787044737914,-8.36958758702428,-681.557907274621,-0.42723761136623
"cv",100.861947924791,1.01789822639917,-23.5343989537893,-2.48354336523697,520.825729386879,-1.2596236057654
"cv",100.21895088629,0.968259491816784,-44.4354174655579,-2.48420467647192,350.097174432895,-4.56048985263575
"cv",88.8833195058695,-1.08616091441074,-0.333844084188193,-6.90126125037138,-356.891985982656,4.62254200034119
"cv",108.056710089997,1.19067624651836,-39.9371283958907,-2.66118918271954,288.448872968502,-1.25507132446343
"cv",101.131565711251,-0.948348164215024,-0.481757751792671,-5.74992392465788,-750.3065247309,4.38214539563872
