"","","par1","par2","par3","par4","par5"
"cv",118.188332067322,0.307586255656092,-1.50457360025962,-3.19236848657084,58.3860260357826,-4.29812908241746
"cv",58.3669113766991,0.495624267895121,-1.91653580830426,-2.80650382028972,52.8849576346252,-1.80752598425373
"cv",98.2428237103201,0.473975880501974,-1.91598295386522,-2.93429325996692,108.874464821083,-2.57288243473751
"cv",66.0211821974171,0.682618253448607,-2.67826912712975,-2.70309324504447,46.528280292503,-0.635128034148021
"cv",95.6772436690128,0.582926353113435,-1.99307671217414,-2.79392603375384,52.2904584908521,0.0165358340368524
"cv",67.9149178608681,0.61156560260698,-2.75947938195407,-2.69131553858973,64.3494525395078,0.0947106084706082
"cv",59.7681094086385,0.325379239724139,-1.54016738703113,-3.03593035951261,52.7707222014191,-3.20979470916477
