"","","par1","par2","par3","par4","par5"
"cv",107.364485883413,-0.0910965349287405,-1.09734150884104,-3.34649210151168,-48.6441164361698,5.63123111946132
"cv",102.33562642152,-0.149533472779952,-1.0926636417758,-3.35269179554772,-535.11779953328,1.88893178151531
"cv",96.9634215401689,-0.142909284867865,-1.0982967983652,-3.332517006586,-363.671629165238,8.43147315975564
"cv",86.4288646880912,-0.154339666475838,-1.17565589558549,-3.28133752797965,-721.907018218189,6.17414652657143
"cv",54.5849738737636,-0.131279329961656,-1.0616807524647,-3.28018148382574,-596.200455666542,0.0141325410618984
"cv",103.11319130162,-0.180848896884622,-1.12735818474355,-3.13715364932993,-976.30371901474,1.47208618126096
"cv",57.8956923829576,-0.148041332278456,-1.14407011338474,-3.22010100532724,-215.968625221355,2.32999266852042
