"","","par1","par2","par3","par4","par5"
"cv",105.952893333998,0.982114929747421,-45.5536970089534,-2.34650968355877,54.982889985551,-0.287379224973062
"cv",117.804486974821,-1.12616165605004,0.3108862615895,-6.93306974014573,-518.514215678202,-2.19391297786756
"cv",93.1947931952681,0.931792766733928,-28.5687692376318,-2.31264200449796,48.1710356425853,-0.225914860794187
"cv",86.818893031458,0.969746585469355,-8.23104963554612,-2.32753755890889,55.9378397883307,-7.86577131290769
"cv",96.7448514158728,0.837622556687938,-36.1752095697444,-2.24653680762217,61.1806248372473,-0.14840505006261
"cv",87.5242135226972,-0.473907034289166,-0.800265255696402,-3.73214783281913,-575.75539075089,2.03077774962968
"cv",79.9588421937199,-0.836362630474859,-0.710527645767789,-4.7505930159299,-400.455498602241,-3.93074189248508
