"","","par1","par2","par3","par4","par5","par6"
"cv",126.490919325463,8.12184302601963,1.48539766669273,-5.98799411207438,-467.335366178304,431.64377193898,9.75562452804297
"cv",121.643966696758,3.94442821446163,2.9242256949292,0.130547072165305,300.905832108635,37.3551324009895,2.25287858928047
"cv",121.740002666863,-1.2856188444695,-42.2052941313208,-1.4721236044505,-623.364548198879,169.390082992711,5.92908236179433
"cv",120.269757829355,-6.82935308036557,-38.0053325864666,-1.31157523609068,-885.266396025198,247.053532395512,4.04227251953449
"cv",120.071672652608,3.67442454465908,4.44164360121339,2.3929979077824,-355.407500833085,386.904686673576,0.428867675330639
"cv",119.195492659191,3.44509090330879,2.0292991399765,0.0401422789152717,792.87804255258,40.7094591739961,0.831414115238316
"cv",119.642516362318,4.48534440477192,1.54058691114187,-1.68341825529933,632.967429235578,35.6341804323196,1.82062920374466
