"","","par1","par2","par3","par4","par5","par6"
"cv",117.569122426223,2.06997409025801,-45.0461985031798,-3.85387138625952,33.7742950919208,962.669592382146,-9.36475052866248
"cv",147.82429730871,-0.897084277872598,-22.8730983541892,-9.97551932887213,-482.754401910613,499.034356511471,8.24358895871468
"cv",112.20132842239,-0.56632077896784,-31.1689468347452,-9.97643838117306,402.47344924137,779.270934917325,1.08186069672275
"cv",121.171074469672,1.71593666582104,-42.629568256543,-3.34099300275669,32.1071636978609,935.027238425099,-1.95177023950667
"cv",119.877216437168,1.34126779438393,-30.1152236484643,-5.72496663075962,60.8344236228023,241.155570630555,9.2349007451299
"cv",145.613672216444,1.77407274172639,-48.1236070826594,-3.7081340535293,1.01324626257454,275.823472053686,-1.64284930379427
"cv",119.894763639919,1.34885519141553,-15.5870198097096,-5.70199362607711,62.0272420213551,567.387232026902,8.63435622759728
