"","","par1","par2","par3","par4","par5","par6"
"cv",118.486763946129,1.1474188299328,-1.18552559984279,-0.456247584388581,301.267504056136,-580.554693608129,7.63183085984237
"cv",122.441916185029,1.49745119585325,-15.4774415429559,-0.570753763725721,628.374446828302,-863.1326378756,0.869253852981448
"cv",121.662777359146,1.59530236366485,-22.8349541415101,-0.730129803286241,452.888200525194,-194.383673444144,1.74035349647993
"cv",120.008278499994,1.01433954872927,-0.967486439751476,-0.412064544727125,421.207549432945,-594.980846252292,1.15034074546696
"cv",121.121279430117,1.06179696896755,-1.1911554293097,-0.79359679253611,430.721944355736,-731.640462679365,6.08161134954118
"cv",119.470289772517,7.73665965069085,3.74269289082578,-2.40221883367973,-381.539461389184,738.213011994958,3.46448152573401
"cv",118.320561599062,1.51436606757274,-32.860976103727,-0.404496405545431,828.745739508149,-856.604711127588,0.934163972687856
