"","","par1","par2","par3","par4","par5","par6"
"cv",121.630320721556,0.441063289977377,-20.0029940767693,-1.80699472899484,-921.884896118522,578.86339277005,3.71904299594462
"cv",119.320218795163,1.20489991433751,-32.1367968440863,-0.977583515872493,-311.311148185512,258.710941544705,9.97528075370592
"cv",121.21986627995,0.34920818572061,-18.4109026848197,-1.80152414074665,-886.38566238301,603.732421573216,5.83056529119274
"cv",120.004977547261,0.499857572643428,-13.6068708344964,-1.61332949226467,-976.927680562646,640.778531155217,2.99373974330513
"cv",120.390714598122,1.41375175574576,-44.7476235102872,-1.39825093657514,-455.368858743459,400.000287219882,3.92088324734825
"cv",120.047081862991,0.439702809991997,-33.7351982632783,-1.66448667384811,-691.048060753422,440.774919889964,5.69400179017836
"cv",120.552186564321,9.51488747950643,-43.4723009620356,-3.80627114342705,-213.929270279394,126.603841195301,-0.582758463271268
