"","","par1","par2","par3","par4","par5","par6"
"cv",66.4391962292419,-5.38092731663626,-21.5719201696651,-9.99999315318763,570.207161307632,384.548734651302,7.2248745563612
"cv",66.4388068833364,-7.47258611310715,-21.9001881536125,-9.99999955926661,398.539232096257,410.155553131685,-0.515610748678227
"cv",69.73033341533,-2.27517840518771,-46.7862688239339,-9.99999999759566,831.079857176079,-494.632598781899,7.79327580912871
"cv",0.029982014387056,-3.73789547227713,-21.6939861200131,-9.99999282701171,836.628572340025,979.373270470307,0.585766755735651
"cv",66.4390484539106,-6.19143075842581,-20.9552561807492,-9.99999968882638,684.859048166758,325.518119316912,3.22687482179199
"cv",0.029982014387056,-6.38583239488542,-21.5700240296791,-9.99999939994933,940.995947279106,103.581117746569,6.71336585437633
"cv",0.029982014387056,-9.76454688108484,-21.8664403648894,-9.9999931659055,981.891407673789,652.63252472505,-7.11061262484811
