"","","par1","par2","par3","par4","par5","par6"
"cv",136.113266104964,-0.277277305135752,3.50743784840082,-0.660816757520424,-278.863076626638,497.520720484148,8.4340201128892
"cv",117.700409156795,-0.564495105782307,1.57031863727364,-4.03708875256729,-166.964415169163,545.788392607423,7.4291027599077
"cv",129.073288191213,-0.148102030834432,2.15181562569916,-2.66693975776166,-249.035696399868,705.46441662107,3.04185372499777
"cv",117.879154229971,0.144061636802145,2.08035526224173,-0.195701540136856,-334.529851886937,924.399130950934,3.22552058042195
"cv",118.898158265824,-0.354547894788535,3.48425528283203,-5.33674845844265,50.0218118369378,220.871228712007,8.50412333996808
"cv",121.286910363623,1.10000901420836,4.43346654564142,2.60141716271446,-262.574940296957,395.173189603702,1.12472476521026
"cv",118.256543781015,-0.72163573644104,0.759397531859577,-4.62469134479761,-188.192665576935,594.463931259096,3.603186737746
