"","","par1","par2","par3","par4","par5","par6"
"cv",95.9014314922671,0.0624817550467859,-19.5725509039086,-2.96386069849399,112.144731663927,-31.7313313050145,-7.62084712082767
"cv",71.0588222024338,0.408080546228534,-11.5583565729476,-2.90616387204021,704.271729408975,-186.900521562398,0.376325295679392
"cv",159.574999278625,-0.0689885713806229,-12.2987783752671,-3.18008126742457,233.753250442708,-643.916367498255,-6.55458529348065
"cv",119.897369528964,-0.097953957268635,-8.98332620765265,-2.82857724575102,93.1405313313007,-58.1899090708351,-0.832634695641536
"cv",119.861285363499,-0.00416394490337291,-13.1165843356814,-2.85547773568992,97.182211463314,-41.9090577330161,-8.58415133050503
"cv",119.865347256187,0.0503946715721827,-11.5558451365577,-2.9372038639189,81.5979221708637,-27.1254269201104,-0.51091699425307
"cv",89.9459646480952,-0.0479396786615883,-18.3229366317474,-2.81084113136848,95.5488383444667,-42.9717577044665,-6.6335103688228
