"","","par1","par2","par3","par4","par5","par6"
"cv",120.241485555225,8.69149257441998,-32.5151081429794,-4.09915070004761,-301.043075418481,683.023497862561,1.49513787017406
"cv",120.262184979478,0.603175694779436,-25.5885939912961,-1.37774312360756,-154.462329637183,596.221300316896,0.652285972773682
"cv",120.096542039695,1.93169072507527,1.09079882968217,-0.0775303632112984,895.166162111322,306.556364097145,-0.391749306473068
"cv",121.93498104667,3.67253827685452,5.88384000260783,2.77639998944907,111.078838126439,136.518575780773,-0.450152560092424
"cv",119.892663697655,5.56966821457082,7.1351983797192,2.84346522568497,272.363598355668,38.370434422667,-4.19815255667714
"cv",119.894711513552,0.893987578171548,-13.896972797513,-1.25881280725739,-211.987399059771,962.00204014917,0.487501317633802
"cv",120.280356779062,0.64373259313287,-21.7555178654342,-1.09145783280322,-856.438065481148,564.611654695458,1.50639965995353
