"","","par1","par2","par3"
"cv",99.8842899825062,0.453206379287202,-7.6056778590925,-2.0210952932637
"cv",107.523191735553,0.480435205524995,-9.33951746956962,-2.08822705051967
"cv",98.8875536127697,0.472806010449542,-8.74137437985466,-2.07150544390742
"cv",98.811753815471,0.480528005133636,-8.75345655378703,-2.02716898405624
"cv",85.141966124873,-0.849045361377967,-0.574520958520888,-5.13420726300704
"cv",75.9365334123633,-1.16423836735205,0.45602276188097,-7.43384744614419
"cv",88.6657754786193,-0.533748555217551,-0.52845333522182,-4.07755171446121
