"","","par1","par2","par3"
"cv",111.679064112007,0.384992412430544,-1.47986794879801,-3.0855942331308
"cv",97.3989582761971,0.413972681956831,-1.4717358312987,-2.96585754517682
"cv",100.368376368158,0.268975154321316,-1.63425319550135,-2.9880624752854
"cv",93.6864684951874,0.170784593790196,-1.43247319130966,-3.07186325253063
"cv",63.0923740769514,0.216619078600508,-1.41616884061125,-2.9693600361559
"cv",68.0763687322507,0.259132276199889,-1.43137062705067,-2.97606527334744
"cv",49.7800380453393,0.23204159010729,-1.30867647479207,-3.024993445424
