"","","par1","par2","par3"
"cv",99.4832798517568,0.346153238061054,-11.956016475241,-2.19215047906853
"cv",88.0584426612135,0.328892850035988,-12.1352033054321,-2.17882251739145
"cv",89.8624734027154,0.309253695681316,-11.4324971820521,-2.21357852533209
"cv",91.1654640961349,0.325188796970535,-11.4954742122004,-2.19618125159011
"cv",122.377776980656,-1.0084911413461,0.389981058055276,-6.14300609268051
"cv",107.289033767226,0.31727260405659,-11.2866209973257,-2.27976594550976
"cv",109.998703438282,0.306596794900245,-11.2638386086417,-2.30817799061098
