"","","par1","par2","par3"
"cv",101.464668422861,-1.24875260568225,-0.310865629142238,-8.32549038460741
"cv",99.7250414607757,0.40434456544823,-2.6737907551314,-2.33814463033162
"cv",106.237170960751,0.400411702204999,-2.70011070919269,-2.32152046793544
"cv",102.900508228823,0.391062294991155,-2.63261080388429,-2.34572058742336
"cv",80.6218699163036,-0.911642269875092,-0.620628659650901,-5.33653458847037
"cv",105.306672149963,-0.692476571501538,-0.599385759678966,-4.34665203423877
"cv",98.8032538252239,0.463148271530791,-3.61587803326474,-2.19884512410566
