"","","par1","par2","par3"
"cv",99.6628806686023,0.395754773007452,-11.6179522584544,-2.28393937849942
"cv",108.527129833649,0.408563953241072,-11.3541370501446,-2.24204132838338
"cv",120.047368113345,0.378669021361539,-11.0647847561063,-2.39248516778503
"cv",120.012845417758,0.392961479468722,-10.8857454705601,-2.27502826586478
"cv",92.0156267531016,0.402408081588193,-10.6891597710943,-2.29575070060568
"cv",88.351535220233,0.398032626362064,-10.7928461068603,-2.23325909468316
"cv",98.1554206826412,0.381048074116162,-11.0524321535314,-2.21500074312209
