"","","par1","par2","par3"
"cv",108.282789557905,0.00798824427058907,-1.35396724721194,-2.25355954740988
"cv",104.900938505767,0.00348600138170911,-1.71980142709595,-2.30331717514561
"cv",112.621255247324,7.11534136449844,-44.0096343119716,-3.02253703449953
"cv",111.063602219442,0.20868901760948,-2.30320723676556,-1.94915526987255
"cv",116.348358208568,7.03085233474562,-34.097605224287,-2.8123087503046
"cv",126.230523053958,7.14043402181722,-39.6871522629239,-3.03122257854468
"cv",99.053270382184,-0.498996808210786,-1.00514530395203,-2.94667892058004
