"","","par1","par2","par3"
"cv",105.589447113355,0.529965276651338,-2.34479286163077,-3.26431425545998
"cv",62.5968608179484,0.41700626543233,-2.14934279008634,-3.10268053931289
"cv",53.2524086404539,0.455573134540121,-2.0019073183322,-3.12101256595505
"cv",84.3605119984172,0.399891242297643,-2.07732566011183,-3.22344636591498
"cv",60.8670472669731,0.617493106729048,-1.82527303817299,-3.168057089625
"cv",32.0510942676421,0.453847149951847,-2.15806839818462,-3.05990597004911
"cv",74.626872801095,0.342683651267937,-1.8740800015569,-3.12919976861432
