"","","par1","par2","par3"
"cv",104.709259525432,0.418988429396055,-7.70662256310763,-2.12718734987883
"cv",62.2684373021087,-1.24150648448489,-0.319502265940224,-8.31059106284186
"cv",99.1132182030795,0.368753365550438,-7.0284990440777,-2.10061012948032
"cv",62.5492891016279,-0.623278237632761,-0.772135667283269,-4.21826728547745
"cv",109.276289247769,0.387201702304039,-10.8846433274939,-2.17151879898654
"cv",102.612493515953,0.404977685503416,-11.0477140311834,-2.15115898840595
"cv",106.674149262498,-1.1847604848691,0.0536022018040077,-7.65487247138348
