"","","par1","par2","par3"
"cv",30.3905329177864,0.0411318452687683,-1.29160250218292,-3.5142071024771
"cv",34.9045754751215,0.0622859874664602,-1.31886336583439,-3.49147946185579
"cv",71.2090919090069,0.0256664415920161,-1.23754836828309,-3.55317955992223
"cv",65.7361535589284,0.0864071179922251,-1.22628879288944,-3.66357671522841
"cv",74.2044529762823,0.0480436308353468,-1.30198505024759,-3.57805191941855
"cv",38.7370915475581,0.0752612437567641,-1.32534852784773,-3.4998684570024
"cv",106.923864860204,0.0209710335796134,-1.34719392318183,-3.66851959211057
