"","","par1","par2","par3"
"cv",102.792471843499,-0.199309850179886,-1.74846791654304,-3.0373696293909
"cv",99.1701864316598,-0.222055492749541,-1.66163529465303,-3.02856483226169
"cv",117.825828328749,-0.1942824999525,-1.73688769751683,-3.13736978932287
"cv",92.9486788016806,-0.318261609760244,-1.54104101129619,-3.23383853754387
"cv",38.0661613063006,-0.167503589115106,-1.44262338955156,-3.07437470866942
"cv",131.937780961879,-0.464723953746255,-1.15763445240693,-3.57705929547461
"cv",34.0605304927756,-0.217996842352018,-1.51367528811876,-3.05714908458962
