"","","par1","par2","par3"
"cv",81.9034557510247,-0.0467129251488408,-1.66969361774038,-3.40852482917478
"cv",66.2412726256014,-0.129209817024199,-1.63995063669813,-3.45614322255648
"cv",76.773594486112,-0.0849293584692586,-1.48266363842564,-3.51400160602304
"cv",28.3272557360492,-0.168865028314989,-1.4966238535783,-3.51873950070239
"cv",96.3399279269589,-0.229121772353704,-1.50240890917225,-3.64439062530086
"cv",48.7427630841031,-0.216259207041544,-1.53067506766519,-3.57555567942992
"cv",70.0012762806584,-0.225064655052824,-1.45667268135916,-3.5986113468425
