"","","par1","par2","par3"
"cv",63.8196887945475,-0.498424476805869,-0.655714480585878,-4.08584312970729
"cv",74.6816564320349,-0.512071516517889,-0.659137822825066,-4.14552473084349
"cv",57.3151768707579,-0.616298914268954,-0.601719177367122,-4.24362770884489
"cv",82.1957912183978,-0.626393001866299,-0.535335362662654,-4.20593558596473
"cv",127.906578956441,-0.468617279551684,-0.672198215116711,-4.1581999794839
"cv",81.2048409958269,-0.559101920459694,-0.598013049840304,-4.18376837855696
"cv",55.4382697801296,-0.604188644820577,-0.64652464349066,-4.15132897448943
