"","","par1","par2","par3"
"cv",86.4321717528475,-0.847030643476548,-0.587430380376161,-4.91949977181345
"cv",108.656288165133,-0.75574041259096,-0.666200923213635,-4.6027951908164
"cv",102.582622436696,0.586302994524289,-3.64998650825427,-2.16057898502573
"cv",88.1692948855116,-0.518479337934453,-0.715081481120667,-3.85130803801188
"cv",111.697507661888,0.612678876263905,-3.88582871891474,-2.23021896699543
"cv",97.2402584191879,0.616178224223232,-3.72175654323854,-2.13860005637795
"cv",58.6707253276048,-0.567588658545612,-0.604472124487996,-3.99456041972977
