"","","par1","par2","par3"
"cv",108.419874919103,0.394171035090899,-4.42098326258087,-2.71569981509841
"cv",63.5964278021896,0.410823014802758,-4.37254666104985,-2.53520604582415
"cv",73.0800925367274,0.388599006746728,-3.49870935853503,-2.60759773505284
"cv",67.8737158830567,0.395447593074673,-3.54425965176724,-2.56221937575634
"cv",73.9650914035232,-0.115976509158561,-1.3022895461961,-3.1297726062706
"cv",123.040872834103,-0.102825556401781,-1.23602421824364,-3.25233565946695
"cv",80.6513782290879,0.514031538754366,-4.42568035855709,-2.57679018986105
