"","","par1","par2","par3"
"cv",88.864235838358,-0.812837606241391,-0.566658151175654,-5.06135945924641
"cv",98.3595868702928,0.48767486389214,-4.01607197291418,-2.22247852685032
"cv",101.745934889555,0.483314127652109,-4.21448369089644,-2.20097748655651
"cv",100.838413454038,-0.623072176811348,-0.794960028512176,-4.4246420236015
"cv",58.0134248979274,-1.00475475062094,-0.512521580173076,-5.96945843858584
"cv",105.659094195525,0.384128089749644,-2.83372743222292,-2.25956059859828
"cv",84.9867168681893,-1.21663621053425,-0.412372226202754,-7.9208054026502
