"","","par1","par2","par3"
"cv",47.8426200332163,-0.695726836567125,0.0564226689547455,-4.5661105758329
"cv",79.9270556741915,-0.639099163814865,0.00176430967561442,-4.50722103409894
"cv",80.5035120641215,-0.61058802630309,-0.386701231307133,-4.27974154897805
"cv",101.117873755409,-0.14207096235997,-0.841827112085053,-3.15067820096
"cv",72.8279234865641,-0.721691289085194,0.532079371823797,-4.7713436994559
"cv",72.7373802590298,-0.735295103723703,0.512326909437262,-4.79663952992751
"cv",76.4824569167454,-0.51397343635751,-0.625878302854546,-4.06873193516979
