"","","par1","par2","par3"
"cv",52.7153043319942,-0.13728473474561,-1.45490836361096,-3.61220308684813
"cv",33.1433752880998,-0.105255129408214,-1.46258217269109,-3.6119288647239
"cv",40.9722057319572,-0.0101308616891981,-1.3750924924303,-3.53442060945258
"cv",57.2669489119639,-0.240315415816957,-1.38488945310697,-3.66899498194013
"cv",110.619483731048,-0.0133236782920898,-1.40769929353141,-3.8070254432312
"cv",53.1745263604009,-0.172882217859762,-1.40734397442904,-3.60179883616667
"cv",41.4724037822085,-0.227063432954969,-1.37418473582276,-3.64184454958203
