"","","par1","par2","par3"
"cv",80.2447952898591,-1.09856203434365,-0.0767094641276407,-7.28231570059251
"cv",61.4073804172756,-1.18138691069749,-0.306600914787051,-8.12970380026674
"cv",55.2317055627077,-0.867932951401185,-0.216807056702147,-5.64167645487018
"cv",102.8801276573,0.392560569402253,-3.35338282283804,-2.14706660650599
"cv",35.8318477717819,-1.30641312740703,2.5185628511512,-9.62990000257554
"cv",72.4230420188715,-1.06726386497626,-0.571061509239165,-7.00891709966159
"cv",94.0588343032893,0.399082339980308,-2.9406468331397,-2.18895888162607
