"","","par1","par2","par3"
"cv",85.5570528106519,-0.298755350462401,-0.840640563277961,-3.60725760491118
"cv",74.1953383789773,-0.312230012368505,-0.891256817171521,-3.5461574052574
"cv",89.6636245396126,0.150155175693151,-1.73573334091184,-2.51101535016635
"cv",90.4552318310868,0.108639562324997,-1.62851721661077,-2.46208541929312
"cv",117.66092339502,0.263351938922829,-1.96259815158958,-2.74459914556718
"cv",69.779597841015,-0.314738501207956,-0.908967375510206,-3.47098913811661
"cv",90.8608887151458,-0.307403402747749,-0.949098436554381,-3.48250463923612
