"","","par1","par2","par3"
"cv",85.3839533579747,-0.717708912301071,-0.466659691203882,-4.82598395406925
"cv",70.035837251024,-0.680104939742277,-0.75240046945048,-4.60750358561085
"cv",68.0652976777624,-0.87822601270798,-0.507518174039009,-5.226857147938
"cv",101.03657283583,0.439403425693044,-4.82644398227337,-2.27543046787328
"cv",72.5914874066817,-0.423253481156116,-0.918593552070538,-3.83702146467939
"cv",94.2686367428746,0.478496350137832,-6.06708173024202,-2.29350899973927
"cv",91.6119571937028,-0.702442124336869,-0.681804487718969,-4.69290154809303
