"","","par1","par2","par3"
"cv",80.6338887219346,0.195452315014334,-4.2949678245012,-2.69289406796817
"cv",185.16233385115,0.299736224035573,-3.2581295216626,-3.07312824885503
"cv",55.9627904875916,0.189435822447923,-3.8153009949333,-2.70867915362035
"cv",111.705685151267,-0.559377346824433,-1.18707709929916,-3.86657857365072
"cv",82.7170680079917,0.195805611355232,-3.99329563968345,-2.70644790982259
"cv",65.6593163943033,0.204955608715546,-3.60686937750418,-2.67276960523175
"cv",36.0335134845636,0.247420745939982,-3.46097151294218,-2.67439308310181
