"","","par1","par2","par3"
"cv",24.9850159011977,0.561550782699472,-10.956422810916,-3.18956987568498
"cv",42.3740125780625,0.501577837579926,-9.96586207720425,-3.26239572752545
"cv",67.7030252675785,0.529039432626491,-11.1883496910483,-3.2824820987277
"cv",71.0855269550646,0.558389564574931,-9.72360691004573,-3.15813222343488
"cv",66.2086204862245,0.695987496405273,-8.59877547374031,-3.34883902629368
"cv",27.26948525713,0.58028545198005,-7.90397647776888,-3.1730327035112
"cv",19.8430716297632,0.519249856254159,-11.3436919522738,-3.20093538188617
