"","","par1","par2","par3"
"cv",87.7762399104447,-1.15828150053366,-0.00601245164647288,-7.46407692847879
"cv",52.2319841486696,-1.04889606805067,-0.521380980719625,-6.35872014678903
"cv",72.2395440029772,-0.863445629283424,-0.217313494870852,-5.25166073987127
"cv",74.0360041576196,-0.950411154643953,-0.198731472153887,-5.62144550966686
"cv",68.472136127092,-1.08211567159742,-0.432312529525004,-6.68899171948433
"cv",47.3772306235252,-1.03373769884619,-0.508408056846992,-6.23641988361857
"cv",98.7571240630829,0.445434441572416,-9.34089694761583,-2.13781168653293
