"","","par1","par2","par3"
"cv",59.077816188049,-0.394158641870729,-0.680574844914058,-4.03064073337064
"cv",56.197723711519,-0.413998369193911,-0.7869056722669,-4.09214262324042
"cv",77.5701920383901,-0.389438581335184,-0.702301183607689,-4.10202281267374
"cv",69.3350543039354,-0.400998961888459,-0.695481288308701,-4.12572980970287
"cv",88.6612769001115,-0.361382254954837,-0.691411965636421,-4.08122760085235
"cv",57.4797350518164,-0.394745125426776,-0.703340547076136,-4.0332693423228
"cv",53.0145370819026,-0.398924100691285,-0.695821974708819,-4.07537098432688
