"","","par1","par2","par3"
"cv",110.938393035621,0.397077098801803,-5.11416388087313,-2.39881686827971
"cv",140.630340845769,0.32094960073916,-4.92348553494244,-2.53341516095031
"cv",112.579618030857,0.295167249626119,-5.97694207828019,-2.42726999832131
"cv",88.3574958596448,0.322073975147173,-5.92644727854723,-2.3383184301917
"cv",52.1192157029042,0.450332330108792,-23.8713756520047,-2.29048163289293
"cv",59.0835994803984,0.46702107212266,-4.39186258172476,-2.26960815464492
"cv",85.9216385396782,0.377223204145296,-6.43755877536361,-2.31258679002554
