"","","par1","par2","par3"
"cv",111.560841806013,-0.291971828021143,-0.733323593903545,-3.51021374909364
"cv",96.7138810282767,2.50380077563492,-0.666813066299879,-1.95141932600699
"cv",98.0538822589447,-0.359048522606073,-0.687905572289903,-3.4663170485922
"cv",92.0242312086106,-0.324482350341327,-0.706034174693288,-3.46050488452945
"cv",91.2145379434,-0.242434541917169,-0.720944837160362,-3.4476365212383
"cv",117.841372833352,2.59820460433422,-1.80676728827298,-2.17176732241448
"cv",82.8178402840328,-0.304893185788405,-0.703246159522948,-3.42361685847023
