"","","par1","par2","par3"
"cv",73.5309577304485,-0.373717407137879,-0.796753700268671,-3.6929789928433
"cv",88.0151766249643,-0.424519548779046,-0.722069326254426,-3.79986648010667
"cv",66.8451930288002,-0.323444583680162,-0.819665076287749,-3.57684523050631
"cv",110.404683526939,0.719901087950609,-3.2681975920222,-2.17165081800789
"cv",107.812052916105,-0.298074289775624,-0.814352105221673,-3.68395211917415
"cv",89.1178137424268,-0.311956995510581,-0.782819634874349,-3.60968544722561
"cv",74.1937030384103,-0.466270170817824,-0.625881456476828,-3.73110585602496
