"","","par1","par2","par3"
"cv",113.910726405507,-0.387313575884155,-0.704685570942295,-3.53320324755761
"cv",112.609896215042,-1.14635159771472,3.13420592460483,-7.04992965786086
"cv",104.173091449773,0.707427968546488,-6.03190745417193,-2.02781350394411
"cv",89.1714483256793,-0.290220408386833,-0.740372078592201,-3.1628137578557
"cv",108.869061904292,0.699238276083393,-6.77079234886637,-2.05996925260164
"cv",105.362919580748,-0.212710705763781,-0.829236245399297,-3.30217571409232
"cv",109.597538607956,0.701002277081663,-6.26249646947375,-2.06883374540719
