"","","par1","par2","par3"
"cv",125.63470408184,0.433968342705441,-7.41391515650937,-2.65218542331988
"cv",96.9140482360455,0.434485614420355,-8.1051740771132,-2.57277936322318
"cv",111.955142399005,0.460990588994182,-7.0930681354799,-2.64570647625962
"cv",51.9156840300755,0.449685249154163,-8.96083609573642,-2.45616524535405
"cv",73.438146483571,0.475911757312757,-13.8384156388801,-2.470378315892
"cv",76.9158459721036,0.430828216106871,-15.0082043355664,-2.4324068416649
"cv",29.2139590798563,0.472125551730893,-7.96422447085252,-2.43961523663428
