"","","par1","par2","par3"
"cv",81.4385758172232,0.29493899591775,-7.82101054095477,-2.91513994517524
"cv",66.443841748832,0.294224360980474,-8.17070783445744,-2.9843543385652
"cv",46.8417134858443,0.279297034042125,-9.35699541185954,-2.98126301885549
"cv",32.0438916008189,0.288136985873288,-10.090911734068,-2.93119109018507
"cv",68.1267486259039,0.263351226356607,-10.979936671591,-2.93656445796928
"cv",105.454935116012,0.360364596643167,-11.1317612345384,-2.97657277069132
"cv",12.7280871148885,0.28982569526557,-10.0665846499595,-2.92909485559016
