"","","par1","par2","par3"
"cv",85.5292360431198,0.520625138193292,-3.52957472694089,-2.32986298932428
"cv",112.509682937859,0.517135293543891,-3.34273362451202,-2.45482037179366
"cv",98.7717608102247,0.524578801199089,-3.53288065565487,-2.35829047213534
"cv",77.2174021876463,-0.303075475464667,-0.94343449822314,-3.30536185806077
"cv",62.5849173653283,-0.352029383020022,-0.837611398912709,-3.95288604002998
"cv",76.9053271795511,-0.334850609704576,-0.581913719930204,-3.84000333854413
"cv",64.3215135875267,-0.313733323951093,-0.83556091646201,-3.83864464353245
