"","","par1","par2","par3"
"cv",143.707314648005,-0.243016019871281,-1.12959530518189,-3.53067104959684
"cv",69.6834290095112,0.632894732660961,-2.96295438590277,-2.76186626865507
"cv",89.1511343326613,0.585127598653975,-2.97434322440783,-2.82404233926084
"cv",101.19244286836,0.574673857108303,-2.86496415777014,-2.70271080224101
"cv",74.1494431732962,0.623258135321122,-2.98072746794421,-2.67396956699938
"cv",64.1568359125672,0.616548391401919,-3.06270141356853,-2.74651797755591
"cv",60.1168209982563,0.617848995821547,-3.13970869162948,-2.69722497378222
