"","","par1","par2","par3"
"cv",97.2138561766008,0.457565800726564,-3.63601390680902,-2.10159410036647
"cv",70.5022683710559,-1.0527124885661,-0.380467537029322,-6.49240212793768
"cv",73.8882501721761,-1.24135487114601,-0.0427288999460805,-8.29811759045471
"cv",93.6566275372499,-0.765926728359126,-0.485515011247175,-4.81792789327605
"cv",52.2788606198102,-1.08507777876137,-0.465509179467288,-6.71206543539389
"cv",110.286940508508,0.433968223068394,-3.19232702572643,-2.1815910215183
"cv",95.9199220026382,0.480915815501623,-3.68201385908193,-2.12002867404763
