"","","par1","par2","par3"
"cv",53.8543161772518,0.228413818660493,-3.43041120195,-2.67025063619222
"cv",105.411325296161,-0.151851859762521,-1.66275164912883,-3.24596984781388
"cv",96.3357313050616,0.12172491752594,-2.96934807546454,-2.74253226817465
"cv",53.504191873554,0.157316291592512,-3.27811272565867,-2.72645571913605
"cv",119.13832870025,-0.0362911683486238,-2.04011044952671,-3.1908255292427
"cv",81.534505951628,0.175921242914375,-3.63141662825554,-2.70236075100371
"cv",83.6475941063562,0.167976916811078,-3.59543551119817,-2.69728737835403
