"","","par1","par2","par3"
"cv",82.7703271584315,-0.528878199722151,-0.599542525822639,-3.69477975621291
"cv",88.4159640239495,-0.433016459394399,-0.612118750154799,-3.59384383839273
"cv",85.7194671007657,-0.452612974483508,-0.637902802275471,-3.62900516444929
"cv",111.995288782181,-0.56680752206435,-0.235180022925628,-4.00781174653167
"cv",89.4494134748752,-0.45900291479246,-0.659033523228022,-3.575419808448
"cv",79.5399336769281,-0.45538116436121,-0.620475403151991,-3.54227472614337
"cv",107.80944430229,-0.49355478190954,-0.682461205731021,-3.70915413570528
