"","","par1","par2","par3"
"cv",9.34169412279094,-0.442438751876359,-1.95686906979019,-3.63708388563282
"cv",15.2136768383186,-0.461731913382598,-1.91046324821725,-3.65941142624876
"cv",33.9511828540748,-0.367353802094615,-2.13911851610941,-3.63270275101
"cv",54.0605655061528,-0.543469921083703,-1.78286797212173,-3.99646891548392
"cv",52.5036735801129,-0.593950662254841,-1.7316304207191,-3.91872747195027
"cv",49.9150959960325,-0.393742572963307,-1.98722585115423,-3.66215750415332
"cv",45.552966981689,-0.380133864305118,-2.17457146394735,-3.58556953604066
