"","","par1","par2","par3"
"cv",59.2965232685918,-0.921769765147304,1.01654280595328,-5.56980445888588
"cv",73.7295819153107,-0.99081708218624,1.61587956282302,-6.09880333838001
"cv",88.5244294471484,-0.816793395808349,-0.055208616189919,-5.0296197665741
"cv",57.8699232441078,-0.815708752027023,0.632662494646954,-5.06319759558005
"cv",89.9504390896437,-0.588929813234413,-0.682710897564861,-4.28315160028219
"cv",79.6345187198973,-0.964802526163782,1.16295639960617,-5.83994082306903
"cv",70.8338158556064,-1.05016927682284,2.19520000094574,-6.50006728780889
