"","","par1","par2","par3"
"cv",109.481720982717,-0.585278157440103,-0.602803429245641,-4.03130935236516
"cv",90.2991898888932,-0.490170081716774,-0.668770496185322,-3.77163291478516
"cv",81.504126895415,-0.413831467103519,-0.573180644888882,-3.62449993170428
"cv",87.6317607099804,-0.611086628635441,-0.437298910962545,-3.9035015671126
"cv",54.1274726453823,-0.468685378310154,-0.670742404972023,-3.65520653467895
"cv",95.4830460544124,-0.998739647419637,1.77928768719167,-5.92446094596744
"cv",96.4575381094924,-0.379529502452578,-0.672580200119318,-3.61441402426316
