"","","par1","par2","par3"
"cv",89.9711463914632,-0.504691809888548,-0.936305762970879,-3.6529584529102
"cv",92.220332851847,-0.617185184364871,-0.910125615989232,-3.92223360724404
"cv",98.0477269736885,0.385385890609642,-2.94105546562524,-2.28285237830062
"cv",107.298962211022,-0.548381320582005,-0.921911748424751,-3.8437863656125
"cv",96.1613076320612,0.374649322364044,-2.51809773122269,-2.29916134261745
"cv",71.8156852843114,-0.608083609198832,-0.884549165308909,-3.85547148437597
"cv",177.499029787582,-0.658157032872835,-0.672892336524489,-4.23153962939661
