"","","par1","par2","par3"
"cv",86.508233463674,-1.2847772057287,2.26426399615771,-8.5229689609055
"cv",93.983338477486,-1.36684534609203,0.14370902696399,-9.79982261292477
"cv",105.500714494685,0.459984600231337,-2.89087184406388,-2.09241195035782
"cv",79.2318945720672,-0.889388586522243,-0.600449109847884,-5.16018530008937
"cv",98.0794215542641,0.479814971543829,-3.00533648519354,-2.02667059724503
"cv",73.1057874585355,-1.08421615933642,-0.32787865946436,-6.40212744550782
"cv",81.2611896539309,-1.11044909587209,-0.419010474845977,-6.59134169003752
