"","","par1","par2","par3"
"cv",143.52648782819,0.395314317510694,-27.3417484620841,-2.32346012428318
"cv",96.4937517154534,-0.60871841012083,-1.01666651847536,-3.65372338810611
"cv",95.9695742953043,-0.526453003498778,-1.03166827877145,-3.41156391865659
"cv",89.083293738095,-0.300801089648367,-1.34687039453464,-2.75318841307297
"cv",94.5625428547619,0.459542926075931,-24.2627871284979,-2.15097240489763
"cv",99.2070145317446,0.290609728604835,-2.75239894009278,-2.25818699554686
"cv",71.5605984409012,-0.381211776384893,-1.11673383801398,-3.13405550687106
