"","","par1","par2","par3"
"cv",86.9793208259988,-0.3449292856016,-0.690279934931837,-3.56125769879914
"cv",88.9667607462456,-0.343857614024136,-0.701201728085443,-3.65818286243611
"cv",98.468232762941,-0.352699613333581,-0.701975973333112,-3.65743436945325
"cv",80.9689911871594,-0.229085440105123,-0.744412750374806,-3.5004718135415
"cv",105.315747000321,-0.323815845135807,-0.710946041762575,-3.71828128272815
"cv",90.6157425374745,-0.3932354695429,-0.709800165746718,-3.66026993383998
"cv",72.7628812127928,-0.251835413641391,-0.71301111298485,-3.45905322641693
