"","","par1","par2","par3"
"cv",102.95100125019,0.487622975942752,-6.75406267561024,-3.07737793509631
"cv",108.80292070596,0.442241286927755,-7.07315831683269,-3.0666467558881
"cv",60.7614336250528,0.470405712489154,-8.34590097959713,-2.92870555580088
"cv",54.3691917265698,0.431280430554893,-8.35136300261185,-3.03452220059297
"cv",71.8291231494966,0.443991137476572,-6.95476597018802,-2.96851272163819
"cv",68.7787566106285,0.417163631430615,-7.60959033332251,-3.08963633636046
"cv",99.424279020635,0.44186325506385,-7.42179028628152,-3.02122545261873
