"","","par1","par2","par3"
"cv",39.8675543066936,0.494712704199503,-5.35414837217456,-3.60028241909278
"cv",64.8932574490467,0.447978687786663,-3.887402148554,-3.57078854250919
"cv",60.2516858235991,0.401296062169609,-3.33933209391167,-3.3781618956371
"cv",16.4714615382223,0.525685384365705,-6.10340570947156,-3.53111411405974
"cv",30.7707380658375,0.4824093330949,-6.41576539168817,-3.53194135255538
"cv",73.0123809549531,0.538757322654894,-5.16264750636625,-3.65648789526277
"cv",84.0768090107271,0.509805751927734,-5.22885964824465,-3.66951612710159
