"","","par1","par2","par3"
"cv",118.747381107051,0.659812737274806,-5.76122193630859,-2.14496244455992
"cv",94.4498377008821,0.627904988342423,-6.23116652964399,-2.13300236142625
"cv",100.523694616509,0.659057764235136,-6.34651564303499,-2.20476971120613
"cv",80.7455831687186,-1.13396461706556,-0.509307315073408,-6.89378247243207
"cv",94.6166124929898,0.618847975474666,-6.74517762590568,-2.15257184336442
"cv",80.4009390107224,-1.16836100617712,0.122368120563903,-7.17809345457546
"cv",106.266701543167,0.674801730393758,-5.51721414735553,-2.10601494462082
