"","","par1","par2","par3"
"cv",92.1342558071894,-0.250032971299377,-1.07562611924788,-3.32269872602178
"cv",89.4461598517722,-0.213981496226795,-1.08513728942187,-3.27636631039714
"cv",94.4453501341176,-0.235035370109605,-1.0064293683266,-3.45817640870241
"cv",90.9895857233517,-0.24266800678961,-1.00499254125422,-3.42526256913887
"cv",87.3744484381322,-0.24594374127193,-1.0208458423969,-3.32255310114108
"cv",116.419356292557,-0.266139571249986,-0.951981352780425,-3.51004690496499
"cv",80.5418493162925,-0.266608786956263,-1.01236243906281,-3.40079424307863
