"","","par1","par2","par3"
"cv",96.1786874649438,-0.540562231893591,-0.854971504645651,-3.29521600715083
"cv",107.855662086098,0.653372775234256,-7.98633158711725,-1.92301860363866
"cv",93.9326708155031,-0.535296777518789,-0.826272067881192,-3.35953936838088
"cv",114.178110195469,0.654797798426258,-7.22993993694561,-1.91648896592954
"cv",124.653139294948,0.637592355281703,-8.11815985815574,-1.95601602857915
"cv",103.943631888816,0.591164083334292,-8.70830907025153,-1.87271590564301
"cv",120.794238234218,-0.396710134884717,-0.888440755647808,-3.13943613573231
