"","","par1","par2","par3"
"cv",111.196251935455,-0.216435220808649,-1.38893286929422,-3.25076456614419
"cv",128.854119093377,-0.103454210772599,-1.44107766224551,-3.19327056551414
"cv",85.7626685312818,-0.222140669881426,-1.35850792789496,-3.12921441526419
"cv",70.8789556198447,-0.245522687338374,-1.29385518097567,-3.17799944195507
"cv",73.421188451929,-0.282511391090847,-1.24724408032955,-3.29106469447175
"cv",85.4829827551231,-0.318904772259363,-1.21214812158848,-3.23335558457007
"cv",87.8092042877598,-0.358820365734051,-1.1280091007991,-3.36744091980813
