"","","par1","par2","par3"
"cv",69.9207278391018,-0.0506554476734665,-1.22821822367663,-3.22875845212216
"cv",94.1684093724444,-0.067796121036101,-1.21778448138938,-3.29341980944162
"cv",74.720403989806,-0.0372972610201712,-1.22082529304354,-3.2295070821995
"cv",93.6305176775224,-0.0230386351329559,-1.18187467072171,-3.27394956827303
"cv",78.034069125074,-0.0720170092941964,-1.30188159232276,-3.26215853633708
"cv",88.0924974092848,0.0231775613195203,-1.1587378318777,-3.31146309142945
"cv",79.2026560126083,-0.0933782997044757,-1.20478488243243,-3.25236798149861
