"","","par1","par2","par3"
"cv",102.183262164832,0.409109049796902,-5.38060193965207,-2.21483588226376
"cv",87.6336959667404,-0.632459639111634,-0.700229255785745,-4.43475572540711
"cv",85.4218218243083,-0.699615509128891,-0.747295406797184,-4.37773127600005
"cv",100.804315668505,0.415807815335783,-4.8396363869523,-2.19722682178251
"cv",102.615495919813,0.405947403163026,-6.18382065375654,-2.1507699990092
"cv",104.220263567839,0.381115624733169,-3.36637081853502,-2.21120402824566
"cv",95.2848100912862,0.366191821814993,-3.33841169093798,-2.16575504109207
