"","","par1","par2","par3"
"cv",44.986907569756,0.768779117109498,-10.1308731123956,-3.64325405213369
"cv",57.7789500452748,-0.125485685161975,-1.37195413412859,-4.23062542279002
"cv",36.3079759805451,0.558895859507705,-8.78471425125339,-3.71537275145577
"cv",57.6581727016329,0.0895902932659273,-1.43032756236411,-4.24692424029296
"cv",39.7932008291817,0.11135306290502,-1.58084524648933,-4.08473507738167
"cv",33.6220143901796,0.550578636170904,-7.4850791133843,-3.61286467426902
"cv",20.0783169798562,0.550694880239899,-7.41053957817453,-3.54519716274801
