"","","par1","par2","par3"
"cv",95.2883301667846,-0.30457231565392,-0.909573057132565,-3.37860183534024
"cv",99.6355125899218,-0.357992653831985,-0.85389440286746,-3.46003351770715
"cv",108.329263460167,-0.367245782250081,-0.863872902000766,-3.50023118116638
"cv",85.3015408749902,-0.304526661927756,-0.897480903015616,-3.37791300698497
"cv",93.6580122782848,-0.320276602843272,-0.921442422518687,-3.38901260484939
"cv",87.4961509059081,-0.307466989676138,-0.88612606268638,-3.31730193251578
"cv",82.0755983278937,-0.339389945078956,-0.92400573495449,-3.40303887318836
