"","","par1","par2","par3"
"cv",118.918751364849,0.529990665475817,-11.1891872387696,-2.18452627786072
"cv",118.447329938333,-1.02519305106458,-0.0635827063914808,-5.91714872460223
"cv",104.203410233223,0.517250533819509,-10.7039374007826,-2.15690366080497
"cv",88.0232056517636,0.505070836993942,-11.0283286175058,-2.12513449075084
"cv",93.1968634136208,0.555590028199231,-10.8421479782245,-2.19098055630582
"cv",100.96102237075,0.48953765673454,-10.5885631339029,-2.17389484342817
"cv",78.5340168694727,-1.29721333660584,-0.074139229712002,-8.58572561705985
