"","","par1","par2","par3"
"cv",95.7890990213477,-0.972988127581909,0.494331959561791,-5.56431465787931
"cv",64.8376471620458,-0.716601185611287,-0.732679165083405,-4.22085546339663
"cv",86.4928467648262,-0.744197047916533,-0.710380374342822,-4.406564500266
"cv",110.045573270335,-0.739993768047311,-0.691859153420274,-4.43820680462294
"cv",83.5387988144289,-0.539910506871789,-0.713800394250251,-3.74717361610565
"cv",90.3980251633817,-0.995046324232495,0.484092603437603,-5.68910703073759
"cv",104.433627182895,-0.583622595184644,-0.609863289001085,-4.10959473152523
