"","","par1","par2","par3"
"cv",141.447070776279,0.763098565683562,-3.03218655003716,-3.09334223115768
"cv",32.6953301288356,0.722018820158862,-3.76525859080496,-2.75689192119076
"cv",43.5331906223519,0.709098917908156,-3.81721333375,-2.77591000264823
"cv",48.5265515345289,0.708314105486515,-3.94692296240005,-2.80903140916038
"cv",45.9777233128713,0.706217178242428,-3.85720644924969,-2.75971581622081
"cv",98.5144629616047,0.691273125884332,-3.73173133646575,-2.83010393128694
"cv",68.510951782293,0.691241216671129,-3.48000454770808,-2.78229693736746
