"","","par1","par2","par3"
"cv",100.013377340474,-0.0500255530061979,-12.9838426860203,-2.88691644494907
"cv",235.722363966796,0.00230208200510307,-2.46630499568802,-3.690770226481
"cv",106.1306196203,-0.459919969828596,-1.69326685433084,-3.51079149457582
"cv",35.1905041103334,0.0321918392610672,-12.6855969669257,-2.86923649742767
"cv",8.49606508057759,0.108042466168692,-12.2329218984445,-2.86000531385022
"cv",43.8870154253327,0.0533157349699301,-13.2334707877491,-2.8543566449805
"cv",27.912033356334,0.233464869011096,-11.6034877719018,-2.89021984277252
