"","","par1","par2","par3"
"cv",84.4503805469182,-0.545169727169605,-0.819603914800601,-4.14868503198839
"cv",86.1100840909996,-0.591124460705406,-0.800666128579185,-4.40045288388321
"cv",54.2108167678958,-0.604657864476692,-0.81433447270805,-4.2769160640136
"cv",109.98507734291,0.511324024696576,-28.5204895831511,-2.23042489885399
"cv",78.0059653133568,-0.620946949414569,-0.803908972436452,-4.41780283326517
"cv",49.3355233752396,-0.617092095488853,-0.797314313917348,-4.35967248966216
"cv",106.147120751407,-0.643942752838678,-0.67989720337406,-4.47611424387928
