"","","par1","par2","par3"
"cv",112.982606104467,3.43083621186147,-30.029841857578,-2.23276650794387
"cv",108.367756065174,0.452684721231566,-3.58701378350912,-2.12404482334368
"cv",93.1257648055776,0.472387029381264,-3.1240998579789,-2.09641294077665
"cv",118.952190529204,0.432153063249628,-2.57917185427932,-2.25396388455866
"cv",109.16391257954,0.42204516335724,-2.87173913007272,-2.23580881440603
"cv",107.458729482683,0.485921433949543,-3.33021259659051,-2.1878473726236
"cv",102.808458085514,0.48700679278619,-3.88703930073469,-2.12375012142428
