"","","par1","par2","par3"
"cv",0.029982014387056,0.156836216196684,-4.11388308558438,-9.99999852908224
"cv",54.3722633381093,-0.843659339858359,-3.76198107245691,-4.92624264367396
"cv",0.029982014387056,0.15686363324322,-4.16091831898618,-9.999967610025
"cv",7.4080488141432,0.319612066438038,-4.30110762562427,-9.99999838384642
"cv",0.029982014387056,0.156826708183082,-4.11231372731182,-9.9999978124424
"cv",11.5417081987818,0.156817907670421,-4.11880778315523,-9.99999859472122
"cv",24.7865716479654,-0.367650733725763,-28.4045502309728,-9.99995069340884
