"","","par1","par2","par3"
"cv",79.6383512605873,-0.484588447720213,-0.656505923701162,-3.83578012750896
"cv",88.3773693055715,-0.501922199972262,-0.643688420227286,-3.86997331149416
"cv",73.2252804490928,-1.19811212321313,3.63640268127303,-7.70458431862254
"cv",106.788190715977,-0.608385270846874,-0.638928113258999,-4.1468778437329
"cv",55.4173150433117,-0.421198350832886,-0.690555154932551,-3.73517036618701
"cv",88.2828062915618,-0.373437521505614,-0.76744440125416,-3.66153940380702
"cv",103.491825774905,-0.507054794855005,-0.67106970810103,-3.87244971602817
