"","","par1","par2","par3"
"cv",106.542898035552,0.568401783756633,-5.24467875765729,-2.32712399603209
"cv",103.874389056069,0.546805445587987,-4.57803312225423,-2.27877082561681
"cv",113.842398606977,0.546651685408246,-6.22471828826631,-2.43865267065456
"cv",103.233638402085,0.53930589899413,-4.72523635434999,-2.29008007139339
"cv",91.1163196830501,0.549496362899902,-5.37793073577814,-2.29322504994363
"cv",94.5471481780605,0.559291081027794,-7.29963450677004,-2.26259251526255
"cv",106.153324744461,0.552071112647625,-7.41613234451052,-2.33995099474044
