"","","par1","par2","par3"
"cv",93.4637106826201,0.136719225166651,-1.41031489737731,-3.18285096894036
"cv",117.783957388312,0.175346547173951,-1.44025190290965,-3.29280129342548
"cv",42.6216277144092,0.0933492473213772,-1.36904137245387,-3.18436244390801
"cv",64.2017966851254,0.0154306714327135,-1.26352129081298,-3.26623464248938
"cv",51.6081448779629,0.114824167165441,-1.39206044694299,-3.13915973269088
"cv",66.1066571224496,0.0388874723592417,-1.24416086705788,-3.29252820070397
"cv",40.7604247897895,0.0900066957144222,-1.34611921197102,-3.18467989836987
