"","","par1","par2","par3"
"cv",124.231198123041,0.549150450235331,-8.43386265847781,-2.47659715894431
"cv",123.276574012404,0.552661769375872,-10.3835618896294,-2.47688629374249
"cv",94.4553352799418,0.539221167704997,-7.88621308171386,-2.30841202623661
"cv",92.3510504522702,0.571874910669067,-10.0569599491427,-2.339520632257
"cv",94.1734762825379,0.534428581411506,-11.3285976396235,-2.28274394775185
"cv",86.5087613747649,0.589995629913553,-6.55586256001187,-2.24272272223318
"cv",76.0699849243537,0.558269761220707,-4.49772340360979,-2.21245806011801
