"","","par1","par2","par3"
"cv",71.6750824296637,-0.734150904630455,-0.665188067714529,-4.87460503809372
"cv",28.7994637057655,-1.21659301883285,2.62708085094813,-8.23202465924672
"cv",97.1855832578162,-0.869507446870539,0.592051020168039,-5.69124782083998
"cv",43.103728862995,-0.671813042254026,-0.660368139568433,-4.67050802008196
"cv",102.731627256732,0.549336345632466,-3.46232034817112,-2.09265537311525
"cv",58.4958875865287,-1.00220043144699,-0.180225291871824,-6.2288099945951
"cv",62.6431161223437,-0.674448203689175,-0.645969390115614,-4.73399358438033
