"","","par1","par2","par3"
"cv",58.9794375851251,0.108355633222524,-1.381135910498,-3.17843118460796
"cv",61.3428437415621,0.127421545498653,-1.31714646408962,-3.24250667495563
"cv",63.2400104213981,-0.0153736690824773,-1.29383714730601,-3.29436834212976
"cv",53.0934204164777,0.055060580838966,-1.33210158389965,-3.23428409113951
"cv",71.1486462600852,0.0946863006533269,-1.32270188287753,-3.25034204195648
"cv",54.5211983076333,0.0250370448934433,-1.26499501744614,-3.28233192413568
"cv",68.825958962783,0.023851116845946,-1.26853094497533,-3.33495768848178
