"","","par1","par2","par3"
"cv",99.195774264251,-0.451167654390799,-0.896814299348475,-3.73891384855098
"cv",119.231634102411,-0.447227913730465,-0.928818881148345,-3.7311329535993
"cv",56.3275709528619,-0.372346096634485,-0.979439215611581,-3.47148633247605
"cv",83.9169516960923,-0.436297206353075,-0.913691577504166,-3.64047442589112
"cv",93.0193973492635,-0.324217812320687,-0.928063762146067,-3.51176727631606
"cv",80.1690661299172,-0.439397512375142,-0.901995612667746,-3.60989337351033
"cv",113.243555380242,-0.483469484381716,-0.68270517319688,-3.71709674482614
