"","","par1","par2","par3"
"cv",54.4662010108968,-0.715822503319391,-0.648472902144546,-4.66372212578067
"cv",108.771190573693,0.487342462491707,-2.87687008390002,-2.17935595102515
"cv",95.5930707262215,0.456902494908799,-2.93005778054139,-2.1519826066091
"cv",65.1510978136251,-0.339168861091895,-0.856970113706806,-3.8373422571407
"cv",89.122057743976,-0.697944289900809,-0.578154872836353,-4.59949203819938
"cv",105.053476259003,0.538034546363728,-3.33547648848249,-2.15114339947186
"cv",55.7679990861801,-1.1106350970529,0.973837672068535,-6.91349289884385
