"","","par1","par2","par3"
"cv",95.8256494833019,0.536987936907968,-4.21458811331895,-2.10290508958216
"cv",59.1581342231828,-1.04244098434849,-0.575935895207343,-6.41587541621287
"cv",110.182052595335,0.537745012505588,-4.41615002336714,-2.18025103568012
"cv",100.732265129609,0.52278685777489,-4.5500956131788,-2.0959242233616
"cv",100.953682047633,0.505316935828081,-6.22571199415115,-2.09733588330187
"cv",58.0660332313306,-1.09193034648422,-0.65734326870023,-6.88073460440724
"cv",96.881670616997,0.539736861077778,-5.10676264709437,-2.13850207782798
