"","","par1","par2","par3"
"cv",110.186284797707,0.542739406352453,-9.45688193897495,-2.20261535094396
"cv",97.3845117729779,0.519404940812133,-6.19284928191432,-2.14048124508872
"cv",111.264373539121,0.559549819062436,-7.51617812941218,-2.17911504214231
"cv",63.5504835495415,-1.20763853684816,-0.123247741538794,-7.70030392522544
"cv",69.5750754113644,-0.858565382943581,-0.653494400446816,-5.03745343730583
"cv",91.9807598312185,0.539024695029306,-4.87768943418824,-2.15048122981015
"cv",108.475997341273,0.510727066094377,-3.74210777515324,-2.17167152375668
