"","","par1","par2","par3"
"cv",112.415870172798,0.474476711515439,-10.2146246270093,-2.32666557899173
"cv",101.761652725623,0.445767015372765,-10.8553459501014,-2.24993004176625
"cv",100.50992433371,0.466873347945636,-10.4390250773143,-2.23550282757482
"cv",99.3341584779038,0.476418336874783,-10.1739354161894,-2.31441532316696
"cv",104.369445530247,0.470699140146231,-10.3699420891111,-2.22066355800419
"cv",102.362075356396,0.48378759727813,-10.9915299496631,-2.2195839552484
"cv",76.6720614104324,0.442012389566768,-10.3015096102491,-2.24575813197399
