"","","par1","par2","par3"
"cv",83.7866307222052,-0.675286101189191,-0.665223181291275,-4.67070543158641
"cv",98.3998371055409,0.508783369536993,-3.1462713775615,-2.32907028549907
"cv",90.6959038564248,0.505098071939933,-2.81006892994509,-2.36347568003603
"cv",81.6987453524389,-0.604769767190822,-0.467282044262607,-4.47819068749394
"cv",68.7650934551502,-0.617078657041903,-0.710709993647737,-4.41722531293773
"cv",57.7656358448533,-0.598412150435098,-0.673097036596461,-4.43116195164952
"cv",69.3643212688026,-0.562503627429322,-0.671546631504524,-4.37998660716708
