"","","par1","par2","par3"
"cv",36.9849995056579,0.752191568631,-38.5032630943545,-2.88897861160937
"cv",53.6581551236701,0.676307052004683,-11.883211463485,-2.94101920091192
"cv",58.7232077868421,0.788933812246109,-12.4891180829854,-2.98467530252733
"cv",45.5235434032338,0.736294450820932,-12.7759343914713,-2.93968722850959
"cv",57.3355381067316,0.69642436576021,-11.3492464961553,-3.04904643871426
"cv",81.2047477878186,0.645201584064863,-10.1139698200956,-3.05252440950629
"cv",61.6385284985246,0.72727528028892,-11.7003200175211,-2.99430130127942
