"","","par1","par2","par3"
"cv",101.719890221671,0.432536273525839,-3.44239085900886,-2.2542014901686
"cv",40.7064828059073,-0.863420121120067,-0.254709281289775,-5.46664663386494
"cv",91.6136166272528,0.368215010251784,-2.98970925671058,-2.31788335359015
"cv",106.484853226847,0.428073240334423,-3.40574492617484,-2.29175040819444
"cv",93.087849103946,0.442675638438515,-3.3171025783896,-2.25482180620288
"cv",57.6471182578301,-0.967491561938158,1.02813029266172,-6.07709256852054
"cv",87.663428882185,-1.08671914669391,1.91083590234702,-6.98536021032549
