"","","par1","par2","par3"
"cv",69.165932306874,-0.298236690607785,-1.2699147725787,-3.16885849290736
"cv",69.474489359412,-0.247316076436105,-1.24021830899112,-3.15222314816627
"cv",129.662900424246,-0.145092744593534,-1.23176739834093,-3.26615468926338
"cv",85.7538491621589,-0.467095420764351,-1.1698438453709,-3.4353014488748
"cv",127.979313816036,0.00886816964915401,-1.23866951790705,-3.28610713305099
"cv",107.660088538258,-0.45649014095761,-1.05290300349326,-3.60792029035238
"cv",68.5002098351878,-0.245943668087731,-1.23303261820886,-3.1658866054581
