"","","par1","par2","par3"
"cv",102.872720596585,0.0616599426635618,-2.93795263765209,-3.39405616718419
"cv",27.9562556453363,0.145299470088138,-4.97201766542075,-3.06823452289615
"cv",79.1085576299737,0.0450317455767635,-5.78552135527185,-3.07720037070694
"cv",44.6959295001357,0.134544545766904,-4.49277426775195,-2.96811897813145
"cv",7.66109840967574,0.212127651482099,-4.6540503111689,-3.05781232771694
"cv",78.2998595502023,0.207958583435414,-41.3957728014704,-3.01850093632855
"cv",20.1987061448303,0.229530681282275,-4.25883639708756,-3.02544509061172
