"","","par1","par2","par3"
"cv",111.481770660437,0.454648408295368,-2.82981244539436,-2.33395434965755
"cv",65.1812953319782,-1.14739500472647,-0.252916753978195,-7.44099019897484
"cv",89.6297178044401,-0.622369890294576,-0.66272178668964,-4.52368103049723
"cv",96.0316946897798,0.490095293577092,-3.33803886294194,-2.1737672417123
"cv",55.4852879248537,-0.588765904497698,-0.0748458605574113,-4.24388730152593
"cv",92.0763283173388,0.570343682599391,-3.57585612256817,-2.16442573462597
"cv",57.4568698112162,-0.635017078442136,-0.6624487195521,-4.64920510135713
