"","","par1","par2","par3"
"cv",27.9999431255124,0.206106847459201,-1.88277392993956,-3.64326894882098
"cv",43.7624208666016,0.339278080410207,-1.97988706866164,-3.5948553366245
"cv",68.939940517575,0.250059867939001,-1.8884052621538,-3.61409824869824
"cv",24.8993417473269,0.246681483767876,-1.86572031576037,-3.58735633353672
"cv",90.9927234701134,0.304039822066306,-2.08004483119202,-3.77398376169466
"cv",51.1261185386638,0.227307449024499,-1.9830599415354,-3.62030134346515
"cv",42.7089505630894,0.285434248917959,-2.09327109012851,-3.52939517994764
