"","","par1","par2","par3"
"cv",99.6274637073115,0.478570839328492,-5.35148432694705,-2.10127003582656
"cv",71.2577345530513,-1.15348860930798,-0.322389065003777,-7.63298045982516
"cv",95.0830473393937,0.491006988225629,-5.54915689355958,-2.11643617363258
"cv",107.163138473365,0.484191400907721,-4.10430282328728,-2.12273408993532
"cv",98.4761479494699,0.500466377985815,-4.38827143760021,-2.15617040534711
"cv",111.365391321875,0.541161710216953,-4.0776699040087,-2.23635252788372
"cv",103.966266239435,0.497951643719346,-4.86801247599623,-2.1279437634941
