"","","par1","par2","par3"
"cv",100.757765116583,0.470853266245103,-3.72062321886928,-2.26650238863851
"cv",81.759160708564,-1.0425477122477,-0.48670929726182,-6.48159027990764
"cv",104.544038795938,0.414065951310911,-2.98997830979665,-2.33368201054261
"cv",99.5429430255741,0.453945908218119,-3.45705999612532,-2.31345333817467
"cv",88.825924373015,-1.00252667451053,-0.597892650384468,-6.07495803337577
"cv",69.234930199757,-1.2557176005601,-0.307423059207581,-8.53373148053379
"cv",99.7721509465555,-1.03473210618049,-0.588054913022061,-6.33374661333805
