"","","par1","par2","par3"
"cv",77.9634189768905,0.419280438583669,-2.42520480137462,-3.07711092185648
"cv",101.147238649473,0.489291432525353,-2.88167806407157,-3.02271330644049
"cv",65.218267685991,0.447377481500859,-2.35328733493774,-3.09554810649745
"cv",57.9724455813091,0.437445256895852,-2.39617784790354,-2.99393049958248
"cv",40.8414136280209,0.412642209019415,-2.37426808865634,-2.98352914773254
"cv",43.7104842910103,0.417554404969054,-2.37797495682484,-2.96692902929865
"cv",96.0021799682636,0.323061741978451,-1.80951246361415,-3.16489842909509
