"","","par1","par2","par3"
"cv",98.9953292376165,0.39899485112343,-12.0693410937767,-1.94200227733342
"cv",144.223417662771,-1.14138649776578,-0.101569080774381,-7.47645424882325
"cv",106.747717945203,0.42536013718833,-11.2629663720734,-2.02838204446157
"cv",108.425854259723,0.42815954808152,-11.1697975144825,-1.98712901243325
"cv",108.364102185048,0.409257440441546,-11.8242035939332,-2.04094612059431
"cv",79.7043474758265,-1.36139810017637,-0.182401297588317,-9.80814446743761
"cv",75.0889893464982,-1.35060794592361,0.294886729085309,-9.71089594156277
