"","","par1","par2","par3"
"cv",71.16991825323,-0.578670724738508,-0.577247206510995,-4.20073005524485
"cv",106.118045971366,0.446757644477935,-8.76232404234899,-2.03901466450489
"cv",60.7798314239895,-1.25604924882503,-0.218259686319085,-8.5584234017984
"cv",47.9085260048728,-1.19432707563336,-0.205128321383979,-7.98125770868112
"cv",45.4538732056761,-1.2334095541063,0.687297676486014,-8.37197102422407
"cv",79.0495815013908,-1.29708769941654,-0.423338589543435,-9.14272796487365
"cv",82.6227854393585,-0.535155608546592,-0.794198370330135,-3.95901008027202
