"","","par1","par2","par3"
"cv",74.5818481198908,-0.757129739465306,-0.636193419424463,-4.46571830184524
"cv",111.735675944,0.403130300814725,-10.0886477565295,-1.98487730921813
"cv",75.6232911466224,-0.884975141892853,-0.539943862400428,-4.98939372107489
"cv",149.634102917309,-0.62445835642352,-0.543144687592813,-4.4383109758876
"cv",76.6427839987012,-0.67460782306102,-0.664127519207991,-4.23499460919917
"cv",58.9754126909126,-0.817765299475849,-0.632885015719227,-4.70642539775053
"cv",100.531552646058,0.403640534941472,-8.95054321046253,-1.95748876344308
