"","","par1","par2","par3"
"cv",82.9816479696471,-0.599750681755439,-0.677499104418268,-4.29054747588026
"cv",86.4688835904802,-0.0189596241196815,-1.522569397619,-2.7853308091528
"cv",82.6681684917116,-0.892504804183037,-0.597618165235743,-5.39689681877265
"cv",94.6399393261304,0.461958764983952,-3.730945093849,-2.42006831947979
"cv",72.1085975998415,-0.714140044660157,-0.416042778763428,-4.34695811469849
"cv",115.775622383921,-1.16535380191214,-0.523403369487961,-7.55756934472209
"cv",55.7816509714062,-0.610677779975814,-0.722542859739457,-4.25039643542506
