"","","par1","par2","par3"
"cv",89.5328550098496,-1.27928874749753,-0.380524157303517,-8.58779288231038
"cv",90.6522120794467,-1.25271018645232,0.455073067122368,-8.19550474978358
"cv",66.0996980104899,-1.17138214688302,-0.606145939203941,-7.3012897648125
"cv",122.011801513025,-1.07214025953165,-0.691512962203586,-6.50546469243926
"cv",54.866415604654,-1.28086534532613,-0.42403479323638,-8.52550823173049
"cv",92.2876776563428,-1.24116248469416,-0.503894519353977,-8.03124633665081
"cv",110.955528806945,-1.2570968227565,-0.525432929551923,-8.39262873914143
