"","","par1","par2","par3"
"cv",109.72949234033,0.0464089073439596,-1.31344818983982,-3.24132439981685
"cv",73.8298948643185,0.260509952825259,-2.26119301873454,-2.85006725278148
"cv",86.2826155191731,0.252122916954992,-2.29248586323872,-2.86707827875837
"cv",86.2918478498168,0.302462907480329,-2.28359211181696,-2.86720494082668
"cv",58.845790391028,0.259896026685542,-2.24112491926492,-2.87853486107179
"cv",54.8222774483864,0.202541996180053,-2.00463049257367,-2.9389246090464
"cv",61.6166907921081,0.288899625113159,-2.3774728672289,-2.8311863837084
