"","","par1","par2","par3","par4","par5","par6"
"cv",57.990683562339,0.446659194070343,-1.98744736058831,-3.04231949651525,57.0526155610158,-163.320912532846,2.90100775516882
"cv",71.0904049244889,0.494548098910563,-46.6855300344441,-2.87507287630384,83.1165658153329,-5.81772947488915,3.82350669967971
"cv",57.6937691114434,0.516938184769426,-17.8060304307703,-2.7696547442311,83.4098381507405,-14.7655025806099,9.17843070982956
"cv",61.2328347184657,0.434122719160542,-1.87278686765339,-3.05952903081609,96.1938034587352,-852.691212891793,8.11635905403386
"cv",92.4129135065643,0.399942551073165,-1.76046687207776,-3.16310968158434,76.5260769311629,-562.364464575233,4.00481409683228
"cv",54.5799663052466,0.500961330762008,-28.9735641506353,-2.7657933088083,96.6568387903238,-20.6086680169841,5.05946771861918
"cv",56.7706681916494,0.467172226159988,-1.93222305134305,-3.0104001714104,76.4617271177777,-362.922618631274,-3.2980378921833
