"","","par1","par2","par3","par4","par5","par6"
"cv",73.2992965251107,-0.526752390952412,-0.235239507630467,-4.08696367498526,-984.244118822667,24.3220365939655,-3.75871771540528
"cv",88.2700785998247,0.879749697362866,-23.3453074716669,-3.02903318983591,776.239138948632,-97.0537720708969,-9.75376707109284
"cv",86.2798562382035,-1.07825452884305,1.35990333557129,-6.52156319363421,-816.811014332655,77.4557599330773,-8.98345559369773
"cv",74.4782867655705,-0.34142858428657,-0.762342021557092,-3.67092784691751,-768.676138144041,63.7115240620076,0.246986751444638
"cv",94.7495298057347,0.845397440948631,-4.73464091766026,-3.09740556236198,690.578003675299,-73.2463933092183,1.17994283093467
"cv",71.827082198637,-0.720047432412207,-0.149674132148926,-4.47303171757425,-999.696167209935,137.558949180682,-1.10627590793922
"cv",79.2528453652172,0.760063055660368,-3.68284500969604,-2.93683713233188,711.961763771601,-83.3981667383639,1.22788721606002
