"","","par1","par2","par3","par4","par5","par6"
"cv",66.9511206696722,0.23199972153762,-1.69763907964606,-3.05154282587829,115.218727267623,-259.284695105704,0.591662218858946
"cv",67.3432848341006,0.28256173053065,-1.81275338989948,-3.43549896668731,757.219506157803,-228.099008222119,5.8988867356797
"cv",75.2625060737452,0.336593782813924,-1.90057139297239,-3.03485214944702,97.3883961546736,-308.969924715243,-4.09129827224057
"cv",71.0531215695356,0.361977773104807,-1.91623393042698,-3.06044199837104,73.9203851206836,-306.524131855484,-3.95253493471676
"cv",111.45334606579,0.160711773124891,-1.66519928095815,-3.26107467605327,166.317924583499,-575.364860488351,1.13169034713014
"cv",67.6530797900255,0.104853775167628,-1.882397861313,-3.28688333919606,660.144341426678,-215.843763121387,5.79050299325035
"cv",73.1205629827583,0.24734778067604,-1.91795472745214,-3.1171264622969,116.537861651353,-210.404159876469,3.33909043110907
