"","","par1","par2","par3","par4","par5","par6"
"cv",82.2727460854551,2.27704830995255,-6.33122389734705,-6.10073176726331,993.158838788363,-30.4092280571511,-7.25410375718849
"cv",94.6936015839682,-1.15071321400255,1.1569527676329,-7.25439439846054,-749.453473099631,-610.614671252848,0.967428330332041
"cv",73.6818119798936,1.16684138061068,-22.659848721593,-3.81579879635106,713.637924983768,-14.0565847337184,8.85404618740786
"cv",77.7968370489809,0.97540671174854,-29.9143356116757,-3.52456254295724,993.44853740015,-91.3306314631498,0.7917743313499
"cv",84.363946752103,3.60564139911907,-25.9596432020071,-8.7436190478015,290.315645735382,10.7780217961545,2.35244339166611
"cv",77.1422484516813,3.51270371005498,-28.3833079907234,-8.59831804751556,221.514951091536,9.86396104421426,-1.99684830391642
"cv",62.6300622995438,1.4417368193589,-16.7556669563055,-4.30040668665279,379.175955078565,-3.51291846921161,9.38473440988898
