"","","par1","par2","par3","par4","par5","par6"
"cv",80.7045045189432,-0.940743740648031,0.3927318137515,-5.6915029823035,-639.569459343722,19.7719146683812,-5.80731215886772
"cv",77.833176581033,0.5586728769814,-2.27875592652062,-3.11106077481117,230.305031905675,-8.31850385225671,-5.85024334024638
"cv",76.0595756861862,-0.690140550982852,0.0171675450363509,-4.56107809539011,-313.041426625413,-194.686414191462,-0.266866796201829
"cv",67.3594283006914,-0.796402749347677,-0.214498875646542,-5.08646257053536,-785.642863021659,19.3823735142897,-4.86737751952778
"cv",102.143295788815,1.05351380336,-4.09877735749473,-3.68338395526693,275.723583071244,-10.3089933456328,-4.64186125766908
"cv",78.5362588115305,0.721533999362201,-16.0646711427174,-3.08287020120139,249.51177199458,-7.82116012161144,6.26179473940283
"cv",90.3853635077853,-1.29306267701272,-0.157201427454243,-8.88195033359573,-707.082027446267,-94.8442867501854,1.23380883228478
