"","","par1","par2","par3","par4","par5","par6"
"cv",92.9215296375667,1.28057503114926,-18.7080547085005,-3.68366921935325,291.46038384172,-12.3216414353703,-3.38299707220264
"cv",95.0460480571017,1.93782434696686,-20.8788605841774,-4.75057410044921,260.304598716379,-2.56618028806438,-8.09344674490749
"cv",89.9774214052367,1.02710212863182,-33.1475894835767,-3.37502642819553,300.382414211273,-13.8262366200508,-7.36235547810793
"cv",77.3007996547075,1.45379656896813,-46.0971306219725,-4.12393520351439,316.554865334757,-9.92385664530317,-9.09311067926343
"cv",90.0032948077028,0.994121666528295,-34.7990679570196,-3.22815451453819,372.871425654483,-23.847480313276,-9.77633644116484
"cv",78.494100368673,1.24805814050545,-34.7824949605224,-3.70326647839644,290.578393876919,-9.27557441545129,-8.20918828177378
"cv",89.1792819331757,4.24476334319465,-31.0342464890875,-9.54788467108942,357.686471506771,-12.5901224876367,-9.8697945708409
