"","","par1","par2","par3","par4","par5","par6"
"cv",72.9785761605269,0.928851324029858,-19.7752260109918,-3.19045606043108,866.524385280319,-73.5915774525423,-7.38618662388782
"cv",101.883869061378,0.807279317411662,-15.9695377407033,-3.13496590922445,593.747664193037,-52.7547204374975,-2.21938829977396
"cv",106.971074526061,0.937581586823058,-37.3530301047127,-3.22028676329308,666.805817616895,-57.40994326959,-0.34016688795926
"cv",73.9317773191315,0.761797002687253,-14.5174075669767,-3.07317240000054,740.435743436217,-73.7326813816886,-8.32318949513137
"cv",81.1911374068687,0.776605996099476,-28.7534176843768,-3.07949014384484,562.962332339957,-47.5026367454693,-0.289294735900611
"cv",102.056077458221,0.899078578627325,-33.5299139795869,-3.28634649001795,239.743076657989,-3.90347783206819,-1.83977565502141
"cv",109.541121962198,-0.537796874138922,-0.5529678043179,-3.79058903270732,-467.815553739738,-457.544132022313,-1.33885397081812
