"","","par1","par2","par3","par4","par5","par6"
"cv",92.1292161980647,0.571134801669196,-25.1691519540589,-3.20273165035845,64.2608116394162,-34.7552127369201,-3.29262282019674
"cv",38.6351812771278,0.357265741028474,-18.478372947408,-2.92273360514961,51.7389038643635,4.72489463166015,-0.272091039714594
"cv",62.6442047163679,0.387547491467243,-13.8405842800175,-2.94271792085012,51.5918870482977,3.68759437251904,7.90833167792072
"cv",32.7529025286589,0.379617850846742,-25.3242025712798,-2.97587069203958,65.3060957201107,-5.90473543019863,7.46709674596786
"cv",56.5594142239144,0.322706447672698,-18.7919119893547,-2.92523718915636,50.2717192120729,3.41019549758458,7.45266547667494
"cv",29.0114338121417,0.340362443517226,-11.1102730717109,-2.89856261992973,76.1831683823041,-7.85248769955463,6.72007309792165
"cv",117.643647807924,1.58522996975704,-39.2905276057284,-5.28678961951088,43.9527666398512,203.411049619563,-7.18702337047494
