"","","par1","par2","par3","par4","par5","par6"
"cv",111.871888102651,0.254220492797772,-31.6267144628075,-3.03876538333841,47.2734233154222,27.778055482581,-9.74380066576576
"cv",68.1968979508578,0.152268633654988,-8.6509665453058,-2.90494648746513,39.0369690315865,28.1662429307415,0.219770728927259
"cv",23.9286776645322,0.340558945543973,-13.5013687433875,-3.18153285305245,28.7838317783962,35.9508627673318,-0.811426176831167
"cv",48.5979492450214,0.472530710865053,-34.2669238666498,-3.15074761662228,93.8064446985888,25.3050532512385,-6.33045436814427
"cv",32.4818366780352,0.289569570492047,-38.8209199848335,-3.17988718673661,45.1061692353212,33.844696415698,-3.15269994826851
"cv",47.7969127766079,0.364572164083409,-10.6371531283632,-3.14925882664927,54.0891567830199,23.2754577322841,-1.68157514535649
"cv",78.075718496576,0.544478700358527,-19.1174046749212,-3.24052096713703,49.0210435698222,28.7110007669021,-1.13757679611491
