"","","par1","par2","par3","par4","par5","par6"
"cv",64.2140618715888,0.269555725267393,-29.306974042252,-3.16609401500583,106.100886447346,-7.47062401008509,-3.79052744609656
"cv",57.870105006447,-0.192691853968727,-1.68842245373587,-3.70196830080894,-958.406957986694,-906.389061227355,0.927714862733596
"cv",89.4515227823425,0.303313619778998,-20.8158914787782,-3.21165788456156,72.551120951055,-35.118663822831,1.09935099259019
"cv",22.8393275898109,0.377606818278725,-46.9955993062261,-3.20337581830785,48.3601182795066,18.2496794004391,1.09158315252355
"cv",22.0508948608916,0.339545322174315,-42.4746329309656,-3.15541918701236,66.6136645621298,-1.86747597200797,-0.737034552141163
"cv",50.2805894760819,0.413778965333726,-6.44612381865929,-3.36920770373299,47.4776606010303,14.3127778666505,1.29100462220386
"cv",56.6249980196887,0.209762253994177,-2.91852751690894,-3.1698303875747,83.0115569434446,-26.164436596112,-2.20928658791683
