"","","par1","par2","par3","par4","par5","par6"
"cv",92.9000146589685,0.944916754624257,-18.7262270798602,-3.02756904082572,387.283892175554,16.0824535935485,-8.56776499189436
"cv",121.287435038034,-1.28663555908594,2.78355143613948,-8.50404853627446,25.7997891261238,15.6480834080918,-1.93239515192703
"cv",104.430617574237,0.918176492831966,-25.3253918434323,-3.12103243483264,297.94457298457,21.0433767217545,-0.715931350671166
"cv",80.4817629900923,1.03409362217538,-15.8240328682711,-3.01967061776577,272.429549123467,18.6454287736336,-8.99409987498075
"cv",116.130551773934,1.00420527730016,-18.4553105014894,-3.39237742787071,630.545127213159,25.7994447221547,-0.584904083512405
"cv",91.1304312954864,1.16132410916633,-44.6470820904362,-3.16446703295332,274.944392643028,25.7051110841526,-8.97634960161644
"cv",100.471889880137,1.01418769842907,-19.2971259955285,-3.05734281247022,297.298443611543,16.6590318965996,-9.13133267896524
