"","","par1","par2","par3","par4","par5","par6"
"cv",84.7885236060874,0.527661736888229,-1.98049601854349,-2.87766124417537,832.236919508071,-618.093831862556,1.82804856338406
"cv",67.1147456730734,0.797575767679302,-24.2978520514435,-2.57961218711451,86.1006274982474,-12.2339003547377,3.15454031315794
"cv",92.0780882062176,0.753545089774424,-2.2984315547662,-2.80049833838199,726.477612209918,-509.791250200047,1.69543253463506
"cv",73.2285200224623,0.675563886201926,-2.58547049756886,-2.86193689959956,84.666074005013,-10.4309287459826,-1.03542340453714
"cv",89.9234442119703,0.601383637423196,-2.32372913306512,-2.85272163032587,132.306773729144,-48.0325892173821,8.57006498791058
"cv",78.974713239431,0.612417918301342,-2.20253130551725,-2.75389929856388,978.019945649248,-723.900032743933,1.92564036931316
"cv",76.9972523236873,0.725995192413689,-2.48592049506032,-2.75897970446162,775.592572700206,-566.938396295141,1.97605760527794
