"","","par1","par2","par3","par4","par5","par6"
"cv",67.816738503085,0.349447928858916,-4.94474858136273,-3.05710346044985,207.30785802506,2.55513557961119,-3.76541244400132
"cv",30.5380162805753,0.245916093622361,-28.4820657189169,-2.86888800032531,205.838042225168,0.19359402358532,-0.456798055779825
"cv",58.1891718675747,0.324659308160303,-21.762105370555,-2.91720863808964,200.060567636593,5.55413487205898,-0.268787198804763
"cv",51.1678825675654,0.232151996147582,-34.5809544201055,-2.9010515124781,205.672908899627,-0.397657143998451,9.05123226810247
"cv",78.1646020461596,0.270285900007765,-27.4176131701097,-2.9545698304748,206.218896550507,5.79689130933538,1.66165901540291
"cv",46.1219879433642,0.247748001250989,-34.6423665617258,-2.76222231539527,218.638755456107,-0.57934243355146,-9.00493029708252
"cv",84.8087659175934,0.281743547039689,-23.5289439554626,-2.92091112471039,210.038753822157,4.46896216496321,-6.33415821903855
