"","","par1","par2","par3","par4","par5","par6"
"cv",71.0629784126321,-1.21962832769188,2.96502588316798,-8.1840016639658,-94.6225924417377,-553.685370033409,-6.05808125721991
"cv",91.8894371300814,0.417870982544232,-2.05546806574407,-3.64359940143414,926.557322520345,-110.650419653511,0.761524795372778
"cv",83.0677108125039,-1.15270912155836,-0.659764836049902,-7.38416763393899,-207.825655628011,-749.348651012868,2.53071831073612
"cv",84.1872802885345,-0.379727886564974,-0.691993292268834,-4.09889346238017,-627.034508623183,-126.453878434925,-9.88381829641942
"cv",35.9887763219911,-1.10431128791439,2.34782449886557,-6.99674156063352,-120.900291737951,-786.506289369558,-8.28164550726092
"cv",85.6901358709694,-1.30606995460646,1.92832194825182,-9.18391955308633,10.0899188673803,33.4423095379625,1.80840681335578
"cv",65.3489377549202,-0.721199142972687,-0.2506201529079,-4.80281642388565,-83.9140524436914,-373.064204668556,0.812604443795866
