"","","par1","par2","par3","par4","par5","par6"
"cv",95.5158284772647,-0.562548449455165,-0.0215902361951607,-3.64982596862813,-157.240530941635,-691.692095269036,-1.28367107939415
"cv",92.694416534074,1.04347339758127,-12.4087584973547,-3.01765471819808,296.674609184265,25.7195175954289,-3.27909770887345
"cv",83.6784042809062,0.895384338092888,-22.9303895596916,-2.96247055537796,230.328605633811,-2.11620492664497,-7.4248916212795
"cv",113.435671653558,-0.81017442253833,-0.251194375567382,-4.4756809440371,3.12255159314549,-29.5678002404966,9.03695839052786
"cv",94.4574689459465,1.02416824837663,-24.782651533398,-3.00795000819175,391.032611266914,-6.20189416887808,6.11794249154627
"cv",103.745246739785,-0.664712188339359,0.175159587732574,-4.01730045401589,-891.611963510513,-536.745993685404,1.94184544740198
"cv",97.04307952418,0.970456585288448,-40.5047794943299,-2.90031336484679,224.638777958683,5.59952401436696,-9.22003847584259
