"","","par1","par2","par3","par4","par5","par6"
"cv",81.458800203362,0.9213107498803,-21.058283960599,-2.96509175878843,937.590516777444,-179.121931099082,-8.30045091470524
"cv",91.8912531458124,0.768085884954828,-4.2055404739091,-3.03107873656682,537.185369345306,-93.6269591664582,-8.4167387636399
"cv",81.9659430249976,0.859650239368578,-6.11750555496024,-2.85091189805591,815.557393842125,-157.085494781391,-7.69602952176535
"cv",92.4798734544577,0.846753190992938,-3.91218999262501,-2.96941887261331,667.182959343167,-126.537408069522,-9.57772782538086
"cv",92.5447381379616,0.849259576616364,-7.73510452729029,-2.64347907320198,887.188073795936,-489.333968200232,0.3880928805442
"cv",103.976539623494,0.861374410147116,-34.6639293815553,-3.02966756943997,892.253627069294,-150.739579533878,0.771045161349234
"cv",183.609120363309,-1.06622858295093,2.6765354199065,-6.70791182482104,-403.877417052564,-779.680908778317,8.02964706174443
