"","","par1","par2","par3","par4","par5","par6"
"cv",117.034321951209,0.618810264023206,-40.5047040713781,-2.749559244797,517.374255528406,-56.7456719182991,-7.8740964189344
"cv",116.014321092498,0.517405442814923,-8.83537077892405,-2.79234705940834,852.629477524396,-117.58766981344,-7.4532001252342
"cv",111.500062348912,0.41709179595367,-19.8170528198916,-2.84650154937848,437.99226702859,-45.1442896478038,-0.793048587894658
"cv",102.13673385195,0.478600940002895,-20.6782907990344,-2.61534963770808,706.717176013714,-93.7296028616675,-4.89466130339759
"cv",94.5295241062412,0.469908325556013,-17.2857321903715,-2.64539451581916,751.619496558861,-100.30294478876,-4.07406409471241
"cv",108.232781427783,0.575753566347573,-30.044391004907,-2.71091656363598,759.41205711827,-101.580202035329,-2.50350897533455
"cv",113.405188154516,0.575495246836887,-27.3477960528434,-2.79287316019048,543.541455432903,-62.7784388206177,-0.628335855300538
