"","","par1","par2","par3","par4","par5","par6"
"cv",118.189045965612,-0.502877240069211,-0.398182356730103,-3.76349422651849,-589.703600409176,183.247911569494,0.746856494806707
"cv",107.542872674694,0.864050053025562,-32.0309857650017,-3.0613064386537,371.675230957647,-28.8514133895255,-2.23548070515611
"cv",97.6816491750476,0.719228516262987,-18.80770684051,-2.92363260157507,236.29777787093,-5.64147298498859,-0.972080768430672
"cv",71.9064301242402,0.791166329247083,-5.63968480527867,-2.84727642128101,213.502447824604,-1.7596192307671,1.12283977584124
"cv",102.661041285063,0.952083351232723,-31.5588361564268,-3.29882024780113,289.912169103673,-10.9241287607377,-4.29723234381527
"cv",84.1491456909935,0.85821791883469,-26.2098185784637,-3.07241614247332,289.927673851478,-14.0148701439372,-6.85077062058394
"cv",94.3559691975151,0.804821817018091,-23.3109057149796,-2.90547958253341,933.997326252559,-133.089932333942,-1.60759094608854
