"","","par1","par2","par3","par4","par5","par6"
"cv",75.8794118779756,0.247527817805764,-33.3552372787142,-3.29596420544317,217.417169603831,-1.35581873694137,-4.67187998816371
"cv",33.1529318351249,0.538718824079862,-15.0509179764832,-3.40614292054621,225.868092553983,-11.2700343495276,7.79604262720421
"cv",19.7039172749167,0.46164732206441,-20.0191870767689,-3.28672528634216,220.991767103291,-13.6984655548582,4.87928121500855
"cv",22.6169977846304,0.484789817431689,-15.6442614685717,-3.38033964972678,193.453793096858,-5.06048750359903,-2.53622769028308
"cv",154.399140883208,0.466390594270866,-12.4346904073571,-3.68914316860354,360.15371173643,-323.121659230174,1.38907140690264
"cv",37.8428279007698,0.590217869949347,-25.6484033832964,-3.48329072696167,229.475855483849,-9.05711675882333,0.868617729879722
"cv",21.8578872671027,0.466040026014664,-16.7966396820052,-3.3104859466657,247.220538547222,-40.7652099233498,8.37852683383971
