"","","par1","par2","par3","par4","par5","par6"
"cv",93.6991717708159,3.12212928954396,-40.7733654434909,-7.89441337667941,901.362561620772,-25.8098611594636,7.53153606733354
"cv",75.6988983336803,3.82605565637912,-46.9599401552463,-9.46134645786911,715.67458825861,3.97224770855596,-0.588484438508178
"cv",64.8691211618827,2.43362615755409,-16.0633343995779,-6.58755273240101,571.893857848579,-9.45253219734246,4.06179300774032
"cv",70.2658100200988,3.40977249596835,-34.0223215164495,-8.44375584153546,764.962866066518,-4.94581854839324,1.24599436766412
"cv",76.196365440658,3.66507916036764,-47.1365361831771,-9.1819642111659,909.402868797604,-23.9396330875567,0.0408873685117594
"cv",89.1894739826285,3.54735376289511,-26.0872726417809,-8.93746693506139,991.677683153582,-7.84749448700309,3.65365092231356
"cv",68.1681084836757,3.78727386786047,-45.5300692893178,-9.23606981279233,943.932077177975,-7.26010647847627,3.39520401637343
