"","","par1","par2","par3","par4","par5","par6"
"cv",117.421366039934,2.09419146100256,-5.67642022083227,-7.24518344750377,115.17667633878,188.780324307974,-8.98854510700155
"cv",24.4641796896784,0.392543940720537,-24.1048414296855,-3.51726647343856,204.465171299492,8.15441977724703,-5.38216617889702
"cv",34.377429694232,2.46547178256917,-20.6261546688221,-7.31272900874979,192.06907029475,62.4957047219987,0.327559399361089
"cv",39.3100171229439,1.55607689131101,-19.3088528636068,-5.65708045095832,211.273426773118,66.242801659378,0.535503097876036
"cv",16.9080316831981,0.50778672027827,-9.03034455032477,-3.63213709031123,214.039851132518,1.97420368048828,-9.99332813130976
"cv",60.1628643966503,0.406543251874697,-7.8325235354018,-3.47438924441018,181.880940824248,5.99204172600247,-5.08636330621326
"cv",37.4366471398886,0.468937443378221,-10.9233293203255,-3.58640813592598,208.675043262757,4.33555526213144,0.93419989796173
