"","","par1","par2","par3","par4","par5","par6"
"cv",85.0845440059537,0.370099116895697,-14.9948000759027,-3.30657409683986,624.290363558044,-70.4520709400245,3.03545856062969
"cv",17.4384937991368,0.435551380933394,-41.4824537901697,-3.19754314135817,515.935943784092,-55.5740941123004,9.78993468698032
"cv",48.8877323095798,0.275159297392655,-19.5165839031945,-3.10678505565305,58.5842858498069,7.99790572373466,-5.37083296779905
"cv",26.5119345187402,0.353774231950599,-5.14295016279707,-3.20026226690496,962.331729059116,-127.499340628581,2.87627239410369
"cv",29.1073949773683,0.622809012001299,-18.1764959295308,-3.56633895354894,914.672286782435,-144.182632470843,9.59614836967077
"cv",61.6826553017252,0.222805957185652,-19.2041390387251,-3.13861042703495,210.420501755833,-33.2153308340427,4.31978436677029
"cv",89.2726748010758,-0.259524640663235,-1.73506405732732,-3.46141357480906,305.830199956824,-320.310056748736,1.48181983735412
