"","","par1","par2","par3","par4","par5","par6"
"cv",86.6053589358984,-0.69031204739649,-0.531592522747815,-4.12676126730027,-476.701907039009,-852.840983803438,3.12731906085554
"cv",78.7559850625175,-1.17916591913819,3.02287272576243,-7.43337647131459,-329.17534713527,-675.118028186262,3.89204426363453
"cv",102.5656536933,0.832637125004137,-11.8027358725636,-2.97591546103492,273.29252766717,-14.1244550426514,-8.3165864469308
"cv",108.389206767557,1.45038097023803,-38.6111259989406,-3.56354476232302,239.291832290202,1.50430006157262,-8.01186427128072
"cv",77.4404512143729,-0.846087963543116,1.30599268446996,-4.51117420459802,-557.483203442717,47.5674918852746,-1.47106840004686
"cv",115.922619459434,2.77994771651931,-15.4338535282724,-5.92212962416634,226.994413925916,17.2732217061517,-1.04678623188296
"cv",85.6179952591416,-0.836553041720534,0.28655956461936,-4.90520328923337,12.4853997722111,-557.238819639327,-8.98575132712722
