"","","par1","par2","par3","par4","par5","par6"
"cv",95.8093136051455,0.97268541438377,-24.4789205944817,-3.45961886161906,241.606128966141,-4.7715003868509,-7.74120646618745
"cv",79.9310978051947,0.67901658590806,-46.8644770327955,-3.10112852648589,78.579619139759,6.20579458125123,9.17547451554875
"cv",81.4793744040017,0.746922421128342,-10.9260194843905,-3.40525458156476,221.712248751645,-0.0945074550381584,-9.78106183931231
"cv",94.5504733552247,0.972180249028693,-28.9555047496006,-3.46970231250879,209.519778964655,8.95501364465401,-1.61981646248211
"cv",58.3895394529097,0.831691453842837,-12.9074612976592,-3.16432439333596,253.543824254904,-5.79306822951122,-6.19818644537523
"cv",60.0034183657742,0.819007693275168,-15.6922660079702,-3.0827706410474,204.52544672445,-0.710711632092142,-8.5629108631591
"cv",96.7518665107117,0.915650911731022,-8.44926413015315,-3.31120655415969,229.671205866258,2.9902185771512,-7.27613200491224
