"","","par1","par2","par3","par4","par5","par6"
"cv",71.5708774345521,0.164243771434232,-1.54604264515349,-3.50625098991307,-660.434825461464,-766.236117091098,-9.22761888200424
"cv",90.6851480969758,0.760190005769628,-20.2707916279547,-3.28139761512524,196.228818910302,-1.71192380480252,-4.15433930161965
"cv",72.2325336739141,0.727068802386697,-10.2179905720529,-3.12497319706348,197.88816450666,-2.23648938442071,6.55332826834735
"cv",87.106701378259,0.631073572238987,-21.9031667154797,-3.0035274853481,65.507246249342,7.40542756880422,7.57080873008817
"cv",71.6736869261966,0.743766423482957,-19.0442852604173,-3.22486968651924,202.393694848852,-1.1247119135283,3.1344626929041
"cv",86.9284773554638,-0.0760352829305695,-1.29800503269832,-3.26974710876184,-14.6850583795498,-313.526017924869,2.28914451912191
"cv",76.8932439013267,0.921324476682206,-18.7959481765676,-3.55929802271398,265.177622019996,-6.40052137714913,1.72513495043926
