"","","par1","par2","par3","par4","par5","par6"
"cv",103.508251757498,-0.530033813710438,-0.302221835590899,-4.14722958552563,-254.179988677502,58.7834967602838,-5.20887599792331
"cv",100.406972906617,-1.36366293633516,2.54719401478156,-9.60522263928201,-510.75709462548,-917.308023199439,4.0295854811246
"cv",97.1549524571269,-1.33586636656278,3.40360586288353,-9.28015627308918,-848.665692912554,-157.603248574786,-4.37632260797906
"cv",101.160240952128,0.987313687340591,-19.4569004932816,-3.24543494427806,409.019436507289,-34.426850512842,-0.413991969757822
"cv",91.4542419710095,0.867678834736815,-28.2974680885673,-3.15923340431437,253.781452837536,-11.8806259667821,2.69588222495682
"cv",80.0308869735237,-0.604765445975295,-0.441383499897071,-3.97733341915039,-211.241898592561,59.2167174038767,-2.92513808588947
"cv",94.6584521280874,1.00269392584626,-17.9293547417288,-3.34900018427962,660.022390770139,-66.1626679366032,-6.1650183866966
