"","","par1","par2","par3","par4","par5","par6"
"cv",79.7185016774653,0.438072442327162,-33.2875357358755,-3.07958229778875,720.393697711457,-368.264044065442,1.85128735598644
"cv",66.0647914206828,0.451405465918954,-27.3071133445561,-3.09833345365475,89.5120789623215,-60.9025229410799,-6.8234668208977
"cv",95.8360199739509,0.460573200006684,-39.6655037167027,-3.23695514388614,485.986633405165,-494.103572592322,3.93983351006107
"cv",36.197732753721,0.487941342249369,-41.7480858747771,-3.02963586751424,146.19889521174,-143.410663698842,-6.16297201473676
"cv",25.0336892762854,0.439769147229979,-17.2091309768287,-2.95341568201234,239.0717346636,-239.555428725805,-8.34383116757822
"cv",24.2681486336614,0.531545324420078,-41.6949135403133,-3.01511294551487,112.65811331753,-101.118901314879,-0.159123221626443
"cv",39.7805026165369,0.435737740908524,-5.44336284632543,-3.03372080690225,302.035513806848,-320.61766524675,-1.0215451894328
