"","","par1","par2","par3","par4","par5","par6"
"cv",99.1687457868197,0.277978443025511,-2.25498802832001,-3.1623384672968,822.014967797618,-677.540682256222,-0.877808874317057
"cv",72.6042030747277,0.491611958436306,-11.4499839780144,-2.79272944470071,95.4692528535773,-16.3646415963447,-2.17957501880607
"cv",63.5056029888957,0.542065520537865,-19.7211543606438,-2.88743097894616,108.916629882306,-21.971598267074,-7.11915604770184
"cv",56.5988020867207,0.464413149303752,-4.45072972718738,-2.95176273301892,120.747282807961,-28.1447674593,-2.34884126874538
"cv",91.1137676346112,0.500960564287045,-3.92158992874495,-3.09250619188323,114.774608428477,-24.7921406088804,-6.00930398820429
"cv",65.502612663122,0.508625108534895,-4.1600723387608,-2.96764574512996,128.39723115632,-31.1973472344146,-0.527845520644873
"cv",81.8478446945495,0.55046996360029,-4.77232849254259,-2.95602120190481,121.423076058408,-33.461075534764,-3.99358445403728
