"","","par1","par2","par3","par4","par5","par6"
"cv",84.8892023710989,0.725746348598939,-13.3294843557911,-2.85088542946648,701.469504769619,-787.941418310217,8.19480504173582
"cv",50.658006071624,0.694167177986832,-13.8125328034822,-2.80627531879491,276.11740399152,-221.592972335612,2.9508624828713
"cv",62.0793195822951,0.677680220874442,-15.5734357216501,-2.82959449659478,650.355149970547,-735.634991330446,5.25249807164073
"cv",104.813218591937,0.493335893910983,-11.8820490403773,-2.9076991215281,63.3777738869353,25.2743525721431,-6.15383673721206
"cv",38.1454080864091,0.700794555702814,-13.4750571085129,-2.7842856338577,691.741903865673,-780.733377610428,0.756867269104835
"cv",94.9733407720287,0.734317428677492,-18.4483887871033,-2.90412614599456,431.314909624991,-730.374272024748,5.63303479500133
"cv",48.0608479518054,0.682284446690898,-13.0610870481067,-2.83347320246312,568.259448510822,-500.639184994468,5.78107629920473
