"","","par1","par2","par3","par4","par5","par6"
"cv",104.836834681239,0.431897529987294,-21.5327539823924,-2.94701011465774,250.198398750008,-60.3783429106001,0.806460302104372
"cv",98.6154312688053,0.405899010856513,-3.98915502902447,-3.00898636569213,203.486744708226,-7.86078164826948,0.857252678661214
"cv",86.5403711723089,0.401922236686858,-11.971342405183,-2.85197132355231,174.380430817582,0.196295210927317,0.862400850772428
"cv",112.055610025684,0.458821907316923,-3.75132587932038,-3.04704850828695,261.005027956251,-32.8488449944751,1.5338125359267
"cv",35.8827202110307,0.588509749235189,-17.3399961560116,-2.81844007112302,191.97924025324,-4.44087226841575,-0.446060213953257
"cv",76.6804434444496,0.555918539399598,-22.8832364810428,-2.90559045918443,295.743449848921,-95.2768806190248,0.579977799206972
"cv",38.9460150799381,0.275945448274853,-2.34887121308722,-3.02739794847579,219.071147990068,-44.7104423177293,-8.23345957380192
