"","","par1","par2","par3","par4","par5","par6"
"cv",107.506295316332,0.791914317521553,-14.197606835583,-3.07760083206302,35.1437967422369,53.0809193885757,-3.94123762768657
"cv",103.995263141531,0.728266165143741,-12.1943966186909,-2.97469381759262,438.048401270054,-55.2490776963262,9.40522001951688
"cv",105.042270507626,0.838915892015362,-15.8439730768991,-3.17731962213173,921.282622046484,-145.41996109828,5.64073631246477
"cv",77.6778443272238,1.21264392683447,-7.09534795281795,-3.88141715635575,367.962525931396,-10.8316113964363,1.23539814976294
"cv",91.6492209694196,0.694363877426932,-18.4734228058337,-2.99789301387034,530.271770275641,-74.5894515088308,5.4668313150458
"cv",96.5486582106616,1.06294184606736,-44.3300466688031,-3.51573207569597,648.744166605642,-78.3455648051709,-0.144446620519414
"cv",65.9544245683669,0.70254272980299,-46.68788522113,-2.88175261236767,592.481691159443,-88.327274313311,3.0072522865219
