"","","par1","par2","par3","par4","par5","par6"
"cv",132.037865352636,0.423144933216502,-2.30000999814559,-2.74963842796698,340.038228821461,-264.788367117985,-9.7915085400577
"cv",76.5969562468997,2.00810500647352,-38.4831072012636,-4.9192374155807,313.342336863388,0.686792301639855,-7.14275473734934
"cv",67.3760582739948,1.98571606561311,-19.7996935381699,-4.69526365676642,24.5058695131452,653.890541245647,-1.15936811595539
"cv",114.516928326345,0.897941369186916,-31.9054590435913,-2.99753539027844,-3.4440720305567,135.303613284136,-0.977578984509313
"cv",64.0517854749519,1.53464288584098,-47.6949262079949,-4.07352390448378,370.698420913392,-5.6870119869709,4.50608984208007
"cv",55.7921499137287,2.14425259843345,-47.3783661300819,-5.00826075799871,7.45907146592366,736.326878816392,-7.3687770440961
"cv",78.5651095153396,0.680479486375499,-34.5453581551854,-2.76189154890116,-2.87565215402228,94.0736579139903,-6.03329126809018
