"","","par1","par2","par3","par4","par5","par6"
"cv",112.199847285021,3.60376136280342,-41.1111137949712,-8.9778278487645,723.24912745774,-2.22881074880089,-2.75677972801474
"cv",95.2139323079667,2.44337818521451,-21.9880548345798,-6.47460438828249,988.586058347974,-34.4694023322213,2.35957855049197
"cv",99.199655154939,3.27011436867486,-40.2245053034039,-8.15472179576086,922.224463894963,-30.0721705883954,3.00689501330771
"cv",58.6280503813888,2.90605245007522,-22.5115831567628,-7.29323859158903,967.493448344731,-26.386570219332,5.25837436604061
"cv",81.0485951890426,2.96227724661768,-42.9080632880497,-7.39170340918911,732.337192593537,-31.8599067843558,-6.01805194275828
"cv",94.9407072276929,4.14335796362109,-46.1366597643413,-9.70482615944954,310.413999948651,8.41726337272192,-5.80089192335148
"cv",82.1698810646296,2.98485352856809,-38.6951715394848,-7.39172118104705,772.812741749206,2.05479274630892,-1.6559705505773
