"","","par1","par2","par3","par4","par5","par6"
"cv",91.6760080800108,0.897055052210129,-25.5992741389251,-2.96787276290356,896.058159447793,-77.2549066791582,-4.82779915797302
"cv",91.6827117645647,1.54493140526429,-32.5464141496464,-3.71956982012093,303.583304322574,-2.5044013811175,-2.14386954437941
"cv",120.394165072008,1.37001583642508,-29.731021604889,-3.63169860043461,255.628548747455,8.90623706356085,-1.15974095554564
"cv",98.2619492674599,1.15504566640704,-30.7452894274204,-3.19549641135499,746.982749121859,-32.893560670287,-1.45925043414638
"cv",79.3841914569664,0.979046201938774,-48.9183031673511,-2.95925058742186,476.511069438901,-15.8475244507654,1.77877652023059
"cv",109.921468345016,0.976287367791479,-11.6277350160362,-2.9909045281201,952.733694851771,-84.5851212754997,1.06111429102661
"cv",71.3386030241239,0.969754051615163,-19.9965740362877,-2.90375800655165,313.865318646673,-7.80773001099731,1.12328871245194
