"","","par1","par2","par3","par4","par5","par6"
"cv",35.1903334950305,0.449988877902226,-13.5155184460892,-3.23059928224083,58.8690770353577,29.8984878901711,-9.60973052304035
"cv",90.6800608910214,0.489187956434013,-42.861459275851,-3.5224843250481,61.8799186206389,38.9877688916076,-6.54591319162271
"cv",68.8514416319682,0.591554041170626,-37.3636313481256,-3.48981668915468,67.2236273153947,34.5675233879081,1.77892938139555
"cv",22.0415599658486,0.662080838812911,-49.228783208991,-3.52500506050057,89.7698054751004,35.4532093351442,-6.40601203220827
"cv",84.5123913885409,0.676603920125871,-29.938830539418,-3.88130178910825,72.5634833263355,33.1801129781989,-0.207718329801799
"cv",27.9478967816476,0.287206276900303,-18.8800983034369,-3.11690421768372,63.5976272332886,30.3827892717148,-5.60942898049633
"cv",27.5721657940176,0.382107321752311,-22.2712320163988,-3.29236656911957,192.742512533273,13.2581639434237,-3.21471919957167
