"","","par1","par2","par3","par4","par5","par6"
"cv",84.1426950368133,0.909007922729455,-8.95100787955616,-3.15369395993978,145.222524638279,15.7790907918476,-9.50814598658097
"cv",78.9021586508212,-1.15884532656121,1.17277936275407,-6.94932316805563,78.4539796816658,-658.185997651233,5.9252308588475
"cv",108.279005441635,-0.952989028066,0.690633478175755,-5.76252837206887,-901.330502952568,-67.0455556910193,3.988585182763
"cv",94.8230960606556,0.863725160534567,-7.33285600402287,-3.43106543696395,196.31745853907,6.62995678647508,-8.16179935789874
"cv",84.7138780594098,-1.28549317064763,-0.140165935994889,-8.68552530174144,-930.049304049465,-748.091015486573,7.17105441261083
"cv",81.4718716092867,-1.09614108921116,2.43144250688223,-6.88031119825002,-240.590520445241,-837.430643578751,-2.31079640332609
"cv",89.1817522666415,-1.2481451537954,3.61801063083112,-8.28076872880671,54.8806000693284,-70.9775320082051,-2.44101194140532
