"","","par1","par2","par3","par4","par5","par6"
"cv",96.2347116174995,0.804086217919551,-31.4762528520077,-2.99575159393412,251.232828823867,2.91457231074983,-3.57624596733321
"cv",102.842253807721,-0.838749948660487,0.157117066700895,-5.23570102679722,147.613555272314,14.6563807644745,1.22616902115664
"cv",93.3826027899692,0.687705247972569,-36.0097993343476,-2.99393969633648,651.936200061882,-83.903885305561,-0.43982706583688
"cv",92.5396499266704,0.652681318373983,-5.93913380458793,-3.07220320474322,290.74671690573,-13.9846516846729,0.0640590585361642
"cv",121.761650384563,-1.12578269092396,0.185920831076652,-6.65106515388599,-228.200498502702,59.3009728839086,-2.06542811525821
"cv",85.5439260900389,0.861744070425748,-41.847627912648,-3.00074648617359,206.803816487168,1.69674156128632,8.63319422280978
"cv",93.1255410175253,0.95253986716847,-10.7462228295545,-3.25963230211971,206.980704916924,5.77658601105213,4.16567922249269
