"","","par1","par2","par3","par4","par5","par6"
"cv",90.7190511620882,0.561737008933089,-2.37285582457775,-2.6406376139793,604.163552561548,-456.005702957603,-8.69277379226174
"cv",98.0557219923567,0.840194146799258,-29.0777630710743,-3.17112264453535,218.305882060843,3.33401315633071,-4.07148605883208
"cv",106.495988288616,1.05410467095886,-33.8164668839432,-3.41462715125212,232.780018152187,1.72438133749816,-3.74715889203453
"cv",96.8275106082485,1.0759018386616,-13.2306743029191,-3.27181675549734,445.1366715911,-25.9032987843801,-6.48617644990161
"cv",116.259842297571,0.47129786265743,-2.22739853337467,-2.82385226600034,447.486003684977,-296.778627318177,-8.93073635175824
"cv",84.3232358408099,1.13178524259224,-20.3712505820548,-3.35584832586709,336.554894779585,2.19704520597153,-9.93620093983967
"cv",80.7477707766012,0.927332920091093,-8.85569664855768,-3.05140237231186,262.619058250989,-12.104494287269,-3.41589694154712
