"","","par1","par2","par3","par4","par5","par6"
"cv",84.8388771378851,1.03598089897471,-8.77255078044161,-3.4732869320246,205.451026301016,0.349427406707116,-0.469332523100319
"cv",77.6037481744003,1.66024251626175,-25.1767201933697,-4.64981692836458,315.197037657866,-8.13533239659901,-6.04156584478915
"cv",85.1298489538474,3.06136533250008,-32.9461250227379,-7.25455295771661,239.831721910187,8.89188912193529,-6.19954681054159
"cv",69.446549184104,1.2768606402564,-9.14844383744317,-3.92413421272444,226.29966083124,3.54937083181352,-0.554729995199411
"cv",84.5544726880307,1.15860831452258,-48.8582060350989,-3.63037553861956,220.352951716709,5.89607428564935,-0.111088352277875
"cv",68.636511916721,1.2945165330606,-13.4731227287653,-4.04425935211489,235.089233699192,-0.912896295687915,1.50101369917275
"cv",91.9273271619342,3.20456351687858,-21.370928404499,-7.16512513607276,244.260392108784,6.00128644030278,-6.92461917634054
