"","","par1","par2","par3","par4","par5","par6"
"cv",74.1396438357034,3.15440137900684,-48.6038671531975,-7.66912090592086,988.665015126686,-13.0760862228517,2.72072633262724
"cv",67.3266764924837,3.70484679224345,-29.2042809632315,-8.74100247145422,835.806350147105,2.38407814128643,-8.32698399765853
"cv",88.0052635022438,3.80342198370563,-20.1211466865601,-8.99556030513346,920.857271104286,-5.17700578672084,-6.74944159574807
"cv",72.7592791275197,3.12658143106305,-46.5108558714801,-7.62639742661462,319.004156650683,1.77274044045439,-1.82015194340011
"cv",87.6345946866153,3.82623238132457,-38.603567806155,-9.0386351744778,891.150634471864,-6.92233545446025,5.09741299178424
"cv",105.249364827335,3.01329075015926,-22.8363313311406,-7.47521422871611,263.141694408632,2.23760580043355,7.33445497482088
"cv",80.0720242450099,4.04426688724844,-16.3164482627154,-9.50854886373038,670.552261763652,-11.2639525331642,3.5805459743913
