"","","par1","par2","par3","par4","par5","par6"
"cv",41.8155310651831,0.914524106297442,-6.28096632788153,-3.26544071376658,72.0240543678179,-888.74993681166,6.6573824005028
"cv",26.7932359539937,0.875343837441807,-16.1997326625296,-3.19551220895292,-15.4037377797067,12.5484000891447,1.9863876198323
"cv",62.4197279015848,0.898309782311966,-7.21172866195421,-3.39066222914144,2.27548245450802,11.1609911546111,-3.52484194561839
"cv",42.8018224695029,0.940529305735033,-12.4919332471998,-3.35412344249334,79.5955444928835,-934.648170601577,0.832201451994479
"cv",56.5030972843922,0.94545911641353,-7.77597581942737,-3.4282919156361,73.6170973692841,-885.688438696258,2.43063661142901
"cv",49.5438541013167,0.906822864781683,-43.2894458346141,-3.25383037073866,74.2123329959906,-885.927211027592,3.89111150628001
"cv",39.332498535416,0.905179378755289,-7.83589226779522,-3.29320006373901,79.1224607666286,-529.350615626391,-5.44300959553281
