"","","par1","par2","par3","par4","par5","par6"
"cv",0.921403151930219,-0.213675945529053,-5.20219715209327,-3.35466753425326,839.796628319276,-105.524937693052,9.3396130850572
"cv",20.6437747286807,-0.193431064117151,-7.22828136323507,-3.37017055617188,743.446432208627,-84.4999477552852,5.57741379173495
"cv",4.86372687591443,-0.251605334024063,-4.25086333630641,-3.39304190020493,908.063530478534,-103.858949327664,6.04676896723103
"cv",36.8330239002218,-0.207577781995293,-24.5585972056624,-3.40390728740394,655.005094988127,-72.7025471574794,5.7667222713842
"cv",13.2461524702224,-0.21655050135404,-8.39884110292425,-3.38226653037725,642.579567084074,-71.2285281153493,5.70664624874581
"cv",141.322514369587,-0.867475616215089,-1.51813234931731,-4.30987116550627,724.593763770332,-103.39728486408,4.03114863044974
"cv",24.4318680196071,-0.269539834889764,-4.13119318872491,-3.41252642392865,385.328548075813,-49.993984884944,6.18571270722896
