"","","par1","par2","par3","par4","par5","par6"
"cv",56.9194139817988,0.298617707324546,-2.13182483175854,-3.1913453041582,-112.547958269715,93.4727131389081,0.602084140152444
"cv",54.6691954164606,0.215177635915828,-36.3083571886052,-2.76210776067136,52.516407017794,-6.08905663617506,3.82343665272854
"cv",70.4036793556652,0.411885510747658,-1.99755602900438,-3.27729868004968,-733.266068320457,109.046329239874,0.86113822347061
"cv",54.1276290224837,0.521338113624769,-2.53219682012103,-3.17432055639964,-707.326797771598,365.778179793992,0.629063006490469
"cv",48.9141659132699,0.313799043530228,-3.03871069581308,-2.97484981323643,288.220413002367,-193.357078257948,7.80600394220146
"cv",60.4249652779359,0.257750024925051,-35.6752143480816,-2.86676609834625,40.0179369139577,-0.393422500602867,3.46677205320103
"cv",58.9982188730013,0.397235600175314,-1.95350144488971,-3.16014265221825,-302.161929407902,-510.828432778091,-0.878763975847459
