"","","par1","par2","par3","par4","par5","par6"
"cv",94.9618954660013,1.28868839621444,-16.6907334076616,-3.73113587689626,305.929254357069,-3.68585341084839,7.0016343239804
"cv",72.5698708011141,3.50042626884782,-10.2473043254485,-7.7669228647582,821.850388686883,-44.6322783758108,0.931805456179618
"cv",86.6536088798454,1.14828052351364,-11.3665595502076,-3.49819214685747,271.282566833498,-6.39568884237588,-3.23849404768158
"cv",88.5614578048388,2.80300905097146,-31.4336477104992,-6.47802808692337,238.971341401339,10.6653856243227,-1.98679276119246
"cv",79.3822223278626,0.935508466411765,-17.6827392977353,-3.08343501536243,973.562225225553,-121.05753716658,-5.66171010215075
"cv",87.1737477356507,0.974285078553916,-15.8032624218494,-3.19501795686739,249.236792745959,-5.67502854391932,-3.41441985345121
"cv",86.270214712488,4.19827824736828,-23.9706961904839,-9.05792421831805,922.834647033114,-26.3816826045513,6.77749336786114
