"","","par1","par2","par3","par4","par5","par6"
"cv",87.890344695634,-1.31815503299053,0.39911465076414,-9.26858814024999,-904.206700157374,-648.338776237367,-5.31898899003863
"cv",90.103255293398,1.20801458510165,-31.8605774168472,-3.80184125917501,586.655984872834,13.4714009676635,-6.9686657778756
"cv",84.8525595624868,0.855297187040054,-49.994190827726,-3.57592325176166,261.509019415826,-10.0024406955339,-8.47815946350734
"cv",76.4539434978554,-1.29408373109841,2.04943464198404,-9.02603427408596,-493.861090157042,-973.359541400754,4.26557600261763
"cv",86.1166199798845,-1.08770009044545,0.282677806452762,-6.87650025398733,-221.13335644236,-66.5879063445817,0.777968492760715
"cv",85.5009757783234,1.164946075422,-24.2845709209118,-3.84832745167799,383.59687384218,18.6398723571398,-1.90447030858458
"cv",72.3751797595082,-1.1343173284779,0.134123183300657,-6.90981110820837,-180.8200776577,-603.998146085875,3.12089174028564
