"","","par1","par2","par3","par4","par5","par6"
"cv",78.7133376613515,1.58423473858703,-20.3022525228696,-4.49111316603994,968.240851216648,-41.0581369287829,-6.91183170829384
"cv",93.7145102207856,1.45355867941823,-29.5291198638731,-4.1827145483578,872.350557662067,-8.8669694682066,-0.678741205726335
"cv",87.1663741606603,2.08311876988372,-12.9050287634289,-5.32543231520523,732.890826322797,-12.2663757899405,-0.665933331474662
"cv",91.5600111658217,1.85973095501709,-15.9969263471781,-5.10135013019175,982.870262979293,-9.75520265031894,-8.48245957315435
"cv",80.6296732764463,1.12717242698826,-8.88165934920572,-3.73642742861485,940.447166762422,-48.5840127525588,0.255971446898647
"cv",74.5138418521318,1.73964723301945,-18.5012778698843,-4.67229893848794,265.572423341263,4.82999539319175,-2.22748201469295
"cv",114.818492762018,4.04220953512806,-43.9838897993215,-9.53302519173363,261.230478956444,13.9883082436546,-5.81921383149063
