"","","par1","par2","par3","par4","par5","par6"
"cv",89.4399684858394,1.23835061503661,-42.858981213642,-3.54162371083296,216.480873926385,1.00764644198436,8.19594385062979
"cv",90.6792397039031,1.0985039636938,-15.1478813961148,-3.45273425614892,225.968435208289,-1.00292871512124,-7.20392024301027
"cv",100.555673903743,1.20250814678722,-10.8175939546236,-3.65877238209347,246.728876095009,-0.933031009871714,0.276864417479055
"cv",92.8317928111512,1.29429519735465,-13.2367505924776,-3.80081888260407,261.35675033682,-3.14156696763346,-6.89896509048557
"cv",70.7636310214108,1.16895570945799,-11.9416035028709,-3.44139557761936,269.159447126854,-6.54481209938865,-9.80630986489043
"cv",78.3523047051857,1.16670736164466,-24.4993099810196,-3.3970460241013,291.435310850267,-8.35896410806135,-1.88146607138966
"cv",83.6255365579578,1.12098792221681,-19.0420574179794,-3.38165297014621,277.698053545896,-1.55534143505422,-3.18974832065195
