"","","par1","par2","par3","par4","par5","par6"
"cv",82.9345871692521,4.04854785304247,-23.8627509503727,-9.17926403879522,563.149403985648,17.8902255611008,-2.75797901116408
"cv",85.9628105821557,4.20489967603146,-14.4432792420862,-9.6578433746626,277.655433470011,28.6697854101658,-4.06542582114567
"cv",94.3850324267101,4.07887523808853,-44.4275629511464,-9.32555297069571,879.287349507185,-60.6221756050286,-0.65224586001985
"cv",87.1932291661777,3.37423230078156,-37.5517213814086,-8.16079812872905,622.243909389615,12.8865097548122,-4.54496221227699
"cv",85.9549572795029,2.98528196318012,-21.8034671743454,-7.1995579929734,549.78430662493,17.3180487018576,-1.08376159164476
"cv",92.0383466036992,2.40952391847589,-21.0370514609993,-6.14593955410388,287.530704918973,16.3751937660569,-0.142973452850789
"cv",95.0694046001187,2.78906360164022,-49.844801611755,-6.68011252507809,772.4872753392,-25.9714666754007,-5.2133796384667
