"","","par1","par2","par3","par4","par5","par6"
"cv",66.4332661227943,2.71174353264483,-27.800408413564,-6.75488506792133,594.563225006338,-14.7607427330304,1.69678471255919
"cv",99.8390363517073,3.44676999505376,-33.3138341328322,-8.47330240567932,271.829982370285,9.69299025427666,7.26078958716244
"cv",92.4732012175484,2.59098505833877,-31.6483853469148,-6.60826995566565,271.139802016268,5.0867202564255,9.46663588285446
"cv",78.8093130512237,2.40745965132612,-49.9565350390397,-6.31898766386136,393.057848586662,8.64991440270341,4.13930988431135
"cv",90.6395089989526,3.98783211778962,-15.7850753699243,-9.25320841061801,703.5268934945,6.65706462650962,4.78947360999882
"cv",87.9578276394152,3.48127534809096,-13.1636714251111,-8.5118189632582,445.380393555791,7.71966144258959,7.54931082220626
"cv",80.2834422962621,2.78365081024558,-39.7630788197929,-7.12095114055865,874.621741847183,-26.8465652389932,-2.47176059819847
