"","","par1","par2","par3","par4","par5","par6"
"cv",94.4756575854375,0.628021224313635,-7.69552672647674,-3.09247272143003,197.316454773492,6.9896957156532,-1.04979348350893
"cv",96.4158329736524,4.11383673593066,-25.6428265771403,-9.74710089620203,190.865504454617,65.2992623882114,-5.04478233022117
"cv",90.6274105791003,3.58382399184525,-49.9380801606679,-8.6152129443482,212.952383144505,45.6923349094829,-8.71676376548368
"cv",92.2035354030146,3.93900955697763,-36.807203681767,-9.34801661543224,274.272904970944,45.2484052171987,-4.30947308428586
"cv",93.7027204171345,0.812979289325851,-15.8634885491341,-3.43568841808098,989.487130660564,-136.041968296498,-4.56957714541033
"cv",71.2329933214501,0.689631334807178,-10.610165163958,-3.14559601228229,200.385326358949,2.61503041997153,0.440351986067524
"cv",88.9241684867238,3.58469060237627,-44.2482742367354,-8.76977279642182,224.772243048333,50.9207040123346,0.0900063081241835
