"","","par1","par2","par3","par4","par5","par6"
"cv",94.7261016180378,1.25003396806314,-23.7942650870121,-3.61953820671021,479.767305799856,-39.3241920019431,-7.70815208158147
"cv",72.9716354950678,1.52830952215959,-36.7776331117638,-4.03622217984776,205.814424683328,6.65825172098415,-1.25570763092659
"cv",105.54313671882,1.34459700480917,-33.9496653393112,-3.67952426943347,594.395512571824,-37.1490325096762,-3.3551973477006
"cv",92.9529714944168,1.28737711863702,-10.2953188116902,-3.83109959686045,678.880084459044,-47.3110865809656,-1.38405281433146
"cv",129.906276161679,-1.2687310798362,-0.346997751874117,-8.3195964470922,-799.89218447461,-511.238855309784,1.30436985495462
"cv",79.821287867532,1.20641303567251,-39.8329440007816,-3.45320860093462,752.072824242293,-67.3997209839273,-5.4137369587801
"cv",122.564719752369,1.04153806943696,-15.6685713008857,-3.76905305343756,896.385732168178,-89.6116534295859,-8.2778585231682
