"","","par1","par2","par3","par4","par5","par6"
"cv",67.1593142090065,0.401783297328044,-2.5648507141161,-2.56094321583202,715.640495926031,-847.465614852064,-8.58689279651621
"cv",107.840764978778,0.375748951229348,-1.89159150167082,-2.8337905520322,694.081540261493,-942.223748432118,-7.89375285523629
"cv",50.3258806554388,0.376581767342213,-1.94687689657251,-2.83518639610261,484.473275806923,-558.522796394779,0.905296196498703
"cv",93.6302474043312,0.493817871376374,-2.24478780781645,-2.6589130291305,254.552120084856,-292.464791914559,-7.07662045390683
"cv",89.8345335590222,0.179212024602054,-1.69595415117332,-2.91001210569494,238.206828040134,-617.307142660587,1.11664405813243
"cv",72.4775198920232,0.284010467911761,-1.9046336027893,-2.90831944909787,677.162232789188,-373.348454988519,1.79640401620418
"cv",100.884646189169,0.361968386651775,-2.22006283509732,-2.69529150418782,391.835335079463,-454.871310049053,-7.35636108283154
