"","","par1","par2","par3","par4","par5","par6"
"cv",88.7101627308603,3.90204014180401,-47.3303565004378,-9.32100097981369,271.511996613551,17.9030045895279,-3.92763431088661
"cv",95.1443272323349,-0.822521325837076,0.268485739753277,-5.31884138241883,-193.638322493109,-478.098862893772,0.73502437269557
"cv",76.2295618080456,0.875605552013726,-12.0822793431719,-3.36542006535494,247.824816052993,1.90806723305334,3.83795424173389
"cv",65.9104528778898,-0.943204381488562,-0.0658754747360946,-5.60419284272939,-835.731947363606,28.0677122063935,-0.954411833634411
"cv",74.4119971353791,-1.30812778403654,3.41276639650762,-9.0477694378563,-445.910650580748,-537.603129848791,4.07751695521126
"cv",91.9219579400206,-1.24201282819524,1.44953901942649,-8.28150540388441,-574.158175547477,36.7001897403073,-0.988303848365768
"cv",101.976654010998,-1.17861094827126,2.5523015095854,-7.79818916273124,-143.316758543983,-950.442526567612,-4.60703261571153
