"","","par1","par2","par3","par4","par5","par6"
"cv",149.866706105819,0.983405853895224,-18.2170151812279,-3.61170492877573,371.361251373279,-21.603587891285,0.415016731397179
"cv",68.569166891798,0.747637268255233,-41.356753132052,-2.96005307248603,918.253097816352,-27.9028899118204,8.04963092736819
"cv",82.590102037374,0.635231433591538,-16.3062705471344,-2.97035287197339,891.582946027171,-30.5854789891509,3.37960663459788
"cv",73.07277460966,0.591946917819827,-37.3780366937669,-2.95416535174261,222.430236407491,3.69405535927825,-3.94527617175919
"cv",68.5212818368816,0.592779798165955,-7.33961379522044,-2.91739216670394,213.345841038972,5.45226968824863,-0.698193663396623
"cv",68.5823097616666,0.670739948326596,-21.8908240228274,-2.92194020275124,420.98537149232,-8.98968138851066,9.34238984726269
"cv",68.4863308958284,0.616673139513528,-9.30686470637827,-2.9484181435568,216.76287156059,1.83221961567916,-2.44482030771034
