"","","par1","par2","par3","par4","par5","par6"
"cv",89.7167148170874,0.652133445828133,-18.2273846828695,-3.13468656013039,104.816849569584,-1.28304149980718,0.365632639400022
"cv",98.6900418838179,0.813388182172874,-23.8101814234846,-3.48341401255673,253.981047040124,-10.4184720630523,0.911998934269332
"cv",84.7272459277347,0.717339406057486,-49.5778400474043,-3.17412094532195,235.591748452687,-12.9624072554745,0.936183931697521
"cv",74.1547717770791,0.672143755005403,-26.6421726356914,-3.18402995541692,240.485334979515,-11.9658105242131,-0.396819861474157
"cv",66.4891199154939,0.783166016829249,-18.6944021774821,-3.22636610479967,248.782353924557,-11.7257367191082,1.43818695100836
"cv",45.5126575471031,0.714455869329175,-4.01903927329413,-3.18884217409914,933.811600940495,-231.14406260153,-7.55773574501788
"cv",91.2405540321534,0.683935980382587,-26.4665517934466,-3.29181360710287,216.971645695628,-5.30554164157362,-8.85891051652772
