"","","par1","par2","par3","par4","par5","par6"
"cv",102.16304372401,0.716221277039261,-20.518276794253,-3.06900026606678,205.572535867192,19.898637663573,0.740867122076452
"cv",89.123710115007,-1.38196110689994,0.858467340006663,-9.63002317053652,-407.010358637424,-38.1787277440147,-8.57101612642024
"cv",90.9768081081199,-0.821831562131644,0.0546591589227319,-4.68899144086987,11.6660929366946,13.9178471618592,-2.14846857874815
"cv",100.579043699263,-0.681426571864362,-0.569688412119241,-3.92554140663257,-506.474691443145,25.548167530452,-4.28676520000018
"cv",88.2663818764308,1.03210223625354,-35.5136648841358,-3.26511224646828,210.677950229051,24.6546558645745,-8.90390535280455
"cv",96.2416447735028,-0.760501295660469,-0.317364840049439,-4.25741996015754,-638.569356247969,23.9219259125629,-4.43686541709867
"cv",85.6552950302059,0.831293196591197,-30.5829822673505,-2.92248463690177,209.594907232961,5.87635630570432,-5.22430511065624
