"","","par1","par2","par3","par4","par5","par6"
"cv",5.92025092405821,0.270539974784464,-16.7069988754654,-3.39822999619551,557.958424648084,-218.444604594773,0.885284860597427
"cv",15.523679724205,0.261571750046299,-21.5721425304729,-3.50507607195156,542.700376392359,-205.042785459057,0.886210609024072
"cv",110.151488011176,0.327992937527553,-9.90734068705455,-3.64772913286734,360.499498460444,-124.928000605218,-1.23976716492791
"cv",28.3717054179437,0.280620896453354,-10.1420214471192,-3.44069371520208,801.641676980905,-323.783912397093,0.891280881183681
"cv",65.5034588197131,0.271895715391882,-18.0526715372425,-3.568146017999,372.042954580633,-127.78853416234,-6.97716229916208
"cv",37.4534045473814,0.227231689805854,-31.7005469919235,-3.49134504614076,681.171436763347,-263.106823491007,0.914251228805763
"cv",75.9322157437014,0.254338201761065,-40.1703412660848,-3.48258891780979,326.921333275345,-79.3619568223095,0.873656918863392
