"","","par1","par2","par3","par4","par5","par6"
"cv",90.3201159353354,1.41909411163329,-15.0026275017554,-4.3685109717297,259.038825017211,-1.67256002891966,-7.52142525739971
"cv",81.5688386859002,0.88346085691715,-14.9370098885118,-3.4302543581697,274.955190752495,-14.1863573824125,-1.59596491489193
"cv",80.9659200631929,1.34944696297651,-19.6352411436412,-4.2137090658769,244.599991357118,1.36756717657793,1.56333249000847
"cv",85.0208699855895,3.72998502950166,-33.3597285244453,-8.88160760048777,284.461412126302,-0.209084917335643,3.61061011043688
"cv",92.3855814913988,1.27340895397401,-33.4197956388396,-4.05292802926844,299.078479651741,-5.18891103733135,-0.373066888095996
"cv",89.9708467389358,1.61244906842877,-31.7427628818346,-4.56523919422861,341.684653826689,-15.1466940207003,0.481403822309694
"cv",56.3341125989152,1.91416446933275,-35.2159374806475,-5.08654674097989,289.180939872574,-1.38841653493853,-2.29558904882492
