"","","par1","par2","par3","par4","par5","par6"
"cv",89.8675879626659,-1.13477873031672,2.37760818563402,-7.35977725438585,-203.806224744767,-955.263380175544,4.31733759355846
"cv",64.4600825140459,-1.35847302326644,0.308031182980596,-9.77162154934376,-664.497505514749,-651.468478083371,8.72489497761457
"cv",128.085737203957,-0.94632484921366,1.68069640783637,-5.90320594430684,-281.496674569387,47.5274195618556,-0.946183732419606
"cv",97.9975832024064,1.22187071671225,-21.808629267179,-3.92871641089607,298.594240149806,1.19186699555941,2.12066014582348
"cv",67.5366127815529,-1.33508222365246,3.11018258048159,-9.71796306934629,-711.559399957101,45.6079065283025,-2.93123304265266
"cv",116.687250589486,-1.20874854981899,-0.478963053227999,-7.96334885068008,-231.997946579198,-433.047401520487,4.80514120405843
"cv",72.0168542241483,1.25257079246104,-11.1549591179937,-3.85983428465575,245.322508279466,2.12265488131678,-4.45835685765701
