"","","par1","par2","par3","par4","par5","par6"
"cv",80.2996971457401,3.38674614463467,-20.8787450694305,-8.86813284573608,50.9528457589062,581.097853476423,-0.526034199585093
"cv",54.3667713748877,0.457116925168003,-19.5044911720139,-3.18582351906152,74.6832113437946,-12.8486816552363,2.86526597312313
"cv",50.9357733133282,0.540214067736232,-39.150942271245,-3.30327065639734,51.6339856139524,1.0906759975561,1.74511048633003
"cv",48.9075980229116,0.474910935475652,-38.8796032799289,-3.25736957578904,63.5703089628176,-6.80139853923838,8.90065765157755
"cv",62.9304175244492,0.480879798819702,-13.2972317791965,-3.18338744351587,51.2616552316727,0.303775324648193,3.22785193001167
"cv",51.9924344458858,0.473433621887959,-15.6320838290499,-3.07938979338897,95.3558571444317,-30.2905609394823,-8.15028559109182
"cv",26.6599410209727,0.525745035860181,-13.9933569987916,-3.37026857922935,54.0888051064353,-5.18363808411628,-3.2662468822673
