"","","par1","par2","par3","par4","par5","par6"
"cv",93.6771885566487,0.600497159596419,-2.0834088410163,-3.846379808569,955.867350431534,-118.04595673547,-0.69163803552126
"cv",64.4221101623446,2.92605287218065,-23.8605683006625,-7.3048097540991,241.60709327741,10.2809148152602,-4.541895863104
"cv",64.6684049673599,3.01055778874425,-7.40601314737621,-7.60147627917869,805.359997282359,-39.2921202302915,0.950840112027597
"cv",72.4927370626776,1.48218485441548,-6.72493115201867,-4.5232807080282,223.392320188045,1.7442810172462,-8.51643267065343
"cv",64.3794290781698,1.16492757009527,-33.8858366920735,-4.10000810623217,367.120424403301,-7.59314054821329,2.55544145670918
"cv",75.207327774733,2.29068772678165,-24.4894222355837,-6.18181739853006,781.724817065058,-21.6801643581689,9.94078853571733
"cv",61.8744658496349,2.9372751742917,-25.3692188675416,-7.43473920410198,238.561219377008,19.5996139096851,-8.38078123260971
