"","","par1","par2","par3","par4","par5","par6"
"cv",55.0131289705997,0.414378696032283,-33.4508277860473,-3.12047972543278,255.231695009115,-14.1647165402794,-4.69719716463311
"cv",21.0492484336423,0.427060539869199,-4.93800256301085,-3.19210947397393,207.768079834122,3.75281004582055,-2.07838326034512
"cv",44.10566671123,0.330276684587181,-3.4305844557367,-3.30498364136098,258.599265923706,-13.9012474309847,-1.15543312030649
"cv",119.474132798382,0.541346224771699,-13.1187344463123,-3.45753797181623,219.130324850765,-43.3970818622973,0.4848267648161
"cv",37.7162017030661,0.349044514031422,-19.1390943189422,-3.12355270360925,207.022899935853,-2.71441114332521,-5.56261671583502
"cv",45.7100080913856,0.203922711581251,-2.60248700516872,-3.29619952728099,157.873756171565,29.7168147994204,-7.45873913091535
"cv",42.8262760060614,0.363404377382365,-7.46478564504265,-3.15485290629851,195.825032650393,9.26925239359757,-1.18927293457091
