"","","par1","par2","par3","par4","par5","par6"
"cv",71.2022873118186,3.21165575339197,-46.9989481840038,-7.86833558487405,429.386557554815,18.4392104545094,-5.42802394512456
"cv",97.9054968147936,1.67992925494353,-24.1367715887854,-4.97964193103086,929.195302538574,10.1934210397303,-7.90057644449097
"cv",88.1041919805607,2.39029253283616,-20.5341842297945,-6.24958324258617,599.736136524166,14.2187201346298,-3.03765879552186
"cv",71.7941147814424,3.19041321717396,-21.2421904056411,-7.83681237994313,902.863931842148,11.1495184197223,-8.86464082824872
"cv",90.8763368019221,2.65853599197991,-33.4438390350593,-6.71150756341282,483.679785147658,19.9226901093996,-7.01139731447266
"cv",82.7685184836645,2.19447047693191,-21.4238407800023,-6.22646026660918,981.633184824007,11.4630433476333,-5.84649466649026
"cv",71.3451793166484,2.5601167156595,-22.2943308296798,-6.62924522672391,806.809921748936,11.9519389019805,-2.7618715761793
