"","","par1","par2","par3","par4","par5","par6"
"cv",81.6218021014459,2.62681210200657,-21.2145640211975,-6.28130890535665,686.199759045343,-12.1079372843531,9.13291491102427
"cv",101.964687345938,1.66329135542709,-17.4673324971123,-4.44258854587483,272.359573282301,5.89295046958138,-5.07560399652009
"cv",78.4115873705885,0.942264302948618,-12.9671208351504,-3.36115900508656,761.563427288366,-42.0525487467001,1.1817462882027
"cv",99.2379060852049,1.35221166108857,-38.0687685623898,-3.98034798478583,805.528642347117,-31.8807665326964,1.4973424702182
"cv",67.3039796845469,3.05445660322277,-14.7315217042342,-6.87185026705265,258.276440927439,3.498605715765,-0.830190723386842
"cv",126.717584635022,-1.24127449703732,3.76582075315181,-7.98801187889867,-1.41253284421566,-293.99947377863,2.09238697328166
"cv",86.8489408316673,2.62656953580848,-15.9562518169553,-6.44423697418963,627.629728654209,3.19755704782254,-6.9568831349898
