"","","par1","par2","par3","par4","par5","par6"
"cv",112.006763229816,0.551295011662061,-2.09325799666624,-4.09793422041016,285.003208145285,37.2872808304716,0.869536797448331
"cv",80.863811773245,0.852446193292657,-14.0735477837076,-3.13471493621076,238.48901806942,-7.98894203999357,-5.4266523515938
"cv",83.4545819620948,0.917282361332011,-44.4998489083901,-3.1145962052791,223.590934703887,-0.364013292461834,6.4316587749441
"cv",86.483199598797,0.923076654165334,-9.28750383641164,-3.31157745153235,202.819718930542,8.15399090840939,0.498899013483563
"cv",110.406435007696,1.00317897523925,-37.0403783681828,-3.3967178554335,559.108468273011,-65.1119284661962,1.36591019699638
"cv",67.7910228037941,0.927424642936869,-19.6327670491609,-3.35605250663652,247.409835211755,-10.3946490520095,0.765374479712815
"cv",102.797512140112,0.902791375844047,-5.70698098950897,-3.46623929045787,198.430687784269,8.12973060878275,-6.27629539956769
