"","","par1","par2","par3","par4","par5","par6"
"cv",102.981446910162,-0.815778009851533,-0.608595104322084,-4.42108800615385,-479.66848398042,-556.133719571406,4.11117713547666
"cv",119.99148029694,-1.07046294444799,0.160406024567784,-6.18768098962351,-234.620708230047,-241.331917010353,2.15304062411522
"cv",74.4089126783728,1.03119821845003,-14.115615670072,-3.43977311193281,222.813509903364,0.237122073559497,1.48312763321367
"cv",89.3306989190988,-0.486430181306775,-0.30983225800097,-3.9773711951484,-896.257367459524,-907.749235123762,-9.84679203030247
"cv",88.8907595649303,0.997238749148283,-21.2227584718316,-3.22841264077685,99.6220380730912,24.562676485689,-3.34568672838858
"cv",90.0697374329588,1.02856728741148,-9.63541163387997,-3.25022590188267,105.584890375704,27.0061865169834,-0.806546099887051
"cv",89.9566193828615,0.82422663706544,-29.8376068962754,-2.80555474877269,201.237993576563,-24.9093450990179,-3.06670879609607
