"","","par1","par2","par3","par4","par5","par6"
"cv",70.8538196411205,-1.01651644166559,0.619488438910246,-6.14277428964239,-925.43860143528,15.9451817995229,-1.33802927552924
"cv",98.3594222664303,-0.706558909707736,-0.390134053304791,-4.58565871745579,-305.676391748949,-912.075219630337,6.18515771452731
"cv",69.7529378749686,-0.464672866809678,-0.398876930540613,-3.86215114861071,-590.359074492752,-548.763093409839,1.5648332417927
"cv",79.8721286929323,-0.824578776917131,0.434679437810537,-5.04908642922547,-716.744033322646,-48.8865140567618,-3.49832065953637
"cv",79.4811758534853,-0.540277527421563,0.0821986235678196,-4.24579026062034,-631.998734946027,121.811946200836,-1.90824482376315
"cv",78.5347114497725,0.983166562602079,-35.0842912681401,-3.25657781741458,326.952110975981,-19.6262879092844,-6.66595915322042
"cv",54.7032249778648,-0.755429619377562,0.176991370218294,-4.76098121754294,-417.457460194725,27.3001425112821,-1.44448002487323
