"","","par1","par2","par3","par4","par5","par6"
"cv",101.629691789542,1.7395095417574,-38.0707334454323,-4.54059036962128,263.700332683027,22.631328793149,-3.55537152611925
"cv",101.545273090967,1.27407901712631,-17.1167012487141,-3.71778455136328,229.414137653866,3.74448578565863,0.818054273957993
"cv",89.1745156753066,-1.22095901185423,2.02238395468145,-7.5768192798695,-215.469980398785,-372.481389614037,3.18447417966412
"cv",94.2280989705052,-0.973218179494143,-0.652030734367863,-5.43726823666815,3.67005402222276,-83.3584489661614,4.91331050202529
"cv",92.0917485670474,1.20940983666843,-18.7963701185645,-3.5720135115376,256.608859005414,-3.93426675791872,-2.7000680581247
"cv",94.1381275397151,0.915124385253787,-48.9063575179724,-3.17641135771956,746.818162447266,-6.13786322612344,-7.88142660167068
"cv",77.2553548312831,0.892442727250958,-14.7665726100963,-3.17581887032479,747.353379783019,-74.6760651018663,-5.42374319710713
