"","","par1","par2","par3","par4","par5","par6"
"cv",107.480347985394,0.981975071094929,-9.71696902856116,-3.7489638675069,487.268769687337,-29.7577571814254,-2.13971962280069
"cv",87.0246121329599,-1.26299202629708,1.5429839900041,-8.21035180787647,-112.447749823332,-253.037225014891,5.51803965441769
"cv",73.3307392056239,-1.29593859677304,2.13673708494753,-8.88129564295223,-703.409964637028,37.4763748749432,-2.68735735569216
"cv",76.1875112895048,0.846028619622435,-15.7943440386424,-3.3734156966035,499.928132919354,-34.4073497461759,-1.12539119028391
"cv",94.2967111374661,0.992205092331649,-34.7123993577747,-3.68579350127497,556.083216563346,-14.1147890072411,1.18536081740413
"cv",58.8554024328748,-1.07489193336464,-0.192566045947593,-6.33566434971825,-578.895594930691,-573.562246471863,-4.01931694131179
"cv",103.246289694465,-0.920781170834164,0.180738138064739,-5.43986120634553,-605.423650704324,26.4187981409672,-1.66496403536672
