"","","par1","par2","par3","par4","par5","par6"
"cv",42.1118665333088,0.83794807326211,-6.30729527163312,-3.53766810138204,519.215581520571,-43.0354570397969,-7.81030282068304
"cv",80.9916705397477,0.510909070808612,-22.2149698519739,-3.24578588190609,240.537266383615,3.733973538445,6.15510391071404
"cv",24.9351720128088,0.788286540536037,-31.1858256121018,-3.44114636751829,579.749936563875,-57.929784277579,0.980579572024498
"cv",100.650779560374,0.480341722642964,-25.5382976287907,-3.21451825733605,238.588117761712,-5.29350957673303,-5.03356293808039
"cv",59.9509095233413,0.727280013488351,-36.1637204847998,-3.45009639803259,825.096412610305,-92.129195722035,1.19223251005145
"cv",44.8219795596872,0.732579985545575,-22.4019288562984,-3.37409513704263,842.326769126279,-84.3221178130747,1.30353428350662
"cv",112.035344322826,0.764108163093537,-6.89438594602394,-3.63229392913611,763.344274878686,-77.6294158517408,1.68027103230984
