"","","par1","par2","par3","par4","par5","par6"
"cv",118.99938470975,1.03366693960198,-12.268624317453,-4.36624651352201,467.362252064049,-41.7467395018788,-7.06593107342908
"cv",56.9441264486332,3.09496829860026,-48.6132259931832,-8.20619660232814,321.746196996692,9.24665302816923,3.12526902649552
"cv",71.1629936112323,2.66971552978836,-39.8576525394161,-7.4937768581508,285.303494828126,2.606514806707,4.03664969307619
"cv",75.4632164724367,2.11657840590822,-47.801037976064,-6.38776302626944,626.139397476208,9.24903912518699,-6.33177425186835
"cv",51.1665331792638,2.50488280784339,-15.160130725327,-7.21388792148307,379.427178578088,9.77191315739342,-0.742291004418008
"cv",51.075555608,1.86193854094964,-25.3615332501356,-5.83608739063187,298.637290713199,2.99554508789249,5.38697017447393
"cv",53.4452065714178,2.44802551147598,-41.1219498115309,-6.98623630989283,833.233767991634,9.42680157597174,0.000341685351952836
