"","","par1","par2","par3","par4","par5","par6"
"cv",87.5125273554377,0.303680516769718,-1.9249098321307,-3.16639087269237,80.9268517966909,-184.054765779635,-4.54113668296486
"cv",53.7775542946004,0.0681314570692796,-1.66818592638504,-3.27852935683485,52.4228071383612,-105.617226932414,-7.496920209378
"cv",54.2543846107484,0.183595441240664,-1.69216130940847,-3.16859683780478,-964.252878225322,-320.967033189308,0.532215788063949
"cv",62.5015530748956,0.0785274566445391,-1.60329990846663,-3.3876212496011,-245.608322322369,-810.136603130573,3.15834907515588
"cv",38.0771137714777,0.314772262791413,-2.10467723440159,-3.29104235916668,743.204648736782,-741.562632933144,-9.49179765431221
"cv",53.2237799028178,0.63068284399559,-29.7387868155975,-3.02263441487387,992.448124280666,-917.145107165829,1.32382383408429
"cv",60.4563615488804,0.179068862808105,-1.748062075751,-3.27710524966555,-197.185130571594,-972.582216556871,0.869422339986226
