"","","par1","par2","par3","par4","par5","par6"
"cv",70.5760469595076,0.965352188549654,-16.7763074705103,-3.30154115057429,247.698878115138,-7.40997457343173,-7.33551355074754
"cv",68.0570037903703,-0.919795611435781,1.15064429683319,-5.7222984064735,-626.266701183955,-972.947890870273,1.87117072287947
"cv",79.2889812524871,0.698443878055118,-12.4883446284238,-2.95418460419499,845.618072695577,-208.210629263437,-7.58431014674359
"cv",94.5291860873096,-0.926515930152643,0.333342417832685,-5.9547435455599,-362.208515754599,-691.663564510977,-8.62638471562307
"cv",98.3970236360225,-1.26495317786264,2.18104888736125,-8.65301114899399,-430.504167810681,-152.918966901394,8.30024446502642
"cv",75.6026768286647,-0.226252439631797,-0.965639888481852,-3.44494995695501,-310.577188618481,-150.055074443419,1.06089595949804
"cv",76.2586958145664,-1.18048351050458,3.25426238498317,-7.9487225717363,-277.201417429802,-887.97388372103,1.79876891410139
