"","","par1","par2","par3","par4","par5","par6"
"cv",33.3733552227295,-0.183235160358457,-1.72851274761516,-3.55145944456552,573.672697396008,-545.850247705164,4.00168462592558
"cv",18.6821696744136,-0.0595928649587266,-2.21682715854952,-3.39624507186235,286.568713911077,-558.332044225937,-5.23387227286225
"cv",22.8107352516988,-0.169111643770867,-1.85894873696833,-3.49629914420923,264.004056679926,-555.062128706421,-9.36141253045658
"cv",54.0050475888504,0.0892067208918373,-2.18242676316407,-3.59924330515965,242.734689042727,-926.70856019452,-0.0980123408546691
"cv",73.6159417492821,0.315696121395314,-2.52154128219595,-3.5395396319888,126.441028457885,-955.300496748066,-7.18738723300266
"cv",26.2023948565777,0.0878717438327465,-3.37389805354178,-3.19009499542517,226.699001548223,-302.845581634181,-1.88372799440005
"cv",38.1039450987991,0.0770975683103751,-2.0609194262601,-3.5296336234429,101.302880569456,-785.303657333889,-9.97521524195887
