"","","par1","par2","par3","par4","par5","par6"
"cv",164.987607017339,-0.967148366839072,1.5470600919798,-6.17544890281272,-475.164002874379,-243.021335392582,0.95480068761546
"cv",100.318650219593,0.995250916994497,-41.636743947076,-3.6841584930485,179.453184337441,28.2778439334645,-4.7083327478052
"cv",78.8151776790755,2.46922762446106,-34.3634823933928,-6.01876251186244,243.010036396292,28.0524641311019,-3.68211866735237
"cv",75.5103940705358,0.621700397711936,-3.04472532566269,-3.13392395021153,200.985764363566,-1.37711341383728,-9.39697018704796
"cv",80.8679385945474,1.134763982941,-9.72091663723852,-3.81770053121347,198.816537039025,9.94992391192235,-8.22311514057219
"cv",98.7449095822101,0.722561336095391,-9.12457941235794,-3.18527424193489,301.252773473929,-28.440251803729,-6.17545110767345
"cv",63.6307441680186,0.722233473315005,-3.33881381575389,-3.2695044498555,184.911002226049,5.67732910942168,-3.42909398342673
