"","","par1","par2","par3","par4","par5","par6"
"cv",253.287958071071,-1.36161575502238,-2.4150390851011,-7.60800773956753,382.129034565996,-673.486072589602,-5.92117859220802
"cv",0.614536082173596,-0.178421035267175,-21.7331940082731,-3.78587180622161,382.144774230508,-38.1439410150463,0.365698933825197
"cv",48.1041554728362,-0.205108695393331,-13.2397085765347,-3.78959268511692,618.276019301057,-93.651817455719,-0.406743288119769
"cv",45.1780265418132,-0.158451440413372,-12.3056927394121,-4.06992928944206,344.285554236139,-28.4468449500219,-0.595055232285763
"cv",74.8160107807789,-0.0704301622696817,-22.2135369510332,-4.00556691132057,500.68016237533,-59.7650782240986,-0.760714556797611
"cv",16.3647171285603,-0.364752870786746,-18.0845844093917,-3.79493923791922,339.394270225161,-31.7026145663459,0.652853867729203
"cv",58.8009907127059,-0.330515977264997,-20.9669401987231,-3.46850227170771,946.1729192556,-181.091458208483,0.746809374460305
