"","","par1","par2","par3","par4","par5","par6"
"cv",71.2682823152855,2.30242736331825,-24.6584996555608,-6.11447181069741,235.595808911604,7.56138935675669,7.46939256765059
"cv",87.2948616960262,2.59060711927594,-18.8811719835268,-6.41717844957741,262.37593245478,2.62422707693634,9.55264859832823
"cv",77.0984435515582,3.39352214280559,-19.0623631700358,-8.34344666155419,258.731186157571,9.70984641313694,-1.83917458359232
"cv",65.5679521086082,3.11095863881526,-46.4421589151609,-7.76391109859588,272.645942680842,2.39760226463054,-3.85297480805993
"cv",83.8522045630056,3.10797411269213,-49.5321491563238,-7.89730825992708,281.298487649487,2.50684169798411,5.44668937935298
"cv",84.6136232764792,4.01530166245281,-24.5852565555955,-9.40811710409331,285.423162570579,5.01853872627459,6.15469826944722
"cv",89.5871752657321,4.2107207380553,-46.9187647967787,-9.8282887754582,415.260178531907,-12.9009019818328,-7.81133569714101
