"","","par1","par2","par3","par4","par5","par6"
"cv",89.8517675403487,-1.06142357421302,2.08243685237061,-6.40221963931374,-293.479087784381,-562.580413135138,5.13924799393862
"cv",70.5874374296625,1.11563215555152,-47.54927699871,-3.69921014770423,232.065138653243,7.03597024281154,-3.66993699447744
"cv",84.0792231132202,-0.903032995502634,-0.303053477841013,-4.97598522977262,-31.2443085319986,-218.231730985469,6.67346788327454
"cv",54.5069374924554,-0.733101883601547,-0.226801233626904,-4.9119886635744,-335.637429162262,-501.613192084672,3.93672612961382
"cv",81.4114413772285,-1.26475904341751,1.25682793013346,-8.78871585143698,-581.644015924515,-856.942867394537,-0.718217614643945
"cv",59.0287628935389,-1.01850715881177,-0.264422986829508,-6.12023205389776,-87.9084502617458,-440.592689922869,4.83948307711207
"cv",57.6101639199048,-0.669380307323807,0.0552813382819295,-4.77005661783446,-991.580690023271,-274.744484701261,3.29407343530968
