"","","par1","par2","par3","par4","par5","par6"
"cv",89.3836609665287,0.478884919266594,-2.59729465469718,-3.05499677723536,771.464279134397,-148.239917232937,-1.16263019554391
"cv",92.9293045198755,0.542407650157839,-2.39071659743786,-3.29128575295824,285.303861477592,-24.824338892892,-2.86385998315081
"cv",85.2864658616521,0.865953835169812,-10.430064932928,-3.0926223682913,814.728942825228,-89.242936248788,-8.77004372741055
"cv",71.3466234641439,0.279859289381554,-1.84784682178753,-3.34434891036975,769.488908737401,-89.6753389314944,-2.81708313074911
"cv",70.789554878372,0.65782119190273,-2.24691129323157,-3.38499659358618,485.797123936819,-39.5290749745752,-6.18951241114701
"cv",87.0065841682358,0.483050979995297,-1.80411282446872,-3.55427605939179,222.046916573899,2.87770975517643,-9.78900115470959
"cv",91.1711097765329,-0.19996646190309,-0.898860558569433,-3.93449290471338,235.781842789378,4.84384582407229,-0.0154540332593767
