"","","par1","par2","par3","par4","par5","par6"
"cv",105.16321329034,0.870008602027369,-17.3094992401625,-3.55746471967416,265.910804503499,-13.3598843655424,-6.12270376485013
"cv",38.1094946644713,-0.254871368604222,-1.13780347201064,-3.83057453830995,-444.612800211346,-593.061306742567,0.505584537216137
"cv",29.4236674663874,0.662473705134878,-26.8357358870793,-3.22662168516152,235.406974491033,-0.281099581353871,-2.98913538880176
"cv",74.5354963085101,0.525153285071038,-36.4646867500466,-3.14216550763763,257.662516008433,-1.89690053347805,-2.45866677424063
"cv",45.8319037816472,0.599109862847956,-3.62026269953141,-3.25876879911528,234.948556226513,-5.36560806956062,-1.62045694421977
"cv",39.9135334156915,0.288340514872549,-2.2153639397235,-3.30335826948557,234.67864901154,4.71733069369965,5.85952753894172
"cv",76.6999394043836,0.365265320565448,-2.48456561114466,-3.35201150174837,809.244916295541,-92.1769474547912,-5.09842377325759
