"","","par1","par2","par3","par4","par5","par6"
"cv",81.6709699155181,2.52634719088049,-43.5776886813883,-6.6907509301422,719.42091354765,-17.6556610118604,-5.48002848229067
"cv",74.9210677718729,3.44331250519949,-12.1139506508716,-8.44416528551758,365.623380926794,-0.526272127516549,9.97330805145134
"cv",49.1026687151358,-0.745232043214142,-0.53982830606401,-5.0080594735049,-172.650655352933,-980.55325258527,5.53405322134495
"cv",111.309356199273,-0.966284933499992,0.322819682769477,-6.44970158971433,-710.125278787971,-932.626788710648,2.68591863852748
"cv",74.2265138278282,3.04799068887944,-12.0597235582396,-7.60063878348387,625.901913736016,5.68741929962372,6.15499831270427
"cv",70.70754384054,3.83163569065087,-41.906998476539,-9.16227140187443,336.09021851905,-0.862777550975911,-8.96538651500187
"cv",73.8695595626044,-0.932465019537359,-0.583386607468128,-6.09905305793857,-55.0507913089995,-684.570660814643,3.44411723591525
