"","","par1","par2","par3","par4","par5","par6"
"cv",105.25017945735,1.3001759499407,-11.4630097589284,-3.86038458572597,828.576866566887,-66.1992968856623,-7.77554336232635
"cv",91.308578305734,-0.912516983225942,0.722556323744357,-5.3999185803123,-309.845156541172,-838.569833344362,7.82628715161735
"cv",88.9271904325852,1.0886408004902,-16.9506411734706,-3.20658642647222,249.906428252074,-2.13047344856955,7.40545992139956
"cv",80.8478634607875,0.988591126054526,-12.7020301301717,-3.32884260779609,421.614283030546,-33.4057762702125,-1.71519378266949
"cv",68.8646939277099,-1.06169114169501,1.19557276531684,-6.16194143939401,-102.376604561134,-158.073640894145,-2.20725546590984
"cv",91.6048951231962,1.34391022401765,-10.3210742893884,-3.73960241413528,389.146179990739,-19.0257619202233,-8.34387798327953
"cv",111.863852129528,1.40058505487719,-37.0829304990302,-4.0607662199613,341.866943213868,-16.2015560186762,-3.78294272100471
