"","","par1","par2","par3","par4","par5","par6"
"cv",104.01196556227,0.803123016681526,-41.015206284899,-3.03878697568198,257.449797426076,-8.56036409945621,-7.28616963547925
"cv",95.1939744452886,-1.30326784410092,3.001920751068,-9.58505884312979,139.478140530001,21.5458502830259,-0.705701660464684
"cv",98.8612873488181,0.806508238187894,-13.8093683073645,-3.09743109663706,359.20907441137,-21.6849613985995,-6.90436057046756
"cv",81.4503295826533,0.710892624527832,-35.8588539164308,-2.8306950287418,322.155736298779,-20.7769154196382,-5.61625646508542
"cv",88.1997938699619,0.741633134975254,-28.0099506447763,-3.14296027830176,277.970172012162,-9.48354240968247,-6.20024582822557
"cv",91.5284338170662,0.636817512531322,-4.45670057086446,-2.91650038841983,245.268001748658,-9.47812537799341,-7.42480389235963
"cv",94.3043255912694,0.787731558872377,-4.15292837152376,-3.0851832331214,265.364105784315,-10.1978094007489,-3.75896206783679
