"","","par1","par2","par3","par4","par5","par6"
"cv",59.9519741573971,0.235319628527307,-6.59769148753475,-2.90556328059323,73.5443641335221,-1.27962500779379,1.45818540773525
"cv",64.527092975341,0.0720890538279755,-2.60591598462956,-3.08956475187545,661.052510292085,-71.1755747084058,4.29735255938598
"cv",37.0587371256048,0.213394644701333,-4.15152653860709,-2.96936103527986,713.097390767561,-118.57761477333,1.40405304551402
"cv",68.5045306007094,0.362398048449972,-6.19486633945733,-3.0696443074126,42.7338119512903,6.20920947697337,2.73312372996318
"cv",24.2713406165006,0.278144810362826,-32.4683435530711,-2.87070312177259,50.1711121375854,19.7373945972573,-3.41697056794943
"cv",49.8758968079451,0.238363829627191,-9.53973544330968,-2.85876200645529,55.3761780450196,11.6239888111257,-8.13870029145512
"cv",63.6050143502853,-0.0712387097254396,-1.99746745023729,-3.35629418855508,674.058761334693,-82.4331137352681,8.04599310987661
