"","","par1","par2","par3","par4","par5","par6"
"cv",94.5332743936611,0.637909693407417,-2.69817745007209,-2.97140594489232,211.746122079143,5.04394758121271,-0.982662153735996
"cv",87.6732238078884,1.00452544686045,-48.3138577308048,-3.43441316049346,220.826477405888,2.57022121658569,-0.91009611652543
"cv",92.7924776170425,0.980610269452654,-37.6123291650559,-3.25168942410335,338.372561563209,-5.05486575778078,6.38718655798584
"cv",84.4183895573585,1.16109444079261,-32.9572254913393,-3.49799590853932,225.173312553201,2.91645304883096,-0.446590973937209
"cv",88.4038727829955,1.10312476329516,-20.2097572092674,-3.46663958409014,843.838845689341,-29.3125065241077,3.37730536166073
"cv",98.0592089406687,0.950036798103305,-16.1005458333976,-3.24058719234539,229.41620617208,-5.40232596848512,-1.34974463085768
"cv",81.7778388500224,0.987166350224538,-3.09452178071195,-3.49045665835914,240.173848069365,-2.1484527658526,-0.772794708069384
