"","","par1","par2","par3","par4","par5","par6"
"cv",83.0695120005956,1.11740166717624,-5.87750891043207,-3.65394173064563,721.257475140176,-28.7197612469577,-8.51547304923294
"cv",63.8368559404004,-1.0898807565882,0.963580429930641,-6.81049053504003,18.0293465964496,23.5126203069256,0.429007747958366
"cv",98.6808958698355,-0.87935424786061,0.720887440256774,-5.39822724069827,-416.867995169014,-873.42761462058,5.28283414084849
"cv",97.066760304071,0.923358602526044,-28.5932843452596,-3.28217233774121,729.810246119684,-61.2157037163202,0.75710968580097
"cv",76.7853124048365,1.22927525041181,-11.797153233314,-3.7298493841539,832.943097629538,-27.8514111534428,2.5238378134983
"cv",75.2900086856195,-1.02589758113027,-0.13764813542366,-5.90997614158853,-686.286699958146,-963.889113627374,6.27376861870289
"cv",79.4362897620119,1.05920440789526,-44.1573101327758,-3.44536827175804,264.336337046779,-1.13672203724902,-6.60326860369756
