"","","par1","par2","par3","par4","par5","par6"
"cv",68.5545642202662,2.69594453600914,-37.9694099217736,-7.7670259252056,264.285797384029,70.6736286912836,-2.74325133003961
"cv",78.2526445873416,0.981950744137823,-17.804017003679,-4.35133962538167,222.413356930829,49.4887613902325,-6.08208972921426
"cv",46.2947672225818,1.07893007215846,-28.4221318084747,-4.44617610402712,227.894806387323,41.6318897051124,-6.79533074609935
"cv",64.1671784634387,3.77739998781805,-26.6991418415748,-9.73753883136654,294.637676862895,46.1035530092107,-8.33850975614041
"cv",74.7051370308011,3.66205085720771,-30.9199263563578,-9.42366201319647,255.84541132538,34.7603644624295,-1.97602360006884
"cv",57.118941653651,3.83711830135621,-18.2287818519405,-9.7811068740285,650.179305933416,-21.4310701947615,1.62345564256032
"cv",34.8508806384734,1.20947186526772,-25.6177708040923,-4.48656507910639,231.667773641701,42.0675908880653,-1.191410007151
