"","","par1","par2","par3","par4","par5","par6"
"cv",86.8154084670678,0.857340504293207,-42.1189587393496,-3.23010786321304,212.367016767092,0.874817816682917,-3.3014103394076
"cv",78.9718716575207,0.794155927126664,-48.3503044708547,-3.05364407240804,240.460626040674,-12.9789152212799,-0.799862125234271
"cv",88.0911840659212,0.744169329911365,-18.426934677931,-2.81559188080731,238.341112546385,-8.30663145870594,3.65127664868128
"cv",82.4696321046136,0.756386689602164,-10.7739002699492,-2.83573136653723,152.079122310233,7.76389803587433,-3.51494505325428
"cv",82.3196212295963,0.780881142606827,-18.8199977800655,-3.19463845618379,226.729372147331,-6.2189972082365,-3.71259268144283
"cv",87.5854530204613,0.727136070014047,-14.3731325069499,-2.95602704344536,238.058136413994,-9.06913318243286,-2.41178944426817
"cv",59.0378129011346,-1.27625044203716,2.02641237918031,-9.13771607629365,82.4040067439865,5.61855215101536,-4.68042722410568
