"","","par1","par2","par3","par4","par5","par6"
"cv",85.7695370487203,1.32215754679348,-5.04919900248998,-3.88298094272614,281.294428115002,-8.72893879251748,-5.54147632877013
"cv",90.716754116811,3.72225958169139,-22.9930741446096,-8.51517976136342,355.124492111756,-5.41079361362035,8.23076907114069
"cv",76.955914708175,1.59233999296724,-19.179351097027,-4.43786155061604,325.581894470637,-8.79145158141027,-6.87651136691835
"cv",80.5921397667335,0.97058793596732,-44.4428116526475,-3.28842360800654,183.874245267361,2.52576726131079,4.91926288667716
"cv",84.3671318129409,0.855826183725482,-6.96005147291332,-3.21731771725477,221.47706313178,-0.644195041198056,6.33812328686937
"cv",99.5987389196733,1.42178159734359,-11.5762967126822,-3.96382480142269,896.740491118504,-67.9533945296797,-4.96986164959995
"cv",88.7956638350162,2.68495062120618,-33.2304957084151,-6.27488017439077,240.356525699429,5.05673737536008,-3.24556220868669
