"","","par1","par2","par3","par4","par5","par6"
"cv",27.3005354561156,0.399337062497927,-4.1139447743569,-3.64443616786029,183.582720395404,-147.560835002645,9.14491464320185
"cv",76.7781544135435,0.44405086936207,-19.2753581413806,-3.68228751040123,157.981310033044,-124.63155800956,8.74249548289932
"cv",6.67097426553005,0.442301221748274,-12.714795084643,-3.6415881081511,163.071899104821,-133.800778532558,-4.0664846918526
"cv",36.3532071874057,0.381203545990376,-4.65592228447376,-3.71359161963177,144.99302010619,-113.171105421605,8.38017673481437
"cv",16.774571859993,0.427393065954348,-4.82494967326062,-3.72854411146198,151.738552545056,-119.401902927526,7.72589692564731
"cv",25.558225051811,0.364360651576267,-5.14781946224519,-3.62549938243519,176.590313079258,-138.678793579762,9.07189314116024
"cv",46.4237017662841,0.422095451901167,-4.54099303343839,-3.82219564684352,158.90860783756,-127.596351792405,9.01073767847226
