"","","par1","par2","par3","par4","par5","par6"
"cv",88.3998688049537,0.552245940959195,-19.0461694034211,-2.93748347705152,177.747280860498,-19.4206238442003,1.92573251583852
"cv",81.8688750603224,0.470191885333763,-21.6435963109601,-2.99511096830483,198.358249202683,-16.2729500865654,1.37882379814982
"cv",61.4413989384592,0.553663291490992,-18.9646632965407,-2.94591626118524,152.728449340391,-11.9711732523323,6.03369529038194
"cv",115.451845993069,0.511382922029779,-3.90070003227015,-2.92612229556528,65.7232681166634,-84.1538190111951,5.71036234994355
"cv",63.956786309567,0.504672228193819,-8.43459969853621,-2.97070611770309,195.061830134921,-14.5535130063188,1.38986152390219
"cv",98.762254940694,0.481372679550121,-16.6229416785002,-2.98828883200495,171.658385716667,-9.19858266527593,3.60334782031977
"cv",65.9893640700574,0.598901466611734,-27.9973030209865,-3.06914526495006,202.717623456488,-3.31455283718276,-6.29072655292558
