"","","par1","par2","par3","par4","par5","par6"
"cv",76.9055240065363,-1.12078016158175,1.959513859123,-7.05800604078991,-372.744105579023,-367.920408617926,-0.493772130933007
"cv",100.113321846148,-0.536593663477366,-0.0811884233599027,-4.38798420647347,-604.235022337841,-949.274457151278,0.886577927301524
"cv",92.9482329691892,0.953841770069255,-9.22481033052809,-3.38206278588184,308.165906556877,8.53454005951522,-3.2984619587584
"cv",78.1661657650974,1.10794345325389,-11.1951023998144,-3.57269606595088,295.041331769516,-4.26761517940122,-5.30499702319503
"cv",80.1954655277278,0.972394878188136,-16.7835332876773,-3.35422105542594,780.223172243644,-82.3632310280187,-5.39702632650733
"cv",104.139430504591,-0.993083246435941,0.495288862064477,-5.67356785698966,-359.93339147865,-384.713803427523,-0.888681273363342
"cv",82.558190068314,-1.34847315007829,2.81405355511065,-9.33754061617832,-21.515110831153,-419.644085305742,5.1357713509365
