"","","par1","par2","par3","par4","par5","par6"
"cv",83.7725245491103,0.618027258249823,-15.4194073637487,-3.68820667360281,383.150297591473,-39.59914278265,0.426864780879944
"cv",99.6345642498516,0.664290789559399,-12.2943588351722,-3.95927446204459,813.382791760349,-164.091863689187,1.0487558623085
"cv",75.2924359492047,2.98314703582914,-11.7440797675677,-8.30293292107182,244.99242626766,9.93074979405288,-2.28068047619112
"cv",100.139263667014,0.725855592217884,-12.1898423612076,-3.93796566149068,297.482999507383,-18.3228769921101,5.01215022473751
"cv",26.3504035562902,1.89184774835328,-12.6330188896237,-5.85776505214251,262.39534424371,8.72475810588485,-7.73434495287366
"cv",22.7116323654163,1.23703408914275,-20.2631083055673,-4.71602634065762,261.937521320671,-4.14943936415797,-0.618841693107636
"cv",36.4920506858362,0.816802783502422,-14.71811531676,-3.94359733040276,260.067131611847,-8.42855410303093,0.153250830893998
