"","","par1","par2","par3","par4","par5","par6"
"cv",52.7270876613783,0.161054911427366,-40.1404050468596,-2.94418205528565,210.966193241588,0.371212407875301,0.832303966458154
"cv",93.2769529379475,0.30938374687591,-37.8920220224843,-3.23281482902466,293.91849699881,-197.726002154851,-9.70401162910925
"cv",32.9250824443778,0.152503312325776,-29.8956756902048,-2.89475592914117,156.425550007775,9.47291623678387,0.776341764336265
"cv",15.7844157928231,0.173585554071923,-8.86420330448118,-2.90019638294215,196.446699541338,1.82809382427965,-8.02564416080713
"cv",65.3947420078064,0.183813897914241,-23.8467974753669,-2.97055489701912,199.127592575775,2.53180450131466,-4.19062512098574
"cv",110.685067957219,-0.0495583578055392,-2.99186731245499,-2.9295626410659,332.200520671013,-139.737358601783,-9.41688755220095
"cv",9.85047597113962,0.194355430363512,-13.196390561507,-2.85368462502542,72.1765026290402,10.0597708776063,1.22457596301272
