"","","par1","par2","par3","par4","par5","par6"
"cv",56.0254495941055,-1.22777897703075,1.53514614587277,-8.37994381242246,-612.862575916708,61.3369206876525,-0.73274114426984
"cv",60.2851771155112,-0.84709472860208,-0.304515787406274,-5.75433598210229,-378.210986073687,16.0054279167393,-1.59013942410175
"cv",85.6522550546082,2.58357053776032,-46.3596897432581,-6.49580895987704,899.282618721698,5.33433513554019,4.61667498664365
"cv",88.6115875149544,3.00004595211603,-45.1447986471114,-7.09579956665855,361.353892033877,-6.83780903246187,1.47132013375536
"cv",90.4663465528706,-1.22639595990107,2.52420541581363,-8.27606493253985,-316.745513891911,44.0351754574382,1.06503384816936
"cv",75.5716746952683,3.37981224594463,-19.4609946173429,-8.04142182106108,242.230838767303,6.55483198289874,-3.4531196377193
"cv",90.2601640061805,2.5421870622045,-48.4100859712163,-6.44988057132193,237.761625556175,9.4968993271931,-1.8984013460085
