"","","par1","par2","par3","par4","par5","par6"
"cv",103.03408928487,0.27491122406135,-25.0847838261379,-3.01075041219017,66.5216954548768,26.630509830181,-1.43853759792316
"cv",79.5888943115342,0.367224911576753,-21.4751880465875,-2.94338172986955,87.565228856923,6.17240010483818,-3.04321628039567
"cv",83.9606624293938,0.101784231142184,-3.08095124179747,-3.03549572201009,365.982551648344,-343.672886118993,-2.01086016492116
"cv",71.8023944598897,0.321253737202524,-10.5040623772468,-3.02350549807018,81.6488423321552,22.7989219110013,-1.56741598296926
"cv",70.1690742083652,0.347511887473858,-17.4530146420616,-2.8964136443479,123.141494898704,-68.2327025667394,-1.15658334848515
"cv",54.8184860358848,0.384482460816835,-29.0170182567868,-2.95068980768571,78.4468415977543,7.01964860571089,-6.02176771609383
"cv",37.3021585823358,0.364736837300603,-9.58576875698945,-2.89033703165227,67.9025766761335,21.8799977621515,-4.42729814522675
