"","","par1","par2","par3","par4","par5","par6"
"cv",100.1124441695,3.42827552648331,-15.1049373412176,-8.62587152120027,971.679947413969,13.1309557485179,-1.95777574503168
"cv",87.7343542569403,0.608444490447398,-31.6090442289827,-3.12042125919314,192.25592026487,18.4589574956196,-0.887849732395297
"cv",94.940286717335,0.77155494222563,-33.2856164176873,-3.69533147770835,214.086164049852,18.7161429154319,-3.7215607362883
"cv",93.507470768709,1.78195623006237,-25.5962639576695,-5.12932111630209,705.427614605971,-47.2265211039447,-2.62921916326671
"cv",63.0170585119696,0.880260843823071,-6.77127584056589,-3.71430434634476,243.831790101765,8.85324891559145,-1.64307367247772
"cv",125.144806594299,2.95275903732076,-34.4441575231031,-7.55611311867833,245.570033416152,23.8543492513854,-4.70732140810491
"cv",38.3596288919424,0.774579471539992,-10.3862593051452,-3.47318357159816,223.318981902526,11.0211662675419,2.2281181655181
