"","","par1","par2","par3","par4","par5","par6"
"cv",79.3375538173282,1.22379421229546,-20.911536833686,-3.7068189039759,220.789238395878,3.86775572405931,-7.58142737474719
"cv",93.8526617771629,4.04361685910287,-25.3723917868476,-9.43243056813628,216.120374819585,36.9253052159544,-0.989944047998247
"cv",87.2539304683813,1.28880262750857,-7.67382426632071,-4.03105722224712,211.321805875732,5.16305499529247,5.43777863828305
"cv",80.8678769924845,1.59361834871629,-40.0867104444083,-4.52305882338872,956.958478481236,-13.3248660012371,2.62688739411394
"cv",75.8365167026386,1.56399098827463,-27.7366394497852,-4.499559848001,292.216593613493,0.919376405644096,-7.63280522650642
"cv",75.6545311166758,2.40574359016645,-24.1792898339387,-6.05371945257312,800.168643734666,-42.1654424486182,-5.69433775391865
"cv",100.369260069935,0.999513593830695,-34.9944295984059,-3.50609477320797,252.728554616139,1.97670620582064,-0.443072734130449
