"","","par1","par2","par3","par4","par5","par6"
"cv",27.2241351736913,-0.29922510511042,-1.75071388310331,-3.33114247171511,661.660899017119,-267.532742368255,-5.46840762619307
"cv",58.0596102480935,-0.0835554430279776,-2.62178683262296,-3.09536097509793,837.626330023003,-297.291302972046,-8.02803290568144
"cv",87.6602931839489,-0.463570538536851,-1.42679070447231,-3.66291690599469,447.323379385809,-215.729190718449,-5.75132199707924
"cv",8.86093405199886,-0.019034891453231,-3.20642295067542,-2.77781195289858,109.791957210527,-13.8390991771678,-0.519929752319465
"cv",70.1661717874671,-0.392668290492027,-1.35540624935537,-3.77984493315544,692.213029044675,-111.650852324601,-2.39222269170428
"cv",32.7215175010845,-0.294663989102113,-1.81630819375569,-3.33087110808659,658.234871951783,-265.436656891122,-0.107131054538776
"cv",73.3893136204514,-0.157408835976035,-2.26934692885833,-3.11916793413208,173.995670225002,-36.8393840273055,-5.38450902973563
