"","","par1","par2","par3","par4","par5","par6"
"cv",73.8697225900225,4.07131125697841,-34.0878681361427,-9.45094251332979,996.480800677091,-14.7738767616392,-3.86568896497076
"cv",92.5705142404932,3.15015513245634,-49.0430968521243,-7.67438423143381,944.75829511097,-39.6049404217148,1.473808235373
"cv",87.9170906079818,3.01563714784345,-31.5915895399637,-7.38405629909379,718.520920668082,-2.17238437116952,1.48220873957439
"cv",69.3551404147863,2.89229517573329,-35.8720772201195,-7.09545217960428,738.866349287787,-7.12233293155714,2.9641283576953
"cv",75.5242041589149,2.22990972292062,-44.9733310810667,-5.79439265661965,965.759953018278,-53.436431247741,-8.98004016108588
"cv",91.610931070599,4.38334554761809,-30.9028837211533,-9.94035694557125,911.103613674641,-14.5718405036629,3.23488083040082
"cv",74.1950753759278,3.28602559346513,-17.172418699911,-7.8811419667175,743.153181221819,-26.4784352888182,1.44143640154827
