"","","par1","par2","par3","par4","par5","par6"
"cv",97.3341564984183,-1.20216354886592,1.71741422613382,-7.31809306116055,-507.127767894417,-797.311515880437,5.68372161531276
"cv",74.3438940500234,1.35479149070637,-6.13906125408931,-3.86737176719711,235.501530683633,0.302386023764671,-5.46720162015753
"cv",94.830157397677,0.825613441575644,-2.6106614015341,-3.35664102487202,719.07949258737,-31.0761117217448,-2.70880383094956
"cv",80.4826886139776,1.23842228160769,-15.4565685994915,-3.54692842179839,178.432830200272,14.0001267563601,0.898430661519827
"cv",95.0156155364461,-1.33987750280549,1.68566616422829,-9.0665563171331,-324.49901813979,-378.704434962346,6.31193303503096
"cv",82.3864916746237,1.13503699566092,-6.60264894716094,-3.34323592823475,194.818318703334,7.30904332357453,-6.34990701305808
"cv",82.9770962067452,-1.27715446102784,1.46050818730146,-8.33845974089994,-601.872018098056,-995.310799253619,6.409842091634
