"","","par1","par2","par3","par4","par5","par6"
"cv",52.5816488246931,0.212644870837139,-13.2572004680984,-3.36975627706539,229.666872858187,0.130509636447112,-4.27467016849815
"cv",21.9977160863253,0.23819928475903,-20.3674559149404,-3.44474940728462,200.324659176939,1.99499807773919,5.88174511682863
"cv",68.7432512131166,0.27758016094704,-32.1439892140201,-3.5375890342209,202.699597415587,2.46135881022933,6.90154420019798
"cv",30.6948439406841,0.254707092285167,-21.6155714631747,-3.49100849943768,194.133104018781,5.21668889976896,9.17025280274383
"cv",34.4760743731932,0.26907234118781,-20.480075286636,-3.51020643484196,187.751642127473,6.58370211175723,7.22021674575189
"cv",80.7922464379769,0.385312730910003,-29.1720681878698,-3.65517956587954,198.085247315094,5.03715726305152,4.60349001095214
"cv",83.568106053623,0.183278994065974,-13.4659336170354,-3.49211037627387,215.017591526045,-5.18142940670548,-3.94040677090824
