"","","par1","par2","par3","par4","par5","par6"
"cv",75.3101272500622,1.38487874606003,-32.7583205615364,-3.53189967604428,211.856931656778,8.12087726691888,-0.68922820877374
"cv",126.391336649955,-1.2223373454916,0.650735312355436,-7.93742235630549,-696.283112828158,-434.676134560529,2.55573513439961
"cv",96.3320486654173,1.24310195588429,-23.3722148066578,-3.72373624738057,824.338504113257,-66.0521507673041,-2.27437541214207
"cv",80.1747490614333,1.22451476440718,-30.1781013037177,-3.83486683829578,824.00072475793,-29.3458565344429,2.36052328720689
"cv",81.3197582113198,1.0109851336015,-28.8100954678446,-3.41425021501326,259.416053452337,-0.420970047917685,4.76008729293749
"cv",65.5813710757965,-1.33528063060083,2.40303691104054,-8.96252150603635,-255.022345573715,37.6403721595106,-6.56800542026758
"cv",95.0596297884508,3.36759477143134,-19.6083654227878,-7.72881779450006,493.308486497872,-10.6461385005348,8.31368162026762
