"","","par1","par2","par3","par4","par5","par6"
"cv",85.0076460844645,-1.09210443807961,0.568275526165962,-6.53279913770069,-791.682561448933,38.9999022908085,-0.683135806825693
"cv",84.4333270147019,1.33439240214017,-23.720851596888,-3.90715952202904,603.335117455572,-46.9953518147118,0.455843721656118
"cv",69.1392970280031,0.914753036099491,-9.9920281956639,-3.30687869805843,434.778510133892,-33.3600805963931,3.63148322187138
"cv",109.254890203912,-1.29934334179714,1.37529785279185,-8.84050911634389,-562.160420258041,20.7444614344226,1.51831860188395
"cv",102.23121041096,1.07074831683122,-48.2462899235842,-3.36645564837679,339.150059768094,-20.3237369895698,5.01346152065446
"cv",110.825173193996,-0.294956096479296,-1.08340914715082,-3.52055779531586,-306.676077190787,58.1440964126666,2.49923462108848
"cv",85.7290563295611,0.881640684749245,-44.9615721035127,-3.10814314841045,258.601815811861,-5.35770117318826,3.75242464982728
