"","","par1","par2","par3","par4","par5","par6"
"cv",44.3578631738945,0.0156942644227347,-3.50363196505715,-3.146231436893,233.565935182159,-2.38075762766809,-1.16441178392057
"cv",15.0802826667809,0.202224158466707,-26.4958273221083,-3.03736226123399,69.3825976020631,21.7414373467113,-1.10162236637302
"cv",37.8406356397758,0.0589716661266329,-2.81233505640347,-3.22773079230202,640.703971455494,-436.580679286566,2.74245727341622
"cv",10.0618554865116,0.323961759771373,-4.74913823789081,-3.26516512666138,251.629123131318,-21.3373816208606,5.31179877201488
"cv",102.02696491703,0.128624439559368,-2.8409042841384,-3.42140424132203,96.36175887479,-15.6670502003883,3.4810366460448
"cv",51.3606569915179,-0.152931024699525,-1.89156260751188,-3.58674484421069,452.899028538485,-310.727153347995,9.51436587143689
"cv",60.8069363750085,0.318737755355209,-6.77432506671562,-3.25186552528754,254.668986014936,-16.3984936802888,9.0057467803359
