"","","par1","par2","par3","par4","par5","par6"
"cv",147.183041999623,0.457108086987725,-2.2402180437548,-3.31527264133116,-776.522750461809,-450.660129192557,3.98764122758683
"cv",46.9241377019362,0.560497253670595,-39.6095368648433,-3.35667696287183,445.708963903278,-38.7735166787944,8.06285658385605
"cv",59.3488346367588,0.481640325678213,-47.9692281223834,-3.20435150196709,386.510741009019,-33.7638960712642,8.78358648199072
"cv",70.5841926157057,0.701682369434737,-13.0497104865593,-3.54386500944589,98.3466777798605,42.3862240277231,-6.20190493015111
"cv",58.5943458577123,0.645056270391655,-17.1636779385961,-3.40175244357855,224.203525939879,-5.44524481953098,0.469656120583055
"cv",47.3653726970419,0.571701671868507,-35.5670530069103,-3.2928250476124,389.393062827707,-33.9917951300783,3.93610951740318
"cv",76.1352423465829,0.48362166176555,-21.2201814269751,-3.22563445562871,470.934200115499,-44.3859927165077,9.382523952591
