"","","par1","par2","par3","par4","par5","par6"
"cv",121.865083740534,0.895969447772601,-24.2222151584721,-4.47492155852596,466.999389564123,-20.4002904851194,-6.63817888645859
"cv",111.357551808498,0.958057714413411,-41.366579830449,-4.12792285569325,741.096886077625,-26.5555382754899,0.975884716026485
"cv",116.771464365154,1.76247248136488,-18.484484087046,-5.86482038597991,280.798898028778,69.7698331905751,-7.57126280002082
"cv",107.021965536784,1.23168439085477,-46.0439471779518,-4.61420442976594,468.986099156009,-4.68155481513325,-0.964096527274757
"cv",82.5491941142197,1.32203196304796,-27.7946026740684,-4.64066343700153,306.94199308699,0.612779224455078,-0.038720859289688
"cv",40.5807458493229,1.53739525080792,-33.9032681126774,-5.01768047240161,620.011054101087,6.63917228981307,1.00498781500757
"cv",52.4403789286045,3.75856692518368,-43.3369952036718,-9.33217990079196,284.326918132518,5.15741977632769,-1.12825624387798
