"","","par1","par2","par3","par4","par5"
"cv",82.1949181159824,-1.15333466626673,2.17115053080518,-6.92474046806857,-185.685091189027,6.43386725421244
"cv",98.1851863155961,1.0893078150436,-12.7686087983432,-2.33048361842068,232.036116553615,-0.444681452188968
"cv",118.613976906872,0.908923559848036,-35.4239193722606,-2.10734534954662,65.8779324004951,-9.82400012465823
"cv",47.9342293091606,-1.13066138461113,2.18683345521351,-6.85329296166515,-507.429575002565,2.11299215940908
"cv",125.157959400426,1.25283430229709,-36.0602176289973,-2.49797526513453,391.600703506291,-7.87840453418701
"cv",103.494784430888,1.09289792506559,-21.1955984192721,-2.21424699889227,373.834899887882,-6.59773591778663
"cv",101.179545482453,1.06344236222857,-11.5793529895082,-2.20542227510364,551.498121213405,-0.503310527376772
