"","","par1","par2","par3","par4","par5"
"cv",101.765399880188,0.380067427370449,-12.2438065711926,-2.81826986956226,67.417996470109,-1.27227045540275
"cv",151.679913339931,1.10455802457399,-6.90983737473396,-3.62950668017843,349.616330174002,-6.26186209974829
"cv",87.1970936408085,0.805159121717611,-16.3718238587353,-3.21555904083018,189.392270864155,-5.94506140725745
"cv",74.9478989957732,0.33936631127268,-9.72594979349346,-2.72904465078321,66.7582007633951,-1.35508142622352
"cv",60.4965370514795,0.664854472892216,-36.3555224700541,-3.11610890560251,228.446488569272,-2.93692336880904
"cv",47.6696045573648,0.934711640770202,-20.9364115551602,-3.18185593236952,413.491630639903,-3.4737371008563
"cv",73.4322777918158,0.989204916712517,-38.3069940758774,-3.36579906086724,174.556299379602,-0.169466650113463
