"","","par1","par2","par3","par4","par5"
"cv",147.61702982855,0.0855245560773005,-1.42886716383072,-3.24800802499095,-704.109628301947,5.05084139409944
"cv",91.4806237052902,0.271906699752463,-1.67856724073933,-2.8817823098073,-898.237074352572,1.26873446473236
"cv",116.248842926619,0.237859774505322,-1.63699796456623,-2.99030937537685,-543.142473835891,6.57477564483367
"cv",71.7729133205449,0.30578196991364,-1.65474734349299,-2.85086602493879,10.8774041683347,-4.99855536123225
"cv",64.6901207242651,0.218598829259772,-1.70062753161205,-2.85722302142306,-986.332350674767,1.39216494743223
"cv",52.7593905289975,0.383175225782267,-1.8239890563851,-2.77475521747651,11.9514343767689,-1.72260923776262
"cv",44.3011345506011,0.208745964468367,-1.51467911067985,-2.92884135449431,-775.286449412433,3.5688483709231
