"","","par1","par2","par3","par4","par5"
"cv",97.4701065155368,0.800424536414543,-3.8524627326155,-2.53283006921528,23.9604904054707,-6.6427243583181
"cv",113.158473419896,0.735430520448521,-3.29337990353606,-2.62965385450115,26.3327380601173,-5.11871287540519
"cv",64.2360440201264,0.617916502682346,-2.48591957288126,-2.58486065389072,29.0331844905607,-6.59662466967046
"cv",97.6331095058809,-0.222975334642524,-1.08219478330687,-3.42253955069897,-732.994509372242,4.23490348419287
"cv",65.720658692525,-0.144703811808607,-1.19986706704395,-3.22261089231262,-175.500610053759,2.06724916276073
"cv",88.4579361417837,0.723838957604395,-5.27463658439854,-2.41718289979168,27.7059435629875,-4.3924456656519
"cv",94.7541797224234,0.625407656993178,-3.27547123625849,-2.57150720475073,30.0929334070566,-7.9436727510344
