"","","par1","par2","par3","par4","par5"
"cv",91.0829235837037,-0.381203849978593,-1.27599822179471,-3.21378994994106,-319.108061261415,7.6663000686118
"cv",114.645370870287,0.656122847557938,-28.0723544350439,-2.53491651306963,33.8546683226736,-8.52800638414919
"cv",98.2510195002906,0.623851380045813,-20.7780622102288,-2.52456238742434,29.779030664024,0.497453205798674
"cv",82.1788499930148,0.42304075354267,-4.66431402710433,-2.39220410254047,7.29032807281639,2.56414425805332
"cv",82.1913038576864,0.450213386825719,-12.8718963913975,-2.38096664898692,3.85810878651125,4.17453822117725
"cv",103.052233942902,0.600888302695306,-8.32155702877729,-2.35049594189245,4.71002507915753,2.38321006976637
"cv",79.9662782868524,0.717241507133025,-8.92586236807508,-2.44800593221145,32.9012397735501,-5.48805136374544
