"","","par1","par2","par3","par4","par5"
"cv",194.183357255326,2.31355062214708,-14.8012897232547,-5.50510200737417,999.215936901232,-4.82847420139504
"cv",85.2939924579272,0.461303608816305,-24.1185391651341,-2.55634940143015,9.6049509011209,2.73864648471641
"cv",107.423965860343,0.745741669513492,-36.105927294489,-2.75095781784514,48.7908820912367,-1.13357455875008
"cv",87.2096476862119,0.760559279794088,-28.036361451706,-2.6391176357037,46.8866293106043,-5.49603192965971
"cv",71.8462793096496,0.783341016003438,-15.5221939729075,-2.57836987710409,47.3300060257316,-8.72810073665632
"cv",71.3290993547078,0.762050115866139,-34.2279876232281,-2.53962298638822,46.9331988877823,-7.99002639568219
"cv",61.3514223519924,0.741389117050498,-32.0420527889101,-2.59252280994364,47.8987824292913,-2.82623470255967
