"","","par1","par2","par3","par4","par5"
"cv",92.046759643766,0.124979299240814,-2.5893724617692,-3.06663814661558,13.3613349547362,-1.54064859725281
"cv",44.003359657864,0.402930027883692,-11.5254816696213,-2.84772994394475,7.01309788949609,7.80531861791776
"cv",80.0404863711894,0.283773289049212,-33.6117262505352,-2.88232275376074,70.8226242976306,-3.20015293510959
"cv",45.629809137913,0.471821059599971,-23.4127010505878,-2.87529476517261,19.6557572602024,-5.21857504950927
"cv",61.2312415751232,0.459917931814161,-16.7682530500122,-2.9335660552312,18.9977446062961,-9.5852077326601
"cv",81.9942287002777,0.438051447607711,-10.7027438061996,-2.94210243459495,7.127227071763,5.51271756730178
"cv",68.2323455467327,0.494620019719725,-15.561318534176,-2.94470946016062,21.1492079316321,-8.49704144865508
