"","","par1","par2","par3","par4","par5"
"cv",72.0969763543087,-0.300483318665361,-0.824926894598166,-3.52629454297134,-945.139972992406,1.82027553662312
"cv",63.1159375312419,-0.393089574886672,-0.760452679448364,-3.58802487529277,-999.383409107923,4.32539861574838
"cv",107.563832968376,0.884844761619391,-11.9206551958532,-2.34918523372368,22.03840395531,1.46241777016679
"cv",149.419270643821,-0.588672771728012,-0.370742175659338,-4.23122285813607,-202.897065672666,2.51666767740866
"cv",83.5868819477731,-0.25777350240998,-0.885707933832156,-3.61976449566843,-754.794611739042,3.15482572186738
"cv",104.513832431984,-0.377144660116262,-0.673803059598153,-3.72705658384927,-435.594652238696,-3.89494065677996
"cv",92.5391740342984,0.869036645128435,-6.2786491404026,-2.18003117409073,24.1629846560455,1.44335217041565
