"","","par1","par2","par3","par4","par5"
"cv",68.0529390415691,-1.20501533766572,2.14545010385395,-7.79338070657104,22.1347087062895,-7.10069268211605
"cv",67.4376635710265,-1.37782427178389,1.45743288099766,-9.95597902160307,-71.7694913543129,-1.59132303708525
"cv",47.7538035135323,-1.27178549284417,1.77940686342878,-8.58985628460498,31.5975239504097,-2.62315146159381
"cv",66.1208794913384,-0.758175358774554,-0.0591241138021037,-4.69740060523565,-287.457596510649,-1.53560689945327
"cv",78.597558097324,-1.34640856965217,1.61363421194255,-9.64896574150771,-102.561859529118,4.38331396488374
"cv",79.6920207577988,-1.12698409448471,0.454289717492262,-6.8826421665143,-831.351371438603,4.99861157964915
"cv",102.49634840401,1.02623190455279,-23.3579090694831,-2.34676670304582,992.488583181846,-8.88929163064249
