"","","par1","par2","par3","par4","par5"
"cv",100.138775975191,1.32817105873483,-18.7351799423132,-3.05521869540087,993.251187977517,-0.910190049244006
"cv",90.5274154348452,1.33619338339149,-18.2620961070962,-3.04515380577541,886.069514516716,-1.68880065284094
"cv",86.2197314165272,1.01321036810785,-30.7921496756948,-2.71267320839133,177.840836255184,-6.80744354552419
"cv",80.9201195867998,1.28669450099817,-22.7006940034613,-3.14111399330491,222.525130501228,-6.63260812949751
"cv",97.8238771299617,1.09913819132525,-12.6777283782699,-2.94417126471667,962.978751702356,-4.56271397284231
"cv",112.863282982627,1.35577764740285,-20.2410499321234,-3.39571904198376,924.244598093873,-8.30728837806735
"cv",85.9143347813217,1.35973176605638,-21.8891724198963,-3.21047641459855,936.722178477794,-3.65800722357143
