"","","par1","par2","par3","par4","par5"
"cv",121.523199978191,2.5895002136286,-36.4058506209403,-4.02995512469824,970.580417910164,-3.67397106219515
"cv",115.038734093326,2.58157032912249,-37.7555173336362,-3.98738521452237,932.694937756064,-4.59370273987847
"cv",107.435727971592,2.58056668384884,-37.6466041046001,-3.92737324523522,981.439433858896,-6.4702237781925
"cv",100.160872966285,2.50528752126283,-48.6634113449521,-3.77456867591401,994.036312461822,0.0457327917019787
"cv",136.413431131514,1.5572096677111,-31.584134579861,-2.62343760852712,186.554003085105,-4.29924365463489
"cv",104.23835079797,2.67999422959761,-46.9368446300549,-4.15551157641757,849.534112893048,-5.08880911102414
"cv",111.268040381199,1.02315997139221,-31.1368114920401,-2.25030271764538,186.562982871431,-7.66571389471595
