"","","par1","par2","par3","par4","par5"
"cv",104.103814952852,2.38305501806224,-37.6915657156688,-4.26068547054723,845.585545059294,-7.16658987108604
"cv",97.7675691829623,-0.990138882262015,1.27608049660921,-6.29943030718535,-408.7686073035,-3.50950188233016
"cv",91.7351256637579,-1.28174583104625,1.16688926835516,-8.76071698147931,-175.490993374725,-3.31858826716522
"cv",43.0661707724555,-1.14507831331659,1.65434139592283,-7.40523466356591,-881.719527300447,6.43916672185493
"cv",95.3124922203926,-1.17540989440296,0.764279069479888,-7.60243950046679,-440.447171968595,-1.29522855965818
"cv",46.7045921290207,-1.06528908361278,-0.464816945622419,-6.40740134494897,-465.474565116595,-9.39281291092736
"cv",92.6444399801867,-0.942463941239742,-0.563823222182691,-5.80482374876738,-636.905601713806,3.65068075190894
