"","","par1","par2","par3","par4","par5"
"cv",65.5668260660514,-0.585442091650456,-0.558107302243134,-3.59909420357557,-888.593473937362,3.71888338588178
"cv",89.5956272931033,-0.773783592116401,0.406293652545463,-4.31261658350671,-508.540160266567,7.42300592572756
"cv",89.7022841749105,-1.16679489954052,0.262799853473866,-6.77094489801675,-509.436861705035,0.204553930095985
"cv",125.567193445315,-1.36571752188588,0.303074091672897,-9.52311317810774,-386.108135804534,5.93063037044314
"cv",107.867832798823,0.804636664354766,-38.9007363701239,-1.86097872477009,74.1988968977935,-5.20627365398454
"cv",108.265658376725,0.730694663314671,-21.6184096957777,-1.874598634904,96.6603924921654,-1.60785748922827
"cv",90.9938333682499,-0.690394955192368,-0.651109365346154,-4.00604049017548,-620.529251394647,4.08162171376328
