"","","par1","par2","par3","par4","par5"
"cv",97.4921695278887,-0.545144192932752,-1.11625437461084,-3.52230844945996,-763.576003722847,1.96614842677864
"cv",96.160959271109,-0.308352044439227,-1.22187460496133,-3.19431084086671,-365.71876175391,5.64708303502458
"cv",102.022386336124,-0.000438180632095863,-1.31857508301927,-3.00435601794278,-110.847064759582,4.68400242029595
"cv",116.992408455788,-0.430394965259704,-1.20775736161843,-3.33715640911324,-739.601902125129,2.86105351934157
"cv",70.2961769331805,0.0351235422243792,-1.36303608600427,-2.79324278420244,-877.195941241021,1.0433595860377
"cv",99.0068023293389,-0.107574323042049,-1.17538155448709,-3.18172292342692,-266.357976212311,5.78352308266546
"cv",88.8040884260326,-0.336785653398278,-1.06745836532954,-3.35358829822148,-983.450824944457,5.48967961108264
