"","","par1","par2","par3","par4","par5"
"cv",110.91079361224,-1.23937899603537,0.919046409297085,-7.41087653724451,-450.087022555543,-7.54042038717833
"cv",113.229608350359,-1.26486217162612,0.699758361111878,-7.81429897586624,-188.870796002448,9.25919897220096
"cv",111.524026020036,1.06124602002986,-4.72664487962253,-2.18072667806577,963.692135575717,-8.06105306507051
"cv",108.071696281973,0.80699036039279,-33.635135998833,-2.16050598868799,105.959559081085,-6.80820145790527
"cv",101.131369902487,1.3274176471944,-35.9349803024762,-2.25850478709174,598.823922220618,-3.69337089935445
"cv",119.226376489388,0.766627814728006,-23.2413901023397,-2.17419160671194,115.161804400466,-1.63334073757541
"cv",102.74693154065,1.33046677656854,-41.3633000954586,-2.31023638693486,728.656298037369,-7.74082951276332
