"","","par1","par2","par3","par4","par5"
"cv",94.6499209631912,0.628548969829232,-30.8359276122241,-2.38654594772623,44.9602993484954,-3.98415666059656
"cv",81.680556835276,0.727051914303062,-27.3527991351344,-2.32789142150149,53.7923022865522,-7.06021902590685
"cv",169.399396310396,4.68403815700349,-25.4738430765318,-9.69731445032714,997.682221277951,-6.41748880501837
"cv",91.7735009803451,0.693812398970667,-36.7178399683543,-2.55268600905997,155.463733469777,1.03895615786314
"cv",100.056914824577,0.681803701191944,-14.9030868370616,-2.31096231651456,59.4809144395949,-4.79340266217836
"cv",70.0299783140134,0.707302376677404,-29.4699092461504,-2.37925163154449,172.279252299239,-2.49283735116563
"cv",119.191761671004,0.725195241475491,-35.0138647751023,-2.39070695962393,53.8757820350015,0.878037814275277
