"","","par1","par2","par3","par4","par5"
"cv",120.362181669601,0.297280276415224,-16.5771602008833,-2.48239037882183,7.08119073951552,7.90252450224054
"cv",83.9493417143615,4.92266215006394,-25.0251710180993,-9.8924135782555,917.499980236204,-5.41696973842695
"cv",107.289413381572,4.92627246754954,-39.7393556231742,-9.82719886775007,985.438206674802,-2.14576529375203
"cv",111.354726779106,4.81326390873575,-40.4142216396364,-9.99827509037704,980.520803608085,1.04150304706697
"cv",79.1876967917321,4.85196997434387,-40.7884651612191,-9.76473881001415,978.48415685497,0.795282274239479
"cv",82.7578331751913,4.89361867833118,-47.4497766679728,-9.99556119541025,964.770219418859,0.930639050165944
"cv",122.686910487874,4.69468751549961,-48.8588693184789,-9.96305285487324,861.769215203822,-5.81565946341064
