"","","par1","par2","par3","par4","par5"
"cv",107.747699578637,0.631721585894598,-37.4917640372421,-2.99447593607638,31.8029018615515,-1.45434198901057
"cv",80.7112950962199,0.514725344850508,-14.6552406603889,-2.9444050354001,37.1577901794505,-1.27280969032943
"cv",44.125264665889,0.634635010790417,-17.3119009737981,-2.91729748730272,35.1026363466925,1.55012004454035
"cv",60.6313533942644,0.676035076908473,-20.0697077224632,-2.94268967392428,37.5389395171762,1.67289114423765
"cv",56.7380767418753,0.698128410360422,-33.1958452006802,-2.93311359420375,35.6134167297033,1.91177630482424
"cv",90.0473756875231,0.502677877929638,-30.1959046249529,-2.94069936683743,6.4288490711326,7.23947459640385
"cv",91.5583404101242,0.711097220927989,-28.5521390140777,-2.90875404277686,34.2676357386703,-4.31955470864236
