"","","par1","par2","par3","par4","par5"
"cv",191.20909468699,3.65880974441071,-45.9380296332841,-6.76922718145708,715.29250276642,-5.16212002671193
"cv",100.225118203955,1.10048989493613,-22.3678210330547,-2.07724835798415,65.9590283027065,-7.10212459455654
"cv",111.084957639643,1.25879137188142,-39.5539505009337,-2.08749792850188,52.1170525967998,0.0934551468551006
"cv",113.578833016123,1.06073178340192,-26.1728052946946,-2.0105233142385,71.3150890451234,-0.951200114648752
"cv",115.397467501196,0.963544732310756,-48.6777611845103,-2.08836058621594,48.9362271615044,-3.66832587266984
"cv",107.778636427377,1.04549805326493,-46.0954502196823,-2.05234321846395,71.5731476882847,-4.11924644078954
"cv",95.7746755107826,1.07661886840338,-30.380440669066,-1.9777972696055,68.0067278192494,-1.42027464963961
