"","","par1","par2","par3","par4","par5"
"cv",124.161678536011,0.0316550141281566,-1.38590353770428,-2.78538029240129,-449.770933995665,-9.62361752521247
"cv",108.606912506552,0.57990604310437,-3.56795052111802,-2.41294631859163,31.5379828608668,-5.05514095809216
"cv",98.7469376086009,0.548573892109667,-3.24128842220408,-2.44869196653699,33.7561977972998,-2.18083194456995
"cv",91.3504830183483,0.590048581812813,-4.71097581687406,-2.33249532835902,36.078051761541,-0.788280281855006
"cv",103.674364106938,0.478089417533611,-3.0781562763403,-2.43572702421085,27.4972612100938,-0.598083148001911
"cv",87.4080414702878,0.727101592641435,-10.9137082889094,-2.31238592648224,26.8067201295495,-0.660210633401094
"cv",101.786993786686,0.641124742044823,-3.95296995227468,-2.37465515463589,30.3617179495282,0.470094950869679
