"","","par1","par2","par3","par4","par5"
"cv",90.8567169847279,0.480050064865158,-2.11437398044763,-3.04592314859717,11.9083196555831,-7.11667797926224
"cv",51.3015459608021,0.643425877692969,-3.1801938641277,-2.79911659271757,9.42607008338052,-6.10770128234207
"cv",67.3235517274845,0.619520183318331,-8.5692567748036,-2.79402414579377,-9.41028147962729,-6.97328025552042
"cv",96.0041225995448,0.716702154634806,-31.1908965473523,-2.93663791743065,23.5679739530241,-0.0152396002618896
"cv",35.9794317792816,0.684968866521173,-3.47474929453719,-2.82026622222163,13.8465640202442,-4.59992102996385
"cv",88.8741199508925,0.714861550638327,-7.13609799811925,-2.86306373980839,8.85164764141929,-8.59385927001619
"cv",58.4563440621443,0.948538930331508,-14.686570269987,-2.90631983651702,16.1395375526878,-0.108210459552788
