"","","par1","par2","par3","par4","par5"
"cv",92.793670627726,-0.355100887700691,-0.476190560335208,-3.60313549471617,-124.676948106565,4.89205589967097
"cv",152.953846772528,-1.27401005581216,2.92683430830657,-8.65771398346542,43.076731313227,-1.25331031484277
"cv",78.1039507760826,-0.374379368745424,-0.85337180942313,-3.43903999125467,-663.305908441544,1.30436015516621
"cv",105.898907418218,-0.390976266573673,-0.579700749814457,-3.90719539746851,-950.909570360484,9.68932196112161
"cv",76.3254287017509,-0.259277870132725,-0.780372462264926,-3.50747243610285,-778.764925978079,0.0373561042976105
"cv",88.0106564442162,-0.239548679628739,-0.815693923883137,-3.45121354148313,-652.759217773575,3.60457233691735
"cv",96.8939348917812,-0.169199500113716,-0.760106335753143,-2.97063941996824,-47.7111438849912,-0.629168164653648
