"","","par1","par2","par3","par4","par5"
"cv",57.3472763668662,0.138517849063114,-1.82068087179628,-3.2677572134209,-885.930036959725,-1.2062166206181
"cv",55.6960630751217,0.279450414306923,-1.83217209821723,-3.2973693326623,-918.971769544926,0.778647917048842
"cv",69.6155364012522,0.293923117429412,-1.77205190685664,-3.30076736471876,-667.451377103687,-0.790006987419189
"cv",53.1577962782966,0.255097323842087,-1.84212034996802,-3.32076974791498,-743.087214704102,-8.31204866589821
"cv",43.5934309362598,0.201807057032464,-1.81817968082049,-3.28715265680509,-995.043138605462,-6.35641670335606
"cv",57.6867365105054,0.135924479243076,-1.69704986947568,-3.29427747638587,-952.520239872514,-5.6172852916643
"cv",57.5782375466742,0.232144869357829,-1.82890190199994,-3.23197002383094,-803.258160231872,-6.40159171585148
