"","","par1","par2","par3","par4","par5"
"cv",102.279395069499,0.850721723148548,-33.7705257648386,-2.30869985830952,62.7437170024392,-2.83520193834337
"cv",113.450274694387,0.828667080795804,-12.1194240769106,-2.38640992543962,153.816683607496,-4.08738264560117
"cv",94.5995393474232,0.814034603942953,-10.07128274859,-2.25343187542866,60.5506356304826,-2.65403522590962
"cv",110.363745654282,0.909477960277687,-15.4639859356317,-2.43574704245308,459.662764131093,1.53434386942536
"cv",98.9909173200086,0.863751437865522,-21.5948399720535,-2.21833115416832,52.4571826997912,-4.51861546775605
"cv",99.8252498277819,0.849244772296425,-12.3566218553206,-2.28256126921028,52.8718094782444,-4.89249213341094
"cv",112.133160572208,0.737835743388184,-27.6199117160553,-2.36334194439628,47.9973560098338,-1.94519715903448
