"","","par1","par2","par3","par4","par5"
"cv",111.623074729435,0.872155134404528,-26.2766695952547,-2.56379911535492,43.1841965585556,0.333208077645127
"cv",104.805033221251,0.824815334577925,-9.51497240457684,-2.41237525708589,84.9182393991936,0.416731511608065
"cv",101.139558771146,0.790455424543504,-10.7167784010288,-2.4424163960548,98.6382901625895,-1.15615115692329
"cv",158.079984750386,3.07727404883237,-22.2166863525031,-5.68106441241114,646.870245781226,-8.27084097811916
"cv",104.194193765437,0.786774291640705,-8.9514405507975,-2.44496513574729,68.0506041585561,-4.23693817345771
"cv",106.111801863947,0.802827206740261,-35.536513853226,-2.45980816674481,86.4913230041579,-6.92897141508345
"cv",90.590553752787,0.938412450448345,-28.3642945086383,-2.34922991459584,79.7223228349544,-7.96899412377302
