"","","par1","par2","par3","par4","par5"
"cv",89.8052692127912,-0.755211867019765,0.524727066503775,-4.60434940446565,19.8286920785904,-1.50299393105107
"cv",127.049147913243,-1.06425828182732,1.35025925787182,-6.49066124391494,-319.708360793326,6.54130518699083
"cv",98.0688150735981,0.741415575843426,-29.7851330038197,-2.31949873004634,74.293430686466,-0.895848204800623
"cv",63.9916239914318,-0.909017511935668,0.521486854756159,-5.48047670184941,-328.156463711973,-1.73677502951356
"cv",98.333217364638,1.08092470467534,-8.53239450838603,-2.43191207582252,559.838910202436,-8.47623408608439
"cv",58.2873744174585,-1.23041482642293,1.39825840014964,-7.90967026725411,-24.7010593302548,1.15658619262022
"cv",101.522172422313,1.16247633525203,-27.0392454493052,-2.44313632525613,235.711306086783,-6.57638193805946
