"","","par1","par2","par3","par4","par5"
"cv",97.8107387049834,-1.12173775552886,1.88865771451387,-6.73501931943143,-973.089028864424,-1.21854987125657
"cv",101.130496248114,0.638702005981076,-13.4621267033343,-2.29991211183977,61.5119010499749,1.20140115086436
"cv",103.995905873914,-0.689131473613363,-0.658690771809596,-4.12471314730242,-789.412597775069,-4.5294933905825
"cv",111.027746416932,0.741825641186593,-10.3407940087634,-2.48424859815245,45.376819614558,1.37342313863826
"cv",68.2558733945806,-0.800439627671596,-0.502787380576753,-4.69219340809103,-668.110988426628,-1.68879739888575
"cv",80.3946168349453,-1.2349105573787,1.89962889615622,-7.81864857330741,-955.473919175812,-5.46577109444402
"cv",109.092761864407,-0.745745457201062,0.0480650296603777,-4.70026588701776,-751.874203328043,2.49863056833624
