"","","par1","par2","par3","par4","par5"
"cv",111.255492001595,0.455043674635044,-3.25708256371681,-2.22607757827027,-803.082880988373,-3.59111466154164
"cv",113.508093152492,0.392739656914147,-2.80196095856943,-2.28544297558344,-587.506244604645,-1.25686650301171
"cv",97.6005064180873,0.435019863145914,-3.06961540356248,-2.14721733290468,-460.92673040236,7.7087283080295
"cv",116.591305449739,0.455739280663431,-2.77156586319474,-2.21005488679991,-474.580083721573,7.27416836958761
"cv",106.731811652908,-1.15812057629228,-0.325822334005471,-6.87839417394086,-974.51706406745,6.03197639917441
"cv",110.435985955698,-0.976496114431591,-0.426970236697229,-5.31715407216133,-998.689126647258,1.79765416774899
"cv",104.549669769849,0.440525750852434,-3.44845386583993,-2.18169385452613,-559.128043261417,7.15741425439775
