"","","par1","par2","par3","par4","par5"
"cv",76.7407243453651,-0.462957369182815,-0.457516990434225,-4.12197635288067,30.4119410572807,-6.63542298880056
"cv",114.919352802771,0.82597084449876,-29.8498673334845,-2.25341496454423,81.7164603248943,0.518637298832105
"cv",63.0326048429011,-0.753721046594979,0.227158351553216,-4.69151026844566,-411.772932992061,5.3269221932893
"cv",78.3438064185686,-0.790641089138193,0.338472314241901,-4.97572937374376,-946.389566932329,1.61729733459651
"cv",113.38708588021,0.787931518577868,-31.23602083945,-2.25735772096185,76.0920165907842,0.236935702211695
"cv",100.791040367272,0.779300296107088,-15.4548306301396,-2.23420014249644,81.2580896202517,-5.00781495810693
"cv",87.3818440761152,0.830715684365527,-24.9103857419091,-2.1281982239244,81.5615293528844,0.154856390928353
