"","","par1","par2","par3","par4","par5"
"cv",67.7589204819156,3.98105269580681,-42.308214190416,-9.82005500146036,961.270135206864,-6.85289909773571
"cv",62.6567269364856,0.260621281143916,-1.68192171313221,-3.77395724301504,27.5471142867752,9.90340817719698
"cv",47.8897644003094,0.293504031959678,-1.69846423238819,-3.7898949896057,28.9304722574901,-7.03506278339773
"cv",71.1545931828349,0.228998546893706,-1.80350823440552,-3.65846437060307,-796.298152608512,-0.463450424829897
"cv",80.1812072525384,0.104879936131792,-1.57100543975849,-3.88479552249068,25.6456858300003,0.526333727663253
"cv",57.5225655757034,0.0641151127122635,-1.61260287135159,-3.45690187452157,-152.701215946856,-2.83402633764595
"cv",31.7872880488515,0.521185574831303,-2.35717160441262,-3.30197241795177,27.0111558646656,-3.62797569925302
