"","","par1","par2","par3","par4","par5"
"cv",56.0652897893653,0.299858605203637,-1.59142099710218,-3.57419992758021,64.66422731201,-8.64834336656809
"cv",25.3848638591333,0.273218845321572,-1.976056314673,-3.23351843407748,56.0745078503169,-4.78899562219115
"cv",63.3604223151694,0.14806986878795,-1.66896382784855,-3.44000157293409,89.4031819222412,-0.483380729186591
"cv",144.190255255642,0.437729745800847,-1.87131337421167,-3.78373708723183,59.4055701981348,-3.88783363278281
"cv",44.2415995118143,0.591231829037126,-2.31203869789245,-3.20392625141302,29.0708476317917,-5.61332136004277
"cv",66.7033000498762,-0.0040923097769453,-1.77538190037012,-3.36501294828899,-962.604761078813,2.55482382811879
"cv",42.3334330203072,0.370672605835562,-1.6786422318984,-3.58768589293004,61.3031054755185,-3.52399802440317
