"","","par1","par2","par3","par4","par5"
"cv",112.973121209668,1.80940046047427,-37.0731270068391,-3.11250973462935,962.94805613114,-2.49462674254254
"cv",91.5265766180698,1.80139438007646,-41.9982244250246,-3.0290376052164,835.9264745377,-7.21097696935413
"cv",65.2433544972695,-0.955306388434509,0.611948255433126,-5.46575784162524,-211.725123434151,-2.70903327085122
"cv",96.8079776822549,1.48987786864484,-30.427294125782,-2.75214705994307,957.43770890465,-3.55683028232306
"cv",131.261188900329,1.86180250161047,-41.0289892218554,-3.48256673400282,870.12794926931,-2.10739320788319
"cv",92.4090358978212,1.80451418164884,-41.8283936168827,-3.19894468385707,872.510368935764,-4.4810659563341
"cv",93.9940287333318,1.81219305469647,-22.5515853691345,-3.13765209301118,998.060222250751,-2.95518451336162
