"","","par1","par2","par3","par4","par5"
"cv",76.7007252273282,-0.199199257984575,-1.03450889390902,-3.35133446444602,-968.04334678463,7.27189175459834
"cv",107.598731304495,0.467411416367778,-2.12532927212659,-2.67916112908946,12.6864756691232,0.866712622435762
"cv",80.1115595162042,-0.269944628788275,-0.997463848686937,-3.45659378239402,-697.184174628209,-1.31079359911382
"cv",82.8653717971458,-0.142916560605962,-1.07166388393924,-3.37166834200151,-102.632823865861,6.26120302657357
"cv",107.66729262235,0.855427611024991,-7.41808836127875,-2.5335717152954,35.9266265013971,0.657993112513832
"cv",94.9364469123629,-0.0999355425522575,-1.21211598446511,-3.31355939514849,-83.8846922776278,4.78864165191104
"cv",172.575432758985,-0.396456016778606,-0.603821373362751,-3.7619533259437,-379.9506011419,2.54255979417256
