"","","par1","par2","par3","par4","par5"
"cv",86.3962853953739,1.4422897426277,-20.269558118154,-3.40092010158049,408.779440535232,0.103804439499067
"cv",85.1198266921706,1.41444030192739,-12.4657282178619,-3.42104838585207,380.80362705006,-1.44962985567258
"cv",124.293087078237,3.20981337791785,-22.6598645389382,-6.98780155899477,970.818940480901,-4.3658334029655
"cv",71.9648423361684,1.5136140135082,-20.7190337537204,-3.5106220145313,421.036580370425,-0.460858750581381
"cv",88.2679473327747,1.47570461949804,-25.3295680681687,-3.53572327824407,462.313811682737,-2.89784871058347
"cv",83.3617725742635,1.43881577735542,-12.7037012626375,-3.40843236671939,418.890650996866,-0.900248896981994
"cv",93.7063237944812,1.44534754342252,-6.902477896494,-3.34548109682389,398.772019188595,-4.24875589581461
