"","","par1","par2","par3","par4","par5"
"cv",92.2733204181515,-0.12286324055621,-1.72342678771062,-3.00287440160125,26.0351492044022,-8.16962320357561
"cv",131.566096254202,0.379503433967032,-2.70301360101012,-2.8268105472366,117.298404152819,-1.3259484796685
"cv",75.6018800524937,0.322462429158926,-10.892345324368,-2.48584627352257,28.2206482799018,5.73357532568757
"cv",57.8178532112784,0.282861445636983,-9.91259438884112,-2.5014129507774,28.9511867142872,-7.82500407307576
"cv",74.9787794912905,0.320161732780128,-16.1887541515345,-2.49903531535318,27.7500747690284,4.17803782017088
"cv",107.268053592582,0.260760427044937,-22.7055209069373,-2.49961582837001,9.18251583364789,-4.30409633665021
"cv",103.165844016402,0.337018294179998,-10.337391798328,-2.52412568739566,30.0994358028909,-4.29883651328626
