"","","par1","par2","par3","par4","par5"
"cv",81.5497141063844,-0.145447371567366,-1.44820760256497,-3.72820636760405,-556.931304002833,9.31022397547139
"cv",111.949223263142,0.596028911120686,-2.96920399593622,-3.49555433823834,41.7631042397111,-1.31835362191271
"cv",69.6573036202532,-0.17094274313343,-1.38029747341721,-3.61375077556447,-625.796789815501,8.42632240448671
"cv",28.1589575493797,-0.185317105675988,-1.43561539964876,-3.63647888736463,-649.688241373614,-2.31342325072861
"cv",14.3705782377047,-0.205603131950625,-1.48613007614821,-3.60152319835353,-312.631649508615,-6.09733137612366
"cv",15.2401140054185,-0.193564372939022,-1.39726069139746,-3.70540359477654,-528.170962629647,-0.896995733306457
"cv",43.071473733947,0.0746377894895675,-1.80093601098246,-3.2836926104043,-348.751524816337,7.99602610891892
