"","","par1","par2","par3","par4","par5"
"cv",126.680829749282,0.12383084952863,-14.4623606123543,-3.09812348002226,81.2280289865061,1.69956887159389
"cv",188.844896452079,2.73780267646419,-37.2440435479387,-7.59671223473638,674.492885395122,0.0968524743048518
"cv",67.097047551696,0.0201479596237488,-37.6782809354214,-2.91134975319116,134.441064537666,-4.6040542307957
"cv",59.80446674206,0.186457308560068,-19.8823385129659,-2.88572233952952,143.964381060735,0.313304763896031
"cv",60.2349002632704,0.0281960013019385,-2.93583800130726,-2.95693366765026,125.560805099323,1.57837142431814
"cv",53.7845711862549,0.186772003652591,-7.5418143689938,-2.89481547706877,145.173317388272,-5.71663270693732
"cv",25.9007249426829,0.153458228650086,-19.2266881931573,-2.79855891997624,150.465222549561,-0.0642328149680842
