"","","par1","par2","par3","par4","par5"
"cv",43.3099865184582,0.904738045231619,-18.804746719788,-3.25836637538398,13.9766563661397,-1.29608211475833
"cv",25.6869771704959,0.791080568431636,-2.35827700305859,-3.20750461331378,12.8432700460182,-0.878804236815711
"cv",61.8926379450007,0.830702267956261,-3.34721310368076,-3.37653231724616,15.3797197563522,-1.57067333759619
"cv",42.1177190663332,0.934631209020981,-3.90505653773309,-3.27365685185355,13.310214016924,-2.0484440214932
"cv",53.860191951098,0.891505293932655,-5.32541340363651,-3.39270829621484,-856.567202936203,8.45747284048378
"cv",48.3889783181556,0.749061854304742,-2.33159760566938,-3.31537996673661,15.9002424051924,-0.152610531751482
"cv",31.1228422084293,0.874515905117271,-2.78448986711111,-3.26046294584996,13.8643265911849,-5.6269039930604
