"","","par1","par2","par3","par4","par5"
"cv",107.366580389855,0.959583845250865,-25.4491491968471,-2.53911816817094,83.9155504920926,-5.17287891531259
"cv",91.5164379165309,0.92099620969739,-48.7848514375164,-2.57880064756793,89.6613441470619,-4.6606232005011
"cv",103.681634286779,0.927407402582466,-44.2901916521855,-2.46140259182888,90.0686957585313,0.397778407938034
"cv",93.8798285107126,0.946680541781837,-27.1659292046028,-2.53277410875978,80.2859053229207,-2.80272483673263
"cv",90.8553486412541,0.945391512103154,-31.7840433701597,-2.52727512934341,88.5397482845955,1.37612746598764
"cv",86.6385099552658,1.02560865341315,-29.0105135041087,-2.53969173247274,83.5230582268595,-1.14956926048432
"cv",98.7486385930443,0.936302802412208,-32.5378191201954,-2.58901318768627,89.2827638966336,-5.40176475420594
