"","","par1","par2","par3","par4","par5"
"cv",126.832744143572,0.176971440887051,-2.34275428985206,-2.52854508524362,-4.32728424966906,3.96542557333269
"cv",94.2083198300826,0.947902600370681,-48.2884287229052,-2.17042895788624,6.47910269733535,-0.481937276851092
"cv",96.4912848133445,0.0458855796808346,-1.97302798722233,-2.55239606435236,-107.10672532284,6.47569265189783
"cv",97.1118146520529,0.292885006408139,-2.75667883346761,-2.29608035282627,7.7484796232846,4.46706370051477
"cv",59.5516926041306,0.242808901183998,-2.56909720172068,-2.25082406079903,-743.604031680943,7.69906757343431
"cv",130.498296553116,0.273075325913342,-2.65191429045153,-2.41154563625813,-7.62351236217583,1.57907245033618
"cv",135.68038220187,-0.126645649162334,-1.26571857497187,-2.91941900652624,-605.980395361267,-3.83043717907016
