"","","par1","par2","par3","par4","par5"
"cv",73.6761584526905,-0.120486525305246,-1.66149206572174,-2.91606979074525,-6.73233092338521,-6.96636372524992
"cv",86.7154090194807,-0.0653775332761209,-1.78107698639828,-2.88075865352208,-2.57607502862811,-3.0066876361259
"cv",82.2923461392269,-0.117538442937126,-1.63775239656289,-2.92131007549663,-409.890808514827,4.54436981639586
"cv",70.3154246675871,0.0647816871964674,-1.90600427382453,-2.7719482012584,-1.31325332015888,-2.28548223018913
"cv",55.7947928308657,-0.0449201794407607,-1.83877601507176,-2.78868124733263,-559.823652344895,7.82716138288379
"cv",64.4330283494616,0.0282226792404621,-1.98571191948272,-2.78155713439168,-584.544378798455,4.61758172571021
"cv",133.800098177124,-0.0671856887956473,-1.61433559677556,-3.06803071400476,-617.739252750633,9.2557549290359
