"","","par1","par2","par3","par4","par5"
"cv",119.893719118855,0.151415865084111,-22.5287287185032,-2.8252696759348,-36.5347567273831,-2.61540574021637
"cv",75.3500189399775,0.109681815928745,-11.5211781450503,-2.7413560834141,-59.5638443681681,-4.13580744551222
"cv",70.0208982162194,0.152794118118656,-17.7507581026959,-2.83180473744649,-39.7642099759288,-1.96957287911604
"cv",90.998826194398,0.17087018673842,-14.037480321152,-2.87587776088466,36.1512975071069,-7.18536059837788
"cv",55.9748382797222,0.122984347828625,-11.341602585991,-2.78479934967278,-37.2812838549786,-3.22700697082892
"cv",85.1603207991038,0.391149625629493,-33.4467566304421,-3.01895432831983,55.8520823280604,-3.47343144739835
"cv",60.6747571982713,0.139995392463668,-10.887571417287,-2.79430270633336,-36.9390569544448,-5.39647777732278
