"","","par1","par2","par3","par4","par5"
"cv",83.6396046138455,0.408631216958802,-3.56946335797514,-3.15573078996721,41.7151880566026,-2.43871088581672
"cv",83.8302832570259,0.249362549274914,-2.90931168635827,-3.16153667978487,45.269701546267,-0.1572858216241
"cv",53.6453816235132,-0.289534630956704,-1.67765339395633,-3.45854462331757,-642.326408313153,-6.32355089878724
"cv",45.6102897846358,-0.34387715166866,-1.58694901842728,-3.60927732838277,-406.233259873702,2.68553513129497
"cv",116.739408906141,1.74556607799492,-26.7337271367345,-3.10419703966884,5.38909052483035,1.17560902083377
"cv",39.0085173041153,0.318761748266402,-3.03738185926851,-3.06983358289612,38.269910789658,-4.98571110889316
"cv",53.0268992198013,-0.220308793708495,-1.60881924129561,-3.52903574091544,-568.652157206088,-9.08576367363592
