"","","par1","par2","par3","par4","par5"
"cv",98.0181631893897,0.0683423731407693,-1.59695601913776,-2.69562745748434,-602.741374731449,5.51789951976389
"cv",74.7425377125716,-0.0142453509992103,-1.54897433596076,-2.74602865057919,-687.969623197871,9.9337410514136
"cv",80.2849132137546,-0.161158623083953,-1.29596283690986,-2.99962735752204,-23.9832685004722,-5.4039838390704
"cv",83.446390231165,-0.117856049230322,-1.37637996673956,-2.89240866004897,-4.80150195494174,8.41083160088265
"cv",100.019464803637,-0.0558729492264509,-1.49961391642626,-2.89710469123006,-4.24183202227979,8.35424324900474
"cv",115.295259463269,0.0566869917889892,-1.47871556070038,-2.89704894083067,-233.783972604195,6.8271586000424
"cv",104.526270001583,-0.0308778534962631,-1.36390565212838,-2.89949856677421,-11.8725202568048,-6.37251696317087
