"","","par1","par2","par3","par4","par5"
"cv",157.808196083334,0.536167364601007,-5.14972241764422,-3.87566957348801,97.2629958443874,-3.61043747574948
"cv",30.0415748430914,0.549822118343085,-28.2813389633404,-3.30959017927031,100.15530532156,-5.77361267622413
"cv",31.6696701887135,0.254211474878524,-16.4050640016967,-3.08085189972361,110.300361840703,-4.67985181551303
"cv",81.0682986798196,0.458123493487825,-16.9311348837557,-3.21888001624522,93.9410874982913,0.759070675204907
"cv",52.2263843402508,0.441843595742925,-11.8343996927924,-3.18747600462247,53.5562442617396,0.361951218555071
"cv",70.9124225429841,0.169513624008185,-26.636668242072,-3.01375787992732,145.509990408587,-2.89545567737521
"cv",55.0581729703877,0.224647158715152,-25.2560259735464,-2.9861349890798,120.31912036923,-7.51475537395078
