"","","par1","par2","par3","par4","par5"
"cv",112.094126762142,-0.459609517599209,-1.66895486976428,-3.41426091148531,6.99257622343369,-2.39965561364709
"cv",59.0931585760672,-0.425075947257235,-1.57337224003423,-3.4159410410971,-37.7442912370499,6.7174492407675
"cv",47.6833950862919,-0.556043012871056,-1.41968149619875,-3.39538558534804,-592.880770804323,9.91620248392768
"cv",32.6387093244803,-0.400269552970002,-1.53204512169713,-3.41082833133588,5.26768946112746,9.00205629958129
"cv",87.5265341482248,0.1985868134201,-3.95375498222597,-2.85214141206256,58.498468089976,-0.483681722861777
"cv",35.9211798287253,-0.0968301071294056,-2.69630716069787,-2.82289577791479,49.7375333601019,0.593536359313364
"cv",138.366035524481,0.126123270354431,-2.66821687145998,-3.00440573285853,9.32481577215578,6.6998980815436
