"","","par1","par2","par3","par4","par5"
"cv",130.10098920806,-0.490361290651336,-0.762311373638846,-3.58308154006499,-635.386325452463,2.11899523176569
"cv",114.168234612925,0.785761107113603,-46.9527939336029,-2.17065977052549,64.2964035767572,-8.36912353971762
"cv",113.950756978367,0.861060913604767,-3.0203768893345,-2.33154057565215,30.6157301479751,-1.64999893927497
"cv",95.7301005444563,-0.212613075901291,-0.991508432067886,-3.1369839696612,-688.825248507238,7.43363379074179
"cv",105.009732650484,0.971290592846066,-31.4548562138712,-2.1574978902457,45.0150362228159,-3.29967662129778
"cv",89.9551284945606,-0.0138544816715256,-1.21135964977808,-3.00550557116105,-108.732261375185,-5.38703693542629
"cv",94.2374395966113,-0.173569113231133,-0.980893986176075,-3.21357355313866,-190.212636154444,1.2994711715808
