"","","par1","par2","par3","par4","par5"
"cv",61.4924726827958,0.356329342390145,-19.9959671467278,-3.01995158001331,-12.2696944379253,-4.86352846492082
"cv",83.6445676144579,0.367817960633331,-26.4446463419565,-3.0053028078321,-12.303960694627,8.67949523087567
"cv",50.7646182492596,0.353617963448673,-36.294398640398,-2.97933075269014,-12.3197690354323,7.01368428121734
"cv",228.395815744128,0.709169967439805,-6.10321090916288,-3.86593015887078,35.5268464821996,2.28950771431151
"cv",64.1533272963076,0.517220084387206,-41.726240045386,-2.98340194414662,39.4610765501266,2.35907108522952
"cv",74.1454604380184,0.402991032900156,-6.00322071237277,-2.88518233566923,-21.216536584959,-0.234061297022697
"cv",44.1484060656398,0.701021002973021,-12.2644582884302,-2.98268838413063,20.0413866980782,-2.03947343445833
