"","","par1","par2","par3","par4","par5"
"cv",102.806625459103,1.2919266051508,-31.0294240058031,-3.79833684191825,706.461484569509,-1.08476797427489
"cv",71.7696159227997,1.29189799130865,-27.0047600613907,-3.4855067038147,924.819252453744,-9.82680249397639
"cv",62.2338973226038,1.29122541358267,-47.7174201598046,-3.64377497715379,702.106146180833,-4.70946392553597
"cv",75.2022240987505,1.32044344539034,-46.7941351856835,-3.64939451936629,559.44401754728,-2.30212393700016
"cv",62.4993210669213,1.29122972110017,-28.1886136088461,-3.55732541131987,718.46259241494,-7.61897110080525
"cv",66.0871744540696,1.29490095715151,-29.2971331698225,-3.54498492735988,850.361509016577,-4.68191269390465
"cv",73.9757638694285,1.28430521606521,-43.3956329234533,-3.66615455451963,664.633802433631,-6.75035416354586
