"","","par1","par2","par3","par4","par5"
"cv",82.663564083205,0.485320346213491,-2.6739006697492,-2.23107021746402,23.9829323865109,0.75822757579158
"cv",106.508238894964,-0.274407434270925,-1.2722096800449,-2.9904274388725,-578.407483178199,7.60440754026639
"cv",99.5859260629869,-0.10775221676452,-1.35896982366363,-2.86100307847178,-157.767676612425,-9.88639974966645
"cv",102.271422416686,0.34096753629715,-2.5748624537487,-2.2762016742634,-685.263171427211,5.47585400726341
"cv",119.382133293403,-0.226004763888967,-1.18686722860198,-3.20611465133782,6.07501338934895,-1.6431633996425
"cv",79.8570214423965,0.519060502720261,-33.2595127233502,-2.16070545130296,33.1227654856732,0.615413439560932
"cv",101.956701326464,-0.288468368408895,-1.04736221463423,-3.19851830517004,-747.160681428064,-5.5489563772887
