"","","par1","par2","par3","par4","par5"
"cv",115.544176746613,0.753359904379713,-20.3203497687355,-2.4224816144797,55.225118085299,-5.18635478893992
"cv",75.7225927310854,-0.388382769886126,-1.06507960123242,-3.28583907270616,-627.194898665192,1.38481697255866
"cv",70.3531257611543,-0.404948977887803,-0.981491930483675,-3.59311780806687,-302.301370936558,5.2428137299055
"cv",103.563519736141,0.738877419345512,-20.0816996581754,-2.42148280837544,56.9983114769327,-7.24665802489252
"cv",90.054130149175,0.4301393902798,-3.36151793199469,-2.33664500009119,-10.3391883852202,5.60466255166071
"cv",88.0980219872877,-0.477549939325456,-0.971277208909871,-3.50362955897246,-303.482176735997,4.36242681696296
"cv",229.711368333025,-1.08850839100931,0.82704180788921,-6.79731647384332,-621.199507091347,6.55568080612825
