"","","par1","par2","par3","par4","par5"
"cv",87.7595315813078,-1.13518611312866,1.60029145095747,-7.03413001199029,-976.083469799636,1.73540868036519
"cv",100.521682809226,0.820889976088543,-24.935618655107,-2.37702675257794,41.9185950759331,0.334758678220555
"cv",82.361726580333,-1.3236528551147,1.68002490408186,-9.06337671008409,-822.121983859688,9.89299441038078
"cv",70.585726670535,-0.559963585498298,-0.634022639608512,-4.14411364189163,-595.307253048642,0.949141001569227
"cv",81.4006029159567,-1.26827439948919,2.53847339789192,-8.47150989477868,-91.0404015063677,-0.708991636580798
"cv",60.1246148244729,-1.37982902873625,1.23119893155547,-9.96184691051718,-680.150927484198,-5.83894919097355
"cv",61.5470156226306,-1.13184030835027,-0.0772729496679283,-6.84912988049842,-904.187292326242,3.2297835778445
