"","","par1","par2","par3","par4","par5"
"cv",93.8409116928467,0.765087540160497,-18.352388824989,-2.5497421447619,99.2900177502398,-3.33991177449242
"cv",194.153323278699,3.7107917659602,-43.1909686219498,-7.3673500614663,275.042610037284,-7.10376846857334
"cv",119.454923680608,0.861325685043965,-27.9095663279487,-2.58105349948969,94.7237872570029,-9.94792049985281
"cv",95.3489900277922,0.83027031334922,-28.0130679370719,-2.50395108622637,98.2793247020287,0.566901439733057
"cv",120.029884329672,1.0424415265787,-15.7732309172374,-2.91743406454209,248.166518021495,-0.477901900373429
"cv",91.2719442989776,1.04741365122635,-27.3330915000741,-2.80390100182039,90.2824701638564,-7.09432864290057
"cv",88.6269451572779,0.840648804761853,-27.6251911160792,-2.55291664951734,84.1424879853428,0.198064947174669
