"","","par1","par2","par3","par4","par5"
"cv",67.230363591734,-1.20160259043305,0.697553288719905,-7.59328606773515,-455.698189760462,-0.262979315207923
"cv",68.2332577572942,-1.37773300974887,1.37610284370827,-9.9626108167704,-938.412374505806,-7.3988175687067
"cv",87.3991900716024,-0.833114754238922,-0.429244350490097,-4.95658077675304,-952.848563669872,-4.84411354002932
"cv",97.182726908259,-1.13892141850594,0.274558337278809,-7.12903989278063,-813.454129392239,-4.62347154956251
"cv",118.433348947234,0.823121449525259,-15.2238977420911,-2.22018822144828,71.4488014546772,0.0923730429546363
"cv",95.6461811203895,-1.15760303704739,-0.395888191983104,-7.19115356863555,-762.883084826171,-4.02110267502786
"cv",85.6842361122849,-0.76483926352922,-0.565319547059361,-4.47403842835846,-847.858621654588,-2.0428148843348
