"","","par1","par2","par3","par4","par5"
"cv",115.379212122464,0.616951663147545,-25.9438858982287,-2.15711907132534,45.8117821895364,-9.8800245402889
"cv",104.0969644423,-0.826457781497479,-0.283716214917833,-4.76309137502674,20.2227916879162,-1.01158517467945
"cv",104.515363325504,-0.373239673860283,-0.800497020251291,-3.38422678691977,5.01398752538944,6.63903026108965
"cv",104.112755951805,0.894294225714529,-38.0985182548208,-2.10014564969831,55.9753068882874,-6.52524782551912
"cv",104.571923453181,0.61738537940681,-9.94308340548067,-2.07117113488056,45.9551298303312,-3.18595533763471
"cv",106.056452377329,-0.932555611530068,0.0114047570935902,-5.13579447914039,22.6706466041699,-6.32687220138702
"cv",116.678349072289,0.608485505470258,-32.1146281777976,-2.16795456501479,47.643320372923,-8.12645191439155
