"","","par1","par2","par3","par4","par5"
"cv",154.179400620691,2.98487234386026,-22.2643239023125,-8.58332808967123,952.009701019038,-9.52902629864059
"cv",41.75953397144,0.212387875340791,-27.3555759184746,-3.07795663919577,7.1170180933282,4.5176722921816
"cv",60.0769654721083,0.324461949756251,-25.9371997844994,-3.17988104563273,56.4985564160383,-5.94175618475037
"cv",56.739503211554,0.409635619795762,-21.3519780126924,-3.37536169298064,102.047396632065,0.14799013018832
"cv",71.5706455173544,0.49285267422492,-10.561197616053,-3.43548569917696,61.4554288772058,-3.91760131737631
"cv",42.0385355898895,0.0948340537783642,-11.3749325439323,-3.07376439852959,8.32464263945633,7.75128853927739
"cv",21.4629275555421,0.314754448507914,-41.3746072443426,-3.12518093067525,53.8621619694342,-7.48569118351765
