"","","par1","par2","par3","par4","par5"
"cv",93.8876207346553,-0.706892064003766,-0.268763995214812,-4.42458997298768,-423.170685031267,7.1170435688301
"cv",81.3076418306176,-1.02986963384434,0.54762019085342,-6.00715702078343,-865.717204597344,-1.30308330038708
"cv",112.176229065624,0.686877304069177,-33.1112720329148,-2.21476454515214,76.1060354970379,-1.55654743506724
"cv",71.5374358942207,-0.732770239170095,-0.667626293097934,-4.59207281417445,-130.097848216067,6.57959523985016
"cv",92.5598858254302,0.781391255940905,-23.3929916084053,-2.1095955610388,56.1450189366652,-2.80066455185928
"cv",93.1268546689849,-1.31854202964346,0.154382748284254,-9.19854024293123,-142.855026483594,0.768447611858274
"cv",101.891243331156,0.48005235829107,-4.64881421713479,-2.12185325920599,-358.719355360627,5.92789223532396
