"","","par1","par2","par3","par4","par5"
"cv",107.23519156844,0.937026417209208,-6.2374425270605,-2.26776288024343,131.773360026437,-7.37714549093372
"cv",98.0167741203452,0.599724078461345,-9.98013452270061,-2.13661766158814,69.9617243848436,-5.79742492184806
"cv",116.093371644742,1.31790883911012,-45.4308832653495,-2.52442231120511,103.887687460011,-4.79533990141448
"cv",100.769622450422,0.724141603198316,-26.5083193993347,-2.14274688264522,77.5750052894329,-4.98029565936355
"cv",100.849926133337,1.03233780385279,-11.3489426439174,-2.32568400519874,149.571216199547,0.251634445074499
"cv",92.3485950872163,0.720322813606535,-6.53630620494849,-2.14872680144739,78.2713538080783,-8.99031386848112
"cv",103.212702924061,0.951885240753095,-26.3193595566995,-2.25900146546337,105.493169352512,-4.28991222754515
