"","","par1","par2","par3","par4","par5"
"cv",68.2774384579499,0.17071727250496,-2.14447450041872,-3.04463413629822,-218.390959536056,-4.7738341509929
"cv",109.015955515763,0.253112325033051,-5.12051949073046,-2.85700216309557,68.071831804938,-7.34168761551887
"cv",85.641561011795,0.050467443888097,-2.45551094547812,-2.91413938449055,88.5382193323609,-1.5146030242332
"cv",168.769137522076,0.396892263837622,-4.5447271593393,-3.1028264141937,-46.7753285527188,-4.41649019922589
"cv",44.009107211285,0.219920857586935,-5.08698027052435,-2.80519381082293,67.9563696452051,-7.12893915075413
"cv",26.990453256877,0.266152930615723,-5.58332412612188,-2.77014235898079,70.028272724837,0.323924388890608
"cv",79.3418207819264,0.248018463212841,-4.96531335497861,-2.8113584456397,69.1650365469447,0.492895828578367
