"","","par1","par2","par3","par4","par5"
"cv",67.8398679962579,0.0143087167275936,-1.89297133102574,-2.68842062639565,-518.880897667259,-2.52805129191221
"cv",96.743818438598,-0.167172495639233,-1.51153805280511,-3.02267722193615,-623.926000364948,4.08476051874459
"cv",48.9596298058092,-0.139857895082916,-1.53567208721338,-2.94256003942464,-575.834546582456,-2.69729464653618
"cv",93.6007590821436,-0.223556081415529,-1.36371910089516,-2.9782463220585,-320.956720768883,-7.8182204766199
"cv",88.5184812288684,-0.102366344967427,-1.58477014777779,-2.92366395659914,-81.8123146891594,-1.91459499358219
"cv",67.4108800713498,-0.195644611994327,-1.49184967482193,-3.01238746533528,-618.56500147985,0.306483582155993
"cv",116.026933631792,-0.0401364077653711,-1.51193870020476,-3.03907009632042,-592.044279449532,2.92951521191034
