"","","par1","par2","par3","par4","par5"
"cv",67.5107770464095,-1.22116845324466,0.219503792459975,-8.07254084131853,-460.138209426456,-9.18256769888103
"cv",92.03358259984,-1.19029174414285,-0.0212138562397599,-7.71745286222141,-295.937124935792,1.01204117360354
"cv",89.7253082956323,1.16316338074977,-18.1557649780265,-2.51054703464899,236.867001677046,-4.36965808132846
"cv",80.2798168272452,-1.1414945128056,-0.39970611538104,-7.16933335794175,-148.080722106498,3.97065150295358
"cv",91.3937287459667,-1.13496085383828,0.409067667545812,-7.28062157176548,-203.222226593019,3.62507443365456
"cv",52.1054736523044,-1.29482160386521,1.49002771656868,-8.87050086383007,-59.046108661186,-2.23250752100279
"cv",55.4097200487036,-1.07038712329549,0.411095819613163,-6.61113347581439,-758.790495283961,1.86537883540709
