"","","par1","par2","par3","par4","par5"
"cv",114.609768694818,-1.35304048871695,0.61813485085964,-8.93660492145121,30.7691875405609,-0.529218298779825
"cv",105.260899237891,-0.0618060356525672,-1.18846635911911,-2.5147695900499,-863.834443078639,-6.53355959054764
"cv",94.2433369751928,-1.20926406484097,2.92924994137138,-7.36490392126143,41.4123841295243,0.61547273229919
"cv",109.335406227492,0.136363780874991,-1.58149329752439,-2.24356285810618,-640.428976238817,4.13613042861956
"cv",110.061009008507,-1.30619711169007,3.11598623515069,-7.84480329545165,32.8720443108092,3.89479731675237
"cv",105.4667176416,-0.617782909552753,-0.459335863332472,-3.57672192204871,10.4047442728212,1.83379742742544
"cv",110.375058606599,-0.271795806418412,-0.933353851274195,-2.86793861584906,-500.680108745266,4.67229709494859
