"","","par1","par2","par3","par4","par5"
"cv",97.7143484227363,2.37407159521945,-34.3370752664906,-4.21582854494818,562.089673964929,-0.744087750445377
"cv",114.540656669112,0.565210113199266,-18.1937100637587,-2.27119900593743,20.741611233112,8.0538223033324
"cv",103.430104527659,1.36712838521088,-39.0165124664648,-2.63780045162553,293.957017526474,-3.84462090753068
"cv",106.107695402528,2.3942515046905,-33.3277381134084,-4.43399448986534,850.520652310631,-4.26677971147001
"cv",89.9025450278693,2.45092110513033,-38.621755617422,-4.24034081357371,919.701540589324,-6.15083152448542
"cv",109.857744896144,-0.624362486729359,-0.196887778139282,-4.26413236752011,-383.836596776498,4.10037733707577
"cv",108.426995360249,2.38095007517057,-42.706968029961,-4.29554305259613,848.142589276911,-0.615583086163194
