"","","par1","par2","par3","par4","par5"
"cv",83.9781973870782,0.509042304288583,-3.0385480895778,-3.22728037772749,-427.715441390605,8.14298955693218
"cv",28.771991691347,4.0716277595948,-8.99532936692159,-9.68564562818513,956.527690298967,-8.33066314542342
"cv",91.6023762646034,0.670789220346065,-10.6215498008777,-3.27545521848779,17.2513459648902,0.909342868253589
"cv",80.151884972901,0.611972375863623,-16.9651454157157,-3.0330678576724,4.4857668614252,7.18973660323092
"cv",50.1135475672575,0.82982189498794,-13.2139607070964,-3.07074119975641,27.1095214523212,0.359209751605504
"cv",50.123956566362,4.02539825100765,-25.3691313772535,-9.50147820170969,947.538371828626,-3.0970993679087
"cv",42.3639048553795,0.634550241140061,-17.2740855418647,-3.09526960606779,21.2651116456076,0.651166313575348
