"","","par1","par2","par3","par4","par5"
"cv",95.4972220181198,-0.0875718163032793,-1.61404058324365,-3.1810291718862,-519.800006436761,4.5533483379869
"cv",105.457159774012,0.707061433977214,-32.0694470680388,-3.05864775246346,172.26114552736,-1.94906050964018
"cv",91.1280689990717,0.431416473251769,-6.84309871264534,-2.91763082775178,91.9479079388167,0.614661049164468
"cv",48.9594673988623,0.6144255953807,-5.19761585103392,-2.65016903370326,14.1870738758057,1.52044150032135
"cv",43.2398565294426,0.548745590411979,-36.4810722267456,-2.81949216462145,91.9164044865997,-7.11819158427629
"cv",45.1321234178185,0.499070515555931,-29.3718226567144,-2.77888314370717,82.155909865775,0.652776669303756
"cv",97.518368529441,0.541404634491499,-13.8060043981457,-2.73878879094909,15.4494966762621,-0.0343466666690416
