"","","par1","par2","par3","par4","par5"
"cv",97.9893602722638,-1.22048674207181,0.087447975520672,-7.20065901333229,6.33119946399393,3.78857920352298
"cv",129.577468181899,-1.12417675923835,2.24374105616368,-6.57977295620975,-601.294973957204,3.90437446068972
"cv",119.134056004832,-1.30657697014045,0.220670550946769,-8.38854819220244,-742.612756654555,7.88446802931915
"cv",77.9616984792722,-0.580216537417851,-0.806473361367611,-3.24762566724506,-243.581510131406,1.92555684076445
"cv",114.950834368266,-0.51185208002407,-0.677415549664224,-3.17449061682371,-237.283872782272,1.76471235329571
"cv",96.2238197199006,-0.74222095508971,-0.229963033459903,-3.70217103540537,-152.434653741519,7.44483882047774
"cv",99.8191100672537,-0.939172608046942,0.724575420632108,-4.88061933959653,-210.68079973037,3.49995272822759
