"","","par1","par2","par3","par4","par5"
"cv",98.3147127324977,0.105944354570635,-2.44581890292334,-2.950961954277,122.990525044032,-3.95297159790357
"cv",63.8664321270515,0.133259831058891,-2.56097133286482,-2.92911523389668,104.972325472208,-6.05167603117129
"cv",94.7385195974646,0.228832085211486,-2.46289414467523,-3.23471392395575,131.947155718779,-7.75976441061413
"cv",65.7515084633679,0.0621167005194123,-1.87245538780793,-3.18032816002828,-245.978068062676,4.37570394258763
"cv",81.2727692789225,0.00908464189895556,-1.70184033462944,-3.21912681723141,-843.542159835099,8.34552672225578
"cv",57.7022831551384,0.208087264580926,-2.73600914203718,-2.9966022271902,111.157930282569,-8.50260137548314
"cv",33.0233857029251,0.253932443332221,-1.94095594866046,-3.10379119225235,-917.035177223264,5.11573096500803
