"","","par1","par2","par3","par4","par5"
"cv",100.023885557427,0.685989359572593,-10.0148535504156,-2.25173946389147,33.5963231668376,0.485790425608177
"cv",109.451506972564,0.642291997032162,-12.5446803285582,-2.28644379293172,34.6539911318407,0.650604447643564
"cv",112.930234015724,0.645310581980996,-43.1593033100487,-2.32281386018962,33.2773960352377,0.439996779822128
"cv",102.837016762236,0.861448238388272,-29.5226631305583,-2.32793684331471,25.6016623390577,0.432747334947178
"cv",84.8749366176363,0.752688222970669,-5.58821708036666,-2.20922892465222,27.633920644623,0.46969937445481
"cv",91.3523245382059,0.764806749967797,-7.44502781563909,-2.22776577663323,77.0107659785541,-3.58513855757782
"cv",89.8275852015817,0.68005136407332,-14.5213580697992,-2.17634684105897,33.9546757467,0.50569517953529
