"","","par1","par2","par3","par4","par5"
"cv",82.4512584470106,-1.08600367499477,0.780343353211889,-6.55033927566253,22.3039742452044,-0.636391085565522
"cv",98.1311304699021,-1.11038802160745,0.256938039804633,-6.87517374270021,34.1210891944167,-4.82367505509687
"cv",104.211635210091,1.2112453190579,-48.4565776763504,-2.37603712243867,688.82139456197,-1.03063947607031
"cv",85.8952555037594,-1.32961594400458,-0.212854159923417,-9.09358826007484,-968.289409451737,-2.79182718601078
"cv",96.8133474081142,1.22174134865755,-22.0637543987826,-2.3279373733646,607.710117286158,-8.32933337198551
"cv",103.183865903374,1.24923895881833,-29.0180017778634,-2.30471783125451,897.727566128709,-1.71499765221972
"cv",142.844112973093,-0.602972596020204,-0.639628656431668,-3.84155827286096,-951.787919876565,7.5824375776574
