"","","par1","par2","par3","par4","par5"
"cv",64.6047595188603,-0.472725161969089,-2.31131065477781,-2.92191019409548,763.452620449105,-6.94425264894357
"cv",85.3544023288592,-0.379120417542257,-1.54239360514118,-3.38906949608322,60.849834977748,-4.13795995660824
"cv",36.7675524215364,-0.189443675357841,-2.00208938967006,-2.9678534074657,57.2335245087743,0.500280796550214
"cv",19.6404737575156,0.0108311639407567,-3.72276074231534,-2.77534625535285,81.1267001884101,-2.40959779337511
"cv",73.2502304542168,0.265796848337972,-24.1862624472176,-3.02725053161701,9.69116797633151,9.83536670032393
"cv",118.73567602239,0.0761434363507327,-26.6364748601572,-2.83028992888054,63.915331636241,0.518579477000302
"cv",11.5094668386489,0.110917025891129,-19.2996087949723,-2.77136764934814,92.3175669518829,0.489817535005011
