"","","par1","par2","par3","par4","par5"
"cv",108.04591364446,-1.24950680283933,3.56925239693373,-7.39261484383904,-430.458808318443,1.0079841427868
"cv",95.487101562842,-1.17225637494961,1.23138966026246,-7.51569039581838,-215.233997982363,-2.74623069383807
"cv",105.806373879055,1.65340937318923,-25.1805898733437,-2.68841545903306,181.417117505211,-4.27041923652431
"cv",102.52420885079,-1.36470517292257,0.916325580389076,-9.69729695152491,-369.880000129342,0.85093109525678
"cv",100.03193601988,1.70023097966677,-47.3401600225435,-2.74891425921593,183.932443121948,-3.52637306787074
"cv",95.1328372949592,-1.24469363145613,0.49162999701856,-8.07107122917233,-353.391567146522,-1.62010263386149
"cv",82.1351383866347,-0.867838607380569,-0.235787974670529,-5.01482380511706,-99.1740607417924,4.76317306378544
