"","","par1","par2","par3","par4","par5"
"cv",77.0595000830115,-0.372462683272242,-0.838728373249326,-3.83961319370072,25.6658859615866,1.4093372812213
"cv",92.9950858507189,-1.33710495997956,0.544535010861162,-9.59734124420948,39.6646868843281,0.222971147014193
"cv",99.3279190098461,0.287438147818137,-1.51679378985256,-2.61133159519887,-754.478099100286,4.12042381836393
"cv",70.0898931789512,-0.734682251129228,-0.193794105990232,-4.48378896797994,-883.914650417864,6.06066305655986
"cv",82.8851545011617,-0.513371824813748,-0.520707480598538,-3.91369254072177,-842.369584515137,-3.10531021107225
"cv",71.7061169427159,-0.397138967124941,-0.731716036536374,-3.89443065363432,-8.37850198149681,-1.78085532505065
"cv",68.8535189072002,-0.825937877765503,-0.519321743995448,-4.93934255631008,-856.363132613628,-9.87712775357068
