"","","par1","par2","par3","par4","par5"
"cv",101.321074146801,0.429060704913465,-12.3771932307728,-2.41750465142776,4.90520955179056,-3.52330496611762
"cv",98.0046774521834,0.495866105846645,-14.5890832922715,-2.41642929370216,5.75360333696001,8.09733177501109
"cv",142.531787851999,0.445474334767377,-10.1496878451644,-2.5335132174264,3.77129384668764,5.53707852959633
"cv",76.6320253189168,0.427403881937082,-22.3850186301519,-2.36636857651229,4.81038442009071,-5.28907782398164
"cv",41.3518642745654,0.44052493682095,-33.1420051695842,-2.29688929698499,5.56928661439605,7.69886833732027
"cv",99.2866647307561,0.760883175029625,-24.9309897352821,-2.58043778385305,200.091230305167,3.39528172457394
"cv",55.4422036212775,0.446047787189047,-12.3374586578115,-2.31839783848578,4.75096263338727,9.54538349800468
