"","","par1","par2","par3","par4","par5"
"cv",39.8551478723879,-0.0123544671000493,-1.36269329410816,-3.94408454922192,-100.960430418629,7.06637407187372
"cv",66.1684901287552,0.139333123604164,-1.46429859759899,-3.77460181996061,-34.0542277442669,4.58451060664355
"cv",27.2406604892734,-0.0625774400483673,-1.33043289420689,-3.89767567013771,-110.409004062593,-9.76228262063789
"cv",37.4463670983298,-0.0471792753138112,-1.35004557000226,-3.94619152518475,-205.650379131476,0.698154535585436
"cv",46.7904187172633,-0.0831698793555772,-1.32489042632665,-3.90638337508399,-202.418763417557,7.40168529187213
"cv",30.5440258756247,0.111278966603066,-1.49025645972283,-3.76669877192531,-901.929772050143,-3.56179606635123
"cv",89.3439027474979,0.75025863522738,-22.2707461860716,-3.15382794869737,7.44008375257317,-9.92177292512998
