"","","par1","par2","par3","par4","par5"
"cv",94.5446866656912,0.687947501355459,-18.5355648762806,-2.34204523468789,63.2294814923485,-1.23461455572397
"cv",118.695484844411,0.929133248544434,-7.66933773389399,-2.64846195187527,168.996174837239,-3.93721395717027
"cv",91.6469076766317,0.672342284435114,-40.992910095335,-2.30321858985707,63.4564406342857,0.19696870566077
"cv",89.7691158233769,0.661719522852835,-28.5748433999802,-2.31465643161632,63.5337865372975,0.239700499570749
"cv",83.3136966215973,0.792171342794979,-33.5102734255728,-2.33194099296194,64.5807030457265,-8.20699923206121
"cv",99.7440110439846,0.670327117941657,-32.3956373258722,-2.30310561756839,61.5017733029055,-6.85963838629442
"cv",77.3422301417477,0.922158949892989,-25.7850026711822,-2.32901247621737,159.615518951469,-0.167700748334518
