"","","par1","par2","par3","par4","par5"
"cv",103.693442050316,0.595445482897237,-5.41358510036068,-2.30198388520047,27.3155927174804,1.23031222767635
"cv",98.4170929711549,-0.119216837144466,-1.37569986133159,-2.96781110084831,-21.6933900763269,7.43845645320671
"cv",118.813492411952,0.53054141362994,-5.83922494863077,-2.58521471929184,99.2275095724125,1.34808628098453
"cv",113.969760005021,0.643068652687179,-8.20531951905328,-2.44659076670959,26.5458620702935,1.27854323239419
"cv",123.54621769789,0.501172343548552,-45.2726042864794,-2.62228964615799,97.2151108154875,3.71502192149961
"cv",87.8889208596676,0.562497144583549,-3.04368992451914,-2.32512043901273,28.559387990941,1.28710252515833
"cv",62.3370485585707,0.821694505362049,-36.1028276223617,-2.4607554186135,101.972601259557,0.864675012507847
