"","","par1","par2","par3","par4","par5"
"cv",108.260546186747,0.797723483978427,-19.3817449219006,-2.75219664254967,19.2089426596852,-7.18169517579183
"cv",111.602090863857,0.720479871215509,-3.06236390566893,-2.80804204060134,18.3031733826541,-8.59851260068118
"cv",75.6791723743411,0.870145524630283,-16.855627182231,-2.66325569814415,21.5765752507516,-8.65075240402244
"cv",120.723722235271,0.789859380351582,-19.2786072842456,-2.79523728749641,21.2077946406306,-9.56073116943661
"cv",36.1637807975053,0.961711376385365,-10.4227716304077,-2.62919623284516,22.5005342461142,-7.36082302846068
"cv",79.8957229549038,0.800721789522687,-10.4724057628845,-2.6701082948159,18.8686718389239,-7.5944881388736
"cv",69.4537687613876,0.525774611354771,-1.68335154893297,-2.88831884437853,21.5360895772161,-1.03940588758573
