"","","par1","par2","par3","par4","par5"
"cv",110.758397608478,0.338085544278981,-2.22122599318751,-2.38951632996249,-27.1177360279482,7.59674413160548
"cv",123.548818641375,-1.09938307902109,0.546263251522161,-6.68323787941838,-605.877512025634,-3.97391999723021
"cv",81.6655506869951,-0.57300463971374,-0.265349167755634,-3.81411249933497,-535.579527467008,2.3269123266723
"cv",106.272204608691,0.921428246969542,-24.0448690025207,-2.45210399502101,54.1225909700502,-1.05913347675567
"cv",96.1610682532096,-0.295376984240415,-1.10217273691436,-3.04655333342914,-490.657457461049,4.5600259709957
"cv",96.628224441731,1.03130009099639,-33.6327607670592,-2.23866379581632,62.7849682910391,-4.85968558159711
"cv",101.411287304678,0.77006719223897,-6.51202551151797,-2.29546053133558,61.4521518960783,-2.00902099822261
