"","","par1","par2","par3","par4","par5"
"cv",71.4539005046956,-1.14622602017012,1.88185868600383,-7.3529466505244,-698.473738881381,5.22274471225003
"cv",118.69684878655,0.86925917158148,-9.10152521722119,-2.47844441189404,37.0319179511551,0.609915232189118
"cv",84.281692354712,-0.585642084747703,-0.705298156839236,-4.38773214222766,-540.550769306719,-2.50007781185712
"cv",90.8063625384429,-0.779505966192536,0.070970790905408,-5.05412869332827,-988.651467990841,-9.52580782294197
"cv",35.3668479241828,-1.23996977280793,3.19242965941691,-8.347494982827,-791.831648865419,5.28443644258641
"cv",87.1797986383615,-1.26249787711006,3.42597415205091,-8.66084260151011,-885.834983265007,9.10381417067683
"cv",81.1014717746849,-0.453742099317347,-0.698619941590295,-4.01663950417216,-718.168687891704,-4.41482046017359
