"","","par1","par2","par3","par4","par5"
"cv",58.7646015419864,0.106873426080575,-9.94741115632876,-2.88695094984861,-15.5989034087915,4.46510128516659
"cv",78.4734530267975,0.0719594316128099,-11.6826062090695,-2.93814261319852,6.40034717608283,8.74082725466716
"cv",58.6210739049694,0.0954895494924828,-18.7104226000151,-2.9041734548086,8.00210292726018,8.71579603250093
"cv",97.3377292559783,0.213367169017448,-10.8311580373824,-2.8920747480327,-16.2280670324142,9.89975305482405
"cv",82.272994701325,0.0851431256334765,-48.7075012994407,-2.84344257150178,7.1484775995932,5.53068599198014
"cv",45.1137942719503,0.116594141438308,-37.1800641348729,-2.79936352955116,-14.3415744418101,1.28400986548513
"cv",35.0511502812032,0.179783780604016,-12.7763113011225,-2.80833286622674,7.94878984755843,8.72134494799937
