"","","par1","par2","par3","par4","par5"
"cv",115.468686423398,0.420586248193641,-33.562488913751,-2.57979466074874,46.425576867851,-5.12747082632896
"cv",114.722365573748,0.414842948656146,-33.5186842325081,-2.57791360450275,46.7574833128633,-7.58993398858615
"cv",95.2415416724832,0.394904558259452,-12.0267085392536,-2.41020199993498,47.4682978306682,-7.52645210409445
"cv",118.741595500145,0.687214792151304,-31.7865575250686,-2.62080715825565,88.6988470294438,-6.6020064412897
"cv",78.0254256545285,0.616665284827813,-13.4870940904669,-2.34545842286359,47.1517998052844,-4.96436394929924
"cv",81.2197660314481,0.469080828382549,-11.9808825136661,-2.34578491072943,46.1585816757296,-8.32225642139198
"cv",113.25010509604,0.646535541920497,-33.2312668071868,-2.57832848102525,98.7249200552946,0.0845505629844956
