"","","par1","par2","par3","par4","par5"
"cv",92.930047286383,0.506390264207304,-2.30638190884086,-2.61309221435491,25.4600180543363,-2.4172261498034
"cv",75.0335082438376,0.921984526327264,-15.897988484755,-2.5472744610948,39.4274386167179,-1.93747583642857
"cv",84.0426336500366,0.224384235269809,-1.85318847439794,-2.57362106252469,-182.708914055557,-3.85907128213906
"cv",68.3198216505806,-0.135964789426947,-1.08343965415372,-3.35812216702608,-764.028830138335,2.02572964626858
"cv",100.018175241312,0.6364100042453,-10.4582715282468,-2.53052754223035,35.1260498304249,-1.89063074159151
"cv",75.5202247121927,-0.298071076191451,-1.07401152742764,-3.41633574417555,-587.740460810259,-9.63805313687772
"cv",71.0533509034684,-0.16802727077546,-1.0427547345985,-3.39095855488758,-398.545003030449,-4.22818749609505
