"","","par1","par2","par3","par4","par5"
"cv",110.902503519069,-1.41078657843173,1.95319617342204,-9.9919430635115,-923.271864998247,-6.46377185672117
"cv",110.335175442474,1.85787620552423,-47.1557913060199,-3.18312360424667,383.124254419786,-3.45903787226232
"cv",90.8256574269085,-0.810044087655842,0.268415179476136,-4.60718591751158,-604.334148591385,2.3062049166828
"cv",93.3061669713866,2.28969430107029,-47.3348757565781,-3.90037775344778,981.97867126194,-3.46925341457565
"cv",97.6044694712401,2.08035313749146,-6.24438060763602,-3.47891480205511,987.829042610904,-1.60647840828634
"cv",105.535402250967,2.1525539199058,-37.6412879299844,-3.72654965255979,460.507525821199,-0.715340562331797
"cv",50.4875945038266,-0.90187749825418,0.223580254809189,-5.15032136027615,-295.479264197468,2.73125282023102
