"","","par1","par2","par3","par4","par5"
"cv",93.0115136681501,0.47174321920332,-2.79473243864766,-2.08730979491346,-909.537473780215,-1.50136548141231
"cv",68.672166303285,-1.24975351307848,2.15476378798485,-8.06535261169157,-932.089668786707,5.47238269355148
"cv",106.698977838152,0.793432998325791,-27.8898476786352,-2.18213625187139,54.2538934451345,-3.46406342382524
"cv",86.3450348220986,-0.72107963594504,-0.645769490031406,-4.42109577333244,-378.035564906895,6.94775509712987
"cv",108.431191536043,0.867638139249351,-28.5828917214873,-2.18079742939938,57.3977874358732,0.494480836594334
"cv",87.663150764878,-0.220972912624371,-0.844418907662002,-3.75867730402413,-524.233189498943,7.78804930059248
"cv",88.7910392724108,-0.876619635682941,-0.488681129038248,-5.10934067719622,-692.038334906101,7.29287059977651
