"","","par1","par2","par3","par4","par5"
"cv",61.6722478861632,3.46302528859776,-32.0084519582038,-9.3178999284219,798.311567711486,-2.08735185209662
"cv",85.0145357305564,3.29872308115992,-37.7160650065147,-8.94182850374203,984.165412440129,-2.71443292964983
"cv",25.5651058304687,3.58061795654219,-47.6577747004006,-9.52587314180187,843.470179190916,-3.63105672946551
"cv",57.370388865011,3.24862281415292,-38.5767076964631,-8.82392081003612,795.23642909638,-5.30086561141429
"cv",31.7836354652436,3.49839478151329,-39.6405663596631,-9.33548976867058,842.123136459934,-4.09143349075568
"cv",47.4615739901527,0.847086581360239,-35.5628957506269,-3.9248298026064,29.446244162099,-1.12095057599055
"cv",41.4217188119944,1.14815581592442,-33.5477523595989,-4.80268721549095,174.049762731624,-1.09769925304229
