"","","par1","par2","par3","par4","par5"
"cv",82.1361506738572,0.673376521223734,-2.37211731301192,-2.17698074445342,17.6223147718125,-1.35410532266671
"cv",99.7320414217715,0.537311595302177,-2.34255964322742,-2.2840373757749,19.6875987616674,-1.78579647702687
"cv",101.165950038969,0.715609013491316,-2.95292052022563,-2.20882287901172,18.7952876742047,0.896690785134763
"cv",125.819571850467,0.702103541549052,-2.12151207493144,-2.36413004465191,17.7317923650319,-1.12865077420258
"cv",100.940907273719,0.526736007336547,-2.222119676627,-2.32075471807471,9.83132964214838,-9.63674670882239
"cv",107.484431398965,0.696696702411656,-2.4524236999525,-2.40203213127599,19.6332736783766,-0.328682293184102
"cv",111.090448756213,-0.12263198311288,-1.19599909673826,-2.86493487862416,-812.588946407473,-4.33701786984214
