"","","par1","par2","par3","par4","par5"
"cv",69.063657530231,0.0570114489288414,-1.50219728892084,-3.50016520846861,-557.779943114722,9.36651396786258
"cv",76.7736594208995,0.0663205499773363,-1.51847083068144,-3.47487971976768,-929.303561802953,3.20345102053992
"cv",64.071282084446,0.00233838253520124,-1.381223502798,-3.52187914027926,-310.238744366569,4.84819455971926
"cv",86.7680139670091,0.0626146492831384,-1.47757456902759,-3.27117693438212,-708.788638626644,5.27060103776404
"cv",71.454050639228,0.0188728604825871,-1.42436028822449,-3.56859421728793,-665.002363034155,6.5638126891539
"cv",82.5166977389474,0.19847950703131,-1.50295265796616,-2.71427455410213,-195.590844015782,0.0031531609075599
"cv",52.7108878003984,0.0540641756560308,-1.49616078639132,-3.47336111649256,-913.335842834839,-7.52796530230878
