"","","par1","par2","par3","par4","par5"
"cv",72.9651694473857,0.789179552664407,-2.4957324870407,-3.30526538412716,44.5657153005482,0.156276212073863
"cv",78.6055732847571,0.918502159605792,-2.36573161091655,-3.23623061550697,34.9065460336942,-4.99972347346938
"cv",87.8779056246086,0.823784988553145,-3.01926325336462,-3.15812462952454,37.9507736643993,-2.62180076426612
"cv",59.28795544734,0.877965796762134,-18.8137537445556,-3.04494224495424,34.2012848314873,-8.80897450078322
"cv",79.3839432336343,0.771755295501835,-2.98220186628491,-3.2244496601764,52.9439088648551,-6.69602997601542
"cv",110.456120992658,0.727681647626958,-2.51850163443735,-3.48436835435249,59.3842951295211,-4.43222543633603
"cv",61.1112737977785,0.590021381564909,-2.33377373017128,-3.33199255882182,71.9946067743032,-0.218490373644502
