"","","par1","par2","par3","par4","par5"
"cv",76.0393816141714,-0.627288240200635,-0.882731728059047,-4.20084054700566,-23.4387797819949,-6.38639568678845
"cv",97.2705321541365,-0.961108876588295,0.616253481246531,-6.00893015597317,-898.621240715453,4.07204695587421
"cv",89.6346965339632,-1.11371503023148,0.520208720380925,-7.36909853479102,-521.101401653141,8.07376699522138
"cv",101.16209022394,5.22934529531124,-41.001987682839,-9.98948492843638,691.930352413792,0.0889490287951983
"cv",89.9554113818932,2.5087589532736,-49.2679258808494,-4.51576026813908,654.211111763022,-3.5589483709844
"cv",111.039181234847,0.477342914229177,-32.0244366330987,-2.42433047384898,-631.402132895718,-8.91451651774854
"cv",72.1877157033223,-1.15724859451983,1.07920340734273,-7.59906881193789,-601.478033561871,3.99596147230997
