"","","par1","par2","par3","par4","par5"
"cv",120.958875542942,-1.28288461520634,0.317709801333957,-8.05713125955934,17.6970028429382,3.95554481442374
"cv",105.215056268411,0.847808878915348,-9.00000602728888,-2.20091634315386,28.2239408174813,0.311444947240197
"cv",102.597782555703,0.935147064258224,-46.9263549815176,-2.15724690226712,41.2807565514196,1.09263654727462
"cv",85.3291956823006,-1.36615364248966,0.945948444405488,-9.58050115649149,-617.32874241344,-6.96794030541222
"cv",103.999332158152,0.965945421548182,-17.1458150614368,-2.22248894989888,39.4268821983137,6.35227632883485
"cv",79.074480040138,-0.666735286162559,-0.497225155609132,-4.00166136960791,-13.1773133762181,8.64168483298272
"cv",121.169070231256,0.930969167913428,-33.5545739451456,-2.39941400819072,37.0177811099302,-4.10774819313313
