"","","par1","par2","par3","par4","par5"
"cv",95.7295841202891,0.693197005699787,-34.0547866046103,-2.47281100027894,47.7563205901141,0.446178514406409
"cv",115.873208115963,0.339597420668957,-2.13907135193378,-2.78591648601164,59.3147108086977,-6.76747904302512
"cv",71.2407082914224,0.71951144808984,-43.7922526935753,-2.4209949544562,50.7759195598131,-1.81816116543606
"cv",90.4340593433365,0.332235218098666,-1.8977919361555,-2.69901810695562,58.0382085995313,-3.54398656294912
"cv",126.616673938646,0.696274056426821,-17.9090840491486,-2.55312051464606,59.7575556497172,-5.3794303265512
"cv",104.937602403692,0.710912840703827,-29.074288125093,-2.48584897370769,50.6357671692967,-4.02481409335893
"cv",76.5819943210306,0.725581566715,-34.1593462590184,-2.40077410475313,51.1311216791129,-3.3457687757844
