"","","par1","par2","par3","par4","par5"
"cv",105.932209592456,0.913981260914735,-39.9625885495347,-2.37937263735511,43.1736846299685,-6.39772143865994
"cv",95.3656414658882,0.887656849463112,-20.3587133333754,-2.33131962894027,44.9154156321287,-3.83721906754684
"cv",88.5454599266473,0.89801360036892,-28.1404263281789,-2.3151292915114,45.5906604644485,-2.26628390878334
"cv",100.552035238467,0.97150686179163,-22.8347836710912,-2.29984204452541,40.5814712953114,-1.59261984050524
"cv",85.3800856331103,-0.646239745356142,-0.296172853894525,-4.35016645982495,-6.93051658170737,-7.62712419495035
"cv",99.3792486617854,0.942578445756046,-20.6979348166321,-2.23771340257418,42.9355127070205,-8.40075275643768
"cv",99.6514475236811,-0.556843695702098,-0.319784684473799,-4.57201800960294,-107.082429039106,-8.62849459509015
