"","","par1","par2","par3","par4","par5"
"cv",95.6624012494519,1.59995897267492,-23.449589014037,-3.45322459398749,685.255063692801,-6.5283124846543
"cv",87.9849621628971,1.81342844369635,-39.5927252388807,-3.78781575309518,842.226471112972,-1.75344316820523
"cv",86.4406974885682,0.766228946034233,-25.193695505987,-2.64582053902394,63.1593633975252,0.553736819801779
"cv",70.9623069189236,1.58519279668956,-26.6698969805672,-3.26885125403602,835.622677709644,-1.23388869669069
"cv",86.8279933795543,1.62262355529659,-36.1729034006435,-3.61801755626067,758.005699225578,-4.72730089488656
"cv",102.00126678955,1.60707838510722,-32.2844282328492,-3.76469920799465,634.981721958595,-8.58648540262712
"cv",88.1037247976242,1.80007863824353,-47.0102834309039,-3.78253618046776,791.252774186432,-6.91414596343633
