"","","par1","par2","par3","par4","par5"
"cv",98.7625001326284,-0.558121542776883,-1.20529906669617,-3.87973201302137,-641.251160777475,3.71362234503738
"cv",28.1989868165922,0.585400436998307,-32.5149092799494,-3.04243840653752,28.990844902969,1.22542674536581
"cv",55.8548396850426,0.545719453123654,-40.2831580550282,-3.25365000767988,53.691634276377,-3.8250938615125
"cv",29.0873635507543,-0.44450688781313,-1.38780736466619,-3.5745303366043,-740.935558082311,4.21826226988364
"cv",28.3283903174863,0.573350128086336,-5.39699643850327,-3.12813332852214,58.9979996056285,-0.289452944482394
"cv",54.7804477728194,0.391199901673269,-25.9599377521474,-3.08485741717206,30.3972997674209,-5.789884509991
"cv",79.0495854703405,-0.376424553037103,-1.55935297040926,-3.54381367391197,-863.95745890388,9.81170887430815
