"","","par1","par2","par3","par4","par5"
"cv",99.834105584661,-1.3617429361432,2.25941845099524,-9.58002784926974,-660.89958149602,-3.6732855765149
"cv",108.160855082432,-0.671926096096635,-0.79085478018969,-3.74261719636619,-991.564348264516,3.5197089224114
"cv",104.984905733953,-1.31992757320404,0.429423674941063,-8.6610741629824,-817.1457267721,1.69724467465128
"cv",91.5437568689432,-1.37135514058173,1.19695116436493,-9.39637863438712,-993.298401422521,2.14840041473508
"cv",108.27757255966,-1.24008647034314,0.700746296335296,-7.40654630208142,-907.779955368153,-3.03377833159188
"cv",108.310370626858,-1.30304355081171,1.07891406416893,-8.4234331110558,-916.020601793432,-8.94114346946769
"cv",107.626257189048,0.751777945178695,-38.3991207617995,-2.37381929439261,111.933744743565,4.56044788065056
