"","","par1","par2","par3","par4","par5"
"cv",103.84566826401,0.675878206029909,-28.6487780726255,-2.06166995587197,50.2524463304388,-3.75092677850251
"cv",115.144809203936,0.603930598590859,-3.1300638912937,-2.00531587702118,90.9707525618443,-8.48911552863127
"cv",81.5091901677812,-1.14610906093312,0.555746676400304,-6.3946102745831,-768.366591539234,6.47474405088491
"cv",108.907898517696,0.700688727338839,-15.361429775017,-2.04173425041921,46.9699431741951,-0.958225718493821
"cv",135.651185357169,-0.81865276068372,-0.17758947011454,-4.24941126312361,-36.2175096013292,8.43014319789972
"cv",121.979786552684,0.694143584730912,-10.0080015836284,-2.09682985807766,46.50706107428,-9.48762324506244
"cv",100.337251970283,0.686974231428692,-2.77869845998746,-2.12396679987236,52.8190923315321,-0.376316365184831
