"","","par1","par2","par3","par4","par5"
"cv",111.270653519742,0.387910120157886,-4.20091386133515,-2.40595587265983,-873.460825984032,1.44881525639235
"cv",75.3348135043261,0.324842989892485,-5.1103733746657,-2.29179411390529,4.92708550198225,-6.67129726632078
"cv",99.1170461342479,0.375378256890592,-8.76099489317768,-2.39939641712958,5.24514584990337,-6.19945962433888
"cv",97.1203950797443,0.313330984637746,-27.3856361264776,-2.35947846074709,-970.588527420984,1.22465547838968
"cv",81.8491109420406,0.348315402433765,-6.55080681422423,-2.2901460581388,-725.076133644486,-8.03652429422933
"cv",71.2715543877402,0.384787935349251,-7.2104413939158,-2.32443042186031,-10.1272009883554,-9.68076133279371
"cv",86.6921120018669,0.422778496944123,-7.83361805054139,-2.33870353561926,-925.696510687124,1.22515875012964
