"","","par1","par2","par3","par4","par5"
"cv",129.355272583841,-0.462434047759694,-0.967984241433442,-3.3564822313451,-962.125981421945,-5.7817699201405
"cv",125.303059488147,0.793097777136823,-14.7702407718473,-2.15929677948585,85.516874947769,-8.84155807581497
"cv",117.287716281369,-0.195278722594631,-1.11805836975069,-2.92893933323473,10.9927314333618,1.84182514573632
"cv",84.9955242229701,-0.410590772095071,-0.895495095588801,-3.08536436022543,-32.7555046103798,-2.02336793443497
"cv",100.355386519169,0.781942755029588,-23.5021580846666,-2.06726455062629,85.4495781454167,-0.675347425700765
"cv",105.263959901201,0.627188766712366,-2.38373270754815,-2.16868744118834,48.5587587366724,-5.32542979541631
"cv",99.0537083084445,-0.279120769244611,-1.13188060859115,-2.90427165307172,-289.684727725226,-3.06085030268576
