"","","par1","par2","par3","par4","par5"
"cv",104.388258494831,1.46134499526047,-49.2715792031959,-2.95236517548433,215.79702381275,-0.816122793512052
"cv",113.966030535124,1.47604935470036,-30.8930882104376,-3.38248318940623,218.761249756497,-4.26687670201358
"cv",96.9452794810914,1.40044646618783,-34.3030401074364,-3.13503700150282,260.140331270137,-7.88492354653146
"cv",98.4648130607161,-0.848431461490691,0.638136430919168,-5.4961908642926,15.4718630947173,-1.08826135705286
"cv",93.844882364486,1.39750286962194,-40.7896808562096,-3.19820416271849,214.503143286003,-5.10300854561152
"cv",104.540431267695,-1.14308661073446,0.406733225174253,-8.13431596755981,35.6677047722042,-7.78750772561702
"cv",87.1881113549885,1.42885188820277,-48.454532361877,-2.94325954938989,207.834109819868,-7.31873615453338
