"","","par1","par2","par3","par4","par5"
"cv",103.689676257048,1.19180054323592,-40.3772639809176,-2.21401438258135,43.6397662366058,-0.730526907879947
"cv",102.668145866833,1.84623648136801,-32.5767049230523,-3.22813008171355,820.049822075637,-2.34960321853375
"cv",104.605539611181,1.89676525294942,-38.4535140979207,-3.19909797656849,657.488920114737,-0.694934733666035
"cv",106.487418387273,1.84409839781092,-36.5638790673433,-3.15738932078886,764.67373222454,-3.51245944374171
"cv",101.184022181925,1.80885941900028,-36.420930409106,-3.14046156909211,762.471933545381,-0.199194314951431
"cv",108.892758217645,1.35479042024363,-31.5699291399442,-2.8227088144023,424.706862745192,-6.77185787035395
"cv",97.8437298983294,1.72941143905389,-40.4300351617504,-2.85410738037915,694.166412651911,-8.06449579705079
