"","","par1","par2","par3","par4","par5"
"cv",67.97699431498,-1.22386214201135,0.179111004750818,-7.96450918076,1.99803572066453,6.7415795250278
"cv",115.637136851985,-1.29023273698967,-0.304367265784556,-8.7202621146182,-303.588826376845,7.0507311716605
"cv",65.2155760136078,-1.23104002945626,0.963252013589042,-7.99244385112181,-441.364527491029,5.9415838227691
"cv",98.0492639768827,0.744099750227005,-15.4460691942892,-2.34689074420869,85.2579532963051,-8.01157283596694
"cv",114.240553586462,-1.22190197216079,-0.249034524924035,-8.16374270155964,-254.8607386682,3.92504488301764
"cv",87.0746028853369,-1.39620952154649,2.13496556505561,-9.60387667779824,-601.232234431122,8.84267189246009
"cv",103.89975488018,0.755592203201447,-16.2047972340099,-2.24962668140723,82.1278222121836,-0.046375130135817
