"","","par1","par2","par3","par4","par5"
"cv",72.4000273809659,0.551836375739624,-27.4465505224207,-3.02041921873076,41.8576151132584,0.880812411211361
"cv",79.0870866541153,0.569474066165331,-29.9150387170747,-2.9761724520276,45.7588914852378,-3.38620112521075
"cv",107.801074648952,0.543360012212551,-4.64949953994917,-3.12099650258922,30.6697386662467,-8.07074363272076
"cv",38.1824261581426,0.569994932916008,-44.9792395037857,-2.98342703960056,33.2376549100846,1.2218463336493
"cv",58.5863908628271,0.609858758441145,-6.5918305260082,-2.88339615886127,45.3026613816987,0.267715445614787
"cv",69.4093782038815,0.685037363465418,-32.8622462619034,-2.9293115748717,45.7353325066892,-8.26994467334671
"cv",113.0299175015,0.604102684497282,-28.5173389466673,-2.95020112008372,38.6326626657058,0.942617156542838
