"","","par1","par2","par3","par4","par5"
"cv",131.011908727488,-0.0533824337238123,-13.3432496057169,-2.65932459077024,45.1647144169259,1.07500127832156
"cv",126.812443856288,0.0960207270985163,-11.6983854977177,-2.55675323509639,5.964429188133,-3.20116668674092
"cv",120.471065588737,0.0999880822752864,-20.1212431913173,-2.56732514134845,40.8141728866239,1.04549610431843
"cv",115.42572560641,0.0428094094260577,-20.1508028989549,-2.48168355662642,42.2680496998385,1.1066370280459
"cv",103.119511520813,0.0892290722178421,-12.1969413087966,-2.45748177607964,43.7903351585569,1.01840218141111
"cv",74.3085414592207,1.72525439596332,-24.4859403961683,-3.53223922235967,436.987317400044,-4.79795663016189
"cv",93.6331554698078,1.59876209328286,-37.5090202316642,-3.21879976228346,447.55996639995,-5.64638617054227
