"","","par1","par2","par3","par4","par5"
"cv",94.241524589958,0.906056289861184,-48.0521504376697,-2.35920418053288,49.4954141568619,0.161559046022814
"cv",69.9530863129147,-1.11258639945588,-0.455174285086387,-6.85063268135092,-892.120933136986,6.74316069293552
"cv",90.7063475263317,0.898453327763571,-13.5345347774706,-2.34093494944292,49.2389440471645,-1.80435567929057
"cv",85.2591840367732,-0.943236598245465,0.366698462685064,-5.86012010780158,-798.563827824205,6.85826722613124
"cv",111.31675593613,0.801412315855392,-35.3547743653759,-2.30133219413593,56.1555061076697,0.0255988384917689
"cv",59.6140864880687,-0.893540405978451,1.28057567006968,-5.81882757808821,-969.80748047024,9.67636014704591
"cv",74.3520786971446,-0.952060637852276,0.696035025403696,-5.9599419830612,-939.645155678503,5.27347547827354
