"","","par1","par2","par3","par4","par5"
"cv",90.1652907584946,-1.11006286873773,0.0585677989941233,-6.57756788543102,19.7906032847172,-1.6992783521071
"cv",95.1498611174331,0.492287173170288,-33.9083581263803,-2.15950782977708,5.59492972115985,4.13346747278273
"cv",47.3407643770796,-1.20548841284869,-0.0274293886315728,-7.57191573176186,-413.470288966625,0.392824849869694
"cv",133.092388839576,-0.780740341870712,-0.339106655584949,-4.85236968653909,-414.494830367869,-0.282710073250536
"cv",104.642500304252,-0.823065375953673,-0.0949767209511532,-4.87609372251346,7.33281375986554,8.90709537544873
"cv",95.7938683101111,-1.26863198914321,-0.279483616732857,-8.41919087721675,-458.353339070188,-9.1823026520855
"cv",64.0175899617741,-1.15334006939153,1.34431499658331,-7.06300709591393,10.3919670682683,-3.30472335684224
