"","","par1","par2","par3","par4","par5"
"cv",71.2911934615448,-0.792695462556874,0.0790258222422535,-4.90712556072791,-613.139054565462,2.56546031515043
"cv",79.7523075812855,-1.23811952768978,3.72014228398522,-8.44583588461658,-978.074485587039,8.99475292334241
"cv",110.374715614954,0.832376638582591,-4.0205289656555,-2.32451967080798,885.015363652704,-0.222477435051566
"cv",116.867296698446,0.794767080248478,-47.4583397051153,-2.23766427044369,34.291520556971,-0.147522733361051
"cv",50.6472498226955,-0.768244848166908,0.94990083962962,-5.08857334475446,-261.099598763339,9.94420953560621
"cv",98.6317406264137,0.853452413214519,-25.9759664823576,-2.14428378374213,41.7466718490014,0.000254909603887743
"cv",57.0050563592816,-0.773681037077064,0.219906631773405,-4.91064362130915,-941.593425514337,-2.56890708605627
