"","","par1","par2","par3","par4","par5"
"cv",67.7124803193216,-0.976982390972019,0.338055275672968,-5.19522507345368,-446.070124895526,-6.34274233598262
"cv",81.8908120493824,-1.06809303285241,1.75144986403991,-6.29780601977935,-616.610929267326,5.14649728044233
"cv",97.7042878332585,-0.320900500752032,-0.509827779792249,-3.42525201046769,-968.999198477658,-1.03460756771863
"cv",123.703376643818,0.933317331236666,-31.8027748509144,-2.24128640103991,141.180768898726,0.366593996714352
"cv",86.3460098462941,-0.694842191890323,-0.509065183994096,-3.92653161121249,-426.164322575662,-4.83390564768668
"cv",104.466483636579,-1.09245391938399,1.59504600701608,-6.31652048902727,-125.667376668446,4.72358138897232
"cv",91.032825975391,-1.20628287597699,2.7282875375385,-7.3715865833313,-983.007312793084,-3.46678238069047
