"","","par1","par2","par3","par4","par5"
"cv",40.0838356015237,-0.262298438697948,-1.92518896005155,-3.27934403463411,678.636924423808,-3.01331142112191
"cv",82.5417493291637,-0.466887555135615,-1.43335038720454,-3.74749275587554,976.40210056323,-1.3315556860901
"cv",9.07768529640619,0.00230845842665645,-2.64363866010288,-3.03162865683825,741.004508711348,-0.945232475497401
"cv",30.0534692989969,-0.208796294738581,-1.99107612323623,-3.24670463092084,782.17218503133,-6.48532086588072
"cv",135.220042998701,0.177193244945382,-2.35956985736294,-3.42619877101688,13.2983469830232,-6.67586024889511
"cv",38.6309688099253,-0.000235313122457709,-3.47466037887514,-2.85875013278338,671.898300694889,-3.54273063906737
"cv",48.0958121668218,-0.296067894727502,-1.66594429574909,-3.3947806845885,724.45451552551,-1.18634639078777
