"","","par1","par2","par3","par4","par5"
"cv",106.373221375409,1.21794948927002,-2.03960748524828,-2.65452868403233,501.346666743221,-0.0755910614195673
"cv",100.846031486086,1.07537960834622,-4.1221538235377,-2.37524395063057,62.3408846628634,-0.216962355189025
"cv",104.893145830284,1.4111437996614,-2.28393959187456,-2.70661600927563,741.337656892883,-0.0853030637235678
"cv",99.9185362925389,1.57635120929709,-38.3831877947682,-2.54460194750736,171.873626392175,-0.114185637592821
"cv",130.308745708589,-1.33468135140153,-0.00155136447033399,-9.35552092287224,-219.582981895655,6.32340779019853
"cv",99.8694205341993,0.989684039160393,-8.327990247566,-2.25206895270627,471.379891616907,-0.176628508735549
"cv",147.644962817421,-0.953858706744859,0.407432935212329,-5.77592328935639,-598.804201253,-2.26579805091036
