"","","par1","par2","par3","par4","par5"
"cv",94.1005237403381,0.963290875248355,-35.9472776285612,-2.43162802298547,42.0918465792356,-1.78395312727389
"cv",119.909408796258,0.94386644213379,-8.77803935944122,-2.43147664786338,40.8868966447028,-0.380730043300038
"cv",99.7421257555953,0.870430338720896,-12.8146547513196,-2.46375275348764,41.8218080535323,-1.16369610022588
"cv",104.638120278101,0.879251111401759,-46.9267908501225,-2.51352791311329,35.3043211110217,-0.372736587716526
"cv",94.8870786046525,0.947317770233532,-38.1537966993561,-2.45837330151817,50.902659705639,-0.368232272578142
"cv",93.3795954941444,0.908947192329511,-32.1664908059997,-2.53180022152082,44.3581601145098,-0.428345905614529
"cv",137.373895803668,-0.853473796347833,-0.558322221244981,-5.21073277202473,-822.7867953655,9.5753178254261
