"","","par1","par2","par3","par4","par5"
"cv",125.779593194339,0.355334638794958,-13.0797670321866,-3.15250652506447,42.876228049015,-1.29911557516306
"cv",186.183197280868,2.15663666490377,-37.7360423674083,-6.58769822150349,228.68850228856,-3.88143564121524
"cv",62.4407048131244,0.257631544298611,-45.6586708511115,-2.91166507634229,18.9720500961385,-0.934905307232569
"cv",60.296181076247,0.325812235800588,-25.1122947980708,-2.89659988155742,39.2061636893369,-8.4142704606539
"cv",58.1465442292061,0.358708747729815,-18.0511711117149,-2.80721067022728,19.8127665955129,-0.696638115835833
"cv",53.5935495184253,0.341078385957397,-15.1785580782228,-2.8810786338873,19.0981053535536,-1.0060361539945
"cv",38.0431750754969,0.643245713949826,-43.9361971207694,-3.02939563554146,68.3561740872919,-2.81932341433259
