"","","par1","par2","par3","par4","par5"
"cv",135.077569469088,0.103253599670273,-46.8038387899972,-2.67049708509963,615.831670771358,-0.596445756786776
"cv",98.0119630751072,0.524023946581889,-6.94544048041614,-3.05930304953337,8.58685017633513,5.82597822521773
"cv",84.3802401140155,0.615850226367872,-47.0154168084264,-2.73055430825952,11.2416766275043,1.62380970029096
"cv",50.1642931964221,0.15393081586808,-3.04771319879681,-3.5247278583317,14.4317437329647,1.61916792852095
"cv",20.118724606838,0.610693965459502,-25.1191062455736,-2.77057048292513,8.91961791265474,2.30991138593725
"cv",91.9437332229569,0.472302985361231,-2.65960509282043,-2.76945147081369,11.8317900068177,-1.24675240357391
"cv",54.7737197259209,0.447482781951276,-10.4534710539731,-2.84087661791295,12.7041660521878,1.47858756128699
