"","","par1","par2","par3","par4","par5"
"cv",89.555653979138,2.07641469850431,-17.3886029114238,-3.79040554984007,331.859225064613,-1.88225037719656
"cv",77.0094292267421,-1.1427783081308,2.90518730971962,-6.96224266098683,-804.919881280512,8.4073352380649
"cv",158.053726324785,-1.24263620900951,0.0586319621652365,-8.67364711032095,-42.140139242351,-1.44362468223166
"cv",105.003474553818,1.74954380786205,-35.0132892480223,-3.47731164710076,311.39624198735,-5.55471013578943
"cv",124.984728504325,1.99955534471886,-38.4131939264225,-4.14422832565637,320.334025019074,-8.61667377377357
"cv",93.2818017676965,1.98380498707368,-29.9355990523818,-3.65540909350239,337.345923278411,-8.16252451930539
"cv",60.6120478628755,-1.19496100487649,1.52376600443664,-7.80113680184654,-852.408747867304,-0.599082172824636
