"","","par1","par2","par3","par4","par5"
"cv",119.919553957025,0.701938573204218,-14.4273691599901,-4.87004406148172,45.587831938394,4.45090680686286
"cv",111.928153102367,-1.55749060873128,-38.6812145976502,-9.97728300783983,861.69979976257,7.96646054905352
"cv",119.894763639919,0.910485557719707,-10.8320401132693,-5.3744596712994,53.0333903329638,9.79150114834961
"cv",125.173698956367,0.592480981291217,-10.9409543208625,-5.26301189033271,45.2377376647203,3.48273755618417
"cv",117.811771019315,-1.43943475666296,-18.6845175940543,-9.83862393958121,19.1835430450737,6.88780737505285
"cv",11.5417081987818,-1.8580839701118,-46.2151600063629,-9.89343797788024,299.31959869551,8.43566365220031
"cv",57.5886129363608,-1.89450153469105,-32.3284127372974,-9.89439500294864,24.575301514065,4.21909631162235
