"","","par1","par2","par3","par4","par5"
"cv",26.5096555764779,-0.144198324104875,-2.52375811696289,-2.8537342028913,996.015985541597,-0.00855340662110632
"cv",117.294545467208,-0.271836959671046,-1.83805871609766,-3.17044671349279,972.883884806311,0.135652360003955
"cv",94.3133538775181,-0.0352310336301717,-3.93797763299081,-2.84659905197252,982.100351833748,0.00268859283126632
"cv",9.12976203337941,-0.101745543702702,-2.66849722804751,-2.78762138963101,969.108882266539,-0.0069892293823986
"cv",46.0437037460065,-0.143160199423354,-2.43945099991649,-2.89109431934099,776.693715026562,0.025180645435815
"cv",31.2858918779178,-0.187943047587924,-2.05316811929928,-2.99612586620571,952.019303780897,-0.0679949247285251
"cv",74.5107316535774,-0.131650427839267,-2.95455222435779,-2.8390098953348,905.954885315049,0.0310861461390241
