"","","par1","par2","par3","par4","par5"
"cv",93.6394726444821,-0.0266717315879439,-1.53985222751353,-2.87647955655973,-87.6798879239016,2.47312604391763
"cv",97.4639517956126,0.140679538171627,-1.38574872455804,-2.89008460402865,-247.828141534451,8.32570574712008
"cv",101.132553755412,-0.0548715462048958,-1.34268380924466,-2.96865522727473,-482.116745795758,3.5025499372025
"cv",117.608078460961,-0.325449983360304,-1.30637202222077,-3.23190076000535,-744.097381258093,8.76284357810027
"cv",79.7943195489172,0.48696642537657,-2.92147720882791,-2.29692568444282,45.7539000004669,-8.75343581383088
"cv",95.3672467643858,0.423464594234464,-2.4173573830901,-2.46760458324993,46.0955917602538,-0.64273422614812
"cv",84.1017097538625,-0.24619513141185,-1.15209828996575,-3.23891459901676,-927.903718203933,8.8217559339263
