"","","par1","par2","par3","par4","par5"
"cv",105.843266626038,0.543668964765721,-4.17553532157066,-2.15347440131478,16.7459437447652,-1.08608271423789
"cv",113.654202144867,0.602837249555989,-34.25887746916,-2.24321102061045,25.9328900936892,-1.14753024084324
"cv",88.0249930830213,0.534797314628674,-19.953857445682,-2.08825647226721,15.725779812783,-6.58988882579482
"cv",108.738114629509,0.871288268048446,-9.37686417356757,-2.16455934753442,10.7360347232801,0.906238261835927
"cv",106.70418191384,0.631538114913506,-9.48482585507258,-2.18532299837982,19.4441468082272,-1.3725179620863
"cv",102.768627988581,0.509214137980908,-10.4204529777601,-2.15367556453857,13.4490215219686,-0.739294873426403
"cv",91.6985561514757,0.884545352616234,-6.52203456885906,-2.12962834546481,5.33387898128589,4.34773915954238
