"","","par1","par2","par3","par4","par5"
"cv",109.095324438884,-0.135938490309741,-1.02295364309265,-3.27761673461448,-653.793213558137,4.73143018233346
"cv",107.759174541378,0.713096966338475,-9.54216357074926,-2.19424020155584,14.6032877392953,-0.056625414198502
"cv",97.9072250943784,0.501316664528384,-2.7374544064207,-2.35255118495061,9.78520436689179,-5.51774947755451
"cv",98.2098743299583,0.800443976771884,-11.3159523661969,-2.30556015219526,5.65884347518427,6.36562718128826
"cv",96.1914592655832,-0.233752602580756,-0.869836835304472,-2.97319068341933,-931.227877736092,-4.02322812742839
"cv",95.7652226905285,0.593583190933448,-18.8956669244936,-2.21935889969082,16.2028837125482,-4.65278352991065
"cv",107.079997318163,0.858797032629837,-15.034796563562,-2.25048615415091,6.02824186278904,5.28146779458603
