"","","par1","par2","par3","par4","par5"
"cv",93.1835450428726,1.96844863107728,-44.8568917394909,-4.05273859332322,364.356150894344,-8.30467581218385
"cv",89.4141785903206,2.24303439449493,-35.5113819770907,-4.48370757434075,494.528503250422,-8.80007028119224
"cv",89.6843595485478,2.17007628830568,-40.4677597109886,-4.34655905214011,294.913934434851,-7.83321771317641
"cv",90.485870550563,2.13105784907664,-38.960704091005,-4.31238469799018,343.35804820482,-9.51274838413103
"cv",99.0828362477452,1.99481515172828,-15.965311974287,-4.03732070660596,297.506940912619,-4.25929839971645
"cv",86.7593556560255,4.95823930098512,-37.7477092410914,-9.80413144978121,564.266551111539,-9.20921515194229
"cv",79.374186254078,2.15258430179894,-41.5845494695588,-4.38830661452847,390.605421292412,-9.11650422860184
