"","","par1","par2","par3","par4","par5"
"cv",91.7812501484986,1.35385026111617,-31.7009948102546,-2.8539928767922,332.194650817629,-6.8883482834512
"cv",96.7988108380088,1.41810759433933,-41.6911777774318,-2.99668743433304,885.495460711971,-0.142576974067953
"cv",76.5656168721599,1.47015267895138,-43.4524465114938,-3.03151816527549,627.729310268268,-0.120104654483486
"cv",86.0166992012174,1.31851637561707,-44.8403364290403,-2.81940406349773,315.133707323435,0.0243696803227067
"cv",99.0456987717166,4.56204429227488,-40.8933513924641,-8.98905857002708,472.58925108577,-0.150819085128939
"cv",95.0988379521334,1.27898744473763,-9.39777576509846,-2.94460370797866,289.802648636991,-0.0855069922325852
"cv",117.275988977348,1.25523864691816,-38.4677482354904,-3.16399337801398,312.251225733051,-0.106364885750884
