"","","par1","par2","par3","par4","par5"
"cv",100.080087546436,0.364339111846133,-5.16670798764795,-2.5996984793612,297.855805983547,-3.65078013754597
"cv",82.6525123062317,0.239919519935892,-3.0748060029501,-2.64008902986478,300.45042059326,-0.298803539218605
"cv",87.6001395994694,0.328556040712683,-5.17503116424301,-2.556468405438,291.851177417796,-0.291755889778194
"cv",65.7709267760042,0.292735023024726,-3.61125768443363,-2.55747663517316,313.023127482108,-0.992606115990261
"cv",94.3737392615947,0.276762878769529,-6.69401084088981,-2.52819857625651,314.408580722304,-0.30255516798431
"cv",50.6228232473518,0.300892851204299,-3.4817894455776,-2.53052814491836,312.308218786111,-9.86265093064431
"cv",89.8236283412106,0.262452924344873,-4.09720343917111,-2.5921252684431,364.725544209033,-0.29033065153026
