"","","par1","par2","par3","par4","par5"
"cv",91.720577273101,-0.949672673699856,0.141068439025872,-5.51085130188394,-47.8289296412483,1.74610828122024
"cv",73.0752941706809,-0.688086933288859,-0.172850495928069,-4.31917018116199,-167.108148711739,-1.04563939497076
"cv",104.231669173975,-0.638889780647161,-0.503093390410896,-4.19978256073445,-96.590412056967,2.28401551824935
"cv",78.347076337389,-0.630196852213314,-0.516746867224574,-4.08107578029734,-133.78201238811,1.25091625303579
"cv",103.834626161714,0.642636840305087,-1.86088164761459,-2.28968558434761,985.399086919727,-7.63301347909834
"cv",80.6787955101155,-1.14512265882166,3.33533742837608,-7.44970728357329,-577.85736002983,3.08776862594631
"cv",82.2646879229025,-1.28555996597225,2.50184363196533,-8.59443097762531,-318.544230640699,0.618849107995629
