"","","par1","par2","par3","par4","par5"
"cv",87.4692357004615,-0.645919720808597,-0.668869299786448,-4.16957161671768,-326.771293594963,5.27556592132896
"cv",87.5554121852806,-0.579998124594264,-0.246322001926539,-4.13119929651138,-259.170518201056,9.78224988095462
"cv",83.8185478629335,-1.06753353005569,-0.655734657902336,-6.27794781281692,-647.704010199454,8.21609135789446
"cv",51.5600165268215,-0.689333118048119,-0.660870373564385,-4.40412876934065,-337.3963705076,3.6250695994437
"cv",122.824190653372,-1.0298374738056,0.288132068154996,-6.23280900010512,-946.33676501291,4.72688705931576
"cv",74.3861526870062,-1.01364704727614,1.58705708342819,-5.95908373672307,-768.07913268422,2.27089862696894
"cv",69.5182610021406,-1.37961552342026,1.9191658253971,-9.94642821944468,-62.4246936012349,8.53937811159936
