"","","par1","par2","par3","par4","par5"
"cv",98.3206981531195,0.893534435415665,-40.3542383777367,-2.24097045008211,206.747442540502,-0.34533596154886
"cv",104.251870190613,0.941379556281234,-33.9970719655267,-2.24827410756444,239.104402348934,-0.293295002089671
"cv",120.093913578476,1.03220727404968,-11.1298922051938,-2.44892156052162,185.503392129926,-0.403613480739295
"cv",108.947023570247,1.00236537911549,-45.4409478025118,-2.25410468059239,516.098387666459,-0.311098950170688
"cv",114.758104613085,0.980632782276104,-34.6924139362785,-2.19961108790139,224.48326534132,-0.0284810553214182
"cv",101.488598234511,0.947086197076243,-35.5705842841417,-2.15431753128875,205.386974385263,-5.82028951440103
"cv",103.468002473385,0.909676145931041,-36.6938665557773,-2.20677703930184,108.175886059042,-7.07779850212726
