"","","par1","par2","par3","par4","par5"
"cv",88.0538514433132,0.562117887789926,-7.08263432316836,-3.04858514830589,9.03317136339565,3.95487000774763
"cv",87.6570407670856,0.507499995366617,-4.29454109700483,-2.87577119729385,32.2352076816353,-0.243898872036492
"cv",66.4536900689622,0.559833270372094,-18.1242214057216,-2.95705164383503,33.5754767889668,-0.252122305245807
"cv",60.021005173127,0.588089368243042,-22.2371962912047,-2.88010354825212,32.5430055929965,-0.455808748806988
"cv",52.7313789267172,0.572035579156851,-36.2347298548889,-2.9049074503571,29.7802892773163,-0.290674629746431
"cv",186.979257780047,1.05124268906183,-46.8567819110597,-3.83953222815675,278.641646351626,-0.131598985638416
"cv",119.58005918796,0.828992403136773,-3.51327926663838,-3.43286434721647,434.375860629699,0.0824860500484967
