"","","par1","par2","par3","par4","par5"
"cv",89.5199194816278,0.239889454960604,-1.51641602121348,-3.11950024085125,-181.188140530139,1.4245923626151
"cv",85.0339417163091,0.228983097466148,-12.8413366613771,-2.52366338841369,997.438238778808,-0.282625997078262
"cv",93.9415126768576,0.182185523681837,-13.2477581246791,-2.54540112942895,798.769443629029,-0.26908261330343
"cv",76.5292194068778,0.343910675580034,-1.81504213391885,-2.86939177460221,-848.563802078391,6.21479890506775
"cv",66.5438496370726,0.257031476698013,-14.0844684163993,-2.5292371593205,994.954366855749,-0.267842481487514
"cv",73.3415458179058,0.289351080264923,-15.9178818453773,-2.53745509195904,948.914201058889,-0.268078562408067
"cv",73.5698568893835,0.327597481762816,-14.6384615648997,-2.59131674367757,994.589022678235,-0.267123633012117
