"","","par1","par2","par3","par4","par5"
"cv",75.9735573217675,0.269417192532251,-6.70462587954471,-2.87033798239749,924.738176513304,-0.779067687241604
"cv",38.5100812346532,0.366920036693608,-31.2321366533383,-2.89495399421717,837.436351819029,-0.783835815830048
"cv",60.8818109564647,0.336466674194482,-38.988038676595,-2.8823530415401,847.367532068953,-0.587138491127572
"cv",37.7201654538283,0.323015453103733,-18.0624844623119,-2.91319702328191,798.453158160523,-0.857194353453348
"cv",53.9249101648021,0.274632181269997,-25.407001558343,-2.85919934443398,291.12249171311,-0.812015180432222
"cv",28.4901782971287,0.380463563152613,-19.1519086076005,-2.88529081284375,785.062100994311,-0.778853755837454
"cv",93.5807902254733,0.940257470519463,-22.9628097231385,-3.82983215196868,35.7562655053663,-2.4929703836398
