"","","par1","par2","par3","par4","par5"
"cv",84.7226717455975,0.175379882287592,-4.80554867489529,-2.49889189389619,216.354504136896,-0.522412324281692
"cv",47.1586647527173,0.283421019413536,-3.38735880832626,-2.49638019139246,223.957912560155,-0.440612937225795
"cv",136.369075398757,0.316612334314673,-3.19196571990891,-2.73652638911702,205.130769611411,-0.449058738078572
"cv",84.6517720896037,0.290836878400463,-18.0928345058847,-2.46729093595972,218.196097323052,-0.322945229266149
"cv",116.511581386629,0.343277440713149,-13.7244041211797,-2.64591689888272,339.840939975238,0.11781347982723
"cv",69.2973160218823,0.26190400091939,-3.4647680886232,-2.5160564475107,215.919842534027,-0.492091293728054
"cv",69.9204524437095,0.216026017371534,-2.62011509531224,-2.59440262107403,188.338787838953,-0.202733828070445
