"","","par1","par2","par3","par4","par5"
"cv",65.0134469207556,0.421205246987772,-2.09443949546561,-3.12948060503829,27.1941885695537,-0.361406125599454
"cv",124.525361315005,-0.148352995505878,-1.41441311845291,-3.73662623385087,-550.529035091368,5.59830917457136
"cv",92.3679754752651,0.072987829408618,-1.53812196755723,-3.57629921807968,-856.982413679361,8.58943406430423
"cv",68.1256209545076,0.849286573531332,-3.00918554230403,-3.01804916804189,42.5063311122358,-0.0638989824801683
"cv",71.9311720060242,0.619585612893409,-13.6940371118753,-2.94462968426729,443.119025005333,-0.263874414372411
"cv",42.2480422882619,0.815616155762007,-13.435808942804,-3.06992536094668,272.655827662742,-0.258271083116924
"cv",90.3423466940563,0.601810647400217,-2.27838466642886,-3.15351866448369,47.4785325151683,-1.45476925715492
