"","","par1","par2","par3","par4","par5"
"cv",99.2059525255022,0.517187791016092,-49.1830821975341,-2.28021912450471,17.2294940518826,-0.656676796354221
"cv",102.447645616325,0.471600335781461,-27.9317163629457,-2.2641868794164,16.648593181572,-0.813089616232442
"cv",108.16056585178,0.451403077532922,-23.4280671939647,-2.33645997506725,16.5210270952937,-0.365199182315101
"cv",108.388923702051,0.437429900082619,-8.83279468648268,-2.331349115317,16.3243398351131,-5.02413802634709
"cv",86.9506268067361,0.493318489838565,-42.8986437129892,-2.27328608090589,18.4586654866657,-0.494377693855999
"cv",113.277194936012,0.475300005390888,-41.571772115076,-2.29469361140927,17.7988264405241,-7.55188122844388
"cv",59.2142536921987,0.524491692186235,-13.0365485558286,-2.182352346161,17.7698972832548,-9.51900747655048
