"","","par1","par2","par3","par4","par5"
"cv",85.740117973494,-1.16557785078837,-0.522350493098195,-7.17069642958145,-767.674715026087,1.11403845697891
"cv",114.720700017773,-0.584212357627309,-0.247800356111153,-4.25835313771629,-466.987751949089,4.04556720101676
"cv",62.0162361431097,-1.37315001947214,1.50752110221568,-9.75372300565091,-586.210074560558,1.56005243510534
"cv",59.2323692026086,-1.37846239387691,2.53302522469312,-9.79880100562955,-477.532371377104,7.24159260815549
"cv",88.9069008583106,-0.672938146581977,-0.579337230213283,-4.3333330868367,-53.3171066495193,-6.09663070836236
"cv",100.223700200633,-0.962744138950993,1.61207703553896,-5.65340222325176,-426.947712601673,6.17546219844371
"cv",83.0608932387148,-0.574615385063013,-0.41500515402084,-3.30484099354428,-259.134031832218,6.79155203021889
