"","","par1","par2","par3","par4","par5"
"cv",102.010081986215,0.611366009458693,-25.3728187983427,-2.08769213882499,-3.59115037136709,0.966919291589464
"cv",119.895645578315,0.736784808181787,-14.064739372481,-2.33619226068707,25.1959856835197,3.48089689834279
"cv",96.3858248706297,-0.329667498292977,-1.02585804963694,-3.31631587928915,-639.934779212514,3.25316357979224
"cv",100.623727502035,0.596914472860336,-28.8920602062717,-2.03624318735142,-1.29002762199993,1.5919870252106
"cv",117.778768053756,0.938098703325225,-24.5405054379417,-2.22970916959923,14.6830045298767,1.47406724042822
"cv",111.972603194714,0.615367964402128,-16.575953869759,-2.13136987613983,-2.41871869371711,1.13520707769278
"cv",95.6323400570857,0.574690461780748,-42.1626068390369,-2.03760352976455,-1.86754436245243,1.61272223883602
