"","","par1","par2","par3","par4","par5"
"cv",97.0861550456582,0.793311308966564,-2.27766655501647,-2.81230582092486,60.6615750940093,-6.42852092672309
"cv",68.4608487187468,0.745397475104168,-3.59256345744396,-2.50989568066369,64.5964300706492,-0.815645561456346
"cv",78.9508776159613,-0.126113116755129,-1.1614684800342,-3.06777047723062,-203.271890264038,5.67856884120922
"cv",75.9209550994193,0.114901132609035,-1.32226100125213,-2.99038868839542,45.5538292480365,-4.83091269100558
"cv",109.32655384264,0.672405037740857,-3.19092556474264,-2.64298559785736,193.652133449624,-2.45670928988005
"cv",73.3667881335586,-0.160332817877403,-1.14506015679275,-3.30171360759208,-635.25716946729,-7.53345974286737
"cv",77.5013317109683,0.018635479543343,-1.15060609434952,-3.25056512161609,-207.665332649458,1.84211156090643
