"","","par1","par2","par3","par4","par5"
"cv",89.9840816697253,-0.981094837530376,0.659361590565411,-5.89158876283343,-833.738383761104,2.88356183681842
"cv",101.295422162151,-0.841452442109585,-0.726743526128862,-5.10622169094965,-896.177860442549,1.59528710178734
"cv",82.1233133191402,-1.11054834009129,0.166686014372386,-6.64960057169552,-633.376408816149,2.10816467103038
"cv",73.847998759383,-0.418167583769872,-0.805455718201135,-3.65711141573738,-516.542489131689,-4.26643907048358
"cv",84.0795284990731,-1.1988688170833,2.37346049683704,-7.88500041160621,-470.06395999823,5.92274873051792
"cv",59.8072136805855,-1.33285282129794,1.90797776333628,-9.27220942620529,-177.012830888416,1.28312342944652
"cv",59.6922041558173,-1.16260453349764,-0.0853257166483805,-7.20428763888776,-375.62613941422,5.64509773000418
