"","","par1","par2","par3","par4","par5"
"cv",66.8250647229083,-0.944586044248552,0.868519352645704,-5.90715766150786,-920.78047990799,-7.01363714529417
"cv",93.4035815481856,-1.30797942844245,-0.317675335668028,-9.11402856465429,-822.629222041199,-0.777647359669984
"cv",92.227807039959,-0.817585175464216,-0.675172870809494,-4.86585218567204,-877.309965289656,9.16085231476155
"cv",92.2620420111888,1.453160890193,-16.7213017864794,-2.62861155281564,102.652724350763,-2.1255191820725
"cv",89.0380809242945,-1.24190104012777,0.913073545155558,-7.88850846781287,-281.496560251526,3.2172951042423
"cv",44.0397498539476,-1.02507543658652,0.384884956292808,-6.2111479973791,-840.030661969008,-8.26039037154919
"cv",94.0787434477922,-1.0025923938679,1.30466219046422,-6.38440617974069,22.6466649944496,-7.33356461666986
