"","","par1","par2","par3","par4","par5"
"cv",96.3956500978435,1.11549840748175,-14.8887250434548,-2.90403546976209,136.859417748208,-1.59376168025028
"cv",89.0134438988199,1.12673266216688,-24.3646555320811,-2.83091553285948,129.912732233597,-0.533170260001767
"cv",92.2587174321822,1.17407283739832,-12.6201528871309,-2.89809713899259,137.19320253783,-0.505292587430539
"cv",93.3809990786558,1.21208741809501,-43.6957893813626,-2.9132050799298,154.642261028633,-0.460884765754827
"cv",121.191125844265,1.5072637885892,-42.1826564975063,-3.53945403835747,138.469192502311,-1.16545590807906
"cv",93.5243048916091,1.25241870520053,-48.2068430449232,-2.95158688996866,233.15644629594,-0.507492788164511
"cv",69.274482675672,1.25783423286386,-43.4288556922826,-2.87681783611476,130.626499410084,-5.83021796463223
