"","","par1","par2","par3","par4","par5"
"cv",101.930838711414,0.761878688272658,-18.1657093689232,-2.55195142669309,40.1430415294125,-6.05985439860628
"cv",120.106645505983,1.16394475136107,-42.6102635812212,-2.73816489069253,996.886414024084,-4.11613067674105
"cv",119.947922340536,0.864695807152229,-30.0708422031174,-2.4936070598235,29.4105767979196,-6.31499033919466
"cv",90.6429431754131,0.804559375058105,-13.0795219680118,-2.46609746379703,33.1466361775062,-4.66023268806971
"cv",120.838279392727,0.981153085932358,-16.4685246609368,-2.78441071357805,104.098174853302,-1.02195449139245
"cv",84.3186858494229,0.61320500002551,-14.2308980700196,-2.34454537353955,34.9961927688045,-7.34017410230696
"cv",102.029086976085,0.522537289970064,-20.846787574601,-2.41722755059793,-847.768220827845,0.632111051500295
