"","","par1","par2","par3","par4","par5"
"cv",112.227609280627,0.124138993823654,-1.32745203873321,-2.93218141347594,-292.98252149134,-0.521529175003418
"cv",105.87550611828,0.161437395642147,-1.39751778932654,-2.83058357416412,14.5365192085006,0.215560437531869
"cv",103.34259645992,-0.0237471915617158,-1.24952028837887,-2.91858013614167,-809.885649923884,-8.14944039530027
"cv",94.8781133482544,0.635538830406444,-21.4107723276181,-2.22759201348425,33.5925991934948,-0.127210570753167
"cv",114.51769646143,0.763757874458242,-18.3194250258623,-2.25485170756245,16.5004250593483,0.376454495315253
"cv",82.5206005943023,-0.0440401524752617,-1.1132498568683,-2.98333729482816,-279.594935668725,-6.8389041944395
"cv",90.0278937961156,-0.0281368862382095,-1.08116923312009,-2.95763689171274,-531.621951326129,-4.94754593218585
