"","","par1","par2","par3","par4","par5"
"cv",68.5412454398352,-1.21069787086472,0.0841242946938244,-7.7896513458913,-703.197602270357,5.28374595400363
"cv",113.208686151234,0.735111904036007,-20.5953649112465,-2.22747680427591,38.008366897091,-0.0883209481231315
"cv",96.310507583081,0.933998096847409,-27.4043588751846,-2.21095546128019,59.4315426998162,-0.280799175224276
"cv",77.5108763256304,-1.09447562357967,0.524288625456393,-6.51155113130552,-784.539113932952,-0.953485551290214
"cv",109.412128084091,0.65701431127832,-46.5481172241236,-2.20458820795969,40.6485317223421,-8.69832372758538
"cv",65.4165461938545,-1.33508003836433,2.52908866431411,-9.3892546714843,-0.665951614636072,7.6130129896321
"cv",77.2502907829022,-1.08082937874157,0.379645798333394,-6.80374360029084,9.30837219334791,0.921834360677591
