"","","par1","par2","par3","par4","par5"
"cv",147.913259842221,0.0892688285178021,-1.40226225360947,-3.26293638196435,-815.765546896376,6.43369398593507
"cv",91.6934120224948,0.28079504033248,-1.7048336739422,-2.86254619635542,-402.761855053071,3.82847699895905
"cv",117.925068149605,0.266992893945396,-1.72271296770166,-2.97960485765649,-208.792447300557,3.04119778138076
"cv",84.9901459311794,0.403558205413818,-1.65203149779905,-2.93001138774836,24.2328943058476,-5.39253796813616
"cv",64.8580673055736,0.259836238367996,-1.76083638744718,-2.82582425335834,-186.964899288676,5.57866224730945
"cv",51.1980558701932,0.238284973904625,-1.71839656902205,-2.85439577590109,-634.041353704649,8.09265475514434
"cv",44.6411666703631,0.229172941637368,-1.5731613182001,-2.87023150475386,-772.761172440867,1.72546058512065
