"","","par1","par2","par3","par4","par5"
"cv",100.409961885062,-0.643536917171819,-0.696671678684652,-4.14096401933944,-751.265998708896,-2.39918382872418
"cv",81.8052652620368,-1.27010379638287,0.907602524211695,-8.54330175365366,0.447793208535359,3.96199962828584
"cv",103.992608602246,1.22328741256553,-39.7824274461838,-1.93536439873473,71.7664027262067,-9.57854046482286
"cv",77.9672227201954,-0.883860656788515,1.02373613009786,-5.13523650335435,-666.957964227544,-2.37480534590206
"cv",80.8854539936045,-1.12739272153164,-0.487533328123391,-6.82099028261792,-771.206974627872,0.0662999390617577
"cv",58.6934632521383,-0.880767767885499,-0.638673214072185,-5.05774656894566,-268.625827506185,9.0270100199409
"cv",110.796453810916,-0.998183963467314,-0.202153627222539,-6.02122573472101,-432.568663242968,-6.38794368449698
