"","","par1","par2","par3","par4","par5"
"cv",91.1649749029743,1.82631648611101,-45.4246839059934,-4.14157277015518,158.629131267353,-4.26643938060172
"cv",107.702448100526,1.64368751598752,-41.4485161119749,-3.60537195891243,156.373105073793,-6.82229449931005
"cv",104.197017640887,1.64725469927979,-28.1974342043938,-3.60871672149216,159.886285297715,-2.58744046137534
"cv",75.7342609643805,1.6303077769549,-42.3067843816247,-3.50256476002407,193.451172996379,-5.5175912534316
"cv",92.0383004472729,1.74773951272177,-43.0922795113971,-3.78135931258461,174.922753625044,-4.73448335695769
"cv",92.0685087274276,1.4854152525075,-35.7153841891508,-3.44268802933379,164.511767842219,-7.5640900823692
"cv",99.0045066940763,1.68293098858588,-35.0892218062654,-3.95868806628335,151.038906952223,-9.40169408536067
