"","","par1","par2","par3","par4","par5"
"cv",71.5757635389905,3.34193820768912,-39.771176675666,-9.98924751610342,374.146892911122,-7.75895057316894
"cv",39.3527487658362,2.64515854365385,-47.9087134103415,-8.69587886699262,524.860507158379,-1.81799058886139
"cv",14.0080446136304,3.24196753132598,-35.2916142207492,-9.97753409245953,370.788602064262,-8.53143950915749
"cv",15.6332514421982,2.47779355662445,-47.0217046879547,-8.60334676230668,779.992934326178,-1.81070054395099
"cv",25.1457161573241,3.13553562451174,-48.7397214402901,-9.99716050850515,428.135710402816,-6.05468237890365
"cv",26.296171788916,3.25555709170911,-29.3238158581956,-9.98044606432447,903.184310863592,-8.40817666146904
"cv",27.1057112596802,3.23104638013601,-44.2276771500131,-9.90052367662929,439.908807830196,-7.70572757819733
