"","","par1","par2","par3","par4","par5"
"cv",101.778082647393,0.750209377633113,-9.47678878411606,-2.34861877920504,44.8579265135293,-1.14434400753641
"cv",114.684166780909,0.916227145182183,-34.9210311456184,-2.39142695280556,51.0948466089517,-0.105614286047526
"cv",101.634698156354,0.687796155123458,-19.0865288529841,-2.26751063998483,44.7048892462326,-1.15342115052044
"cv",90.2608260926978,0.767176623028127,-13.2618598026165,-2.27215954743442,52.5346301110981,-1.37842149843806
"cv",110.873042089378,0.595362446801688,-18.5246245772796,-2.30528170253947,26.1244128017113,-0.231205249699798
"cv",105.423689950994,0.747963168053517,-35.3486758021944,-2.34986343795565,54.5046779392566,-1.33576253591307
"cv",93.489874879901,0.803520004973518,-15.3645756350458,-2.29611010629176,50.1636628073286,-1.33472439380873
