"","","par1","par2","par3","par4","par5"
"cv",149.390820353185,-0.949970093742013,0.64783513918519,-5.79340458600164,-513.829948270585,-3.16119683632216
"cv",100.405582696126,0.408726959433919,-12.0632902324229,-2.2142462985532,-881.571230452415,-7.91220064322667
"cv",98.7036974102961,0.430896154980689,-7.23636494999607,-2.1108437298854,-825.479991746409,0.0019553446539895
"cv",102.004559874232,0.406930278068038,-37.4537190150264,-2.15356707883258,-254.994586483046,-2.76906873115216
"cv",90.2691997484219,0.43436464558625,-25.2602778737792,-2.10482758477724,-786.53920228309,-5.40527149638266
"cv",105.922983405345,0.458307728072074,-19.6882077435132,-2.21661838037281,-512.715952663806,0.226524072984447
"cv",91.3085255769667,-0.773618712928892,-0.245603050403297,-4.54465346339807,-72.4666715785861,-4.38805992572803
