"","","par1","par2","par3","par4","par5"
"cv",173.416097658304,0.835507692385526,-30.8514830739542,-4.2851890683812,37.4884956807289,-1.05545051883858
"cv",26.5111301557366,0.359792718886603,-19.4968691325635,-3.17921311530615,25.2322366273474,-0.689698260435147
"cv",30.8210047947714,0.56792451290399,-29.2547591996814,-3.38618260941863,375.509218747023,-0.534231388780391
"cv",43.1365117190201,0.611349808637582,-37.3309799711811,-3.40413225249676,348.450159345779,-0.524157177990651
"cv",22.105304829989,0.512936106074039,-23.863867501538,-3.28887373190214,349.568488569814,-0.532679035391673
"cv",71.9773364796154,0.301280403876947,-21.7029532818162,-3.10639124219902,635.273956125833,-0.801897457625445
"cv",48.2571414113816,0.423107573657612,-17.9448566575634,-3.23128336046236,344.596642506617,-0.515863398035429
