"","","par1","par2","par3","par4","par5"
"cv",63.3001042798751,0.680169162329856,-2.58818779036661,-2.78311958640635,26.1683829111077,-0.142432581752764
"cv",63.9005900755286,0.444633034706422,-1.79364251362039,-3.31068238740722,37.159328181696,-0.369811090640724
"cv",73.812814230067,0.501692660454635,-2.44460220534732,-2.86548061477087,21.4066444799296,-0.0274583011931911
"cv",70.5515885683034,0.558612791671748,-2.53292013223268,-2.94008090677603,25.7824367024038,-0.394874649413242
"cv",113.693949837797,0.646607184868051,-2.24963732340112,-3.16335497533818,26.3555183956604,0.0317823252247749
"cv",60.84630332996,0.569801402954039,-2.74239038837379,-2.90483773978062,18.2642251904087,-0.506756865847158
"cv",69.6763154346003,0.0439331263757892,-1.55314494083044,-3.3684843186066,18.0213831770875,0.371096422345278
