"","","par1","par2","par3","par4","par5"
"cv",117.161931470778,0.173225249103925,-3.79040062671625,-3.0135646206883,451.586500907381,-9.6557121793377
"cv",49.0895385556541,0.364912734772743,-35.1149946720131,-2.99348952419099,359.522597255437,-8.43700639084421
"cv",28.46041710533,0.282225868917409,-5.15716198376053,-2.90823220782493,366.073697043203,-7.11888380374619
"cv",51.1854707742726,0.355199450466564,-6.24315807940645,-2.97089235053234,330.117242702558,-2.75890182539784
"cv",39.2707301286693,0.334995781768429,-4.01247241466352,-2.94907697047668,361.163704316162,-3.90718772664726
"cv",31.5967490387425,0.355056656118079,-6.50580330966785,-2.93027398985828,359.335454360088,-7.5758040109885
"cv",74.5393838893341,-0.114754003442184,-1.93964848864031,-3.32438646251552,318.27334712242,-6.21092213426479
