"","","par1","par2","par3","par4","par5"
"cv",75.0237066974328,0.521648368630473,-16.6545756248704,-2.74907231844805,206.947920519495,-0.250675115401788
"cv",75.3763411660418,0.52117099775904,-11.4742736625382,-2.65387877352018,102.432220455113,-0.336188409743097
"cv",77.5198906788545,0.790290184664269,-48.9168497867371,-2.73416743280529,512.477247248475,-0.220688295415777
"cv",57.2400200243424,0.822139794411985,-21.5053828798831,-2.80248729680922,842.181116321289,-0.283361369831877
"cv",119.910415362087,0.491198463171958,-9.56435112328494,-2.75992770456748,102.254205864707,-0.840648608325059
"cv",54.8473171429169,0.554322306087665,-31.813327236158,-2.60728682124956,104.330323946537,-0.368256532784246
"cv",52.9221797514317,0.611027550808589,-23.7844773773561,-2.72181687391684,134.330964788488,-0.231272710672332
