"","","par1","par2","par3","par4","par5"
"cv",41.5404050733155,0.0767173762823689,-15.0390763005598,-2.72683030267752,699.930329500382,-0.905637414300049
"cv",118.5967510171,0.179785241478577,-22.3028052790198,-3.063229502938,640.748309007797,-0.89815091880751
"cv",26.5205212015895,0.0977889326576874,-22.7904343051718,-2.77287910713969,680.129553649423,-0.895307082172264
"cv",24.1265226834277,0.0868522005019549,-22.8550015390587,-2.7696803846984,685.073335775785,-6.41503260118542
"cv",90.5384059493594,0.0213713785952517,-21.1639895236492,-2.83041642009938,703.437583216024,-1.81004042488153
"cv",24.7317374458874,0.0507007699053896,-17.7251919529608,-2.78678295701279,678.762571019704,-4.82604976755783
"cv",26.4169560431301,0.0798332625227551,-19.7649232989095,-2.76937255096738,686.352745701137,-0.89719476365137
