"","","par1","par2","par3","par4","par5"
"cv",53.3991563354783,-0.506370783271111,-0.455290520010873,-3.79427056035276,-332.565774006721,2.58318174891493
"cv",95.8313675445988,-1.0912767909595,3.1849904338643,-6.87677829220516,-148.171121384767,3.42865017720082
"cv",82.4629962106676,-1.12699783490595,3.15266771895272,-6.88869242432154,-195.662459957584,7.36176399768598
"cv",82.5912635316244,-0.339318249517249,-0.699409026650249,-3.52558604243864,-414.967929734791,4.39732537604868
"cv",109.524449842868,0.236977068408293,-1.73636195333516,-2.50953379400733,-138.689800488205,7.38359795289478
"cv",89.0174421333365,-0.901659662903619,1.36780078850037,-5.19503861532578,-559.236300177872,0.740644024315678
"cv",109.116974960504,0.594963445248152,-22.4406979894373,-2.22651254612735,10.1903582822328,-7.89978182266149
