"","","par1","par2","par3","par4","par5"
"cv",85.942615580583,0.540973201058752,-26.0009601458537,-2.85061436774131,205.318966640345,-0.396325975600605
"cv",88.230205228701,0.378089888500367,-2.53176665080113,-2.96883476397325,-395.231887442923,6.13526828192755
"cv",68.8750678839061,0.287622819658259,-1.75634144228684,-3.09526107120787,-2.69472447559806,4.08348086540315
"cv",89.0544485869992,0.0728775422441217,-1.5482577421566,-3.4204739284804,-733.326767093575,4.22345763252699
"cv",75.4923220922918,0.718474767715696,-10.5679418978932,-2.94478086998231,61.1304144580351,-0.28951038097134
"cv",46.0732918624139,0.208959030368979,-1.74644647256297,-3.1692029724543,-16.5967114886686,0.969485564330988
"cv",52.6310577056923,0.0823455969569557,-1.48643835920336,-3.37233374018815,-14.3821036129772,3.74160981816237
