"","","par1","par2","par3","par4","par5"
"cv",69.4724472100014,-0.884215056424731,0.633305743857036,-5.72577904863676,8.57674970134394,3.1340351421386
"cv",77.3327688719695,-0.370707882041707,-0.738332011645458,-3.71824306394603,-515.439408239956,7.15487095273719
"cv",85.8037557088148,-0.777655867988136,-0.162966140481576,-5.02399238198362,-45.7330762619563,1.86335517305945
"cv",94.7990229441042,-1.0711502613376,-0.559557921398453,-6.64252701037401,-60.5582661297832,1.32922724076231
"cv",36.5799610230831,-1.09833179746385,1.90467239098735,-6.85675312666609,-833.377272988368,-9.06249786982985
"cv",88.0434621406562,-1.23161947377577,0.733331657964735,-8.18722127570175,-161.014371956511,5.66453423351049
"cv",112.803028316485,-0.154551183421038,-1.06331731920181,-3.62349419089359,-835.97911009565,5.5183541867882
