"","","par1","par2","par3","par4","par5"
"cv",119.000610217014,1.52761544834348,-35.1300359227226,-2.52604608332951,106.654419858688,-1.06437643492194
"cv",130.095588207896,-1.08127168042958,1.67860316578299,-6.5624138467444,-733.078960769161,3.27650895857974
"cv",106.389582493925,1.44414683678746,-40.7309102729034,-2.3295567003678,110.489146286941,-1.0517487455532
"cv",92.9551357502795,1.31305578528495,-28.7373754037796,-2.27039428322861,140.320658635136,-1.00604393613215
"cv",102.199085680732,1.48544882323713,-21.1107414992598,-2.50351878897596,170.943544859106,-0.172702463766713
"cv",102.223831162622,1.61258882163061,-30.2392846531689,-2.54810437760564,160.143677849281,-0.165063407100348
"cv",108.440370567244,1.25671506547076,-37.741645848913,-2.38587532795436,132.205486959977,-0.950586884751642
