"","","par1","par2","par3","par4","par5"
"cv",158.765332461835,-1.30125010734051,0.450425054877996,-8.9395180315569,-832.027692142046,-5.75172498886052
"cv",92.3391035640249,4.78623889400736,-44.5696189512081,-9.26537126546959,949.252906465999,-0.0962623765163219
"cv",91.7028733523959,3.16530958385177,-5.08406435193551,-6.13323564383924,969.009473911071,-0.229868771096708
"cv",93.3171030103694,4.26491079312979,-7.12515895106668,-8.23743318118324,966.78868962511,-0.191262150951305
"cv",97.8823839145986,4.1051446392181,-6.35558709403698,-8.01029623196972,911.600919185132,-0.191197617199847
"cv",96.9916641364214,1.94907931083031,-26.4483125378486,-3.84908004969522,854.253026702883,-0.0659955460164552
"cv",89.3440465534318,3.75668421084874,-11.0497015306657,-7.21552016851907,921.814733598096,-0.0899753256141963
