"","","par1","par2","par3","par4","par5"
"cv",86.5770901112739,0.550459884723376,-2.24723805858949,-2.95433830172014,9.98123907748757,-0.205370570001122
"cv",82.4647230476517,0.602954526166397,-2.457311118353,-2.77220190920561,-912.772645038496,6.48100510134855
"cv",131.175991931087,0.732778323543635,-7.45571986053988,-2.88364618886337,8.67140787651439,-1.3400311903111
"cv",64.8766521529485,0.605656701385107,-2.48410989010679,-2.77939965022544,9.21038900141967,-1.00969601756511
"cv",59.4643575137653,0.563477851393694,-2.51157874752275,-2.76666790871421,8.50501312410326,0.169639220287118
"cv",65.2809056188545,0.634799607479647,-2.25053983419933,-2.76091809715239,10.2774997206376,0.971105229292675
"cv",82.965853716725,0.74287232644611,-3.75827725502473,-2.64867753208418,13.27648294808,-0.217454628275374
