"","","par1","par2","par3","par4","par5"
"cv",63.9882685710599,-0.381858946668581,-0.926232284737855,-3.51805671845032,-939.105039929428,1.49405391337115
"cv",97.2664625771355,-0.50495073783049,-0.977589290835736,-3.56007142235031,-676.756656317474,3.50761044698138
"cv",113.686555104187,-0.115622636376567,-1.51838472656773,-2.76789977867358,-147.399858225421,6.64763181411561
"cv",90.2794747534665,-0.364765217256859,-0.986159611860933,-3.43667239073153,-359.06391296868,-2.97141393767531
"cv",96.7044871426926,-0.404649409244726,-0.973101273628661,-3.39201435796879,-635.345019827462,7.15033183595928
"cv",87.9567206973432,-0.534971127010228,-0.846048616863051,-3.65075908948154,-625.62100449577,4.60117099180591
"cv",86.3163342897107,0.823816999542755,-4.21203883413641,-2.14843789732671,47.0393178247191,-0.492659163305165
