"","","par1","par2","par3","par4","par5"
"cv",37.9508438340844,0.701924621543721,-22.0219438579798,-3.58083834991333,572.58538933557,-0.262366008718566
"cv",21.6626893407731,0.417231399747729,-26.9848935848426,-3.18981288021902,671.874308362775,-0.268118807287446
"cv",115.652778543555,0.338110885452948,-33.4390380324063,-3.13439633218854,642.150995285878,-4.63560280855745
"cv",66.4779221692271,0.259035512501471,-48.2578263405238,-3.1706604777904,954.706470021207,-0.270121411047648
"cv",34.2134283452506,0.327610048604199,-48.1855643680319,-3.09948340040932,618.178178053968,-0.275010402720974
"cv",53.9264952620351,0.274393756708197,-14.4304584016012,-3.1553315881477,257.014019466804,-0.259751778701841
"cv",38.9866080836689,0.337708352690182,-27.1970680887462,-3.1567125629574,656.310060600316,-0.272612816011157
