"","","par1","par2","par3","par4","par5"
"cv",179.730712905725,0.412291191536276,-11.6131988907867,-3.01484695491233,408.225848908339,-3.04567401800692
"cv",81.1826212567192,0.26584260786602,-15.0693382535348,-2.6129952688514,23.1792941717614,-7.78594865463674
"cv",82.8760037498686,0.148296562842339,-10.63735512364,-2.70492454134144,8.00790620120792,8.68713136291148
"cv",71.2840263189232,0.287368463658606,-13.0239076343088,-2.68265521667675,22.5584554132183,-8.74052362853656
"cv",67.5775310818776,0.281558228026772,-13.2283516091093,-2.60608372184066,24.2013056108854,-4.17685815133154
"cv",59.7626141166873,0.276034225070489,-34.8965715626665,-2.64774333083412,23.4739323846067,-1.77009023085317
"cv",46.6457182793738,0.341661341608397,-24.7495866249719,-2.58971339606696,23.0812274759204,-6.57420365698636
