"","","par1","par2","par3","par4","par5"
"cv",93.2281736933281,4.58953415101669,-35.9478042098003,-8.44624132228386,627.921033183268,-2.0898456932537
"cv",87.4588397812887,5.212503512677,-47.5083232433318,-9.71186561701853,928.649315474953,-5.0257793474408
"cv",115.573122181734,2.8209521722292,-48.129003760476,-5.37532133831114,549.473236141301,-0.31187002947739
"cv",89.3970319999864,4.44115405595639,-13.8773355242368,-8.16332960519622,628.782129498191,-4.8815821261745
"cv",93.7424556937382,4.99082149284145,-44.7541864297721,-9.33169067025375,526.307459365841,-7.82189260747386
"cv",36.5561969236101,-1.26714346886988,-0.19196524783611,-8.68360291453433,-414.621907041314,7.64985999722333
"cv",88.580572627525,2.42970546519214,-37.3353624716401,-4.28838968084602,443.251716903207,-0.313162281936298
