"","","par1","par2","par3","par4","par5"
"cv",57.9010561618193,0.00668233715913592,-2.07240527198411,-3.17551117175288,583.91512826629,-0.226081131494841
"cv",20.7164232414136,0.375543297728465,-34.1268050948897,-3.04101146789085,370.929299173749,-0.0475986217844706
"cv",44.4839073882834,0.263869847896069,-18.3275987331427,-2.91440883098597,293.461329199864,-0.0407889888306631
"cv",122.934548450203,0.27648564248227,-2.96459138169594,-3.21880491582862,403.793331176198,-0.142980674723412
"cv",37.6665330641648,0.308360212929782,-4.7353226852136,-3.0725419004757,291.303706918899,-0.0429789409372177
"cv",44.2430289421216,0.180116493087187,-3.89065440175523,-3.09660515889321,339.399347547442,-0.0441210792663361
"cv",43.9998561814999,0.217138825661237,-19.633221640063,-2.8867412148142,405.742078598051,-0.154267751128379
