"","","par1","par2","par3","par4","par5"
"cv",57.3150026314977,0.442931757378951,-1.71942888075942,-3.19718682448031,-255.200221236474,9.40955237724011
"cv",70.4666249580322,0.460382365951638,-1.69615085846682,-3.13447853485872,-323.296554395001,5.78251944712663
"cv",53.2693604947283,0.428385091686159,-1.72364824701254,-3.07435314978395,-507.299871309845,8.98232326741835
"cv",61.8249553483691,0.440355756099873,-1.64641901970004,-3.10637227149311,-350.137917027386,4.63459364787679
"cv",116.260166047046,0.158111675674085,-6.35501992666227,-2.63153801579401,229.456740449676,-0.388377219744917
"cv",50.0287083306641,0.397171827221979,-1.59375410957948,-3.13098782281692,-811.354368891243,4.85891197359271
"cv",59.0960490747417,0.390000267284865,-1.55994984787289,-3.16459744596438,-239.094190474453,9.62105186732615
