"","","par1","par2","par3","par4","par5"
"cv",76.9563579525201,0.0947865540197197,-2.13923392616222,-2.78264385637663,8.93159162136915,5.76610368966149
"cv",88.06414268258,-0.059568618342201,-1.61903121635145,-2.90469307015765,8.31921919892266,8.91359598750007
"cv",82.6761782684527,-0.050466323889154,-1.6889961174804,-2.84771402375425,-821.726754629597,4.81945650697283
"cv",73.1889172832148,0.195658798898651,-1.70310745267317,-2.92649797826854,9.20256342117828,7.94117399112352
"cv",55.3992911490136,-0.0359173254772347,-1.70503725593558,-2.83174500299613,7.67344471345385,5.66741078002451
"cv",65.093884813431,0.0445230095417411,-2.09484716065319,-2.72081271257766,8.13233840815391,5.23554771180037
"cv",177.076277754085,0.283678074349562,-4.30811633502736,-2.62156417667735,209.559585770007,-6.94425256167465
