"","","par1","par2","par3","par4","par5"
"cv",86.5020772812083,0.00227790467151601,-1.43661460614666,-2.95782129179002,-480.656947678577,2.93733063382416
"cv",58.5551292520861,-0.0554570081797879,-1.36455399066248,-3.0975850938319,-124.768589219095,6.63116069395488
"cv",57.468186655151,0.387323931779061,-1.74418113271565,-2.83973204356179,40.3022910877983,-2.8140011794102
"cv",110.08742873437,0.27793797284507,-1.80545821536173,-2.94322083609176,21.3470334091799,-1.46750536399994
"cv",98.3234396724984,-0.1503763109801,-1.24867713671912,-3.34110055040245,-112.26254440336,6.53179079810764
"cv",112.228124955237,0.041556162574888,-1.36686784699964,-3.13140584092365,-708.671447633066,0.847918174748368
"cv",63.423154754004,0.0587328026372717,-1.60841106041119,-3.02755277082173,-50.3432697609285,6.31012058308441
