"","","par1","par2","par3","par4","par5"
"cv",64.0052201257093,0.313325284743525,-2.49329240894719,-3.45490500153722,-833.844442937694,-9.46174091511634
"cv",40.8091756922468,0.38708445944179,-2.77245122108808,-3.43641248697947,-530.521640157452,-4.61791088175028
"cv",47.6735132254802,0.337546131038985,-2.56487584446077,-3.54462095178383,-245.708146008849,-3.93726806139121
"cv",47.694600603081,0.274843747685489,-2.47609280527982,-3.56073283794591,-781.696367434565,-8.17774858803593
"cv",68.1489101907156,0.449462034313952,-3.03264549045981,-3.47285876817877,-177.162130317629,3.6410471610657
"cv",40.0322419941789,0.333614194536545,-2.68243493964243,-3.45310168207534,-758.812499175025,-4.72307860881472
"cv",27.0731699208396,0.569943969499474,-2.70399563770231,-3.41280431843058,-718.158621454784,-5.71741627410305
