"","","par1","par2","par3","par4","par5"
"cv",65.245099302152,0.334165128723198,-33.6207280714754,-3.16934389265219,56.1808963025987,-0.427330517753293
"cv",120.847091157474,0.929551412607475,-17.1663465237753,-3.76817959984833,198.209020247822,-0.578409043088982
"cv",66.3324078569085,0.249315711860273,-27.3020600951627,-2.95028682640111,55.0677996647438,-6.42476668581367
"cv",70.0460289406497,0.190581802655788,-43.610219599608,-2.94142093869702,51.5223691555479,-0.471585324219724
"cv",72.4023577500353,0.142940195941196,-13.1776527777248,-3.12607024021106,-333.465696718248,-0.23372268062628
"cv",75.5192001527084,0.185784572819965,-12.4568607800771,-3.03485842010354,-778.851677955258,-0.218641548417509
"cv",19.0033510240595,0.243478854025934,-39.6245155716315,-3.02432968223329,51.4898690556925,-0.460817962714479
