"","","par1","par2","par3","par4","par5"
"cv",129.863763050769,-0.385792536578949,-0.967984241433442,-3.26022116495898,-19.2097511918932,4.75148470889541
"cv",122.473317699002,0.547004423195204,-1.8266984904968,-2.39806574410471,998.684571138463,-7.163440024794
"cv",120.341591760998,0.5887126245262,-2.12851427288066,-2.39204367267719,981.40187866639,-1.10350673870622
"cv",107.51796285954,0.681512073480127,-44.5075227413327,-2.25844086514761,694.589714541964,-0.0148404229144078
"cv",87.2759429347563,-0.270413084503148,-1.11725947257245,-2.79379166872501,-254.328785701099,-5.63112588421651
"cv",106.130885149898,0.627837508832261,-19.1788011012391,-2.36766136307524,12.8741101361811,1.59675521368609
"cv",106.07812596326,0.695750426875525,-5.23533429238911,-2.08898087235459,784.512824749315,-0.0174195792830584
