"","","par1","par2","par3","par4","par5"
"cv",106.056242779703,0.794220108759954,-17.0671712700466,-2.48672634932482,58.2263021307997,-1.00004280819735
"cv",75.9068317649826,-1.10005971208118,-0.00283542871533005,-6.85666785830325,-536.974083369602,-1.18052905814046
"cv",91.6437948341429,0.602329091471248,-34.2439612051565,-2.34729251709088,23.2741336672211,-1.21439185336667
"cv",108.011698708584,0.831710272281642,-35.4412915883586,-2.36136474960523,41.4383883311949,-2.68268644694128
"cv",106.566269447258,0.845256897887261,-15.362214497697,-2.47626363385301,43.9829760702531,-3.63158091362574
"cv",53.9397816127083,-1.01771950571538,1.43503778148443,-5.90090382751077,-145.390901525006,2.21955620239417
"cv",82.5916496099515,-0.328630330750318,-0.968961454613217,-3.67022708129021,39.877488362094,-8.80437142215669
