"","","par1","par2","par3","par4","par5"
"cv",103.235916291751,0.180205700930305,-1.64330406477768,-2.86476213374751,-201.478043462316,6.45034453927436
"cv",105.810363745681,0.630558643296001,-30.6984751284327,-2.68901414957196,20.3538848842286,-3.52196888998151
"cv",80.3017764134538,0.585758832720396,-47.2372910997832,-2.58242137456374,16.7305097578458,-3.07639196063941
"cv",81.990271127382,0.687858814242702,-21.4080575910628,-2.63708741183491,17.4698034932988,-3.73905753069105
"cv",113.651112850008,0.730943940986883,-18.2704631392487,-2.66694583144936,17.3351100252354,-8.73703766695869
"cv",100.972753727549,0.587030445620578,-6.57373249505385,-2.64541766397964,6.71185274834366,2.9476372406459
"cv",49.3095429369339,0.597903994950753,-11.1133844093801,-2.50423537346252,17.8662487221004,-4.16787304379198
