"","","par1","par2","par3","par4","par5"
"cv",81.9082633981358,0.376353808628824,-24.1806032966257,-3.13851396553934,111.069884651554,-0.511913780320846
"cv",15.295827188452,0.387251407929062,-27.6168738724664,-3.02869780899295,115.762387917916,-0.505452294743029
"cv",46.6031976981613,0.339150889177418,-7.75048157656217,-3.06630435170271,115.634473663109,-0.496657394018758
"cv",25.3856538821257,0.275716952099564,-24.4940454732465,-2.9156561207127,128.312241793225,-0.526795919506729
"cv",24.3550846885259,0.341830915313468,-26.2694586377216,-2.9934354887094,118.55257309325,-0.50676438336398
"cv",56.3182491112092,0.136441718366878,-2.88836822983531,-3.20492916334657,112.122513329285,-1.57447244405184
"cv",90.4914528374003,0.161883749562883,-3.62991621957923,-3.08698524869182,269.146252186761,-0.78921759467802
