"","","par1","par2","par3","par4","par5"
"cv",129.557059481202,0.899369508931173,-22.4175704231531,-2.7442044126609,170.801913532581,-0.280917204162981
"cv",81.2697004828905,0.972063975172637,-45.2250159204588,-2.45403485000957,149.313779473667,-0.274528238379729
"cv",120.332387024762,0.511228025874449,-38.4570614167162,-2.45492067520879,24.3057184532887,-0.649798701723471
"cv",115.268470081076,1.10342220091968,-36.6766522649149,-2.64228803285227,179.057237064205,-4.24501359861518
"cv",119.894763639919,1.04938508003618,-35.5247797391395,-2.58491420608775,172.398673524023,-0.0990981556140284
"cv",81.5213813513832,0.960505097336728,-47.6050167471673,-2.43831048447907,297.230367469286,-1.82272244282092
"cv",78.1188641446133,1.07712532247329,-34.4250121200659,-2.4873088861673,173.703231994612,-6.23279089766337
