"","","par1","par2","par3","par4","par5"
"cv",105.349162029606,0.981738487164901,-28.3201088015597,-2.13441835583768,79.7814661197511,-4.49005197833858
"cv",94.6094757407501,0.910920845741186,-42.6399695223795,-2.10967716085123,78.0492835603831,-2.65672949489912
"cv",112.052928398105,0.855953793352032,-38.8535917248365,-2.22705537157472,75.7547087556533,-7.84113362710992
"cv",100.799593423776,1.04112042507799,-5.4268496854668,-2.09161537340615,75.6424893847317,-1.48842742351817
"cv",135.660415437131,1.27815974286729,-43.160343971581,-2.38385961087917,200.410462915897,-0.572865009802563
"cv",103.599502536215,0.956346292562751,-27.9522811216505,-2.22024575326744,81.4585217631611,-1.0684098167374
"cv",102.263066248108,0.95923143609238,-27.6521228768714,-2.16433815107998,70.6430507029696,-0.646795256876683
