"","","par1","par2","par3","par4","par5"
"cv",97.9052986051969,-0.990745144082883,2.27189817667457,-5.43278656499245,-870.388915612405,-2.60460287410552
"cv",121.415846202329,-1.03359152754566,0.596765814905264,-5.59005230047049,-479.038423290488,2.7746888919064
"cv",119.724108948215,-1.12610620342137,0.0998701675024929,-6.37170561823955,-814.431671116641,5.11277881803599
"cv",74.535871256414,-0.957440832634492,0.410255243533957,-4.88307056945161,-915.813500752608,-4.77347574774357
"cv",116.39075655679,-1.04615026029276,0.749084562987067,-5.71911822470891,-91.8007357977331,-7.67284723765382
"cv",92.8087053843565,-1.25987106666386,2.18447758069425,-7.72937688048991,-881.951341046574,-3.02210277412087
"cv",111.635921473828,0.694309306254189,-2.07778677169659,-2.00866618953395,201.317399315156,-0.68105014452855
