"","","par1","par2","par3","par4","par5"
"cv",115.257740581567,0.874988618120551,-22.8344047425015,-2.46901114742171,18.1695167599213,-2.53662126316156
"cv",106.590048278438,1.23340730306365,-43.1993264724059,-2.55626785742042,447.203878405148,-0.658759193947385
"cv",100.240128753335,1.07678763195128,-9.61824870755863,-2.38846197429751,65.0814812331943,-8.30840033864656
"cv",125.856374855165,1.53155049668171,-38.4075102074662,-2.96410688717582,399.599052806919,-4.91948731475598
"cv",116.472594357914,1.0547213499143,-29.9936729369371,-2.62295318484277,300.147498242328,-3.26331216190786
"cv",108.715950998453,1.06018174200298,-41.6132445033814,-2.5388775050946,59.8172736354172,-7.57946324521994
"cv",87.9943622727136,1.2545069106047,-39.6639073834481,-2.47915790219004,154.258724431211,-0.741850664030288
