"","","par1","par2","par3","par4","par5"
"cv",83.6365625003663,0.830151845201027,-20.434389926871,-2.80202187449819,36.6410345366856,-1.10826804913779
"cv",93.0586573807246,0.852886630153419,-43.2040864259656,-3.0119554173182,52.2425861127494,-0.818627324652047
"cv",91.0647073760459,0.710566532338529,-13.5685492333285,-2.84427712497265,35.7135809847732,-0.597102713554429
"cv",74.2275465252828,0.769824856137785,-18.8503064521966,-2.84209185843979,43.0964399922751,-0.414224821250099
"cv",56.1036925647773,0.7839338408843,-33.9971302192565,-2.79426851189666,30.8083561759803,-0.74905049441246
"cv",70.7362621483429,0.742727088949586,-14.8552489932445,-2.83347556181338,34.3827254486604,-0.423427366805059
"cv",64.038466080791,0.761588057573075,-21.3918536064627,-2.75372134217327,35.967474345681,-0.43308047650114
