"","","par1","par2","par3","par4","par5"
"cv",94.3194461041641,-0.352174613893649,-1.12595761950744,-3.13839335943446,3.84870245451186,-9.66937556132776
"cv",117.412257279726,0.653279409348055,-5.04566446464417,-2.51686314667865,46.3704479256873,-0.496537540983479
"cv",72.4699029651402,0.591557039137515,-3.74967294949096,-2.40088941762435,47.0897124097405,-0.517219193338853
"cv",110.242071317632,0.419747727413883,-2.17351266168685,-2.52467195777247,382.582111855939,0.0403262759650562
"cv",124.647207903957,0.61606558987534,-40.2695034706292,-2.49331841601924,44.7451469271865,-8.22728754612604
"cv",111.019860918252,0.555485424269059,-4.29308276628018,-2.40929384195376,823.112280308423,-0.654781986579245
"cv",80.7658640111702,-0.481160457554291,-1.03892902135581,-3.70459344579318,-825.941910401015,4.0277869889705
