"","","par1","par2","par3","par4","par5"
"cv",114.678853465437,0.597841282350381,-6.54679770135585,-2.47110330227117,33.7014170834975,-0.780751761957385
"cv",75.0400699226975,0.484950493185338,-14.7933264794873,-2.30472921255535,33.6700452749435,-0.745626445859671
"cv",97.6652331195075,0.532121072640651,-16.4147842706871,-2.43181915841718,32.6015967187143,-4.40725282243739
"cv",98.1755180790578,0.461533120983363,-16.9405712610134,-2.39756525024133,35.2417975297938,-1.92035046282826
"cv",80.1839787605976,0.48967977937986,-9.65379427652806,-2.3290924129581,33.5633033670576,-8.94817492366047
"cv",70.8927966702763,0.517453356941556,-26.8872182656017,-2.3426508052397,31.9190343304955,-5.38992684787269
"cv",85.917465522916,0.465583815068106,-8.80528207415998,-2.34383103689099,18.1245590905235,-0.764052728662187
