"","","par1","par2","par3","par4","par5"
"cv",88.7924168368362,-1.18717377924415,1.35250833928532,-7.10861804309956,-611.534924033641,3.43678704405542
"cv",88.9794381834623,-1.437423487919,0.889399536722755,-9.91791602365375,-646.430975154313,5.09935106150806
"cv",108.149273872545,1.19838415498687,-36.0669469323707,-2.43695092743074,124.042017092565,-8.43325536448194
"cv",96.7640313408943,1.29781257611745,-38.015012582764,-2.3577322016682,128.750555042083,-0.154769863002002
"cv",90.4779393820689,1.16810188417992,-35.3076595303377,-2.30930116873079,175.528254555955,-9.53327059709867
"cv",88.0886974570013,-1.3553629247794,0.654510250984305,-9.70225919127074,-696.961331115149,9.85190592710783
"cv",94.9404980060684,1.14221655950863,-27.8246536666064,-2.35169439510464,119.23884963862,-0.25705825293596
