"","","par1","par2","par3","par4","par5"
"cv",21.8098526264495,-0.00197770748975732,-19.155471614788,-3.42544180079141,139.907571863525,-0.242818136470842
"cv",56.5364842686746,-0.0406382400344721,-33.4385300463809,-3.45915906979935,720.957869637521,-0.309520235080792
"cv",31.508234199928,-0.0695859266922369,-10.2066709689949,-3.16536790307157,188.747295977701,-0.269701504921591
"cv",16.548028723954,-0.13809928063325,-13.8709319216931,-3.38913453210055,183.332468086694,-0.259474549253912
"cv",51.541059543107,-0.126672290828831,-19.9354145499389,-3.11486772441749,182.355448160664,-0.227494970026518
"cv",23.1102383367876,0.0330793775135913,-18.887050674457,-3.40884217540439,187.332141147708,-0.261189521406707
"cv",21.6497069742385,-0.00459726545786347,-16.260955018787,-3.3474348942219,134.979661950104,-0.246394239843183
