"","","par1","par2","par3","par4","par5"
"cv",133.676849982223,0.373513554966666,-27.2837379391095,-2.89367270537748,32.4061212998369,-2.07850796958982
"cv",71.9660004826634,1.28942782444789,-36.3472235204174,-3.31357805043383,755.657853184951,-5.73294568066452
"cv",97.0686803481022,0.224518189890467,-11.2250247737393,-2.61179077523552,26.4968563245518,-0.808099074074881
"cv",100.766299432443,0.27137781236241,-19.5693973843268,-2.88807311298276,24.4431035597253,-7.50931450832836
"cv",75.5705936454986,0.934867651862959,-37.4308750012472,-3.02278392868301,557.190109044313,-4.26453256695358
"cv",75.6683910328523,0.269506281551534,-19.4329885671866,-2.62109675446836,27.6983101987487,-0.606048089220264
"cv",66.1467810045943,1.44530517417082,-10.6091776464157,-3.53390792409015,907.433156133388,-5.94702737772901
