"","","par1","par2","par3","par4","par5"
"cv",118.193975356468,1.57604089704943,-41.5611482563257,-2.87296902585632,465.129116903298,-2.59034257906627
"cv",108.690668308853,1.24558170987007,-33.3178964354927,-2.47087271789677,149.135694842665,-4.59009812385468
"cv",93.3071869784611,1.33962160247251,-29.3394053387057,-2.40047570583424,763.564010387833,-0.327969811433246
"cv",95.4755893503807,1.27545451514072,-3.6125452758412,-2.42155723550853,377.008769249361,-5.99350084839248
"cv",108.468288055825,1.2521579648848,-31.385844600534,-2.43689929082556,703.918383445424,-5.78230534126865
"cv",103.453488458776,1.30712899244957,-29.480497734986,-2.40139336928755,782.297156391935,-2.09801428744792
"cv",96.0049134082141,1.15517642519476,-36.7315425673757,-2.29873441304466,160.228896129938,-4.11044840329429
