"","","par1","par2","par3","par4","par5"
"cv",72.4939001122212,0.731836773353241,-3.31982528906463,-3.44303642228802,15.0533622130752,-8.45075855406212
"cv",75.9263001851677,0.370305947732462,-2.44931892328927,-3.07470352516495,-362.298428402727,-3.3454691282311
"cv",84.9749130148341,0.757177362721258,-3.60522173052758,-3.35735754002528,19.0820047826873,-2.57103772675974
"cv",54.7690337995123,0.499629176131762,-26.8150824494654,-3.02784188132094,998.808678239584,-3.70208030639254
"cv",71.6058358137576,0.70901322359079,-23.6973202523428,-3.06474841843049,16.1317679798684,-5.0702939662635
"cv",47.1445701882306,0.706410172272023,-10.0628663776418,-3.1001429295666,15.8391983998278,-6.91064238786166
"cv",51.5336012356083,0.683146581126668,-2.88871936506426,-3.23456969439433,15.8148431052481,-0.232657358845675
