"","","par1","par2","par3","par4","par5"
"cv",116.673294171383,0.741735145643885,-19.0670663123858,-2.1318243073006,9.42059754141819,-8.40601152740419
"cv",103.172062589295,0.646810164754016,-19.8020542363501,-2.1862567160447,10.1215484997557,-2.87999312241291
"cv",96.4137594842491,0.702023773807507,-14.8205822091876,-2.15483411727006,11.4962274793147,-7.24262671496371
"cv",92.772150682682,0.758662713702544,-4.9722054378526,-2.14482420332087,9.58466110183018,-8.959830715321
"cv",103.564169034955,0.7496605561045,-13.9006291568145,-2.12618879281909,10.3619178008716,-7.68830052330152
"cv",92.7883709503185,0.772924823341109,-6.02373008516345,-2.13531165902399,10.4313305200653,-8.28959328670693
"cv",117.848588702736,0.78998975312788,-47.0849175704643,-2.31838985201228,10.1850232805289,-9.06591319075591
