"","","par1","par2","par3","par4","par5"
"cv",39.9350192691797,0.26298911168447,-3.11015984135751,-3.49071700314518,659.546346375441,-0.175723621810162
"cv",31.2661519376448,0.253670311743582,-3.28067769385159,-3.46217864406154,747.238379032026,-1.06479861855265
"cv",26.0992532687654,0.338664935872562,-3.84852746902107,-3.39498025447376,708.309702852133,-1.2790692036536
"cv",44.9927525278364,0.284190849343656,-3.50319089895528,-3.48162734741071,706.239497403792,-0.882227397300417
"cv",37.6975406322259,0.249520186644855,-3.47509364077369,-3.35387780091734,876.994650193525,-1.35368697732691
"cv",45.3244835372469,0.385632859381616,-4.02113833392774,-3.50938193568335,687.856782864535,-1.30689124577377
"cv",57.7440444507558,0.262946713037787,-3.11052211652151,-3.45519337178658,736.165325556177,-0.348326291009928
