"","","par1","par2","par3","par4","par5"
"cv",99.1414490327512,3.73417527377497,-40.8132005362397,-6.78091944233708,266.31338102743,-0.300394659387364
"cv",103.237365790145,-0.733690284494666,-0.291324701777711,-4.86830974204063,-286.337848752737,-3.89909581505511
"cv",104.274865038372,1.42240657430246,-46.5860776142275,-2.91346645600517,820.879577575251,-2.73294992279261
"cv",95.4076525870454,-1.02178469719293,0.881746627382302,-5.33827784025686,-690.829327065637,5.46577909931729
"cv",77.9803110152695,-0.957097813410216,-0.734379235974962,-5.67677288580101,-437.874435716944,2.91788662948734
"cv",102.802288157137,1.55893250977902,-39.1768511029817,-2.9140556205588,178.943892593922,-6.62429950593345
"cv",79.3608002009764,-1.12066229326119,1.43096881400338,-7.19593579897648,-230.951582778819,8.40222536120564
