"","","par1","par2","par3","par4","par5"
"cv",97.4818534000965,0.604836149827863,-2.07023921042003,-2.82884615378855,88.8804912069037,-0.244752160896974
"cv",100.591066448746,0.90924212561243,-2.51050507279664,-2.78478721698182,230.512421148,-8.54484109873485
"cv",96.8713360914505,0.858311354977473,-3.75784911394451,-2.61189274428104,83.5668672269384,-0.470541376210352
"cv",86.8963579472051,0.873694768809322,-46.7975084562254,-2.5150211442326,88.7111436093051,-1.64324460291367
"cv",82.0922963300999,0.738572011923505,-27.1646192297114,-2.50912601489325,89.5842963182509,-4.46592154912651
"cv",104.554449441684,0.829486318518434,-2.78761942222062,-2.80578254705748,97.0505894078927,-0.506248472512814
"cv",91.4452387854547,0.944375358330489,-48.8731757384271,-2.5774519523275,68.7042978966472,-8.16203693521294
