"","","par1","par2","par3","par4","par5"
"cv",63.4553530388958,-1.20119293528176,-0.649404493793617,-7.389762172764,-741.817087013348,-4.86758366291889
"cv",100.423075166329,-0.694928787886214,-0.313243190571663,-4.23856058980017,-109.283989015927,2.24951700241785
"cv",58.626353032308,-1.29481834825128,2.81362414825708,-8.77001119291486,6.30225542379003,-9.91868040306995
"cv",99.8944675880269,0.952200157622814,-23.4520038762639,-2.08066240294951,45.54384196045,-7.01928982045501
"cv",133.648675874078,-0.921860519568621,-0.524188401455494,-5.49508147065316,-92.7501848205764,-7.57828769378812
"cv",103.044998015775,0.656820787733516,-8.34959540600947,-2.1893115271074,21.2599470002623,-1.14209396763834
"cv",111.309447512979,0.948647624711813,-39.0483869708809,-2.18253949615934,51.4606714655543,-0.823904940249043
