"","","par1","par2","par3","par4","par5"
"cv",106.254043261348,0.0330211577285606,-1.86689369602116,-3.2858620989965,-78.4559309993947,-9.72810125104346
"cv",72.8986953408965,0.483443409532375,-5.30003449397017,-2.79523455691223,13.014310922903,-1.44267922507352
"cv",110.132497307426,0.68066643667882,-44.9212639679409,-3.02377786746151,150.823832119096,-0.538189942566783
"cv",51.6355132365229,0.514079286788608,-4.15498057917246,-2.87794310848521,11.725495321141,-2.11903583535922
"cv",90.3202631150352,0.43298681826468,-3.04455115805293,-3.10538983316428,15.416770616348,-1.22672852602845
"cv",65.5988925676025,0.610388100688323,-9.74375788681138,-2.84948877886941,12.0729629152393,-1.553532952532
"cv",84.0181490435001,0.496619184379822,-4.40112155441599,-2.85431159388658,12.8863694313001,-1.57354902899049
