"","","par1","par2","par3","par4","par5"
"cv",97.6033565807038,-0.482354660549842,-0.682008909224935,-3.67364498598999,-570.28032439421,8.19077698685239
"cv",104.210774647091,-0.524718717498868,-0.492337294903295,-3.81981855101631,-616.83118009495,5.31717227621488
"cv",90.0683160269271,-0.551399382412652,-0.472733431990276,-3.82733897446287,-9.64982092901215,7.52592486112473
"cv",95.0749925867142,-0.870562161215308,-0.598296292418377,-4.89839819811779,-629.833066225211,6.43213833283623
"cv",84.1426707436645,-0.561705903287639,-0.564759121937042,-3.87829979125106,-499.267112206977,4.83181854498657
"cv",100.745027466291,1.03068749020381,-15.1519753816224,-2.028365849142,5.11721410018203,6.35877430983414
"cv",82.9419987210234,-0.549756783971097,-0.666943677218331,-4.03893024488302,-59.6040287332631,6.4779661773549
