"","","par1","par2","par3","par4","par5"
"cv",58.5799996215508,0.257252195044922,-36.8390622252732,-2.90636787930121,23.6255615193564,0.222097569767116
"cv",76.4001431216202,0.311575072606614,-26.6875392411751,-3.01004096141711,46.7306878342621,0.0190300858187089
"cv",55.9450775823076,0.150359395403898,-28.6554124452544,-2.90582239020784,39.9022590354085,0.0443673232439079
"cv",97.3097509433629,0.212469323295427,-9.79133685225705,-2.89400184009495,-656.663033587177,3.03419787055682
"cv",79.640460331045,0.18453892879483,-24.4744689718242,-2.91083840154611,24.2441355505889,0.274760693385999
"cv",50.1331024906633,0.452311871002028,-13.6661326100378,-2.9214829522706,175.090233090922,-4.82021930773697
"cv",37.6117121066646,0.472218525109215,-17.1936228576745,-2.94043829256952,165.159776289378,-3.04123534467366
