"","","par1","par2","par3","par4","par5"
"cv",130.926255793152,0.23227461327382,-2.40879778860281,-2.63664238029317,9.0432404859281,3.52678228803715
"cv",79.3371048112918,0.353663120959419,-3.15856770765246,-2.21286283132718,3.79675524440569,1.76198973415462
"cv",98.8582222802754,0.156797863426947,-2.06161419690555,-2.5358223627655,10.5637347466246,1.40305099221822
"cv",96.946654715189,0.334276847050939,-2.72447129157189,-2.32666228241656,7.97526619714361,6.8542738997588
"cv",59.3376244998586,0.284684134074868,-2.50639618338401,-2.25260309366731,4.4827230598583,2.28836953728637
"cv",130.634152146187,0.276746386376837,-2.63446983180769,-2.41850465524804,-468.126748533979,-4.17723966169619
"cv",104.749378939546,0.857684016973294,-6.67551718164853,-2.27951950814063,5.79910884483098,9.65440777596086
