"","","par1","par2","par3","par4","par5"
"cv",66.4283984996012,0.463038383960224,-29.7462658687486,-2.89125700691947,20.0878563863444,0.0497456182169573
"cv",194.488427533159,0.664331340280088,-3.34341559559107,-3.73417198072012,37.6424041628827,-1.20936643865116
"cv",40.091392537195,0.483141610908392,-3.52159681534823,-2.9427724750724,14.1439801887987,-0.0989806986793882
"cv",34.7613384556479,0.353562852145396,-3.53224062744819,-2.90274557335116,24.8438601584521,-0.637310679048152
"cv",49.6698519221976,0.280918734895672,-2.85835218913048,-2.93291330785197,-336.65397042732,0.13116521664552
"cv",68.6097740018748,0.322177008676244,-4.04209893782879,-2.94604200196334,18.7475052662194,-0.505902292206883
"cv",65.697360215479,0.411106973246055,-3.36183482877002,-2.92487573518531,20.7885259501032,-0.808985581363318
