"","","par1","par2","par3","par4","par5"
"cv",98.9043652677699,-0.196462204723508,-2.39968493131776,-2.87520997755278,942.439659290767,-0.187495786875332
"cv",56.0824005367814,-0.287507802132148,-2.0454608820092,-2.9495719947506,967.650394313155,-0.182500923426267
"cv",154.977915347912,0.108280667049654,-4.02210177173254,-2.87532719158351,976.960409378903,-0.175532905086917
"cv",57.4215449813751,-0.317426107088395,-2.17959044858537,-2.95637225815026,902.814660569628,-0.181245477510429
"cv",102.593055601477,-0.306215879830754,-1.96065271003239,-3.01534679284482,991.115694011775,-0.164070123329672
"cv",118.217821493735,-0.174781359440896,-2.31984976224326,-2.92557154408746,996.365991075498,-0.162123591255484
"cv",26.2057297114363,-0.0897279608862828,-13.0719336082086,-2.54330118178276,921.804206939085,-0.167119565603054
