"","","par1","par2","par3","par4","par5"
"cv",99.5307253640086,0.427116201617501,-19.4683868416839,-2.82307847044216,60.3404745589144,-0.532951270955491
"cv",155.338156542852,1.01991594120558,-27.3944081259256,-3.46240794693642,504.553307795646,-0.448616559021273
"cv",87.3019407650352,0.467204409910518,-37.525573422485,-2.96327091093136,52.5260644988745,-0.540144133191222
"cv",120.050126353379,0.521857880752754,-21.3434050407745,-2.81410895814523,119.867453940662,-0.237185413743307
"cv",57.3568483966541,0.4180080676836,-12.39577517786,-2.97067630073469,58.3461542805692,-0.596077086645612
"cv",49.1335015230607,1.15875743328999,-43.075713511719,-3.34988595657522,243.960255436871,-0.463973790999854
"cv",71.6450492178391,0.856372884252048,-16.7610768657912,-3.17016953451273,272.542020444217,-0.434235901418171
