"","","par1","par2","par3","par4","par5"
"cv",116.597368172225,0.648678267680421,-2.11370873679386,-2.37547347588163,270.876276525725,-7.07973342678869
"cv",95.9434947367234,0.650864301994236,-3.368048623144,-2.10396877533627,277.038430732943,-6.34230733206275
"cv",102.223195944959,-0.440905050610173,-0.811601677046783,-3.23226085467068,-915.463772673793,-5.17482429375265
"cv",104.294782279572,0.547993162047884,-1.73768999524935,-2.45496234072087,271.178740791176,-7.62263805656005
"cv",101.16333697211,-0.24418953037322,-1.00070595127933,-3.19067212512893,-219.28282946623,5.51374751075795
"cv",103.974577960217,0.688934723184026,-2.50870882006293,-2.18246370220718,291.660357457091,-4.7201668009243
"cv",113.253576578048,0.705230456830305,-2.83354550586721,-2.25682161554425,245.058158014287,-5.6371766742522
