"","","par1","par2","par3","par4","par5"
"cv",104.906128330338,0.76455823852836,-26.990485725384,-2.25630418703251,18.6345009134495,-2.92817221417066
"cv",111.066068145808,0.715794742070105,-5.04178285877554,-2.33714241230039,24.184558628759,-9.21080834935539
"cv",85.2187711306688,-0.0746257326132155,-0.761643606591045,-3.29250242932634,-872.168299952028,5.84557425754259
"cv",97.8357666829863,-0.308433732701848,-0.780953305214645,-3.55644058735101,-10.1204798556864,0.868370225221223
"cv",77.7569792463388,-0.285105838534813,-0.758426174972369,-3.41762969192232,-58.0415001979188,4.61032682293334
"cv",91.874881078529,-0.361006481746579,-0.349516316208241,-3.75952354041428,-112.164851794412,-2.42047429754347
"cv",103.288576617273,0.95641747270568,-24.9656045093809,-2.20120866414616,4.46230756672861,4.60368211774826
