"","","par1","par2","par3","par4","par5"
"cv",19.2345466439064,-0.00562092559430239,-3.02052131273906,-3.23081344661769,535.329737336888,-2.55726825236415
"cv",5.78570079515743,0.0564819013699419,-3.59479993729624,-3.19761378909122,540.043743404631,-0.831845004395602
"cv",76.1612337645523,0.0789106004992452,-3.3403996249485,-3.43859608071751,900.46636413038,-0.179275153475293
"cv",61.7803472787652,0.0259326564396445,-3.55761563642907,-3.30865374842723,548.967787904149,-0.912695254062053
"cv",21.1028159186803,0.168771758023842,-4.80186378504587,-3.40234417276005,534.369745549872,-0.135305938862605
"cv",27.7631585956178,0.0309925283594388,-20.0706998148825,-3.2495015316548,602.836237927629,-0.138498266928012
"cv",57.5347435010184,-0.0392457855067538,-3.55439183973897,-3.14783948979951,537.184193231353,-5.34739930310918
