"","","par1","par2","par3","par4","par5"
"cv",113.552793323562,1.06272128818642,-3.17612696957036,-2.99954236388664,416.554220621133,-1.70055982889046
"cv",89.1696807999916,0.41235308773787,-2.13302073155043,-2.82580724279945,70.1174992467013,-0.468317071379036
"cv",92.8852234660866,0.646996064548612,-3.06747992292632,-2.52982072450382,71.1078228930139,-1.47979972391558
"cv",76.6874489586186,0.552642973051842,-20.6294727551555,-2.43768575220764,56.5101012272614,-0.578984223178754
"cv",92.840812233024,0.73706656898295,-2.14765679181645,-2.89784649685823,413.485133154412,-7.33014455934403
"cv",119.893745082593,0.914654899098042,-9.44839997301117,-2.58114329730204,656.12870707286,0.227766162277653
"cv",87.4489185867371,0.878594065816871,-2.3884650102587,-2.82620887792527,583.501565525393,-1.36864261628894
