"","","par1","par2","par3","par4","par5"
"cv",98.0688700553224,0.169075406118399,-13.4562691487124,-2.7251381840329,999.958136890287,-8.84381495246348
"cv",59.194025375904,0.159816328534826,-13.5890430841994,-2.61988315596076,999.992339239091,-3.85199297852395
"cv",92.8831059448349,0.234530088828606,-17.4769938594406,-2.80763997728529,999.216555446618,-1.26452629568685
"cv",66.314684304686,0.136227965331699,-19.2198003519281,-2.67395182538493,455.229819420943,-0.541736397997426
"cv",86.4307842446127,0.0955202274482235,-15.6433715699958,-2.64885259326695,999.947830863439,-5.46620568717265
"cv",55.0267283751785,0.187711212589202,-14.2099255822928,-2.67907086195118,999.980581254544,-2.21490258615061
"cv",27.3081659405575,0.239219450280362,-15.7241164586978,-2.65653128311086,999.988775683322,-1.37776939361634
