"","","par1","par2","par3","par4","par5"
"cv",84.7573662722612,1.33181860683775,-38.670070087697,-3.2486544027062,998.942993468712,-8.46254375577316
"cv",85.912090537674,1.30963168551501,-23.0089625065187,-3.26692618803672,942.83160488915,-5.90827549807727
"cv",131.698031006227,4.69935729573769,-44.7127051007024,-9.9913820561696,678.921348445674,-7.47116447781134
"cv",72.8820686868958,1.31039369846076,-43.8948067005337,-3.24955832491903,184.757921738026,-3.07098643639823
"cv",87.8172597141186,1.2735883535241,-25.3578873888283,-3.19127422436427,992.004745317209,-0.774599872961838
"cv",80.7530863806173,1.34835913761619,-37.8806297784591,-3.2426848626535,984.950173328201,-7.02840943641267
"cv",96.4690803476583,1.30292397020565,-3.67697871835962,-3.25391027725603,883.915485997654,-6.90639466528892
