"","","par1","par2","par3","par4","par5"
"cv",95.8156433820642,-0.663066952865368,-0.865659595782933,-3.885274405005,-395.630600396544,0.817783907987177
"cv",100.514178756046,0.775069027923726,-47.0475341505811,-2.28162096398306,47.8058852953177,-0.468136688601315
"cv",103.492856784675,0.762366676907672,-6.44475168709979,-2.31069347587281,46.1400005548335,-0.510679222040194
"cv",97.2778654997494,0.822752573730419,-16.1919645960884,-2.32923508118296,58.618394486685,-0.662839883175216
"cv",100.817119223308,-0.431201850750307,-0.699334487817335,-3.75540671261071,-917.524238492667,1.97422384750098
"cv",117.772574328842,0.801160135131809,-11.5144048840664,-2.48796308725841,49.7213502550465,-0.576462077361685
"cv",96.9441546320834,0.694597653555116,-4.58387401886284,-2.35226773559803,41.9842708500916,-0.492814303082177
