"","","par1","par2","par3","par4","par5"
"cv",127.24087190907,-0.00201719046578702,-15.0022834928692,-2.68653873636143,17.2790547883356,-1.42441243406555
"cv",125.775528193742,0.157419105910351,-10.3500082768569,-2.54627267081768,27.5004610685446,-7.76390785351396
"cv",118.048842217728,0.136078996689748,-15.9159509726816,-2.56302664239719,30.3788924263558,-1.39970516691572
"cv",114.138118735549,0.0716392113425149,-25.1726274659918,-2.46703463791438,20.6620671202929,-1.25316826128577
"cv",103.037512817193,0.10807333590832,-12.0320845840772,-2.44898019796631,17.8017021456088,-7.52197477875379
"cv",73.8606444115751,1.45717112246156,-45.0199070944787,-3.08172469086874,331.864243852709,-0.794271048877316
"cv",80.0967426495192,1.44022494585582,-38.5129458356653,-3.05101918900049,332.1685815947,-0.791055809281125
