"","","par1","par2","par3","par4","par5"
"cv",65.1580358498729,0.54742229577689,-7.37063819455248,-3.60285338523695,217.814653439718,0.0936017128169327
"cv",101.544189245641,0.651497584287817,-14.9984517868702,-3.68760778994379,204.678854066886,-0.000434511395853598
"cv",93.7907957273365,0.575773293034076,-15.9749777157498,-3.44459397254754,859.148715001917,-0.0287938895717426
"cv",38.3551793900337,0.436366279371839,-14.3571914983976,-3.13152926033667,692.142027408625,-0.0365753285586834
"cv",63.5370831205244,0.380942856330055,-26.9490454289811,-3.14114216058352,633.736300148454,-0.0338128674775362
"cv",42.9517984261097,0.28522381979392,-15.2044135068502,-3.00051810583526,672.80764271402,-3.09760362120231
"cv",32.5103020164968,0.369690954582377,-14.1857347833833,-3.04462872175115,681.920798542309,-0.0481844365449722
