"","","par1","par2","par3","par4","par5"
"cv",113.272556844574,-0.102482978130942,-0.935872121363429,-3.38174743433346,-782.683234199099,5.86296779316019
"cv",93.81430890043,-0.0510668727885294,-1.28603593166295,-2.73946615376193,-560.0526667705,9.53668473288417
"cv",80.0108194177868,-0.300296769016574,-0.823919769549904,-3.43867600680814,-241.161820508814,8.8324790584797
"cv",96.0920615858758,0.0401825483564585,-1.29691938612545,-2.64121643158891,-378.046854717182,5.31198471440619
"cv",103.978543208694,0.750094256415958,-17.7829264618535,-2.20489137635788,5.39988021052243,4.29735409301572
"cv",83.3072448901842,-0.347491602423047,-0.903669511258833,-3.63183116201562,-8.82878320814366,6.79358991466964
"cv",88.9601873305904,-0.310641716662278,-0.788127953068348,-3.5583692247446,-567.04997713212,8.90907707590846
