"","","par1","par2","par3","par4","par5"
"cv",122.990216124604,0.127419969970616,-2.05418633798844,-2.61215242972659,-825.078145271065,5.90665087901801
"cv",113.040778993469,0.756836525579956,-13.1301226654071,-2.47932016462631,499.60595947455,-7.16402552928497
"cv",91.0078578363185,0.551134023344266,-5.5257865332516,-2.37608315570851,11.881501677659,-7.87958954165734
"cv",74.8309406905423,-0.429062781444457,-1.13546964682329,-3.45836136154559,-82.1473947415787,5.75069870423235
"cv",81.596099279036,-0.175631956811865,-1.01102229487719,-3.35004491712344,-913.212571233564,7.6375978670001
"cv",65.4226567391832,0.875191073828906,-31.8477103636511,-2.29719677888015,491.658969105233,-7.22616499217839
"cv",112.683908018247,0.516066760075836,-8.04959759574438,-2.33047470886079,11.8267375509744,-5.53755623757725
