"","","par1","par2","par3","par4","par5"
"cv",47.732523882698,0.101813748936888,-1.62685424482912,-3.11869267429818,-646.186550613493,4.03041961636066
"cv",77.6564508199772,0.028297305167515,-1.37724577202622,-3.34221038779018,-920.646428513938,-4.33169749975356
"cv",58.737792034013,0.447090323080846,-16.0079301497075,-2.57242970671358,745.559975440174,-3.50737206942247
"cv",61.123534556561,-0.11760799885632,-1.36770967139731,-3.40889081753625,-571.836998269388,1.18857620749623
"cv",75.1313671539792,0.186042106263642,-1.79390060128756,-3.012844780701,-967.38099292665,3.96775511734919
"cv",87.5676392254733,-0.136296658188908,-1.30142578373742,-3.55894509030988,-340.667427424341,1.38860658630546
"cv",58.2757214610618,0.033538856576283,-1.53798906691372,-3.22084770360855,-378.708292338403,5.34974223468453
