"","","par1","par2","par3","par4","par5"
"cv",49.2856957507919,0.0798614325770259,-3.52069006330551,-3.23498617090929,700.907285462974,-0.502147652283279
"cv",23.666281996489,0.0656922060936615,-3.60857640759626,-3.14958424316522,715.931618354249,-0.31627707644307
"cv",29.4434101950211,0.0718286976489318,-3.26774178787532,-3.25536505325119,612.828090450372,-0.500719546470927
"cv",10.6560163382645,0.0909509792083883,-3.20343730437629,-3.21089645124685,716.185050811614,-0.495993159709172
"cv",83.5021442070761,-0.169143055120674,-1.95678259233093,-3.42167518425241,803.651459731622,-3.20325557744333
"cv",18.3442958076114,0.0325515621090454,-2.84475412111125,-3.28863800511155,715.349636348641,-0.483066587960097
"cv",31.2567701305305,0.0958758003311459,-3.28511012436857,-3.21946313060814,637.23816152505,-0.499024495253362
