"","","par1","par2","par3","par4","par5"
"cv",114.793105658494,0.703473774640737,-39.0335274695552,-2.53260219435635,134.487281196913,-2.79108969936713
"cv",109.441543420002,0.612784870862473,-18.0608084702107,-2.60638749231874,67.5780391866979,-5.90120141394436
"cv",82.1691577499651,0.624304797933993,-17.7794335290389,-2.47781892351724,67.7864517565041,-0.115295537611689
"cv",84.578137470973,0.620363455685789,-12.7762439887921,-2.44020696341622,76.1346212276771,-7.56029371163608
"cv",102.814770281077,0.661538137527355,-15.883642367512,-2.5895775217422,75.7898276683985,0.0472305555212982
"cv",93.7839003715959,0.604658789666329,-48.5012749582991,-2.48420788936457,62.3071100869192,-0.174793206753804
"cv",157.409563704532,-0.182621970888412,-1.12184538100471,-3.63044688115172,21.9813017123054,-8.35766716085594
