"","","par1","par2","par3","par4","par5"
"cv",48.4870947713229,0.408684356656948,-1.99499341850953,-3.78211253409992,-19.8363678489811,9.95727395870374
"cv",46.2713506112356,0.507872537372708,-2.25890256357482,-3.78865692950531,9.13091054109573,-0.864742858035054
"cv",29.6082328646163,0.369281285807086,-1.92677454336245,-3.75974559518652,-18.7054168678296,7.2991923565217
"cv",18.9379303158945,0.384081013170716,-2.02113793660831,-3.72832228123289,-19.6348415545447,0.616104490605229
"cv",33.6584194747028,0.399332081921138,-1.99143115861658,-3.79069760608916,-7.76648698348023,6.843279611291
"cv",46.204301126416,0.477702600186861,-2.08333228163351,-3.90338922153816,27.6726723300152,-2.57744659110904
"cv",10.9395021216818,0.450660100148461,-2.04706242910427,-3.72552059245755,-17.1939042112869,4.13422875431591
