"","","par1","par2","par3","par4","par5"
"cv",131.320554088321,0.975037475587161,-48.7560680474628,-2.22072736191117,177.52879641136,-0.454593361355364
"cv",111.275133345925,0.6405324316965,-12.8157579821979,-2.11057343538979,7.02423614379701,0.603877572128541
"cv",115.39057394991,0.565004897277714,-9.01862975047459,-2.1446122631599,21.068862699428,-2.16665988639457
"cv",104.834579227043,0.593980900680956,-24.7986495909637,-2.15232330237992,21.925345680465,-6.90314437639622
"cv",108.713359347981,0.507566878664149,-20.6733225966077,-2.10752342462339,6.89646414780154,1.16803927313099
"cv",85.7802799909929,0.665860221825618,-22.3623807965976,-2.03415045448258,8.08909442253077,0.410908009014591
"cv",101.483248186124,-0.387001920098595,-1.13946301318024,-2.88452403323538,-90.0672709203871,0.858777938291484
