"","","par1","par2","par3","par4","par5"
"cv",112.228244949725,0.736898501687002,-18.545863381587,-2.20964371506308,273.776337307906,-1.44378029511134
"cv",110.898329704931,0.678054704942619,-12.4518376274936,-2.35685502384837,32.7323174772506,-0.737005514961732
"cv",105.400949922748,0.671127658930055,-18.3472879167571,-2.27303836323353,43.8728331988575,-0.602451646025601
"cv",81.5274108070483,-0.759936040592969,0.420956207324558,-4.57752706753806,16.9762874816018,-5.8109599680603
"cv",110.262377198386,0.690675068642523,-12.0264260142283,-2.40044609544023,28.8402160728285,-0.44407636459877
"cv",96.9165036748504,0.663919241863637,-34.900615785049,-2.21591450395247,40.457196731144,-0.423312709887105
"cv",105.881247859355,0.739281158195463,-14.8153092269135,-2.2670339560333,6.2354860139271,2.35137990635052
