"","","par1","par2","par3","par4","par5"
"cv",90.7571056306487,-0.407527244345013,-0.640784474299165,-3.47558242041197,-842.622016824734,-1.94771982933825
"cv",85.1564068817926,-0.734253303704047,0.526090678379819,-4.29736494122596,-867.693979811272,3.91640061308857
"cv",98.0561634138928,0.432861313519568,-1.84888744166792,-2.19944758445671,-707.184015092986,3.47759771077637
"cv",127.95396245385,-0.592201051443967,0.0755915264875709,-4.21600547261252,-687.647628450715,-4.08205201617898
"cv",104.465151464969,-0.495422448263922,-0.595745544473145,-3.70484682969281,-234.046501396378,5.05363982140042
"cv",100.879131278138,-0.345117076738026,-0.742810906553625,-3.47365207688639,-524.010043607248,3.40903941954
"cv",94.3146247623444,-0.970116205235909,1.23152430404938,-5.34134288990265,-650.715961157482,5.08609764819644
