"","","par1","par2","par3","par4","par5"
"cv",127.370465642278,-0.581661665574351,-0.173889240249991,-4.1327122487852,-705.291253632505,9.96340014500828
"cv",89.4761909250546,-1.32165500894189,0.173692568205297,-8.78447401132549,-775.725038844221,9.99320324079141
"cv",100.436304408184,4.54645745110901,-22.394194944327,-8.23668311964426,747.280900766006,-0.395805193065818
"cv",93.9425297188337,-0.48838562627728,-0.791562251818171,-3.54542295162936,-957.469767464822,0.16902970257962
"cv",83.077851293873,-0.902025807137052,0.23753179296911,-5.12388552044646,-48.4669110737741,-0.42586328471467
"cv",105.281781918025,2.19659999203425,-17.6554733613575,-3.8311212159899,988.787937205921,-0.30090458648302
"cv",95.5704819574712,2.68147290152119,-42.6288843771445,-4.60207326056656,613.88168314371,-0.354197579436004
