"","","par1","par2","par3","par4","par5"
"cv",35.3170418106958,0.453794812403101,-3.46566553333413,-3.7895357774985,10.4526903892937,-8.08455179202899
"cv",86.5385836053004,0.550959931772253,-35.2075097781863,-3.7836249746678,17.6465610405672,-0.380698925398638
"cv",7.00060693662622,0.468483871210837,-4.42168339539764,-3.68411083155713,8.99601563913074,-4.3376466430132
"cv",38.5273955537198,0.453123499130098,-4.62529553085669,-3.75757715751179,9.92597742494856,-3.08453130527115
"cv",16.1722554295765,0.439028608951445,-3.77700291950378,-3.73665202431974,9.30066956493513,-7.03005484707753
"cv",26.0309314686999,0.333975387047238,-3.65805427241874,-3.6354787771428,7.75091108570479,-6.89670178543554
"cv",46.1829014505706,0.410211690603027,-4.81611406801228,-3.65857895515163,8.92329019701351,-6.73580507526196
