"","","par1","par2","par3","par4","par5"
"cv",118.922768404607,1.22497986406361,-44.2976772466289,-2.67929612679213,491.240576131461,-0.128234854261135
"cv",95.0336467103455,0.925025531942777,-33.1847657219888,-2.21901537074477,67.4887648759313,-2.93993560086585
"cv",105.654389859628,-1.17843374157791,2.0388534318704,-8.10988735138197,-116.893479828347,3.74608521875974
"cv",106.458217448715,1.42827417297151,-43.9681457166001,-2.58882398530267,612.688381899285,-9.11394443446778
"cv",98.8782854663612,0.964592378673772,-29.2244655739478,-2.38726238715503,55.9080720148962,-5.43081976185343
"cv",109.529713834692,1.26821486783316,-19.0568965389623,-2.6130723554706,578.195047404261,-6.92531905313394
"cv",96.2392798368523,1.26852932245018,-38.3576960964622,-2.57311815422536,685.543194783021,-0.11607661681309
