"","","par1","par2","par3","par4","par5"
"cv",91.2836464908365,0.549082923304741,-2.23048938699193,-3.10051623718551,19.4909035447431,-0.822309733482043
"cv",49.9637007349236,0.72138732737373,-44.2992307674012,-2.81267656843973,17.7939973780654,-1.70333995031495
"cv",65.5069257083003,0.670564986663685,-44.1784341125729,-2.80370379123801,17.0184950628832,-0.097966156899929
"cv",128.643814729627,0.444508902391406,-19.8081907064635,-2.83198601217256,232.273220568849,-0.16115417743038
"cv",36.0230799700847,0.738725783951762,-20.9386261638955,-2.83113977580848,18.5814001474074,-3.26135020430457
"cv",88.2021761008035,0.739155052384841,-9.87047639489266,-2.91357421736635,15.8579421400902,-0.889508209996849
"cv",46.9862513558867,0.764105644194644,-21.5496372230876,-2.87682697787023,16.3858266818806,-0.718153184652512
