"","","par1","par2","par3","par4","par5"
"cv",104.972726504749,0.589754173362457,-2.98691918177396,-2.22022505039294,18.8448860568438,-1.03807111082653
"cv",98.6255252009326,-0.518604863754364,-0.809448875608159,-4.09508060920676,-681.005300587361,-5.32629150223666
"cv",85.6521134155654,0.0524993887699757,-1.31837932230127,-2.6852725587194,-118.783916676842,8.25982391660332
"cv",72.1016244340577,-0.171633271983627,-0.877106886148529,-3.25724538565502,-894.523106941677,1.53726765929399
"cv",97.3398387269606,0.254264929783523,-1.62621298446345,-2.41371807310397,-70.2723874807985,0.482434003987427
"cv",99.0537270444281,-1.13954590508583,2.9620452253148,-7.2850686607644,-638.867647681749,4.76837245281786
"cv",119.629935705345,0.739418400556444,-20.0961376071747,-2.1324110335074,41.2536312339745,0.37247466547935
