"","","par1","par2","par3","par4","par5"
"cv",132.909563757789,0.199419904637184,-15.6317959033781,-2.64796032136294,997.944661260668,-0.892789300855392
"cv",82.528714473931,0.157219654321416,-14.8459705574438,-2.54629367538982,999.659964395209,-1.2323072005465
"cv",77.4778779554782,0.219786381531477,-39.4739113459447,-2.60627342642804,982.274212002342,0.114121774042322
"cv",100.476515028363,0.126048903390339,-46.0865375911785,-2.55453274367857,999.730051701047,-5.19843505681962
"cv",35.9271273835396,0.255773310181055,-28.8040078833041,-2.49030972265587,980.609305605138,-0.895841905067034
"cv",49.9599942484705,0.149602165379429,-11.3798162157343,-2.49397595377918,621.980106480637,-0.902907878079288
"cv",44.539283680488,0.158036568470433,-12.5699956662867,-2.50729576662362,999.466128974276,-0.904327538715255
