"","","par1","par2","par3","par4","par5"
"cv",121.649379482326,0.112355137105582,-11.1763312184049,-2.92385131229785,878.226089646512,-0.0957728175996742
"cv",62.484081924154,0.0757767478932468,-21.0351879544703,-2.84962135797774,176.79498023784,-0.0555848481482784
"cv",33.9377359861009,0.111562374025553,-46.3370902937515,-2.75476501024676,186.960899354802,-0.0584059090438464
"cv",23.249683204798,0.129574651469613,-25.6023648724207,-2.77436855664773,172.228848935421,-0.0484655827729046
"cv",66.5583278534072,0.16731767158852,-21.7183770742116,-2.8327668969529,187.952850976841,-0.0618820946948625
"cv",28.1490487367033,0.139656856965725,-20.6098639636378,-2.7744824517224,189.029475512793,-0.0563593365610542
"cv",122.024373012052,0.176756948880236,-24.1011349168924,-2.86378936128852,172.50803435083,0.0480403047479632
