"","","par1","par2","par3","par4","par5"
"cv",99.8834742657418,1.18065804191726,-39.4845335036869,-2.12105074157254,887.266099807968,-0.0156810090667422
"cv",124.425431797143,1.28773148417047,-8.0557947018995,-2.34948681614821,764.494881804759,-0.0428842194669463
"cv",73.0543368721585,-1.28081998791891,-0.63099967750768,-8.43913490617113,-930.067072763393,7.54937515825873
"cv",119.894763639919,2.64308343696981,-43.2895630656002,-4.1802356745237,517.000769730657,0.111096548733737
"cv",101.453268938845,4.19993465829581,-20.9407004043126,-6.79392477481805,800.545754439795,0.0138007884173336
"cv",128.676428374459,-1.04855243295096,-0.108111215382815,-5.93481670396638,-912.639330547352,4.57120492759898
"cv",105.51378637044,0.848217288062296,-20.8706149145858,-2.06659639298202,30.8038126335819,-3.18742593353319
