"","","par1","par2","par3","par4","par5"
"cv",110.068231743886,0.827971581381457,-43.4788271815242,-2.49130468960284,111.011354157517,-1.95515096993847
"cv",88.2765053749969,0.888249695583369,-33.7556574757451,-2.4253043182529,133.747726893895,-8.02972138284462
"cv",82.2699972465163,0.910049068144323,-38.8884978936275,-2.35877465752497,132.81558759405,-8.47796139225657
"cv",110.642246151725,0.9332076347138,-32.829327087682,-2.56749239348894,139.994805080571,-0.662930943979161
"cv",83.9462589757945,0.93524544803991,-47.1959774501551,-2.38289632982575,138.099323805578,-0.665038159502234
"cv",85.1417782668233,0.801160726712711,-44.8750002091482,-2.4142821100091,127.006062920187,-2.02000835357508
"cv",101.194453336677,0.916798008741053,-5.47449830353438,-2.40110148831,132.100070231194,-3.3451811841407
