"","","par1","par2","par3","par4","par5"
"cv",91.7686853774335,0.44668726103119,-20.8566777783089,-2.88473852280813,30.3365349704432,-0.474004344096722
"cv",72.6182564630256,0.192789335557071,-1.97036534633886,-3.19961119552508,7.85144265556153,-3.56868132273136
"cv",48.5707213042141,0.640800622755203,-2.62472914110575,-3.04447049384042,8.30821488052607,0.551062956708581
"cv",69.1040842881679,0.5891934899916,-19.1197659793873,-2.98226066427532,14.6137637612724,-0.5233974128807
"cv",37.7233654804302,0.512252512217957,-3.12691995543461,-2.96959644209286,8.05530653733004,-7.36168849492282
"cv",58.2192302278117,0.618803150686183,-2.96739993353989,-3.07349754076412,7.73882177276435,1.26158596398033
"cv",101.33655419178,0.647772907742252,-19.4245848991681,-3.15026959481609,16.3618907030707,-0.765989262373346
