"","","par1","par2","par3","par4","par5"
"cv",63.2683334091559,0.438132511288784,-1.9673414006901,-3.08782366283673,-218.726729045847,7.45162149898995
"cv",98.025472480942,0.284838411932709,-1.81874231448807,-3.30164109801039,-855.391957343295,-0.38564823102206
"cv",90.2850651749785,0.480202906621898,-1.75831384291124,-3.11705295157792,-297.886937273895,0.884108690337284
"cv",49.3495844554212,0.917580678954151,-31.3782121096406,-2.89492944319986,7.8419439891233,0.125951596660543
"cv",44.5899625806735,0.372047059727573,-1.88012750314627,-3.14931182467324,-847.505433419448,7.8367685154113
"cv",69.3968877347805,0.431124771659698,-2.01726287774421,-3.10113465082779,-865.012929578883,7.961724674577
"cv",61.4348406393041,0.546780699774973,-2.29366791412176,-2.87559580461986,-196.324722734132,6.28854607846127
