"","","par1","par2","par3","par4","par5"
"cv",93.7719596595241,-1.21368593843098,0.0569542125819418,-8.09822598699266,-2.69780475561447,6.17977026849985
"cv",99.1567021638157,0.404207297151208,-2.36863829926331,-2.19307594838781,-12.6782893203199,6.69841981489101
"cv",54.6021675010333,-1.13682584227366,1.57363225666866,-7.33961363488713,-448.36150891598,1.77259117364883
"cv",71.9217483152566,-0.597449136475198,-0.222012236947077,-4.35912284090224,-166.523146657111,-9.37951651645025
"cv",99.1799872413733,0.29744696345821,-2.11789193435049,-2.29370162793938,-700.327392717951,-1.76555116660893
"cv",79.2773186627431,-0.898131822248156,-0.525551684559802,-5.55830053239629,-10.9834375110412,-8.87625329277971
"cv",102.579355782064,0.0403887288054503,-1.38216930349373,-2.52705060758605,-421.15598609404,-9.48283725883812
