"","","par1","par2","par3","par4","par5"
"cv",170.435080827908,-0.100079220224258,-1.01339210366563,-3.82105067015132,-367.713541030892,8.54701026537634
"cv",66.4005025305074,-0.219597701372591,-1.16696402827662,-3.46317048194799,-505.354545365359,6.12081380570645
"cv",72.9599289520062,0.356136280478318,-2.03160087020922,-3.02821719543097,4.8674755529404,-6.54918287832252
"cv",64.5723743298019,0.608713146387389,-2.62338820194928,-2.78724930412735,1.46064213658963,9.48107777476241
"cv",87.2672934303795,1.09405009827451,-2.61239234457267,-2.78976009800183,5.31813402872121,-4.4012707609477
"cv",66.0040961264979,0.386834451802347,-2.22649529140977,-2.82235279615471,-836.756044998765,3.12604239246242
"cv",36.3598396793824,-0.181040643240926,-1.19616722231289,-3.47812683466428,-472.545825476924,6.28899402613675
