"","","par1","par2","par3","par4","par5"
"cv",92.6376834064497,0.220585143762707,-1.46291439822873,-3.67573850361184,-508.779346326535,9.24220752436668
"cv",66.1802780220393,0.267711494937728,-1.45496179856184,-3.50151654558447,-118.603260358771,6.2719300701263
"cv",50.3695010363254,0.125891629671572,-1.38307806389435,-3.52350312502094,-94.2628593859474,4.1701679392136
"cv",51.1360469783731,0.145003614575476,-1.41846775578648,-3.60941352851568,-131.713951984918,1.34827298386419
"cv",49.2052268350072,0.165498993860487,-1.4224919141729,-3.49151872405975,-730.793568305671,1.71139764398746
"cv",76.4733293271108,0.11632831444999,-1.24887917749426,-3.78351076435979,-541.151353859636,5.70938935853588
"cv",49.3286938694725,0.168802139226227,-1.3061302042421,-3.63912388709029,-674.702094696471,5.3270506887745
