"","","par1","par2","par3","par4","par5"
"cv",105.876370657148,0.747877608262176,-12.7968307813478,-2.2846643145954,10.702266368719,0.258308403137272
"cv",85.9552999973572,-0.409211452183162,-0.726163410375911,-3.76055545661203,-170.170431565098,4.94704593891183
"cv",80.382065341392,-0.817410937565489,-0.355718833606981,-5.27084859154378,-392.009923651284,8.13805696068286
"cv",82.7516420396863,-0.631154273182802,-0.142486170292876,-4.78719865484226,-150.039832243236,7.29681780787529
"cv",78.5435814302664,-0.376890816208111,-0.817518725142784,-3.84119634496681,-816.231859309505,1.44389082056409
"cv",46.7888893711621,-0.707771077540073,-0.635580999987858,-4.5897020763159,-832.124481194767,5.33271217064718
"cv",55.6010696823376,-1.06063394325355,0.643358449143426,-6.6868148555592,-441.620806530738,9.74597975571935
