"","","par1","par2","par3","par4","par5"
"cv",67.3793166914079,-0.416470676519911,-0.6785289109841,-4.24602927957602,-398.604378069099,1.40663485430961
"cv",74.5610709337274,-1.16216863342458,2.83963321582918,-7.42133989046723,-660.671485587955,-7.87600817004015
"cv",63.2807905237607,-1.15947377741293,1.48746892402645,-7.12670038628304,-248.882143120755,2.23848116392786
"cv",83.8209223364715,-0.763759247966833,0.169837171250173,-4.8239209233564,-180.150958709419,-0.133357219641693
"cv",124.523397937209,-0.480899720962096,-0.620180423874447,-4.09766438073867,-558.759965561781,2.66946005610047
"cv",109.594193999427,-0.216586661888754,-1.16583052996373,-3.17471265169673,-228.876650838835,-0.0778562103865124
"cv",60.2202618429726,-1.09676786321242,0.190804563445793,-6.59608399105933,-589.738038401867,0.917436312913251
