"","","par1","par2","par3","par4","par5"
"cv",108.110581881362,0.140659577936952,-11.1551927451493,-2.7824049522981,5.20898385812208,-9.5721819190938
"cv",172.06596292475,0.220287934905364,-10.7500295715341,-3.04484985073409,11.0348341511414,-9.57581756224494
"cv",58.50706118756,0.200755310899242,-17.8107978946613,-2.75238522055145,10.0131480124894,-6.60120723278981
"cv",80.1602721658836,0.243961235005232,-11.2261289109961,-2.72892582942117,7.96350946037927,-4.84408566728234
"cv",40.4623023376702,0.270838010939382,-26.0346576777274,-2.66152399767381,7.99285541108191,-6.96649541612715
"cv",41.7894696372175,0.195374736746692,-10.6911170117692,-2.67544995502354,10.8991907237298,-8.75364525407376
"cv",29.8096307676492,0.144205383913171,-7.80730220114164,-2.70851697209435,10.1513449522606,-6.96266918953936
