"","","par1","par2","par3","par4","par5"
"cv",108.132049944336,1.01217984811955,-47.4685865454376,-2.0282218342317,36.7076105335209,-7.60374089469379
"cv",77.5492777266428,-0.39849447657052,-0.944602346576498,-3.36170167150128,-111.808303039723,7.13668754293396
"cv",104.949555330091,1.21170003176298,-21.3415655951889,-1.96378022130838,11.089470360251,-1.29216919745661
"cv",106.673928114246,-1.08377567245412,1.33159324924614,-6.3834579092288,-41.9111025953746,1.88438294286892
"cv",117.869857019762,2.07009378457902,-2.98004129550529,-2.07514772184551,5.30930893780783,-7.03021016144613
"cv",90.9807642086757,-1.14918067648262,2.1612349097108,-6.99318260733915,-157.061762189164,2.18666533699781
"cv",105.382289623431,-0.544054112471813,-0.756694034861919,-4.01318365591887,-49.570971693247,2.37953030241897
