"","","par1","par2","par3","par4","par5"
"cv",73.4713641665038,-1.19606852065772,1.22843774501234,-8.15388575164797,5.63116434072771,-9.37675369995674
"cv",77.6038116712588,-1.04294675860692,-0.289754627215456,-6.49422259061759,-797.904643695801,5.83892662344235
"cv",55.9024964251318,-0.533520391367881,-0.86853365824499,-4.14200926774644,-93.0649169140566,7.53290771141492
"cv",55.0985066559382,-1.25815902342108,1.61062683325786,-8.6893496859028,-896.226302401396,6.78578140663662
"cv",59.0491087396182,-1.21755354421749,2.75189347128603,-8.06105741330817,-822.062606429976,1.37677199321621
"cv",59.3371903451762,-1.19591800578676,3.58014050553953,-8.04607668104561,-26.1069263844857,4.05600229230031
"cv",107.33391940587,-1.01106543785185,-0.618645781651139,-6.29825309285897,-557.016300296592,9.73675928093373
