"","","par1","par2","par3","par4","par5"
"cv",91.8515397720748,0.555452175897262,-29.6761378611123,-2.1078701953133,-249.377194936508,6.75910694482036
"cv",53.9262920826451,-1.07045543793213,-0.490727495422403,-6.51069584401265,-915.882732740882,9.20786440189441
"cv",63.2507710437708,-0.895658068732643,-0.667493540574923,-5.17316411518989,-30.2630462683737,6.06619459077605
"cv",68.5177551626527,-1.34084844613116,3.15570060972366,-9.66504744280094,-534.951436930228,6.66753920087953
"cv",75.4057322631361,-1.2950340267688,1.00970970336772,-8.83697721641511,-109.035253928689,5.39939402136952
"cv",107.444856235875,-0.652680242957335,-0.575863694099047,-4.35956281650529,-176.287748189874,6.68536460958421
"cv",57.7077569997847,-1.11690533844205,1.79582017425238,-6.99504038473129,-178.587063221265,-1.07864274904781
