"","","par1","par2","par3","par4","par5"
"cv",99.4651643920308,0.67822647891969,-27.7990287991756,-2.09698610855368,7.18811313622528,-2.24768258100186
"cv",94.9177766297291,-1.2394873882729,-0.422694895260844,-8.07826240765733,-296.782208535209,9.58891031752462
"cv",98.9079262671876,0.849192052798724,-31.4254777742715,-2.08856554140238,18.776091610515,-6.82581529486924
"cv",91.8008593482186,0.716062876286571,-28.5813605568446,-2.11312725192878,6.9488671280467,-4.64168564743967
"cv",117.337496678891,-1.2670492025446,-0.444592924314237,-8.40526326872082,-971.305802920757,-5.14017253929155
"cv",91.8052211866149,-0.747276390360087,-0.227935855515428,-4.20177858837359,-154.963666360713,6.95190864919305
"cv",86.6664785012249,-0.555060583800964,-0.673525892620339,-3.90951293903407,-24.0338758733284,5.87557762215738
