"","","par1","par2","par3","par4","par5"
"cv",75.5698953863362,-1.26508352436696,3.79981852690387,-8.97660004275575,-557.474879584858,8.41405742200525
"cv",47.3571273784887,-1.01862044623844,0.941943803495848,-6.38706393978759,-742.529932875186,-3.35675150799916
"cv",46.2727405437821,-0.529849925386681,-0.270069128689106,-4.00851667778885,-639.223046159222,1.63058546146393
"cv",60.7189354774302,-0.483876795196448,-0.645504340294307,-4.43123205993672,-464.721299064596,-7.18570735671936
"cv",81.9977115945941,-0.753916028528541,-0.205680403060033,-4.94859739503953,-867.444233151301,-5.5056478865201
"cv",61.4766390105272,-0.591665894395228,-0.597629798818022,-4.3775606198436,-345.257934312321,-2.67754530068487
"cv",77.8241790808247,-0.752017710207649,0.197363233926845,-4.94635223990402,-470.543282460046,-6.3493298342111
