"","","par1","par2","par3","par4","par5"
"cv",99.16127996324,-0.11034254555202,-1.34529928554446,-2.80791704229687,-511.642594840177,-1.32445687340855
"cv",98.8130967238617,-0.0883275250949974,-1.35997781201593,-2.85373462196687,-564.173695559894,1.61367792249527
"cv",92.9514435108232,-0.00359956726082453,-1.50291739381182,-2.6719540872589,-683.00032321633,-2.02578517182867
"cv",93.1899152479349,-0.125448786421633,-1.07503574150297,-3.12736653147549,-505.124763317266,4.71282221689078
"cv",89.7723244157243,-0.192321634222265,-0.978407327462888,-3.51414571662252,-373.17921964916,-2.90156194147241
"cv",115.652965738017,-0.246668224980536,-0.971826150153845,-3.54474109311474,-213.320303708315,-7.98774332029539
"cv",92.6942461569542,-0.0168819839110471,-1.2266055685745,-2.70484510704158,-798.467299746419,6.75830237862988
