"","","par1","par2","par3","par4","par5"
"cv",99.2556702455789,1.09520964296864,-41.6595043972094,-2.23023158697011,32.8519827820573,-0.77539206381589
"cv",109.908387511275,1.10163610701984,-37.7763776146165,-2.32257160291143,41.1661480085473,-1.14355612082444
"cv",91.6608994709227,0.959640735915741,-6.14116666341012,-2.14156906351447,30.4557277513046,-0.516772080701928
"cv",114.43258371829,0.936354499047429,-32.2302567542601,-2.3071194024053,33.4807445684,-0.771562214219148
"cv",50.6786529496715,-1.27086583513731,3.06231635723443,-8.93074772692658,-161.73991445072,0.878468599590016
"cv",81.5249276320672,-0.580645234542411,-0.361202687123074,-4.53587394429243,-7.86698260041379,3.57656083437307
"cv",98.3967269532101,0.959323230257491,-5.82875813636348,-2.19610311725979,30.2595429902813,-0.536968146145357
