"","","par1","par2","par3","par4","par5"
"cv",101.629901104081,-0.475669183202066,-0.768905984568831,-4.02242419805994,-429.097364389012,7.51610812811885
"cv",64.0945334029741,-1.21459182742983,0.35924423565848,-7.87693003752265,-86.663206631717,0.441327666411945
"cv",105.051696999233,-0.983990351485789,0.644882582128048,-5.95104920027481,-333.721363114142,5.99983507301658
"cv",109.818539318039,0.91028333424714,-18.4353928011367,-2.29919690612013,6.45126494869834,3.43587287188679
"cv",115.582808234474,0.711016622290204,-6.6942021340563,-2.26087577940154,6.60060680588373,1.2745716327732
"cv",59.2449249189922,-1.07166458871183,0.277851899154484,-6.49031854705168,-337.678300584883,0.488795020413225
"cv",52.5325168438032,-1.35255382458968,1.77877745217085,-9.77075912311289,-713.646306967682,6.91014349502092
