"","","par1","par2","par3","par4","par5"
"cv",20.590279510982,0.0326849574206663,-15.2472127698188,-2.8324439139355,522.171981512463,-1.29828556946384
"cv",44.682811538741,0.0398584882439163,-14.1603979661507,-2.8807853124899,520.451053439069,-6.63882082850824
"cv",57.8736287134196,-0.0244099911418662,-49.7087419005242,-2.83166158112474,520.352793601709,-2.32420813757926
"cv",96.1396785077939,0.127651543041066,-3.36083302129372,-3.28332063560389,804.632901478385,-5.05255110383088
"cv",32.7088771581867,-0.0191725875678306,-15.0466315923028,-2.82533142327726,521.141489657598,-7.99875799377036
"cv",17.8282442462768,0.0294834457738746,-47.3549086601549,-2.85072315679992,521.834473344418,-3.92973535421339
"cv",52.0237402235791,-0.0622707743478311,-17.8828486770796,-2.90199305273831,514.871477229424,-1.29395794064829
