"","","par1","par2","par3","par4","par5"
"cv",94.8263545235372,-0.800765838216126,-0.0761460111301724,-5.10073788410829,-831.68829063212,2.2881614113463
"cv",158.468218519617,-1.18748840951853,-0.529813241586098,-8.19341577551515,-103.678341489285,2.30972346345219
"cv",65.9239621652989,-1.1076978807369,1.80609894369898,-7.13857487660863,-904.583330697461,8.9037361741066
"cv",44.4552851575808,-0.898068144467246,-0.291341208599505,-5.49232880517836,-118.284987247264,0.844424562842379
"cv",114.712033451527,-1.06789592587054,1.48728748317808,-6.9178403501781,-625.385049264878,9.26616392547035
"cv",59.6076408257871,-0.866362252002603,-0.184584203094129,-5.31928570671823,-331.732703798364,2.80657526251001
"cv",57.8203152387301,-0.761459115915424,-0.349066693792189,-4.93664957849185,-98.9301674535433,-5.80089188373599
