"","","par1","par2","par3","par4","par5"
"cv",92.7184070384483,-0.11143820201885,-1.30263417136271,-2.92970082018861,-232.534684090631,9.510631817393
"cv",75.5544207670607,-0.960959866203917,0.449340997308893,-5.95583908286228,-257.724357126464,7.04941194694193
"cv",95.01134475337,0.77875083059708,-12.3100070055407,-2.26619997089427,19.5863396533158,-1.2861151264259
"cv",105.119333131385,0.0803129435617094,-1.71528103676285,-2.49091686377593,-343.34535411886,1.78502159464144
"cv",106.983729788646,0.710792097603431,-22.8273251639154,-2.35108854588574,16.6855375118452,-5.74074453071932
"cv",70.3347248750977,-0.334325757611646,-1.02868239901321,-3.31933032735786,-589.588782686931,5.07817448164837
"cv",91.5558873776509,-0.303898268069001,-1.04235617974466,-3.74284775108618,-513.810755209116,7.86958819255233
