"","","par1","par2","par3","par4","par5"
"cv",117.500017670858,0.858232998300939,-11.6723727590665,-2.3191699503416,34.9389627741608,-9.25533509984791
"cv",116.594113869623,-1.24339870592559,0.722226247903491,-7.84107950435123,-339.001648129805,9.60844699054995
"cv",99.4425397286428,0.884762615089472,-30.0523656415519,-2.24470087267873,30.8702289340061,-3.60774969682097
"cv",63.8048457222797,-1.31974672402382,-0.616842313451772,-8.89364826860521,-185.883561070746,2.50485244209266
"cv",55.7448264407925,-1.16737327268701,-0.607862548792737,-6.95146663078944,-8.26568320647058,7.62917679116149
"cv",85.9318540946788,-1.32609464189123,0.873127940818593,-9.0860845067382,-968.61472189122,8.43059011513584
"cv",77.7708163245308,-1.30903716243743,0.88205656777364,-9.01598279376698,-258.207134084631,5.09461476989037
