"","","par1","par2","par3","par4","par5"
"cv",88.3621752293153,-0.684562484627309,0.203245005470855,-4.36931180805511,-770.524278868312,0.949347623182887
"cv",78.9698752790413,-0.591619464100701,-0.450657324308489,-4.06373404525006,-549.605116844655,3.06105169814654
"cv",113.818145668259,-1.35873652478447,0.0526851482249802,-9.62076084359061,-582.366366301115,4.00169232961038
"cv",83.0792210791381,-0.962023615876354,0.163591965867582,-5.52356124809483,-245.732964556443,8.56545632011165
"cv",85.88261302945,-1.10614751964574,1.90169337408698,-6.52287794915603,-50.6979831494391,0.22107814302743
"cv",81.1663936576971,-0.67368145151242,-0.758565414352114,-4.11745736402674,-392.808782168666,-0.0607231239749186
"cv",84.0565185202062,-1.06562635709724,-0.0843066100083104,-6.18205308852134,-876.323571187806,-6.24027204319697
