"","","par1","par2","par3","par4","par5"
"cv",102.463003673779,0.866697419969861,-25.9309251949422,-2.94811071187235,97.2506279909665,-5.16898765932371
"cv",99.6693386048519,2.62908019255504,-36.7207886778802,-6.21182751958041,997.619945271619,-9.54736265346821
"cv",68.3633507978563,2.90066689069847,-24.5358148569321,-6.60195144553751,994.596892196906,-3.38885893018495
"cv",116.873589863248,3.93317550520244,-24.4531344436405,-8.99374281807793,781.4181817619,-6.26287040604933
"cv",77.6246453968031,0.837751144621411,-26.7914005661227,-3.01518812950283,77.4267377570613,-6.37851938823205
"cv",86.5367970850395,1.04380492431993,-20.2573110886765,-3.14474288188433,901.067201787352,-2.65978884673827
"cv",101.366803227408,1.00242216753427,-26.5110577316084,-3.27839119735285,67.9997586767308,-5.18535660830484
