"","","par1","par2","par3","par4","par5"
"cv",102.309214459013,0.807700243127057,-36.3989281990524,-2.32685181621336,12.5751416198909,-4.15020137190989
"cv",87.3140562518733,0.7377968072844,-30.225725850539,-2.15321031978435,10.1757425655131,-2.13100691358955
"cv",141.160752580489,1.07471305520906,-30.9407857796548,-2.60206044964839,42.8095515721849,-9.46627412124158
"cv",118.805196562904,0.751478433913391,-19.6108265318391,-2.31319547740537,7.83570506954732,-9.49982996915523
"cv",98.8813725743933,1.10494118339175,-13.9609592138835,-2.44302530477391,14.0300930949867,-7.69213496102274
"cv",106.462447096497,0.51657990926527,-4.64184516103361,-2.33795825377047,-494.662692412937,-0.986416758501226
"cv",88.2313806453251,0.711230005903512,-19.4531090404307,-2.28313933659081,8.74074596863782,-6.63145643898744
