"","","par1","par2","par3","par4","par5"
"cv",68.5814803651582,-0.0961037261928539,-1.01160147254765,-3.26578192417058,-11.2611293384992,-6.95527436814861
"cv",104.999328372799,0.41444662230733,-2.23922319847863,-2.71958223791776,-148.947072011917,-6.42038458982249
"cv",86.813681453338,0.636754192314181,-3.05834369265402,-2.5523354965571,7.43288319258139,-9.42676528892125
"cv",91.3786724230296,0.910531695261543,-30.6991485216319,-2.60063407900769,444.10890925855,-0.494931648127038
"cv",81.184649346469,0.95952195439495,-22.1706685476316,-2.73158263516183,76.4449053911227,-5.39547105001213
"cv",79.5688132551908,0.652446111510406,-15.545851621588,-2.50084847529477,6.97690687008787,-8.17399830557406
"cv",70.8056097881516,0.72709476064036,-2.9742093325787,-2.61692683084251,123.554260494376,-6.80302536393182
