"","","par1","par2","par3","par4","par5"
"cv",65.048716912976,0.834474100811433,-48.3491741586477,-2.56113415173812,7.20988080028886,1.69817602893791
"cv",89.2056913061529,-0.0736438792067575,-1.43810457914218,-3.2685028221426,-608.10416801088,-5.28616919379041
"cv",98.320988405546,-0.062671657922429,-1.45550956717524,-3.26048986241845,-209.305006769254,-1.98082297256097
"cv",81.7389752667783,0.0550744335194785,-1.70101412135067,-2.94715993364581,-598.581177767241,-1.93590980476475
"cv",76.8556626514029,0.327027400579826,-1.94292983862457,-2.98151449427548,7.96644631037964,-9.54730330532538
"cv",104.623966645853,0.753343487735821,-24.4227428061865,-2.62024815780816,5.54236552567147,8.12730065166022
"cv",130.807510367298,-0.102356229698723,-1.49245198688751,-3.55189391238757,-147.464781128412,-8.73207956402612
