"","","par1","par2","par3","par4","par5"
"cv",94.0505744370457,-0.558546771050236,-0.495077430020748,-3.69891746862649,-126.716534435081,4.34434099624288
"cv",106.855375615219,-1.0083559502126,0.12137546434224,-5.62019478269261,-169.639993725716,5.63567540187599
"cv",101.453926402449,0.722802272904116,-4.80064181606204,-2.0836832150668,8.32146911982351,-5.4970589721773
"cv",101.604795237317,-1.35095717764636,0.104197084568117,-9.27970652745924,-841.908758108716,9.13502691561865
"cv",72.291237013474,-1.26887847019397,0.53665368552349,-8.19882307047061,-155.217924576365,5.11425591539592
"cv",86.5856696025479,-1.09179942776059,1.09930111223397,-6.34567697467708,-53.3411082846621,0.534018837953322
"cv",63.2324539137415,-0.561193536594986,-0.548099013045437,-3.67622260073429,-838.370899856845,2.85254445822216
