"","","par1","par2","par3","par4","par5"
"cv",108.310940173749,4.54766710137974,-49.7174389236006,-7.50888903005453,255.761628451515,-1.12461226663245
"cv",118.770594698056,3.43045636797715,-43.0479560401142,-5.32777683946242,162.630792795959,-1.67495894512351
"cv",120.226293182643,0.501108433302627,-15.854703608512,-2.01219621135439,-715.542372316122,-1.32681987248361
"cv",115.732413219311,4.15580766306138,-47.1454810951009,-6.81657762871683,248.803399968892,-0.459856476068898
"cv",109.137792729486,0.534194134941248,-23.7596408805956,-1.88979325013236,4.54030299477284,-0.107271038610658
"cv",117.63576226373,-1.07372345236468,0.191923533566296,-5.89797799746854,-30.4536082541704,-0.837862578880191
"cv",120.266989530541,0.604246968086542,-10.9962966269466,-3.18763167634894,29.6653573744421,5.66570008460285
