"","","par1","par2","par3","par4","par5"
"cv",122.295356728819,0.622871460253719,-2.44632565842487,-2.95975658358783,28.1400106211372,-1.1162983533983
"cv",62.9180095498145,0.634813193099373,-3.94917864022737,-2.54972900371681,32.5250291948842,-3.10386561375548
"cv",91.1061130414569,0.627269011177674,-2.64696556842212,-2.75511451667648,46.9379767569387,-8.69071268768477
"cv",63.5957603783509,0.701980084259792,-4.31407218390245,-2.60672025710027,20.000701058562,-2.529975824123
"cv",103.066799677269,0.175146777781846,-1.45223047614023,-3.01626927045964,-821.874407919627,-6.75038007919029
"cv",72.7008887859998,0.120732276950385,-1.61091049108586,-2.886214076867,-721.981177130709,4.44399623500454
"cv",57.2800106534736,0.610632322911926,-2.45686132098375,-2.82917836093127,31.7099278296166,-2.36524013882966
