"","","par1","par2","par3","par4","par5"
"cv",100.449825601295,-0.0435471980817173,-13.7779882914755,-2.89050584369739,9.32682890976701,-8.30813513129145
"cv",233.623056702241,-0.00791530482391301,-2.44165546770146,-3.6717310300844,-510.002078835563,6.74906315908225
"cv",56.2712016648222,0.0518448583660221,-15.5469184838871,-2.80213650004135,9.3647794532839,-8.98903865850062
"cv",31.7176171593746,0.0333575344330872,-18.4284525980447,-2.86184607803275,7.90380418503673,-7.14430937836533
"cv",17.8766758070582,0.314978278889588,-29.581495777175,-2.89533869226269,63.5408720020303,-3.66325085500807
"cv",43.501508414296,0.113091560833957,-30.5845777463645,-2.88157628871785,9.22425237279053,-8.08518838983866
"cv",26.2961141598938,0.267044274203955,-27.7185535536941,-2.90351575311949,7.06549090675823,-9.41653754107015
