"","","par1","par2","par3","par4","par5"
"cv",79.5741651573976,-0.426362269157328,-0.83489696967112,-3.76019638010126,-129.194404090236,4.47477002932987
"cv",81.604539133877,-0.498253078979025,-0.361382311264972,-4.17603835678797,-485.137054272483,-2.69346423071702
"cv",91.0374641244062,-0.607321474891332,-0.791284902174248,-4.00890069578467,-287.682701580676,4.51901976127886
"cv",110.73072727959,0.778357922319163,-8.32429942834292,-2.18301013833519,13.1743031318207,-7.22312299793197
"cv",81.9976891111812,-0.662412676903859,-0.409976570536761,-4.35545028669785,-843.431602689314,-0.515601960326208
"cv",79.0215494853658,-0.531584223971069,-0.86577208712697,-3.52596841930233,-764.605482891086,1.22513827963277
"cv",90.3450156165448,0.572926814171214,-37.5167907462748,-2.10933975031769,8.73444853751107,-1.93810827575706
