"","","par1","par2","par3","par4","par5"
"cv",86.0984224711953,0.58239189886866,-3.00349095276819,-3.14487451997137,-318.832489064758,2.69883429471464
"cv",84.520406379651,0.595139748549586,-12.1434198764214,-3.41491485683821,16.9801731282128,-0.445209433302344
"cv",56.861363907446,0.54062175084089,-3.37502601983786,-3.04068832518282,5.14127882864813,-8.28238038136857
"cv",54.3901983910047,0.456905532757147,-45.3227733432286,-3.06265807270913,22.9080560716954,-0.545388082069088
"cv",131.855188506781,0.22278605374165,-1.75055478096314,-3.31154197532865,-244.150889580834,8.06535239455161
"cv",23.5803302848204,0.555320157643014,-21.0490079862676,-3.07847430079639,17.1353693309756,-0.618102666336809
"cv",102.501300010633,0.317916923431953,-17.3691675432382,-3.04836151118992,997.260928852873,-6.37904124402043
