"","","par1","par2","par3","par4","par5"
"cv",70.0792682986697,-0.0570244079528572,-1.45672833097987,-3.27185207444665,-650.140126183692,7.92469712439924
"cv",65.7131854447562,-0.0548323796502949,-1.34686866300469,-3.28325389431134,-213.533041120697,8.01365570165217
"cv",77.2148044531649,-0.0697055685250658,-1.40283061781808,-3.36591850469931,-959.051723682613,7.15825342040129
"cv",51.2738471329742,-0.200980339703621,-1.36234572166924,-3.40776436791515,-268.690418452024,7.47340814170949
"cv",93.8767611481616,-0.0628558088848235,-1.40798398615199,-3.37010974131781,-473.964760943289,1.76035528182012
"cv",53.7486867719212,-0.128642481027926,-1.34022227511082,-3.30211443940018,-91.0814785263217,8.00580106877112
"cv",91.1913111482659,0.400523150940993,-2.9261350135958,-2.76455155967875,26.7113661393523,-0.504151114263104
