"","","par1","par2","par3","par4","par5"
"cv",108.262926496518,0.10791531239739,-31.1705076015113,-2.622261673304,131.392305234206,-0.613193706635303
"cv",96.7180698949436,0.440273814689288,-2.94101359550416,-2.84641882118657,8.56352677586856,-5.43771624041714
"cv",41.469591368654,0.423498024380354,-2.46583517392876,-2.75496206268917,7.92339755404365,-2.12010903145767
"cv",97.7765657209771,0.541169090099607,-17.5338815810518,-2.71079801261667,8.75901093513795,-6.79847314294241
"cv",84.5461447511496,0.152425875465729,-25.4647493017258,-2.54004824956053,118.891122740314,-0.787409474979488
"cv",69.2811846052023,0.249736483583572,-20.0337569048668,-2.55903211216228,121.686766023631,-0.763039556331933
"cv",93.4302112147867,0.15583499396129,-1.48332359173237,-3.13026619205744,-455.1121892773,3.98295428663866
