"","","par1","par2","par3","par4","par5"
"cv",129.170437349345,-0.0226826223994357,-1.77028150173635,-3.67400542654366,-918.939846855107,-0.48436050565666
"cv",87.6685792713302,0.559367290706537,-7.88152978902755,-3.16102009111456,-569.332746806627,-0.50717369036479
"cv",106.89530297753,0.204208438068039,-2.83660956245693,-3.20499802490166,901.620996406546,-8.74342884811388
"cv",32.9698704969113,0.532055354120096,-12.1730345193757,-3.08146289754458,7.42506754421719,0.998550765562784
"cv",23.4849901744435,0.480575391865823,-7.49881725676832,-3.0596703633599,7.00039179072957,1.07340220358293
"cv",68.0784444949011,0.558800629289037,-6.66646939298139,-3.10765532962266,7.54745804690492,-0.112015269241941
"cv",13.7687930238208,0.575653590623163,-15.2428280255345,-3.08180886635816,7.52791779476868,0.980377972141194
