"","","par1","par2","par3","par4","par5"
"cv",92.4051005587564,1.09416114655137,-41.8432883864538,-2.39091718214808,57.8573764525189,-7.51564147544727
"cv",101.258484445177,-1.19085881070378,-0.0650217291891586,-7.93791525739357,-598.620271488091,-3.53254508995016
"cv",94.59029286679,1.42447090899283,-5.74479465307745,-2.70014811772853,758.02157948181,-0.531336031475741
"cv",97.0614871414607,1.35537698276317,-10.0450859012706,-2.66225928283919,512.279487628562,-5.79563499112606
"cv",58.8486503640854,-1.1054153309485,-0.102542245821942,-7.23209313941989,-679.713597206164,0.401040351964763
"cv",138.094116040031,3.25246747494321,-6.34316131879758,-6.37060878783408,828.816289206407,-7.02607735520026
"cv",95.7831438034774,1.19844162089363,-5.32102885479539,-2.37229983162713,275.988553405064,-2.24723434420881
