"","","par1","par2","par3","par4","par5"
"cv",102.689049081003,-0.193109223336134,-1.76404895533492,-3.025784745637,-41.0100373211065,1.86908212255938
"cv",99.5560450679625,-0.198278040227214,-1.71707057142753,-2.985880562013,-172.340976820711,5.59293372257285
"cv",119.43889371815,-0.194251663682438,-1.75087617824859,-3.16148329319509,-128.604413429152,4.76925101496093
"cv",89.9567241629171,-0.232530613211501,-1.8086081318771,-2.99597553253878,-629.013545451861,5.42979312038093
"cv",38.4155329311752,-0.167531686873564,-1.44179719520864,-3.07245428746528,-444.22920839861,2.36909632479728
"cv",116.108262687551,-0.347970692651218,-1.3326313042652,-3.34607880091319,-152.807071668838,7.00019979244952
"cv",35.1752168330851,-0.190878983649199,-1.5132134068907,-3.04890848030306,-394.105665267704,7.51026891481215
