"","","par1","par2","par3","par4","par5"
"cv",103.604232362818,0.651167792686529,-6.24250192887499,-2.19207241476606,-709.904635325074,2.82009839211547
"cv",110.675812902759,0.747511194979292,-14.0305576894441,-2.19711407178364,5.30754440505967,2.79259403825221
"cv",108.999629107496,-0.893984021205655,-0.0489522957748304,-5.52896236987352,-183.956510884611,4.28021256346256
"cv",106.043473831929,0.771801678359005,-17.8336291021626,-2.28325569427806,6.97016694006012,1.32205294445157
"cv",75.909517356337,-1.26838737507252,1.64891939549784,-8.83679968591956,-593.280452303588,7.35894469312975
"cv",98.9800526286598,0.0636423255481095,-1.66996939643201,-2.55799904019672,-160.292742120949,6.69441539043207
"cv",78.0943779971842,-0.924321798130995,0.630024970726368,-5.96778062832356,-437.562950638594,5.30978658411582
