"","","par1","par2","par3","par4","par5"
"cv",89.0815022849683,-1.2969871456571,0.0744556060002459,-9.07505204037627,-909.015612211078,1.98535781916055
"cv",83.5995923919727,-1.18621272093565,-0.391785793522723,-7.86500751515625,-500.151537550656,0.180548417863242
"cv",73.8884166958971,-0.691935389694295,-0.728672970528514,-4.41914560668272,-448.054980859534,1.36221530171891
"cv",100.500624605301,0.780259801458849,-20.0602390682778,-2.21695276909105,9.24248344913927,-4.73365929823682
"cv",88.6105536266928,-0.990740315326823,-0.355945939761867,-6.02004120394873,-649.226761518353,-5.07050782074472
"cv",107.737473736076,1.16479956407039,-37.3778962419474,-2.64009448790227,157.462868466889,-6.39503647602042
"cv",122.778671905016,-0.167171424323917,-1.30857476560043,-2.7011868550845,-797.5100978689,3.47761017720169
