"","","par1","par2","par3","par4","par5"
"cv",85.8457021644765,0.742708091739896,-18.0561810200447,-2.5982065241981,33.6019541838539,-0.703959554228229
"cv",90.3064276373395,0.810149058026789,-23.3758063575775,-2.57723280037042,40.2505658384858,-3.39279571733711
"cv",82.9009811824292,0.853112460761449,-31.1342549964257,-2.65579737795298,37.8546699295381,-2.45300174225122
"cv",84.9164384854376,0.909735762979358,-38.6955647763088,-2.73791583348904,44.9677401780605,-6.72091156931435
"cv",83.9986067498546,1.00595219189718,-33.3976499850523,-2.74771821968724,46.6391553624684,-0.718779742559385
"cv",93.8010579769485,0.819193517324016,-38.5271655904898,-2.6341548825095,38.8776433822753,-5.48181814423655
"cv",133.731594640774,3.645797741378,-24.6587322031081,-7.71617600959618,981.478852255115,-4.2482782298715
