"","","par1","par2","par3","par4","par5"
"cv",110.693729589746,-1.12484445761833,0.876733157709566,-7.24439877043269,-831.906454315497,4.041745923371
"cv",69.5596330085711,-0.833874456036919,0.115424779063781,-5.17235530515809,-965.151001273665,0.417999569326639
"cv",68.9966028773093,-0.933726759214215,-0.229168584161046,-5.65820934469276,-28.0367603401311,5.37652016002449
"cv",65.845653714601,-0.772794104946897,-0.585980912670493,-4.86763196326262,-447.635982585456,1.80035573742522
"cv",57.6954486742194,-1.34096334126834,0.571862847567448,-9.55621123014672,-339.871710117292,6.41702220215443
"cv",82.3981079371549,-1.23313423705552,0.203505169183376,-8.22726549905411,-905.758020468056,8.72979756656627
"cv",59.981214923008,-0.837755380914939,-0.489164597347872,-5.1154259454981,-29.167860467149,0.537655698317388
