"","","par1","par2","par3","par4","par5"
"cv",96.8728812275042,-1.14265892360271,2.12339993488972,-7.5134536114678,-599.227555625789,-2.29897447861731
"cv",87.612099989439,-1.30163055717211,0.230311740728117,-9.09402916260122,-56.3063413082387,-2.88646086328959
"cv",117.953756489693,0.606308018661545,-28.1378960883086,-2.49043202287654,10.8428002532978,-5.1185351957065
"cv",103.153001131062,0.703122418221456,-41.7695803762419,-2.31547693144679,7.81942896340491,-9.88278258126229
"cv",90.9137301282958,0.882015565762372,-27.569133061635,-2.490877671854,7.39898825088437,6.82566048111767
"cv",97.1244552599246,0.77123233617508,-36.2080301207898,-2.25901271790321,7.43699041035514,2.6500459574163
"cv",105.222223386507,0.710997900420627,-42.92297714762,-2.26340505155433,6.66815853098208,-6.43545221303752
