"","","par1","par2","par3","par4","par5"
"cv",107.771921505219,0.431651903794366,-4.7258302722539,-3.3408846078754,9.73244869289478,-7.13288936662488
"cv",63.2173383634893,0.0226827279615591,-1.92309835349313,-3.34117479646328,-369.43071474992,5.75261327903718
"cv",73.5992162340644,0.418558327334648,-32.9652525945004,-3.02907410369572,106.403539608293,-9.51177843607715
"cv",37.4195902571298,0.551263571702432,-19.3895880286808,-3.08333852717327,102.945659150208,-8.45848621054849
"cv",19.6521209738651,0.444635966747302,-39.2032033607476,-2.98633416938933,20.9811007275166,-7.99186039427109
"cv",41.6702413869235,0.169353450191385,-2.22356575541198,-3.13112241425213,-521.07183926177,4.60061720502682
"cv",64.9809005911753,0.428040819211409,-2.7078816948011,-3.14025655006361,8.26276930706252,-0.491791594536994
