"","","par1","par2","par3","par4","par5"
"cv",91.2341240003621,0.639801565332404,-25.4346710811387,-2.46291873955265,7.47646501397037,-5.76055236747244
"cv",71.9715629921566,-0.18236711865487,-1.1468694123884,-3.4341654267791,-36.6885572818585,5.58743951006876
"cv",76.6685330406211,0.677465814217803,-2.62732713768727,-2.43865624694981,9.13854748548484,-1.15426053047485
"cv",127.877902541988,-0.161758850777769,-1.2458472155209,-3.26894864283816,-571.217446712767,2.99405425439187
"cv",86.9077721504497,-0.0889679251338032,-1.09832824290269,-3.56611723521038,-62.0062306842694,-1.78150898681071
"cv",79.921473004937,0.0827835674576096,-1.59433306574756,-2.83579002609626,-698.003633396753,8.50189861417301
"cv",66.7682609619382,0.717562001390776,-9.71469373879678,-2.38957517900456,8.16721315414215,-2.33767008383821
