"","","par1","par2","par3","par4","par5"
"cv",85.5201440624687,-1.01263233476192,0.487579272588892,-5.76829635596882,-246.180893853307,6.42319493576324
"cv",71.9423113077928,-1.2204715004669,0.80870827017436,-7.76249421627543,-58.7071433663973,2.55121206745853
"cv",76.4751642078496,-1.31361815459049,1.18286570382082,-8.67686607657294,-26.8117305810388,-1.31595075130463
"cv",131.159666795993,-1.27459137900385,1.08205385040492,-8.62105977826983,-617.581999920689,1.47939828431365
"cv",88.5840020853011,-1.11215260841184,2.78571434827672,-6.7645968370287,-462.698578771624,8.14901593611924
"cv",71.6621013186438,-0.695561181693239,-0.55660791883861,-4.13312168238219,-603.910935390337,3.61826206446343
"cv",100.802334469536,0.573705399166637,-3.03633356770652,-2.15248400393651,12.6609318590541,-1.98137924794479
