"","","par1","par2","par3","par4","par5"
"cv",87.1565413721898,4.03414475123484,-42.1115972304853,-7.84043826909161,319.187367155061,-3.95298508634898
"cv",92.1996220177958,3.90358021653974,-29.3515753394286,-7.6338308534897,353.609190201033,-2.58020123877656
"cv",130.114540582863,-0.902857294620371,0.474142899410307,-5.55471655152814,-78.0572226983174,-2.55178776569664
"cv",115.376960943556,2.62425222467302,-45.5685647775447,-5.32494905817949,152.327540148584,-4.45070363103307
"cv",81.7276104741879,-1.11543030832081,1.43078080322372,-7.07348396274444,-374.664409944702,3.87945936916025
"cv",52.6189935382566,-1.24778211182594,1.2758726116063,-8.21824982453133,-891.725043300539,2.8611385030672
"cv",99.2307062379457,3.81146704186354,-43.8723170181457,-7.54474450113464,298.383339123976,-4.53638649810194
