"","","par1","par2","par3","par4","par5"
"cv",88.8437081620233,0.724878149280555,-7.53286707552861,-2.86184583472816,6.68880501268198,3.21381132481252
"cv",86.1988048656934,0.442058923435008,-7.60018353981433,-2.81047307783691,-253.141552084622,-0.175523189774657
"cv",70.1833529062552,0.474512814930939,-5.7369212148259,-2.71341266181804,-480.290845240499,-0.11563952177011
"cv",51.6507425653987,0.530437236615643,-22.0662972375076,-2.75685358805553,5.72568486759055,-2.48848049901426
"cv",43.609279177724,0.520936304404666,-4.97406465987391,-2.68372748842343,7.2336996517089,-9.15191138587931
"cv",81.0732242810096,0.484659248415528,-16.3357133898744,-2.74869637899459,7.43234021609318,-2.02651449660015
"cv",90.07838654875,0.442579865545275,-6.69069809478557,-2.71352623072292,-686.918730847538,-0.195847540162504
