"","","par1","par2","par3","par4","par5"
"cv",93.3285738995075,0.165184790924853,-1.39385110293602,-3.19090692524982,-930.288879602832,1.82150371620624
"cv",117.182372684087,0.176873613790418,-1.4491752853035,-3.28457463777043,-897.614206521164,3.75180128077866
"cv",42.7385344047402,0.0805533947615434,-1.37270876153936,-3.16370405239255,-828.85223404755,5.19404657595312
"cv",64.6142508740392,0.0265383891592056,-1.25563353708854,-3.23272617559782,-764.583499901062,6.23039992538571
"cv",51.4789731662767,0.107773916176047,-1.39775244413893,-3.13933408820615,-49.3165422891806,3.84271097905696
"cv",64.8441967813444,0.0817097862404988,-1.27454501567984,-3.25935145596717,-730.152113728561,6.58071199901694
"cv",40.5637120890662,0.104085910533465,-1.33807700703069,-3.19904649856979,-259.63551233741,3.57195484068471
