"","","par1","par2","par3","par4","par5"
"cv",139.479974878941,0.199705267913481,-16.7473351029891,-2.84001627881671,667.831235288937,-4.07101080913773
"cv",34.7758660333658,0.421481528883445,-43.5326166989323,-2.83057446326598,63.8425957325222,-4.5480241003182
"cv",109.327614507387,0.351604905709066,-19.4652066842283,-2.93613330934818,67.3804136767022,-1.3232647727751
"cv",41.1560555748811,0.371640065750722,-43.6609934551669,-2.7791207870766,68.0066422062391,-5.25043377703949
"cv",112.747546205948,0.325796143420786,-38.0918937637436,-2.91121069069088,68.9128334043207,-9.42277201964581
"cv",65.7284582778941,0.479702843301101,-44.5976605996685,-2.79340768789988,67.3612796178987,-1.01856315345445
"cv",56.2396535659024,0.356120655163622,-21.6604861512124,-2.77162993991173,69.5521815577866,-3.99428476792904
