"","","par1","par2","par3","par4","par5"
"cv",81.7621617378428,-0.349329325106332,-0.990054382329549,-3.44274781294314,-186.490176983328,2.46833759698495
"cv",86.7941200603706,-0.212455538338812,-1.21050167700048,-2.94839206971118,-934.988635091927,1.91937039018673
"cv",77.678336627575,0.594080503240601,-2.67123068220416,-2.15934968214069,9.42281014846276,-4.00159316386931
"cv",89.3921147748144,1.01620327185569,-9.08009868399571,-2.26089462701657,7.02101031367792,5.39788219342947
"cv",79.8945200761515,-0.18905183157707,-1.01480783490035,-3.17217100212424,-366.580414472815,1.19675907780267
"cv",70.7892274457357,-0.475797799946324,-0.905980513798601,-3.71818177969349,-147.585312835872,5.57751680717249
"cv",114.843739925526,0.996427738077053,-4.2701635743289,-2.7987920165317,9.7531038750725,2.52119988723561
