"","","par1","par2","par3","par4","par5"
"cv",74.8385612243068,-1.27963882046436,1.87406076547378,-8.76295463946692,-75.509118363069,0.942176171873425
"cv",73.470025079503,-0.940778991132552,0.638620680477624,-5.62991148098155,-99.009395660653,4.15407501222896
"cv",48.7547377031011,-0.916445238255723,0.75168741103262,-5.4336685512131,-607.70446149674,1.45575562744183
"cv",65.8665292251855,-1.31209643839443,-0.324936688189735,-9.11592432687944,-667.530913371593,6.48708279356517
"cv",106.142250272916,0.920333898260037,-37.1432137198482,-2.34365996830029,47.2250793880675,-6.02484980551757
"cv",75.06081912659,-0.995737152878395,0.910613202675442,-5.97813193242615,-652.898048174271,0.88965839923438
"cv",89.6790400154589,-0.848229139539046,0.762130975909528,-5.4287375755186,-24.0401825867593,2.16225776114692
