"","","par1","par2","par3","par4","par5"
"cv",102.652837029542,1.32564953377566,-41.8001211378299,-2.76864466425311,939.11161089199,-0.57597857471034
"cv",117.501526936194,-1.3637267287908,-0.169286922878063,-9.79001175307202,-590.318335872131,0.924347372390937
"cv",109.324586436099,1.40379694315106,-48.2228767368061,-2.88555119140799,601.802849568349,-0.552234178670799
"cv",88.9812550715903,1.70499736747472,-46.3346504001953,-3.02617520646463,505.459268577397,-0.340270878344439
"cv",90.2084157760031,-0.708146514557302,-0.0958567624911666,-3.66842983184564,-411.142465250405,7.57172978864828
"cv",100.604695274126,-1.02225003038909,0.627068007914487,-5.98225802343376,-463.114362513622,-3.8120268122932
"cv",96.4485551118834,0.818864393999697,-11.8691775774885,-2.30546211865254,29.4312327743172,-4.63360374994843
