"","","par1","par2","par3","par4","par5"
"cv",92.0166797714334,-1.21553059599185,-0.296145261009328,-8.4310553025528,-595.448095624385,7.75354295278275
"cv",37.3856420478622,-1.30886821820951,-0.179007259359313,-9.50022284296374,-836.443127076577,6.87756276711674
"cv",86.3327919023709,-1.21153785672763,1.45879702000219,-7.20364564510507,-949.280187020562,0.603521282052481
"cv",98.2069323635295,4.83488357717903,-37.6060967999696,-9.18984426849018,915.483062843165,-4.5182785646802
"cv",75.7479529058932,-0.626256791471683,-0.714004964693075,-4.54648938078033,-676.080330565791,9.4078535800395
"cv",102.230845998884,5.10036371269279,-29.222713920987,-9.73767023681297,995.712257705626,-0.723873601812398
"cv",48.5924192094069,-1.17131144180259,0.202179064187194,-8.03726061508803,-936.182892881334,5.12110583011773
