"","","par1","par2","par3","par4","par5"
"cv",110.438419026587,0.976663514499186,-46.3737115113587,-2.15297457697971,31.6411638373407,-0.663124783932803
"cv",96.475736733887,1.40935471448835,-32.109148494823,-2.23518249714573,87.6299755745493,-4.35755538579441
"cv",101.191822421845,1.11808006738708,-44.3393818991469,-2.17470147414281,908.662012925243,-0.374141582666292
"cv",112.984599401328,0.943066514659108,-4.76002375093432,-2.18390645228626,26.4127373627315,-3.21683815518827
"cv",106.349796298645,1.28182212994811,-23.4298859604359,-2.14303241642658,200.779675670002,-0.3390161304375
"cv",99.0197003881442,1.01364580435002,-13.0390696720295,-2.0850541048277,28.1278405295691,-0.713434046634227
"cv",101.691855751597,1.435824544995,-41.67711333059,-2.30912535636401,96.8189246071156,-3.88207219026516
