"","","par1","par2","par3","par4","par5"
"cv",99.9080137323572,-0.321472164768757,-1.12024981139792,-2.92024848239669,-873.534086356566,1.32003345359643
"cv",92.612187124235,-0.230223792702594,-1.04093290568326,-2.84441516877527,-694.766995962709,0.315589633613546
"cv",105.389369756464,-0.262579488747603,-0.992949881350485,-2.97417226694266,-270.403345955083,7.80443328931424
"cv",98.5339912482198,-0.147942017142233,-1.29567127509476,-2.46612517364017,-290.838710388998,1.96733404047385
"cv",103.058593312335,0.757764598891402,-3.87026234734367,-2.12842157502758,6.73094580080893,7.76918041038025
"cv",135.140670158827,-0.316112560947556,-0.948118378441453,-3.2210481563789,-12.4333549365189,7.37421832693319
"cv",141.194811721937,-1.08312245283799,1.64417952230259,-6.05102360013078,-360.134062357247,-4.82445863394362
