"","","par1","par2","par3","par4","par5"
"cv",87.7285040170512,0.295226780283897,-4.43957496646792,-2.55348246681943,-25.0478495269294,-2.03389587732346
"cv",120.881526324744,0.343314303593113,-4.62142860586537,-2.56448038982634,-20.8909958084288,-5.31531088261554
"cv",57.9595909694689,0.315279598626743,-14.0709228997223,-2.44101371600702,7.79143484273932,1.95666505359241
"cv",61.0391793550495,0.305460545404762,-4.31158917688422,-2.49412195152142,-19.1663649250088,-8.97947413798591
"cv",76.8332041165876,0.326884118006373,-5.17449911307526,-2.47898473116949,7.6229549779332,-4.3603196606931
"cv",114.724352259822,0.433608044686162,-4.14735362582638,-2.56736866531273,8.54320230265765,3.11323721154508
"cv",69.6700086370433,0.853205150087245,-4.8684801639478,-2.57057520297347,7.90134285801021,9.1781861099876
