"","","par1","par2","par3","par4","par5"
"cv",75.4392960835253,0.235235720436693,-9.82011292699852,-2.66202586864009,997.79231257896,-1.17824067725367
"cv",170.186617183889,0.419811759785936,-7.67308828544819,-3.05794110608527,941.500168016498,-4.20095661879953
"cv",51.2365675292919,0.258536967142036,-17.8423068722926,-2.67436267020471,194.95930967258,-0.843461206240843
"cv",107.716553036357,0.2292367512685,-3.03846766169239,-2.82388555500467,961.560192280037,-4.50754506249505
"cv",84.1626704492444,0.169476935201269,-10.8292726960969,-2.65972711875474,999.675287190921,-1.07829854362405
"cv",67.0446903243693,0.282752545453927,-16.1190365828708,-2.65450265030603,975.466706879056,-0.853338190685131
"cv",32.9190999458487,0.341449550837746,-9.9062732228621,-2.65307413256225,997.423724592886,-4.34021685738117
