"","","par1","par2","par3","par4","par5"
"cv",77.9698301784159,-0.0900560083678642,-1.11919949420745,-3.38747877507399,-324.450312601863,5.63461298588663
"cv",100.187946593782,-0.146000873350054,-1.02914621761386,-3.53909454795653,-237.432244396979,3.56205753516406
"cv",64.996308350778,-0.0813371752687037,-1.06082363107222,-3.31001352847382,-447.079214625027,8.05585148296813
"cv",75.2507755956391,-0.135359969347955,-0.988700857532747,-3.48563358743065,-301.170812871771,2.16855200359306
"cv",106.356435667315,-0.184952796973609,-0.917489540570736,-3.59138313592813,-680.588616989553,0.976524322646043
"cv",82.7453414451987,-0.103436819479447,-1.07033542926513,-3.36009395338733,-272.479539154653,3.56004581736702
"cv",100.857891162162,-0.128073910713387,-1.13465460584146,-3.36043898097107,-560.963553917418,9.89733838476241
