"","","par1","par2","par3","par4","par5"
"cv",54.4386673845836,0.192001061586295,-2.71944847296492,-3.62882117177044,991.640772202943,-1.420478150283
"cv",46.6670038914981,0.357691869445777,-3.52229628591808,-3.73346443241185,878.803747420004,-9.66375858306122
"cv",29.4778896941654,0.26468393744861,-3.32886312580415,-3.52834513676575,928.276117487757,-0.97564368396863
"cv",40.0315315104503,0.37297536499779,-30.4881915736908,-3.47089504072187,979.188580900507,-5.61036583909629
"cv",24.7609429439302,0.267146565056914,-3.71916901672979,-3.51069635216623,949.041862874607,-5.53278211547889
"cv",25.351533540776,0.230905409180504,-3.24350289348811,-3.57899924229656,908.160736028468,-5.97818747969323
"cv",43.6584138027976,0.309465996685697,-3.82034805810508,-3.5305578399704,923.575746390249,-5.66828917541385
