"","","par1","par2","par3","par4","par5"
"cv",107.402367609204,-1.08877749107656,0.0280619563788,-6.73441165467799,-566.893507685086,-4.16189446920251
"cv",76.1608559451264,-0.62060897882005,-0.729867457806693,-4.30945792595021,-88.7108163163684,7.49518477088295
"cv",98.5878887914335,1.01902644450422,-33.3560549173219,-2.06924243046251,9.03727735142935,1.01627550733935
"cv",106.080246829894,1.0627369418731,-15.6413492478244,-2.13043136229522,8.25471145738259,0.564141332369968
"cv",78.2707755535878,-0.36577830924257,-0.856022416951576,-3.81481904675468,-500.242331720123,3.54051954762804
"cv",84.4599823151309,-0.722673819064106,-0.484780426019044,-4.27737757586216,-24.1493309783573,4.83107158427569
"cv",87.0172290209471,-0.638753854557872,-0.278035402278075,-4.23777177420752,-619.912600805283,5.64235686311329
