"","","par1","par2","par3","par4","par5"
"cv",144.616383254068,-0.915232710143455,0.0707178658509273,-4.28831227025225,-64.0303973458182,2.07819981947916
"cv",120.936505056643,1.29569369057442,-46.1227069508169,-1.33953229416701,-104.816038498843,-4.67803737205545
"cv",116.646482237682,1.32999466938051,-40.2543254505016,-1.20632868165711,-41.7795190060303,-6.17432282154792
"cv",122.048270518455,0.0340339146001889,-1.47084582138117,-2.03160616652447,-794.079608654064,8.87492035198211
"cv",118.650574980684,1.29452677004115,-33.5438355380351,-1.2681826581207,-17.5864161940067,-1.9931677703677
"cv",117.523118148032,0.16094567262376,-1.69644138105829,-1.86744073489518,-965.629139269956,9.35236886769629
"cv",115.715923205814,0.160836047356751,-1.55530925036984,-1.76476495066819,-539.865143638076,0.319227975737768
