"","","par1","par2","par3","par4","par5"
"cv",92.9712027867228,-0.296806136173487,-0.90565938002491,-2.96857473228132,-983.913166693112,-2.83500094591604
"cv",94.4174294299278,-0.147134491308519,-0.845666906478381,-3.13618347666831,-461.068001018697,9.75915322545916
"cv",88.8835505116892,-0.183463305911802,-1.02806794200828,-2.96574881562058,-59.5217305235565,7.29393821616561
"cv",106.20771378832,-0.137998472246162,-0.932923693502244,-3.18129727000652,-247.246513036787,4.74257792160938
"cv",83.2995418081522,-0.211840612685513,-1.00264966467029,-3.01975766729337,-131.212741136551,5.14459661208093
"cv",112.391525350897,0.582853679640667,-2.04845969775393,-2.47797107950309,17.38375869578,-1.78216553917472
"cv",117.296465362584,-0.115913796925372,-1.01693348764033,-3.19699913815005,-399.885303749453,0.725288023788524
