"","","par1","par2","par3","par4","par5"
"cv",85.4855164000474,-0.743546375231024,-0.669801344808242,-4.50205537655376,7.39446515493336,-4.89198954010761
"cv",103.666787487378,-0.78508911102999,-0.505636547370051,-4.59215627781424,-945.459390247926,2.63984754848475
"cv",93.5536592384734,-1.14096382076924,0.349773771715991,-7.02774714608274,-488.051274325699,9.24541111342161
"cv",103.130081047747,0.569606778437887,-6.0768885773628,-2.14432980106196,4.56436799970036,4.89230693240548
"cv",72.9394253037011,-1.10994597652404,1.64292327370842,-6.58093512757122,-319.966115913565,3.87694677155749
"cv",97.0549485257025,0.613217809109117,-3.99843360550942,-2.13656353270815,0.633546701512515,-2.26666306572237
"cv",59.6681748109715,-0.604661646256007,-0.316135119646788,-4.26640250825018,-382.679684940656,-1.81220991413804
