"","","par1","par2","par3","par4","par5"
"cv",97.5157922845575,-0.677542244595993,-0.67813448225573,-4.50944233280197,-240.966369217383,2.48846694674023
"cv",41.400249138262,-0.721737942085231,-0.294561624919913,-4.64323099076648,-935.73319442939,6.64268658265922
"cv",103.884212024082,-1.28327365058161,1.57823742319926,-8.923337319164,-778.37138136462,-0.253928441090622
"cv",70.7561807781252,-0.66270792015009,-0.588206015240539,-4.30622002619982,-917.976765908792,-6.96736519612082
"cv",83.0997497306633,-1.23244472648948,0.28369168471545,-8.10323581909117,-736.094583355167,-2.91016768992348
"cv",48.3668931969553,-1.27970420786548,-0.514503032900393,-8.72965317216433,-692.952176855797,-3.11671552593136
"cv",98.6407066576015,0.965769376115129,-33.0708617519247,-2.1498293212858,34.9024421513462,-2.37844842536875
