"","","par1","par2","par3","par4","par5"
"cv",75.8392770667672,0.41992103979306,-3.4035325865443,-2.54947287175495,6.73809235835046,-0.411855434514942
"cv",58.732446312534,1.31690799509107,-29.4047368809419,-3.08137468309749,697.590049951993,-3.72346419531613
"cv",126.913647312934,0.970072726573425,-34.5030130721811,-3.06956790506428,142.754623099401,-6.29418243333592
"cv",92.6236274745107,0.585306443452625,-3.61717886831934,-2.57368243076846,8.25629955874962,-0.478966438323209
"cv",93.2382258397895,1.39774144378716,-44.6459475367677,-3.26645123229874,171.989683352579,-1.07613302938049
"cv",91.3778480055779,0.654136470419696,-8.60012767745797,-2.61491021404906,7.02560328668937,3.22947134693074
"cv",72.7593683806708,0.0939229745032685,-1.89024240293338,-2.74433704523345,-322.775647897704,-8.65125124646854
