"","","par1","par2","par3","par4","par5"
"cv",97.9880159010103,1.04832337659934,-41.5449271588837,-2.169875424576,6.63480663459549,6.46982770956703
"cv",96.8840584178864,-0.488225152206022,-0.505961734571603,-3.76084127352372,-110.53322847583,1.65144834288673
"cv",88.7463784139582,-0.276987829372803,-0.798343681197991,-3.44439310441711,-727.649026806723,8.48037016578019
"cv",81.5988770358923,-0.996017930301955,2.06259003936386,-5.74757157199104,-399.578757851373,6.10201281495392
"cv",103.483873123539,0.705354773651668,-3.04681664595319,-2.17392095069696,35.5181393522892,-0.5712734566883
"cv",90.931303734151,-0.804341046692269,0.574336152794684,-4.67220370112645,-241.072117626043,1.03934076384314
"cv",79.1482509113113,-0.373433681048047,-0.763912356405776,-3.54154038041473,-227.535311616442,8.42804681044072
