"","","par1","par2","par3","par4","par5"
"cv",114.591917299358,0.321605628819325,-35.3878638251491,-2.93562836942128,10.0356163457036,5.86513446326701
"cv",140.384198643313,0.418886451531049,-42.2783110242198,-2.58984390524856,21.3494754491838,-9.05763841601227
"cv",115.247420523041,0.355077028576287,-9.45628386022187,-2.50672381069842,21.7857158397951,-1.43175356363285
"cv",93.4097364266095,0.515327623828543,-40.1830143646857,-2.67909929872129,9.09917416040223,7.9671899078
"cv",52.5197053772046,0.691827253406041,-35.584094970762,-2.3715477317686,8.26608025918794,3.33608545578639
"cv",63.8314756972851,1.12419240947034,-46.8784605042806,-2.46567580227183,7.9940621938312,3.40347860939801
"cv",85.3006989363613,0.631543194954989,-28.5804138532189,-2.3642840297031,44.9800448085822,-4.82357981345485
