"","","par1","par2","par3","par4","par5"
"cv",78.1975750594747,-1.08693407266165,2.79407527018727,-7.02010159218466,-494.326416435668,8.14662493299693
"cv",106.48531930497,0.867475941150996,-33.1072217397631,-2.21766490981944,8.31559041769651,0.896485389224468
"cv",105.202364236623,-0.192459951117518,-1.09877720744614,-2.49121705806172,-620.021657092739,8.80197829531173
"cv",102.072703225599,-1.13643007202693,3.41214445885271,-7.60822922783257,-795.28180956384,1.48633643972534
"cv",80.5915762826022,-1.38349567406517,2.61329081388951,-9.94612685133455,-870.998424696294,9.81801425106823
"cv",51.9766561006632,-0.696667159829634,0.181210304568794,-4.58997491345563,-96.2575629320943,1.61268656524472
"cv",100.56309429964,-0.968732651808129,0.78032593017997,-5.62665044705273,-95.289133912966,-5.83336208330303
