"","","par1","par2","par3","par4","par5"
"cv",47.2540755897318,0.783286109758175,-15.5892209039542,-3.70434629225358,3.67751744688925,9.80199971705985
"cv",37.4116513602164,0.231211838204322,-2.09374887692002,-3.54819505246114,-842.658074626793,5.94680298744195
"cv",38.005916639235,-0.491564749984578,-1.04524809867144,-4.8483913568483,979.578186662772,-2.99085819784411
"cv",49.874948165486,0.193733529223468,-2.1770055622077,-3.8320741806887,968.046025767574,-2.77021585032344
"cv",38.0356799418183,0.590406194371169,-10.5835450994576,-3.76844234946311,7.10983963964184,-2.90863881362097
"cv",29.4520485511231,0.105592497885742,-1.71566035369316,-4.06700358053089,-374.461871646272,4.46481060844808
"cv",20.1897896681365,0.636095812950035,-23.5865393056323,-3.74295053000989,787.473916691895,-1.99960811156174
