"","","par1","par2","par3","par4","par5"
"cv",108.887895125323,0.0979695922922863,-1.32727173728413,-3.17869882746677,-292.376907733873,-2.10470842005518
"cv",78.5010974232752,0.440379268636857,-6.49416950542193,-2.70528178053836,24.4761360464584,-2.10050014155841
"cv",86.3306602682543,0.250376281687395,-2.31610341855272,-2.86639422146573,-923.643361493118,-0.28513469754151
"cv",90.3986069252075,0.45467620163522,-37.6894136267083,-2.76996654296476,29.1959537720067,-1.2593263918458
"cv",62.2574367463723,0.449361302499495,-21.6289701221372,-2.70595875803189,28.6783735113479,-1.24817287871362
"cv",54.9203763895116,0.189690368577874,-1.91964682721064,-2.97352291292793,-247.182601472122,8.98742066458552
"cv",61.6536248579263,0.293714705797675,-2.41784161944474,-2.81041579045199,-370.850614755389,-0.238242662317598
