"","","par1","par2","par3","par4","par5"
"cv",89.7047339456457,0.0607825755877688,-0.949381489033329,-3.53433851042228,-660.262798479102,2.79629543072083
"cv",83.3687712217312,0.00888295726201264,-0.918824625382014,-3.43159069729439,-851.344465171052,6.27779701251153
"cv",102.773824340146,-0.102439099745675,-1.00315364648989,-3.39142511946968,-689.799276059054,0.945971851020751
"cv",91.2970855619499,-0.0594858735165444,-0.984590909611479,-3.30111698203147,-678.851432981834,5.99237552067701
"cv",79.8638134785313,0.0171203870802089,-0.928810545902169,-3.31341265355418,-733.515379080284,1.9147495362583
"cv",78.8009126294922,0.0258839781961783,-0.906888778801746,-3.37934641406262,-293.936142281074,-1.83653203733698
"cv",78.0986557436822,-0.100841348757088,-0.850832666698498,-3.46995879997504,-185.37749497738,-2.89509174776757
