"","","par1","par2","par3","par4","par5"
"cv",97.3133264673542,-0.368291043199027,-0.856807250689772,-3.35609766532392,-598.433418611599,9.88200950436294
"cv",86.7210148355812,-1.01132728093953,0.436883740642701,-5.92837696707423,-7.83522748757832,6.09326529316604
"cv",108.394138956942,0.603106295816468,-2.47275182854648,-2.18219730173486,27.1395995798617,-4.00135196485748
"cv",114.672022404934,-0.407904896885545,-0.895329448228932,-3.77618763909583,-243.633025325835,7.8761775078185
"cv",101.596427836511,0.186533900548036,-2.01090927610317,-2.28374115201657,-281.483728018255,1.05453106758653
"cv",108.668425010162,0.483047315602223,-2.97952296075418,-2.14020304736067,10.2831606552419,-1.61668139797522
"cv",135.117862932105,-1.19185325721473,1.14069723492255,-7.29562203996634,-696.12600105784,1.50180938241397
