"","","par1","par2","par3","par4","par5"
"cv",106.067774761187,-0.220997865702172,-0.950277945322935,-3.27555327101727,-664.986546019605,-7.05160961989301
"cv",94.6653023883659,-0.115756224652462,-0.85926280575869,-3.26451574457127,-0.929479487240314,-2.94169032048771
"cv",89.8272837431041,-0.263182802588327,-1.00660745184965,-3.14663395173077,-280.996029927633,-2.48974655160574
"cv",115.405616595812,0.997208827765765,-8.9420974583003,-2.14087570364172,6.93281990328044,-4.28294000171794
"cv",69.2837012621099,-0.134811255846573,-0.933663453191624,-3.16115666812612,-286.745372709015,-6.288096094504
"cv",114.079368177527,-0.218023882655954,-0.884699710504219,-3.42676498016777,-360.872068314093,6.48515570971087
"cv",63.7652751735009,-0.188045922815618,-0.887260536105596,-3.2101328102381,-815.564332276212,-8.87054428601517
