"","","par1","par2","par3","par4","par5"
"cv",97.0475707784257,1.0218567344584,-2.96972205683203,-2.17913994001271,456.483768262377,-8.32444589119405
"cv",101.429995877007,0.98129076493546,-2.27830057029326,-2.38782850110562,198.489317999128,-0.749001187438685
"cv",91.7102389994942,0.849631170460945,-1.8089828241341,-2.50523187805208,149.044132409867,-4.50088511547294
"cv",149.467062779576,1.51077258575106,-4.33590702560093,-2.95824435124967,352.74876429791,-1.43496710521475
"cv",100.485434497152,0.839735913591602,-1.61318877622716,-2.57975817309073,207.906030409508,-6.54652468650671
"cv",95.1360046356984,0.884714644705627,-2.3451149213896,-2.30762555164575,180.972378063567,-2.10817935515594
"cv",91.3947994811881,0.817038136418144,-1.80262457450444,-2.50060935684306,190.229773557852,-4.48748001326335
