"","","par1","par2","par3","par4","par5"
"cv",120.437234558144,0.847938994961017,-36.5261188234253,-2.4044639063422,125.228873401297,-1.15271151220614
"cv",120.374207109825,0.824778117918092,-2.74668493987332,-2.55165615126865,800.973139652297,-1.33822709196689
"cv",102.349833528277,0.746408059558376,-2.06773471648518,-2.548363098489,492.983553557163,-1.16677436700462
"cv",93.859062821902,0.635829177506109,-2.21325101833142,-2.51160691117365,555.133825002866,-3.43326532586479
"cv",95.5056276188523,0.773210380196841,-2.88831215305257,-2.32463353149938,978.708972472124,-4.08796869218349
"cv",91.5559050778348,0.719249627868724,-1.97503223144914,-2.58379347741907,577.136549368973,-8.9380335809794
"cv",86.7947478309394,0.680595642710583,-2.62663370700347,-2.44061419604582,570.67018011024,-0.54814276323271
