"","","par1","par2","par3","par4","par5"
"cv",101.508320704341,-0.125503932698864,-0.99363852906401,-2.5508024513841,-212.601943397178,6.16367715134107
"cv",112.253977833684,-0.855563909198059,0.892653623151902,-4.90544546511247,-937.8917618094,-2.70222371827114
"cv",104.217514202878,0.698045028877309,-4.71425452262346,-2.06645021229791,5.6090176232691,9.61308632347526
"cv",91.1355348347111,-0.231110862023491,-0.849453161292225,-3.01893808341273,-863.971851407318,4.23910528412426
"cv",89.426947621686,-0.664886934774637,-0.243641740566484,-3.66553812944134,-564.54137737006,9.0303609607416
"cv",104.066783249187,-0.255925314020302,-0.692629542097844,-3.204938022733,-526.742268334263,0.0911987236996252
"cv",110.764965407996,0.754596964946685,-3.11161919968247,-2.15061805533195,232.733747751989,-0.635274969780627
