"","","par1","par2","par3","par4","par5"
"cv",123.368974169746,0.271933725606394,-47.9532313658131,-2.48267104861246,977.313952675245,-0.710359471385379
"cv",119.572950440178,0.313395291898826,-14.1309478833356,-2.44860015739397,932.578242701578,-8.34251688713727
"cv",75.6429685291696,0.537538580062447,-37.361647548657,-2.30936934964832,975.303406209998,-0.707454344025944
"cv",68.8256357374163,0.607829234938923,-34.8307321269533,-2.32089202468302,965.794801902624,-3.96885561623414
"cv",84.5638914394024,0.480457222380917,-37.0738070630238,-2.33539387985405,275.789592236908,-0.586950620687246
"cv",107.894700165023,0.619074985971648,-32.7093200659714,-2.42353134614506,981.489309603919,-1.81825549870215
"cv",104.127139695517,0.390085777181822,-2.58700144968206,-2.44345133753217,-129.758059154832,3.45664977325402
