"","","par1","par2","par3","par4","par5"
"cv",91.2575660537804,-0.0868868791602591,-0.917152277086663,-2.98689267459293,-396.027247435525,-1.58402342349057
"cv",101.025333409821,0.256014222653932,-1.45861221187721,-2.31635970138721,-658.760981771729,8.07897706252419
"cv",84.8993670052611,-0.125907281943429,-0.947828576947411,-3.09787611951924,-451.358574424407,8.05907104794342
"cv",104.905345258603,-0.0488594844036545,-1.09202751270073,-3.04185036312549,-496.725302261055,4.76539836791613
"cv",116.803717683203,-0.146806391740962,-0.915471748015364,-3.26033428854889,-616.479296143297,9.48626058056011
"cv",94.6772722714433,-0.0782417479212201,-0.888753923231055,-3.07182014618868,-343.561666423509,-1.23967411172379
"cv",86.3008431941771,-0.143038565093633,-0.835736377742852,-3.06666090388604,-490.469562045557,0.538294268772006
