"","","par1","par2","par3","par4","par5"
"cv",110.44774174896,-0.00610516204083026,-1.6386196599035,-3.01680432533638,-809.616774888768,8.29886480212104
"cv",79.960289951464,0.487384152081005,-15.2624117798014,-2.59134735488393,-343.846532683548,-0.143091501229863
"cv",85.1051791434705,0.486375761709749,-8.35464884092207,-2.56316865645583,-300.46770433591,-0.593857352946892
"cv",74.5892003679739,0.480936398418028,-28.200598876643,-2.5982631038765,-780.122523626259,-0.596409951415063
"cv",116.041829000539,0.444795862036453,-7.12403396638065,-2.77543635479472,-827.039705744418,-0.639204671606421
"cv",72.3758798073128,0.488170107883288,-12.6216530877547,-2.56852541502598,-543.412946782113,-0.561746541532141
"cv",63.4716408459335,0.473720903464792,-25.1815072807641,-2.49720665686947,-893.372343900955,-0.597145277527778
