"","","par1","par2","par3","par4","par5"
"cv",99.8821484218826,-0.165236768636553,-1.10579253972617,-3.54281640192091,-859.100309200585,3.63660033096582
"cv",85.5385591970439,-0.756020837110938,-0.416870485059917,-4.6503873958333,-94.1926214032882,3.78048529806623
"cv",83.8404846397013,-0.695217685465309,-0.123428442581895,-4.80585696479439,-262.464177665689,2.21330773382191
"cv",69.1041694220955,-0.369692926863926,-0.80327519391032,-3.76741420041162,-715.84569061525,0.935836115152654
"cv",76.0088745596987,-1.30191475930357,2.09364787597299,-9.03723900664797,-580.594532058108,6.89837929815794
"cv",98.0834327388221,-0.56930123722616,-0.498212895454521,-4.73200409795348,-737.741030871079,3.44377040931428
"cv",76.464994416623,-0.860254576708621,-0.444248881789936,-5.20092950447916,-57.1629439398495,-1.57564642485411
