"","","par1","par2","par3","par4","par5"
"cv",73.0504591416481,-0.415006612202564,-1.43320595698151,-3.3093244789828,276.051225665721,-5.49533847052169
"cv",11.984727768858,-0.252908489869931,-1.88496909524794,-3.05995458432453,253.605086381647,-9.41193924604125
"cv",22.3748757285887,-0.351424045989006,-1.7923490573464,-3.13086753259032,240.716208344671,-4.18098411932271
"cv",66.144443051292,-0.23857762932154,-2.07180981684609,-2.96484284327527,129.312468233076,-5.29839707951195
"cv",73.1626516378848,-0.299580656096504,-1.91744760716035,-3.08450465811761,270.378137588,-3.22134460322559
"cv",216.689894568892,-0.0573666809283387,-1.79623397023073,-3.71800872686381,-592.78180991209,4.5308050218482
"cv",38.0535707468941,-0.215063832052098,-2.40750602924829,-2.9001577614373,254.623971898329,-1.95823170541723
