"","","par1","par2","par3","par4","par5"
"cv",81.8151432656933,-0.47679718131707,-0.758898247449581,-3.79871252450372,-424.896396526528,2.41290176723963
"cv",96.783379251672,-1.29846298193421,0.778680356837746,-8.58138874757494,-495.085249763111,7.36994362483472
"cv",75.8971227809653,-0.334085625594462,-0.696951969717755,-3.72899442569766,-85.6970036004426,6.67814051910433
"cv",113.838294292117,0.985091639547117,-27.5004512492533,-2.42146531976594,5.87530642745287,8.68430090677339
"cv",95.1640912480779,-0.280833728320444,-0.889759409164279,-3.27336025589246,-705.11006251581,8.68394807210626
"cv",72.898493138604,-0.49928914235369,-0.701035161904756,-4.00670642638189,-180.632252119559,2.36914803739637
"cv",112.176284789662,0.55040276675578,-2.3795198895073,-2.28557727721903,-398.016427100068,7.79266194645305
