"","","par1","par2","par3","par4","par5"
"cv",73.1634284938491,-0.266447295226353,-0.806249256672538,-3.56686654459019,-611.349128810292,4.31936142760689
"cv",79.8649095960618,-0.880342522325356,1.44821113572651,-5.43554900554351,-871.249061336907,2.9096739878878
"cv",98.4156997453705,-0.230359884358126,-0.870725445669717,-3.76638735956676,-789.288089810435,0.9598954815542
"cv",72.7036208608605,-0.716620130043359,0.574259276844302,-4.63088581213382,-349.870807240759,5.62422339338809
"cv",77.2228770325025,-0.156032905151068,-0.886132029280051,-3.64541243408363,-207.624652306992,4.59647043631738
"cv",93.9893962843287,-0.489487619163572,-0.590760630803289,-3.62825574922185,-559.582752001286,3.32251726880276
"cv",81.6511602129111,-0.270644401176601,-0.736204452232804,-3.99520776320441,-313.756465966611,-8.13409361494046
