"","","par1","par2","par3","par4","par5"
"cv",85.2670252786737,0.827020290394768,-9.07138299196904,-2.35046608296633,6.79800319183546,-2.33241761975696
"cv",111.021920703641,0.579882164065001,-34.0115156952691,-2.41025929710317,7.37016707635404,-4.31164807822949
"cv",71.9080708987905,-0.298852655340939,-0.687367675812322,-4.01283659370879,-611.605071205111,-2.65108439117937
"cv",92.9651317375488,0.987820207139016,-19.6105398293549,-2.41565359876909,6.25943580453587,3.11028184720906
"cv",62.1976925518421,-0.435444703132893,-0.79793409150755,-3.76254566090904,-118.707954007137,-7.98723656653219
"cv",71.6797341638058,-0.619173249495257,0.0958450102343065,-4.49471306623173,-64.4551938282494,8.06784313320855
"cv",67.2127136869739,-0.717678988784563,0.267434187792534,-4.59853340364754,-19.6204124949872,3.24509337982778
