"","","par1","par2","par3","par4","par5"
"cv",97.1971636370114,-0.334073588793652,-0.768033318904404,-3.83654928211934,-724.795454449415,4.76993648707062
"cv",83.4646685329796,-0.78393818942412,-0.346859575243331,-5.03731925707844,-996.736447916628,2.57415717605962
"cv",65.9637059571395,-0.272378985100445,-0.84067022988665,-3.48500487798283,-44.1362470389337,7.36643642238686
"cv",87.421443242882,-0.782211120183556,-0.82021308300048,-4.48535121991289,-668.915211764938,-2.09414492464983
"cv",82.6513746963377,-0.328480225190013,-1.01657313193081,-3.38390100668911,-362.108564111059,1.59006254934172
"cv",85.5306817903829,0.258127770473848,-2.14704651202877,-2.3050435775694,-806.294167662965,2.63073889795062
"cv",144.098012168201,-0.800230072684718,-0.5596236390993,-5.03986815184917,-855.260336907244,-4.33063269633166
