"","","par1","par2","par3","par4","par5"
"cv",102.576250459876,-1.24930973535504,3.47709669549721,-7.92435777871952,-974.975708327789,6.29188488677902
"cv",92.6901277324347,-1.17172523681045,2.80360941296821,-6.9703721196058,-530.780438653383,8.49855175707489
"cv",77.2757898964305,-0.311736171525095,-0.781351135551494,-3.45959831643451,-942.02190109434,7.23113323561847
"cv",80.5321122522297,-0.410631849053755,-0.802166783250868,-3.55139617061387,-821.444934652966,5.63997343567092
"cv",86.3929786179747,-0.202136166953787,-0.920649470842775,-3.37918111465921,-155.307251028717,2.62821101011388
"cv",172.390518188479,-0.404269495108067,-0.90394103259415,-3.94992819534622,-48.0241995685333,7.15101176203488
"cv",73.8716770703625,-1.18754593506865,2.67400234625435,-7.17376715019299,-38.3838240331818,7.04771247129497
