"","","par1","par2","par3","par4","par5"
"cv",111.411905799381,5.16753548859773,-33.6113779827966,-9.58541466855706,837.33401512183,-3.02377624437213
"cv",90.4384608946898,-1.25986839818779,-0.521612270586211,-8.56623382260076,-107.948431632559,-2.035505618532
"cv",107.107833302187,5.42509921523948,-32.849388430339,-9.99045160712753,858.987583375879,-3.0226562768463
"cv",39.7375346438775,-1.37015746794641,2.10754831419594,-9.93250324673528,-883.511794731021,4.09762099314411
"cv",98.6783621825533,-0.889908339663908,0.719706278220976,-5.69354864548295,-924.646299215516,1.62970930416219
"cv",103.127897982042,5.34436588082352,-32.4807271377484,-9.90721471445934,392.151112484819,-6.33145472635676
"cv",103.86663156901,4.86691853022532,-32.8366811241553,-8.93008812813798,865.876507829964,-1.17381334586288
