"","","par1","par2","par3","par4","par5"
"cv",127.36369779409,0.603459402049915,-26.6953649697554,-2.85810336486657,144.31095288128,-6.23570038229005
"cv",122.787628478566,0.324094739962952,-24.4889332030045,-2.71056191090642,935.51038473275,-8.84819989826399
"cv",73.402994444055,0.410064887952821,-24.3363947060881,-2.62560088357984,654.824917679608,-4.42392779154632
"cv",54.9663503265059,0.557110367201069,-24.3905476171248,-2.60111173565121,892.51867531932,-4.6113651361079
"cv",52.5852345695471,0.475059643678579,-24.2706144485067,-2.62625939571314,984.556201144741,-2.75117589077748
"cv",38.4227377646654,0.527279047001827,-24.4558593640125,-2.60163518951388,892.227864983695,-5.77407697278595
"cv",61.3727235715695,0.501014327126456,-24.4347582662255,-2.59836323239988,764.188225090118,-3.73179751742036
