"","","par1","par2","par3","par4","par5"
"cv",99.3204306459444,-0.430026508724376,-1.04909594009888,-3.59231954056299,-877.530991565436,9.51232136473154
"cv",74.0587083407859,-1.22799273841619,2.09730777423829,-7.77133562437591,-415.177740156651,9.80697823222727
"cv",70.1394634507142,-1.35501858171219,1.0298088396826,-9.72564460777415,-379.065553461604,-6.81870930328808
"cv",102.312278228782,0.863280283731417,-35.388093795914,-2.33434552372711,31.8775619023087,-4.12099553640564
"cv",72.4340368809537,-0.788593240729858,-0.656534605933042,-4.6061218670395,-760.869832088555,1.27112445505528
"cv",112.614357038826,-1.17038122214249,0.891470872965752,-7.72595734891797,-139.035743141836,2.52437182702124
"cv",74.217849190741,-1.14821143174047,-0.226880689808869,-6.95827694511867,-531.999521888793,5.85045716111266
