"","","par1","par2","par3","par4","par5"
"cv",86.7829000658389,0.60442659707879,-18.2775002876651,-2.48872049484824,4.35237688881795,7.14112681869823
"cv",70.8493109594539,0.567128622557319,-5.43786853685124,-2.56197808741171,7.13802659087176,3.48164797594743
"cv",77.3457652025748,0.488906334546808,-5.23131971359228,-2.45211324695545,8.58954160321591,-6.85344569385052
"cv",76.2906021164382,0.547482835216794,-34.3210516033987,-2.57432549207465,6.04918582946903,7.5744473956222
"cv",106.823735294275,0.479587502008948,-7.57990014284989,-2.64828439040029,-12.4295730294181,-9.19122024151971
"cv",85.5084691712513,0.45903737444414,-5.39780425551972,-2.54310546971841,-10.8803761784109,-4.75066905841231
"cv",80.829832199875,0.477822273030519,-29.5970694742877,-2.51185735159479,-13.7442564710008,-2.72897255830441
