"","","par1","par2","par3","par4","par5"
"cv",103.976357310522,0.759130997791476,-7.91038677905922,-1.98258599840148,19.6199850179255,-0.351193884835043
"cv",128.402989175483,1.14352886100007,-27.442600444463,-2.2826407992978,462.955866597397,-0.522598693529988
"cv",106.73944439069,-0.497816915793537,-0.428679673932493,-3.88709543346601,6.94584535629745,2.35030431917742
"cv",73.0098205084374,-1.20080473984464,0.145090454453476,-7.62891983278679,-846.875615988582,4.74436503062222
"cv",106.67428392057,1.06977151685952,-16.041831659363,-2.09435561052229,85.1193038951522,-9.44220187142491
"cv",100.702851904487,0.750234824107693,-7.23033592489054,-2.02615408941274,17.114447462069,-0.652426604698949
"cv",101.851118820776,1.21023770173738,-44.4210551444194,-2.09123236557766,69.5594193121904,-0.507716166647303
