"","","par1","par2","par3","par4","par5"
"cv",93.6880756791629,0.859575905346212,-3.00751832982841,-2.37827205777476,6.71011406282594,0.922397750968657
"cv",103.391178334744,0.753481562739565,-3.49186593174715,-2.45815040828288,6.07104021671307,2.53696200314758
"cv",105.104624654784,0.865027185886828,-4.14759882028359,-2.43410935140838,5.00777480811333,9.64158586770755
"cv",114.273142974358,0.821024089503273,-3.43757798195002,-2.36228801158043,5.52006768295241,5.23214022098058
"cv",106.265383223465,0.666114430714814,-2.18208668902045,-2.49307954639957,8.43462474409595,-2.40650757084857
"cv",87.8346451069082,0.761596099105064,-4.04779185543998,-2.33217166913786,6.39455839979691,-7.76685819093417
"cv",49.344507154547,0.744445178520451,-6.46695127138673,-2.31693108483794,8.53784663655395,-4.2332814168185
