"","","par1","par2","par3","par4","par5"
"cv",134.509608541657,0.788400591128458,-18.2604848157091,-3.09517184900685,8.64715272582987,-1.80421418323617
"cv",31.6164986657202,0.778204985979589,-9.09158486208839,-2.78079273961036,6.8432066106879,-3.34573892433951
"cv",45.9636334710226,0.801145817595222,-22.2436613804751,-2.77745597827782,7.41425746108834,-2.57633353117853
"cv",53.4702156086957,0.549908202251572,-22.7991160703823,-2.8754499187637,31.6241233335324,-1.02304523508199
"cv",48.329398989839,0.660544140577193,-3.06169708853158,-2.83901869932457,6.51232849264227,1.93779878144732
"cv",104.738437689894,0.616900876834693,-12.9019349657275,-2.93243599534392,26.7373149602843,-0.877878986300521
"cv",70.853037686401,0.691153576913567,-3.26221970277262,-2.8087990054238,5.27020157163702,5.16618886324789
