"","","par1","par2","par3","par4","par5"
"cv",107.065729585825,0.683721488101334,-3.3632108154853,-2.31708456127563,6.5971112943422,1.60565296289033
"cv",103.323897681356,0.682199719886953,-33.7923184037209,-2.29766192989064,5.48534001150932,3.6675505820528
"cv",99.4634156637826,0.794522283540544,-5.35366293011386,-2.28258096921524,5.45951763973832,7.20341907015116
"cv",114.054429651015,-0.0405483535234406,-1.27441400936633,-2.84032854486568,-682.528112556685,7.42560849082768
"cv",96.0157457312909,0.348095217727616,-2.43806831529846,-2.31031770095412,-19.6814568396747,4.5185897918418
"cv",97.9691981891722,0.57977574055094,-20.2712547908256,-2.22364231940752,12.0195113231208,-1.97591060772538
"cv",189.804397408345,-1.31350498627269,0.794818723629165,-8.93796010387925,-988.447627988181,1.03081619832665
