"","","par1","par2","par3","par4","par5"
"cv",31.9989704722897,0.0463585282831563,-24.6999572949837,-2.6920266907136,204.13479431439,-5.01651539035997
"cv",99.1812410250981,0.0657429008693001,-3.86489031680357,-2.92432750857926,204.228943232639,-2.07387122879478
"cv",71.3219350635047,0.041731961273806,-24.8778964937892,-2.70645989925786,195.12185054495,-7.61382067422969
"cv",61.0845470386421,0.00610196570312794,-20.5626042870266,-2.67589499109477,367.533821860647,-5.90911719937012
"cv",47.5278301773195,0.0852756648525749,-4.61340675825748,-2.82378803013427,199.910845986731,-1.39373954106013
"cv",40.366511196499,0.051360763499253,-14.2632457145747,-2.68991789542236,203.866859147802,-1.83510101825195
"cv",42.0696335969951,0.0183144217149571,-5.12966292291815,-2.73735314930996,194.489856777482,-9.39016937378985
