"","","par1","par2","par3","par4","par5"
"cv",68.083969485942,0.413830353599865,-16.1663882285533,-2.7258357394623,994.008325336208,-0.84699800312794
"cv",63.6543176436683,0.32667684332112,-15.585875332085,-2.62479360609516,997.890165001781,-1.54838212073609
"cv",62.6004744075191,0.332700482136146,-36.4947860045484,-2.64452123318877,149.742356184531,-3.47340173663136
"cv",59.2195081367123,0.34785212358849,-16.590551193076,-2.62426238670455,993.871347341291,-3.43876033695258
"cv",78.9538158176,0.295760651401305,-15.5739219470428,-2.6323637084026,998.191426587205,-8.58184478609715
"cv",51.0026962411331,0.362650017253016,-14.937674052638,-2.64758128387884,981.918372815779,-1.84823900107401
"cv",65.6180801328569,0.158427197265845,-1.47028405763459,-3.12781286576186,-494.586784282979,0.359158276210547
