"","","par1","par2","par3","par4","par5"
"cv",117.595308586967,0.74686661509185,-18.5544805741315,-2.91100446817981,7.77494772668356,1.17332058728415
"cv",106.910578069117,0.458884382301495,-2.78946797917007,-2.8311232560241,9.85016613514654,-1.54981139019639
"cv",63.4956161722706,0.577116811309386,-12.1780309053827,-2.76641480000553,11.1928872615931,-8.02569638305275
"cv",97.0707269681715,-0.0916274178537457,-1.5214784306933,-3.3075717919378,-264.796514998693,0.708888061364882
"cv",68.2615706669895,0.426148787953797,-3.05934554777516,-2.78222909974107,-325.099347961507,5.96368289444364
"cv",102.13168193419,0.496314982921366,-3.32885793097963,-2.78696048842988,-41.9774261686928,9.52166917778976
"cv",62.7730860756357,0.308380700227486,-2.43098439464094,-2.85847252649102,-531.853997708465,6.06275596635506
