"","","par1","par2","par3","par4","par5"
"cv",56.7923197337797,0.478159579295251,-3.40865796282963,-2.4658209688104,3.86753784857125,3.86533395522239
"cv",73.630283282666,0.665653764574431,-9.81339209770515,-2.46843218573735,14.9047920135712,-1.10864889418218
"cv",88.7791899871469,0.757516708987783,-24.4552967510302,-2.63157260166984,14.6707421702323,-1.17562551260012
"cv",87.7834807299814,0.527398480956775,-4.01193138124908,-2.58298942926226,10.2745251510294,-1.89827098795219
"cv",92.1712244144364,0.61206167667682,-48.0445968067363,-2.53446252425672,18.3985149590013,-0.806475378229267
"cv",117.780195202318,0.544935538319894,-23.861306050932,-2.6577645563416,8.63145878445808,-7.23836833004549
"cv",78.1996495311959,0.581048218004733,-20.5036729071658,-2.50600769328143,8.52752823679737,-9.05936201457109
