"","","par1","par2","par3","par4","par5"
"cv",116.705997417048,0.455159841034215,-8.42321882493888,-2.48747448312211,-373.814673402596,0.151159035726746
"cv",115.110302104616,0.459875333686766,-10.9398843441473,-2.49253909965731,2.43291448669254,-4.82094290087265
"cv",81.9702614706849,0.555717443391349,-11.6779125571986,-2.46601630666248,10.7697951386041,-3.86547948135017
"cv",94.010274320253,0.683316392372047,-10.2433099721147,-2.38682558842865,8.40397549234032,-9.98351249188311
"cv",67.5205482355207,0.65487009927311,-24.9286257664248,-2.34692535538308,8.39384494096078,-6.70185825889924
"cv",82.726160208736,0.435661907666912,-20.6179134967709,-2.34896532956158,11.5319664001885,-7.35659724326691
"cv",86.3744707527334,0.653537869521197,-5.24135004274081,-2.45218154760286,6.43407469828705,8.04907276954491
