"","","par1","par2","par3","par4","par5"
"cv",73.7229417870839,0.407965976878042,-16.1783278534394,-2.475899496706,12.8971088459729,-8.40336022088838
"cv",133.731192733545,0.758694830376875,-41.1326194816151,-2.78440577930604,253.939333644406,-7.83381697031584
"cv",98.0035139314712,0.406444754800279,-5.12157897025264,-2.59622406286515,14.1244282675311,-6.22867570943161
"cv",107.11646546999,0.469821080556786,-20.4320065029145,-2.46168368570145,19.0340261730075,-5.36942100403106
"cv",88.1688220912425,0.301070231544829,-10.025884439582,-2.41520529540151,18.9194078000872,-9.95827928045716
"cv",93.1260916178859,0.394092321199638,-10.6668582748121,-2.54270154247675,8.84812818671658,-9.84830848872662
"cv",62.9843891376095,0.639340484668993,-15.5648715078844,-2.42953713692718,17.850261925912,-7.72671198487773
