"","","par1","par2","par3","par4","par5"
"cv",85.2519337084014,-1.26190311252338,-0.556720957580933,-8.59228673047514,-634.114043398787,0.244725119235412
"cv",82.7955703562497,-1.13941985328334,-0.498246230338243,-7.22405524259211,-401.220611033174,8.65369622405656
"cv",83.8255634057337,-1.14499976294941,0.0735974258125807,-7.20446766925752,-792.570810446235,3.7998065289421
"cv",99.4544444968036,-0.974742996556992,0.45523050619623,-5.73076318975085,-160.845043829148,8.96615935699824
"cv",58.2302662911454,-0.991742491679657,-0.508151143137077,-5.86854521247001,-914.341325466009,6.96419360581785
"cv",103.34440156547,0.718403300059105,-30.2454911213081,-2.26275646019952,33.6780090022647,-0.755654638656189
"cv",103.773254189392,0.714695801760309,-34.466925938913,-2.38225950887353,24.4124498276225,-2.68663213792211
