"","","par1","par2","par3","par4","par5"
"cv",95.8635247912921,0.890807130282627,-45.3443281394085,-2.89566957746818,39.1073176536191,-0.72044145474227
"cv",111.251224974047,0.961221750780887,-39.6995711907973,-2.98052959847699,120.809524735821,-5.15384593483993
"cv",76.3094316878169,0.84742502721523,-35.7550954566679,-2.77761439464266,39.0948021992583,-5.53619470322186
"cv",79.252776254241,0.88200134654657,-26.9756117475332,-2.78257065495835,34.890948951931,-0.778797011102755
"cv",86.1794690831785,0.841160115553168,-28.4759760782097,-2.70574124382367,37.3096882397981,-0.733130603655651
"cv",80.9908790985575,0.81093253970689,-30.975239009953,-2.77293410009335,33.6392577915708,-0.821069197004034
"cv",109.339111283002,0.890422338353671,-28.9272036363131,-2.95178803343967,34.486133835333,-0.859458120909984
