"","","par1","par2","par3","par4","par5"
"cv",55.3399525797245,-0.140291523160562,-1.85239833568125,-3.21532528188634,963.994539219812,-4.65726006409178
"cv",27.0988909765616,0.016211187326549,-2.45760736387975,-3.00402369929082,975.134945955349,-7.28480614720385
"cv",32.684250755954,0.103030062570762,-2.9249086616723,-2.85880078695735,951.802562533833,-7.62506700565271
"cv",53.3022160859788,0.0608161728582201,-2.80481624471388,-2.93487773033958,986.163891521757,-4.49164293838141
"cv",87.1600355180749,0.296881181218799,-5.43534321122634,-2.9884215674923,879.798156886833,-6.27598574326897
"cv",60.3463072013636,0.123516782737013,-4.02423863910502,-2.79998707833947,867.519367379648,-7.75459964083549
"cv",46.4456099459764,0.049398698344682,-2.82236814964563,-2.88695622417747,987.644030246884,-2.2762995352772
