"","","par1","par2","par3","par4","par5"
"cv",90.7911464909813,0.974239355301817,-11.9735282878161,-2.54464769966049,5.89451452575406,6.05043899733573
"cv",97.5531629438731,0.862190825126617,-3.04877843923451,-2.61532133604399,6.81992650928228,3.54848957899958
"cv",71.7331456271466,0.855338289437557,-4.82339938191521,-2.4835954106381,9.68879418568005,0.761143700219691
"cv",59.6633488107293,-0.0912053493631344,-1.31830842407904,-3.24538865678831,-459.980490005878,2.34658504181375
"cv",47.3241788476366,0.975561548720275,-12.2755864223639,-2.5890662980682,8.04692342386777,0.950136339093816
"cv",143.163302833004,0.765777261023033,-17.9312461532311,-2.79473955787294,289.404826625194,-0.596618512624216
"cv",93.532397573563,0.697863287464935,-1.95753739073891,-2.60033292519443,7.17907133917526,2.06939927985837
