"","","par1","par2","par3","par4","par5"
"cv",111.33147413333,0.382484126092766,-1.49896449624221,-3.07820199439962,-811.017040115657,7.37662468755244
"cv",96.9347247916051,0.406759333468135,-1.491789907367,-2.96298477371608,-797.770782839507,4.89486024561304
"cv",99.5140723635101,0.303670517386595,-1.62575022229173,-2.98588681640701,3.91856193854,-8.80832239983476
"cv",94.0456400709307,0.155222269403493,-1.43314182665272,-3.06781781131113,-372.73249689153,1.88510282730273
"cv",63.4036758286963,0.206935486704182,-1.4380990317584,-2.94771575400131,-470.678108022949,4.22732189526907
"cv",67.3919660253837,0.290416295426892,-1.48636548715744,-2.96662347408302,-967.336752964376,4.02002134452167
"cv",47.3010793712569,0.453529748270904,-1.34584781854324,-3.0179340004307,9.1748045619733,-0.698350550868286
