"","","par1","par2","par3","par4","par5"
"cv",68.3856858131617,-1.14107394125313,-0.122464410425251,-7.2908406664884,-330.130135448944,7.94008488299767
"cv",92.5023985033549,0.729431700668901,-28.2503635073658,-2.15059459826654,7.84766797622698,-6.84590363934603
"cv",85.3960069049923,-0.578581565555351,-0.598548154792284,-3.84938354778548,-853.616808701104,2.25854441196069
"cv",46.6099783847717,-0.633640762735296,-0.215489410031018,-4.50181035165056,-77.3574831322049,0.446137421396832
"cv",85.9214374621051,-1.36088487420207,0.426844183958441,-9.86689470191828,-241.565870695261,3.74037711881101
"cv",100.736061282574,0.547794970563161,-3.77726053184448,-2.23686114054022,10.3185933824045,-6.99427707588721
"cv",114.41553826628,1.08417866396412,-29.5395827177932,-2.25009088558477,7.21656797111965,2.4435437803814
