"","","par1","par2","par3","par4","par5"
"cv",110.480438510692,-1.19042990065217,0.894592806503173,-7.07183339423809,-801.126420666391,6.68593562471072
"cv",101.139900615402,1.43265730643539,-37.8655752683528,-2.62557967734555,945.554007339039,-7.07512506091797
"cv",98.8468983051654,-0.953336723009067,0.623990612339977,-5.08482702841089,-683.345092349443,9.18835891175614
"cv",100.428529811734,1.60270056398307,-33.6768722827809,-2.64558278365479,422.690756329492,-2.85688778595208
"cv",102.526672899348,-1.07906088729011,-0.602873993147801,-5.92314954279629,-699.344771685358,-6.33553961709884
"cv",108.47556949365,-0.715978960506618,-0.495003602105378,-3.73217672524601,-494.192299568326,4.70794864249142
"cv",79.1151363452385,-0.999575088364617,-0.467677702247727,-5.24040453096219,-276.885313247585,-6.19070001694276
