"","","par1","par2","par3","par4","par5"
"cv",81.9782173144038,-0.245300325306139,-1.14142896671695,-3.24468288803111,-587.192364502698,7.57557492391675
"cv",85.4378506591545,-0.305593701677574,-1.1204217896141,-3.38250904886005,-827.448322932026,1.73268211101596
"cv",86.2060451955069,-0.316381952534112,-1.03988652207317,-3.32142809461806,-490.389171615246,5.08074588819609
"cv",79.4818517306307,0.0590463500118219,-1.52148693533631,-2.81797179940502,-507.420892469429,3.00625836531465
"cv",67.3469715811429,-0.236303676585617,-1.20915599483729,-3.2729804317795,-408.992289795343,3.23749483799245
"cv",89.7782434763705,-0.23971373035345,-1.30018761869917,-3.21248385131508,-822.935898670877,0.957788631283774
"cv",112.955163857986,0.0155787665661636,-1.59803502743564,-2.8872850389532,-679.384709422699,-5.11390755639627
