"","","par1","par2","par3","par4","par5"
"cv",92.3331432311562,1.09938089908858,-10.1607227491791,-2.26225008179374,6.41671061860978,9.53815016895533
"cv",99.1610308808218,0.748072111230756,-48.4490072905092,-2.18510769598869,10.0026671364189,-9.20829996000975
"cv",91.7996835716102,0.777548533103795,-14.6074657344832,-2.16632229441349,9.81877155128027,-9.92897616699338
"cv",116.467368544481,-1.03985103826721,0.273249704444723,-6.23356076530802,-274.810926596266,4.48001408040259
"cv",103.052475234519,0.666606834574844,-28.8673764179439,-2.1925046235741,11.175466944331,-2.69791844850611
"cv",99.2539034126583,-1.13830744214403,1.16956435760944,-6.84980187251196,-2.8833756223321,5.77221380820262
"cv",123.071277467239,1.25747381507585,-45.8051458392774,-2.3416555155297,304.760011932448,-5.84293611193465
