"","","par1","par2","par3","par4","par5"
"cv",143.635973754637,0.303202772621469,-2.93177639792014,-2.37415958479149,-112.840483117171,5.70870730560273
"cv",96.8251410194463,-0.512645327295726,-1.12554590548749,-3.35275754457204,-401.078676874463,-3.89603449472805
"cv",99.56553714769,-0.327556945632268,-1.17265925902722,-3.00894643151193,-590.4087186791,8.2820488996709
"cv",89.0183403591169,0.226761482976603,-2.47469543797278,-2.31351364116549,-632.735288012643,4.7362869804779
"cv",95.7411321798758,0.528963242630531,-35.8162867281993,-2.14473885124307,8.514258601747,-9.37873802205636
"cv",99.4631528050443,0.293838745301173,-2.73726150981665,-2.23402422444233,-739.155694147167,0.956552517600358
"cv",72.6781058380111,-0.325780457450435,-1.17285719249239,-2.9797281327444,-565.068145920796,0.808850641619393
