"","","par1","par2","par3","par4","par5"
"cv",28.5308697419472,0.716432572362912,-34.0494869782831,-3.4789043813665,9.18200192867596,-7.57523474188267
"cv",48.4320867135235,0.626623994865439,-26.9802857548546,-3.69391400546446,85.0825148951411,-7.53310394768576
"cv",69.6416233496349,0.56279484422012,-14.9760527611273,-3.51738362387452,10.0769223857089,-4.91539491259304
"cv",66.3996544597059,0.604149057202147,-11.9081660043686,-3.42281139299198,9.24504858096436,-3.89627271818645
"cv",69.2058827773957,0.749820818972858,-5.8526731460879,-3.36031738054711,5.53960290989453,2.72912977035607
"cv",26.5508234587221,0.679748177096305,-38.1462705292032,-3.41766641549208,8.82916837013185,-6.99246318227029
"cv",23.418178633403,0.475087356818199,-10.8145387135231,-3.40035990930454,14.0116451304615,-1.53487440216743
