"","","par1","par2","par3","par4","par5"
"cv",38.7414145857376,0.201787935781145,-2.84724519942336,-3.00042627603495,996.11004178014,-3.37605995916093
"cv",73.3379375371783,0.169857983930355,-8.73957301941376,-2.87353383798672,984.477741087833,-1.60000154029778
"cv",50.6180370107385,0.281038369919939,-17.7683137987516,-2.88060410609891,996.761327444183,-2.56739498534173
"cv",43.938682670283,0.221434268775594,-3.13887056182733,-2.95770072912518,977.647597901523,-1.328853493013
"cv",52.7474622628057,0.424582297928091,-36.6179822206792,-3.02950202159674,974.597790849118,-1.58395314123482
"cv",89.8297172804921,0.925993909618078,-11.2198246905888,-3.59109062442019,7.60581577196717,-9.69356865637215
"cv",50.7728515431529,0.376300272424317,-25.7412218792021,-2.96200886701141,984.783067175838,-4.85733217888676
