"","","par1","par2","par3","par4","par5"
"cv",89.9545376182304,0.288592135319916,-2.19957292246002,-2.87510435088805,-118.400748676878,-3.57717064432217
"cv",140.539676858364,0.234326173906361,-1.85532677103081,-3.19049848855192,-420.487250949076,-9.15073147867171
"cv",83.7131026451742,0.0164142115455039,-1.36716983462378,-3.10310857734462,-791.880538060899,5.7391446215244
"cv",59.7243822644367,0.642601115799025,-5.39411243122029,-2.66156036896989,8.70156846940517,-1.04842438687564
"cv",84.3781328064986,0.102626293194325,-1.59135719452989,-3.06132087618951,-345.304162232626,5.41510099293905
"cv",64.6291100750659,0.172889923146558,-1.757160974701,-2.99441814315253,-353.253193917609,8.32764719482819
"cv",50.6138275589046,0.139425399099316,-1.58835760352576,-3.0413434399765,-308.557549491525,-6.72117140438193
