"","","par1","par2","par3","par4","par5"
"cv",65.9871807674374,0.663683100582538,-4.81502013931711,-2.81406015380914,19.2689806540326,-3.98594666563481
"cv",75.4719101056974,-0.0207566198367725,-1.24855222757108,-3.53664143042459,-626.703084573633,8.00002107629251
"cv",59.6751821758676,-0.0710552427464199,-1.32453967011444,-3.50685109235465,-575.89901147575,4.72189061998615
"cv",78.8881650008425,0.975680700354961,-31.9305977394163,-2.79324142503296,4.65304937438803,3.6153658432886
"cv",64.715762000793,0.656852603822262,-4.06808823004636,-2.76933679417514,15.9327377558722,-0.946101649659285
"cv",82.3262903942343,0.561503143094747,-2.54978138886548,-2.87282916942709,8.69556500535407,-8.49561528606972
"cv",62.3137029150422,0.749706794027473,-12.8527762048614,-2.80534287234793,6.12594176086256,4.18036859096073
