"","","par1","par2","par3","par4","par5"
"cv",73.5413344247988,0.292290625156537,-3.68879004764424,-2.77880170726684,75.0780370178516,-7.26351359198628
"cv",68.8690706416023,0.349890743010178,-3.39656967176373,-2.75841635023165,73.2426163350866,-2.52849793628062
"cv",51.3536609312571,0.438203038937697,-8.55933660475733,-2.73356518376095,73.1570819092095,-6.98200187862784
"cv",74.9409076689593,0.5133348792489,-33.398278404553,-2.82925928832461,67.4726882293394,-2.80363648922926
"cv",50.2663897344113,0.443605814868922,-4.06559661837503,-2.77289479974428,68.3544725368434,-8.37165532844365
"cv",108.170810530831,0.469025603694307,-41.480999104103,-2.82626185127624,70.2054348824164,-7.86378427417169
"cv",86.1211264845759,0.301102230232789,-3.06428794994489,-2.87721345529532,68.0086533778691,-9.04531741559434
