"","","par1","par2","par3","par4","par5"
"cv",72.9383920597249,0.306178627273456,-35.4945490610384,-2.81254227331862,659.86373305251,-0.943727606482008
"cv",85.0589497750701,-0.0642397744580107,-1.34914086009003,-3.51616160037048,-835.530071351527,3.85134989533032
"cv",79.4105684160708,0.561445537818855,-2.00777523752631,-3.11058471333968,8.52537040783875,-2.21761051007021
"cv",32.4522891136934,0.0600409893272604,-1.39304738723642,-3.54148409904963,-541.155907791108,0.305842489902661
"cv",41.1559364859863,0.0257541076695456,-1.37414625488561,-3.50559225561001,-963.175425305963,4.81614773739777
"cv",59.8623601219832,0.113925570304008,-1.47136594877193,-3.50092151840499,-671.383964431504,6.97667568554556
"cv",14.8252381263445,0.288905257177214,-13.8029033486167,-2.72573356997849,658.920739978471,-3.55255644939387
