"","","par1","par2","par3","par4","par5"
"cv",90.0726961844569,-0.735214123588805,-0.359794220879492,-4.70538242227854,-865.837463225952,0.342179233933046
"cv",96.4051157393877,-1.19098470546305,-0.441842744203656,-7.91589886788279,-727.64407703653,-0.379256390379948
"cv",82.7779751605945,-1.09659969111422,-0.32732901778072,-6.7819666850498,-645.219587763894,6.91035845518569
"cv",60.5081831704249,-1.26984089873526,1.53193022294074,-8.64614302936255,-794.656106433189,0.903957437435599
"cv",102.921246474284,0.644677841694958,-13.1422863701924,-2.02105704861631,8.98231808313443,-6.60634709124333
"cv",61.6069815298498,-0.593832744632883,-0.735702193378684,-4.32444052578594,-590.478860160224,4.10556320566684
"cv",100.457231791769,-1.18927668514625,0.330053631505642,-7.94363486135311,-742.549202251089,0.906442047136203
