"","","par1","par2","par3","par4","par5"
"cv",110.444707418903,1.20740552621913,-5.97982911688133,-2.01572145951814,162.578795997174,-3.85792133716633
"cv",85.9510745206185,-1.05578601040892,-0.255156364214771,-6.1751061389633,-842.828200664371,0.0788023904140891
"cv",73.0315698537835,-1.05760026170961,-0.404345660567284,-6.41989490776321,-888.707102276385,3.54264169064156
"cv",69.3681199662338,-1.0978276874044,1.15485206979335,-6.56408826580562,-324.363933419609,0.211922535672784
"cv",103.322818495294,1.21485334941354,-15.8095181056662,-1.84798620041291,54.2087613282932,-0.703369685184882
"cv",66.6064092805812,-1.07752768723773,1.52614323619968,-6.22975937904962,-175.007708557431,-8.49905250807149
"cv",118.151993842,1.35873234074709,-19.6154416155917,-2.14170808277417,111.486809048577,-6.47825359387338
