"","","par1","par2","par3","par4","par5"
"cv",85.8543076007992,0.320078101251246,-30.9817481811599,-2.98032908854729,92.3883270920691,-0.868929418843881
"cv",89.4486683040462,-0.26501760803163,-1.68472851610482,-3.56323780373463,-465.679821418747,5.5694050854072
"cv",53.4225156249476,-0.297342074338948,-1.59144099538914,-3.55540462396281,-289.952415096181,1.68293102122788
"cv",43.7956828922101,0.185453875536373,-3.23499917750754,-3.10960996447101,21.2787243178685,-0.333426254943844
"cv",31.9537194900715,0.374452750189285,-33.6432007774294,-2.91345411991525,98.5576538468453,-0.864973605418901
"cv",37.1409661083698,0.264817511338747,-5.57418343772986,-2.8662722545992,91.8898362623549,-9.75769392387334
"cv",47.6387295558816,0.563485700082035,-3.19362700919274,-3.27675419914835,8.49365977529726,8.96497118095973
