"","","par1","par2","par3","par4","par5"
"cv",79.6023972021628,0.784157102237526,-3.35201195161704,-2.80837891489614,7.07748960701985,-5.50386722928419
"cv",80.9536409904942,0.817732080932093,-3.42847535635211,-2.683662326614,6.67340179146277,-4.14602159189047
"cv",124.247571850118,0.740031011005496,-2.85541946097699,-2.90734495158639,8.2866252416018,-1.50721171873361
"cv",64.9101338070771,0.552610632836295,-2.41308758809893,-2.77508221824328,-485.050639173141,5.93495477094697
"cv",58.004814185501,0.843650170586064,-17.3988296132479,-2.66590052536096,6.45212410017848,-3.13074707729613
"cv",64.6910272782977,0.694149938149918,-3.60844297732375,-2.5662810979579,6.05512445104273,-3.35578188936831
"cv",80.7137264267948,0.827874217345752,-5.33668676811175,-2.64898692894939,8.8273723213581,-1.47184764035046
