"","","par1","par2","par3","par4","par5"
"cv",93.4897649874935,-0.547677963556303,-0.296756401013691,-4.19899002948919,-970.251067816695,9.62240675016263
"cv",92.3048975694709,-0.969715162427607,-0.382656184932422,-5.61438722806705,-258.948729167065,0.965746700325249
"cv",95.028356681253,-1.24144781008363,3.35789663996547,-8.17114615916851,-455.445510861941,5.54669535444489
"cv",104.136240432763,-0.123901376044742,-1.39144746658363,-2.70407805214079,-455.247435443441,-1.89680909770719
"cv",137.682371728466,0.854185511248656,-3.2756592434709,-2.60860003262257,496.806338987605,-0.397938968291352
"cv",108.199411615254,0.642631797452215,-3.0551050282646,-2.36640952716173,33.6407529750645,-3.67443754629577
"cv",96.2267218637294,0.693496689248822,-3.0297539028723,-2.21234634037089,38.1793829355289,-2.3046687990427
