"","","par1","par2","par3","par4","par5"
"cv",57.9113459933553,0.271231804973769,-1.78910840391576,-3.61598825377939,6.51099485502255,-5.19850853451254
"cv",28.3725901716126,0.332509277012874,-2.18719741759338,-3.30176373887938,-493.997660434435,3.20000048261136
"cv",33.286712953727,0.249521869831679,-1.90491970951165,-3.3919595436245,-341.757883676328,0.024179250866121
"cv",69.109809588628,0.321167670050185,-2.11897861595022,-3.3241165351275,-509.123174038526,-0.220147125676637
"cv",39.7323393612406,0.174911332025072,-1.55546834808803,-3.35503411972717,-490.336466404623,-0.209229322206655
"cv",88.7567238176189,0.325161381921772,-2.05709721420476,-3.45822667209082,-379.864030582723,-0.0529738329806682
"cv",42.4226071419366,0.256515506482471,-1.96753146408017,-3.46753954569457,-85.9090054686644,-0.185893016227163
