"","","par1","par2","par3","par4","par5"
"cv",126.961883559784,0.189594740173422,-2.54961054433114,-2.48507206828283,-971.926350136763,-7.28160198894899
"cv",86.0722556880482,1.02894528399697,-41.4615453154816,-2.21571834219306,4.01546057235748,8.99611087340622
"cv",96.1456844669626,0.083862613178789,-2.04883084862205,-2.53236743247367,-713.374338848841,-0.714765340821635
"cv",99.1257783015908,0.417302268477208,-3.48988536677595,-2.25249096939134,7.34177030097803,3.19188855485401
"cv",59.5965640222591,0.245226145054405,-2.51842323763248,-2.25268342954572,-504.61263457495,-7.49627596013537
"cv",130.66913802466,0.422087639822921,-3.01929568665543,-2.37249650022511,9.18397448778273,-1.65633719616073
"cv",131.068610300849,-0.140101325855874,-1.35505190134869,-2.96182807674567,-124.895875169406,-6.52641374858266
