"","","par1","par2","par3","par4","par5"
"cv",89.9262788482683,0.385596340022972,-1.97403446054724,-2.64565105197678,32.6451100101878,-1.70890746346204
"cv",114.227182751534,0.469353241593447,-2.1808823996948,-2.6582197802835,201.988376321116,-4.07558710825654
"cv",72.336527022523,0.385459368374358,-1.7474038064139,-2.80569008586732,24.2813160120893,-1.85724253624199
"cv",89.9221540632138,0.435181094656684,-1.70157663756994,-2.71551837595918,24.518667745056,-2.03362483375148
"cv",123.232128878734,0.620232008233121,-3.51004031251649,-2.52380243981476,25.1585844055262,-1.03637511360687
"cv",109.562671587897,0.475785880842362,-2.21496737896892,-2.61321942563524,203.739462193,-0.818734791601152
"cv",76.378000039592,0.515776382968859,-3.05807310776359,-2.40050195118584,27.5590713502803,-6.35881015220989
