"","","par1","par2","par3","par4","par5"
"cv",64.6469469705901,-0.739802117399359,-0.525978407636284,-4.86860967685471,-644.70145896296,5.46265226063395
"cv",91.2118552614376,1.34734289820643,-31.7754772684881,-2.43569377623284,237.30194116806,-2.58933970232633
"cv",90.2489317557476,-0.983045965745258,-0.672970384263135,-6.14854856497703,-709.520099596746,7.26686320710235
"cv",107.657345966274,1.45963005560422,-39.1323644411747,-2.58213867622261,259.355440346647,-7.66320050938505
"cv",95.2722211759412,1.48202116510175,-25.9216920797304,-2.63147648927735,272.324646152563,-1.58920546795229
"cv",109.626737249519,1.24331784216432,-16.5035146325955,-2.56136930660498,285.415870724868,-8.23624619268199
"cv",98.9537797123873,1.42848999089955,-42.4893809482455,-2.56505963336942,288.165368783835,-0.796859760893404
