"","","par1","par2","par3","par4","par5"
"cv",80.7424763106521,-1.26579861835903,-0.021667944352696,-8.58919168857905,-181.87819882699,9.50121740810573
"cv",98.6370042203203,1.46088197929268,-21.0104419509238,-2.79158651788946,193.556282302402,-0.463385234672353
"cv",109.73804827907,1.58272655303993,-39.4647025155628,-3.04757107561243,204.037685047444,-0.45122977434829
"cv",105.097498987194,1.67046091984254,-33.72583196508,-3.34771425587431,196.912679354858,-3.35005884604886
"cv",121.593199321046,1.29764702862031,-25.3968611720986,-2.9841544919163,116.132532434765,-0.417045937825252
"cv",93.9846791528481,2.17823053741198,-41.6852729040209,-3.96227727397431,168.899441556698,-4.46241031933515
"cv",109.037490658829,0.470229289228022,-12.6035649088691,-2.34872183671934,4.43690415457689,0.389040473592637
