"","","par1","par2","par3","par4","par5"
"cv",72.0380205030316,-0.984553768107158,-0.331733864009031,-5.93148348359089,-372.159190964901,-7.57594378601991
"cv",78.2167373928967,-1.19033567939079,2.99641290226733,-7.86548276967942,-520.731161328171,2.09959453273477
"cv",88.0953542096442,-1.06548599637734,2.22280528240566,-6.90083373019373,-70.7790541764062,-4.67733180570591
"cv",89.7517212687044,-1.2570756207642,3.63328320792882,-8.47707141114664,-900.064471191299,2.81328784717169
"cv",36.4428970872479,-0.919258560308288,0.810335537240647,-5.59378300633854,-683.163060151207,7.56671415848994
"cv",87.526002888539,-1.33840150891708,3.78579059114006,-9.60886762477458,-273.07265942661,3.20582643018323
"cv",75.5874374400603,-0.595045368158324,-0.354890036396682,-4.37232487475601,-513.583260735275,2.93027668470826
