"","","par1","par2","par3","par4","par5"
"cv",25.5054637407384,-0.199683201860557,-2.17484362451576,-2.96785026461964,877.954896391499,-8.39058913389564
"cv",56.4860682646306,-0.222316511328432,-2.06267439592276,-3.04627895573903,983.814891615221,-6.6380216112385
"cv",99.7375047872039,-0.287288925168864,-1.65782452804879,-3.3794240786848,961.488773168626,-6.78362906073862
"cv",16.7618451811415,-0.124453544445648,-2.66537058017493,-2.81389922957714,984.985695735811,-4.64574370086333
"cv",46.131870969904,-0.270235727812216,-1.94695824134303,-3.02753846592354,866.339385678726,-9.0169395752203
"cv",31.0878068176959,-0.146131096846273,-2.49145447021526,-2.89049066546699,970.625927263204,-1.42997399274242
"cv",75.3950761053433,-0.260286332045578,-1.98124875082224,-3.10011690663545,950.754280163461,-4.03006672763253
