"","","par1","par2","par3","par4","par5"
"cv",86.5976009588146,0.544588338561988,-18.8021558551416,-2.73600886995993,63.2951605050412,-0.522581109183186
"cv",79.529574456265,0.522915839555388,-3.93165699484469,-2.70491677777741,7.85092302674266,3.79948218914359
"cv",70.5324693255071,0.831427590036335,-40.133507834982,-2.71413600791117,152.760664335219,-0.645068484659194
"cv",58.1599937786468,0.798980793450185,-17.1425741092335,-2.70925242780983,228.236260876545,-0.650503437240442
"cv",123.83590020237,0.559546753349219,-8.66352282141224,-2.75601134628342,7.06157818836569,2.90746774397852
"cv",55.6328787631427,0.735695161702468,-13.2991360856705,-2.70061493504575,283.344401866525,-7.6215962057119
"cv",53.3880771777636,0.805118705294305,-16.2976442849437,-2.80852365553864,203.489640521632,-0.646595354881327
