"","","par1","par2","par3","par4","par5"
"cv",110.55340016641,0.855522390195809,-37.8170732317937,-2.2980538058384,7.32444571027724,-8.09954124968499
"cv",112.659713464886,0.270489806567823,-1.77445804214947,-2.59505243619592,-835.059513774313,0.312117308934612
"cv",115.433103882808,0.664464194170378,-2.17202836228595,-2.49593192865653,39.2978490291627,-0.733124882147518
"cv",107.394318545817,0.586292385100195,-4.16597248434335,-2.22917854357074,5.05647773747302,-9.38826903379731
"cv",102.298245631319,0.572020599697051,-3.0852120802578,-2.23538870222537,-0.978678515745282,3.04102480362004
"cv",75.9670538366211,0.728926761944044,-37.5833914292621,-2.05630231538959,6.03069875633074,-8.20287232752889
"cv",97.8791593935269,0.640785291382408,-40.2423027670011,-2.1999702365039,7.53346290437818,-6.09182574483981
