"","","par1","par2","par3","par4","par5"
"cv",99.5979605128484,-0.400098149418449,-1.03914556813159,-3.46348624380194,-835.996029888231,0.218902805109705
"cv",95.3584460474543,0.0566015194156985,-1.51050634406172,-2.83819136094247,-67.2563143179673,-2.74424829903975
"cv",96.532122738905,0.288423241328556,-2.22343730273356,-2.53775400632152,-317.221997206313,6.48032509629401
"cv",102.606950590088,0.481106320858087,-4.29838158673854,-2.35271251927904,3.10576107717392,6.77165192831031
"cv",89.5662224111593,0.759560180519396,-5.99764935003952,-2.33482870735823,5.64161683965106,4.61603814286697
"cv",102.543461493985,-0.0509534990879726,-1.30486870781782,-3.06632308580701,-911.516519870103,-5.92028222702552
"cv",234.576466258067,-0.603698209189104,-0.547771384366644,-4.41651890860151,1.79588892821434,-1.35044200072426
