"","","par1","par2","par3","par4","par5"
"cv",90.156110272693,-1.26424849880562,2.5086814891293,-8.59904506822621,-822.331781964749,2.87052068832601
"cv",67.309979024397,-1.10794946199245,0.257777947028921,-7.04848063509219,-329.826652037158,7.03169692773372
"cv",67.187138492841,-1.24691276465734,-0.658962953974562,-8.37414222767777,-131.080630235374,-7.37145332503122
"cv",76.3874795925668,-1.14249815842732,0.527552084398347,-7.62360079655646,-172.734422629483,-7.92185018770397
"cv",125.99395865881,1.05166569849691,-3.750313987965,-2.30285628262354,208.67641432676,-9.2540544269411
"cv",73.7127086864789,-1.36050981260276,1.36435476340779,-9.90407900380271,-325.763417780046,-0.546593374375986
"cv",105.830132721899,-1.00216905111075,-0.303519245633255,-6.02841729455934,-403.997283573407,5.96772675784821
