"","","par1","par2","par3","par4","par5"
"cv",96.1481325290662,-0.250466981980546,-1.02660748094788,-3.52294316016556,-680.269967602066,1.11529180968127
"cv",65.6401350841829,0.621041643990303,-2.86448942600169,-2.51286163002812,27.340545658869,-1.13493038695594
"cv",79.8881998565946,-0.0504716920682889,-1.40484729735006,-3.01669341833999,-695.49966463258,2.23012717640221
"cv",71.9227221162413,-0.0288182424300433,-1.14808019961396,-3.27050928435651,-201.522095129812,4.60659279022366
"cv",99.0442141081286,0.781214212973761,-36.9805164430921,-2.59633488995723,23.2790365130167,-1.12518539305965
"cv",86.8473442151367,0.798595363871799,-5.23741562982866,-2.48137634193426,16.6997456519423,-0.648179007694125
"cv",80.02698210089,0.578618098542277,-1.79396334600335,-2.57913459866614,19.1774921022279,-0.442682759133593
