"","","par1","par2","par3","par4","par5"
"cv",102.686096832706,-1.15372630708894,3.38796694621099,-7.37024871997272,-676.690757785718,7.35446896207511
"cv",104.386139614023,-0.537767528054827,-0.363400244282014,-3.93991731145992,-129.759961421877,8.40443326263714
"cv",88.3300630837771,-0.295540788445144,-0.795705159043709,-3.44184668194008,-722.124424266143,1.62875275593251
"cv",96.0461903979274,-1.15481702732603,2.41832132451236,-7.10139144115596,-496.043696722638,3.11665558671462
"cv",85.532181006057,-0.817587576026117,-0.114227691973254,-4.57560744196862,-564.854839888842,6.07767036545559
"cv",93.040938969602,-0.360776027655092,-0.650836366823141,-3.21116396394007,-516.459556233669,-6.57986979362665
"cv",80.3494450752296,-0.47449591076885,-0.661661333471556,-3.62072246503571,-470.043554850442,9.75416664208549
