"","","par1","par2","par3","par4","par5"
"cv",48.5186641933698,0.189304985231547,-49.4202423943073,-2.6563355869925,123.059940863475,-1.99609408620745
"cv",68.9787123648721,0.221623951014675,-3.43173263469516,-2.82615229411834,902.889098016866,-6.57241795119286
"cv",64.3669240866504,0.111092906392336,-3.32740728645541,-2.74771607432027,380.736604454189,-1.06798403274991
"cv",84.7347195120964,0.275898993595124,-4.07148243807142,-2.79459649385293,105.291356455958,-2.32683212940276
"cv",66.4703048316599,0.202871126403857,-4.65996014953595,-2.70039755096126,121.368472270184,-5.03412005300172
"cv",93.8529232324663,0.163518183216704,-12.1083097158995,-2.66896680417157,119.581714096259,-2.94804310203209
"cv",91.0508087098942,0.180282618057572,-49.2829325868669,-2.70555186780416,121.530362236248,-3.23457158117873
