"","","par1","par2","par3","par4","par5"
"cv",89.6471965739991,1.06504820160514,-47.9538085137062,-2.44303005483438,139.60531542348,-0.63991288859092
"cv",92.1869277461652,1.0633890591453,-42.727134891585,-2.4877895726702,110.493230378103,-5.20647399593145
"cv",97.2715607824336,1.06607524288665,-35.5306326263527,-2.47463164209239,136.326559960581,-9.07538933631591
"cv",90.0515017647846,0.98922373566465,-46.4215855658374,-2.40687473322747,141.326306018562,-0.505071565436919
"cv",94.1456136108417,1.07237713030444,-31.258179940762,-2.55068536903568,183.941366837266,-0.482867620885372
"cv",146.646593793943,4.89595676324008,-39.4946094907697,-9.97512214852097,985.081209781352,-7.48976875661274
"cv",99.5004463120636,1.0057232288754,-34.7789911396419,-2.58254297449534,140.369403649173,-0.853487910011773
