"","","par1","par2","par3","par4","par5"
"cv",66.053485146538,0.228874026351918,-2.03471427286103,-2.81667277095573,-129.806132380404,6.58834114683156
"cv",71.6591077271774,0.533305176658105,-2.52493887538592,-3.09957492932139,15.8359386956207,-0.775484548769617
"cv",74.7067185820305,-0.0242924641416142,-1.50597836679403,-3.35285495268319,-219.798172014433,-7.98395096140172
"cv",72.1096149954657,0.0789933344311238,-1.6297416564411,-3.21431969448442,-144.4436916965,-7.97911010216922
"cv",110.360243631702,0.0270119179175671,-1.55123520752848,-3.32018491390022,-813.975268465644,-3.54065858789158
"cv",59.4356670851245,0.0245940813056379,-1.62142086738507,-3.24582112920776,-498.330987879404,-3.50511388387531
"cv",72.7140449967777,-0.0107374800763073,-1.55464895551168,-3.35220049706305,-344.859418185883,-6.71429209214216
