"","","par1","par2","par3","par4","par5"
"cv",111.811686795708,0.852931981258895,-14.1529270802068,-2.13164541309549,9.69546398876363,-4.84907358993669
"cv",93.6819631188858,-0.855459402719106,-0.268013081945479,-4.89394457307584,-624.306230639731,6.6414866829291
"cv",86.8729757375084,-0.927458060572965,0.817693689081934,-5.38128887059735,-521.839909667129,5.51303752446709
"cv",78.1360404341612,-1.35715355680009,3.04945366202792,-9.47799112405519,-703.477268824681,3.40358185025173
"cv",72.9813629375122,-0.391052388121874,-0.760681589542481,-3.70915238740203,-274.777817813508,7.96143909785809
"cv",89.6261987046613,-0.668861434801206,-0.702247689146061,-4.00813857084943,-210.201177746058,1.80717652080088
"cv",116.903759919758,0.887256918544046,-14.3022106907007,-2.07315389262248,12.6742062799093,-1.19387477299552
