"","","par1","par2","par3","par4","par5"
"cv",87.0043799352435,-0.177201715575256,-1.6742624088825,-3.17668784496158,-652.292199898511,8.12430674864473
"cv",169.395294604469,-0.00518290304637684,-1.94173804384332,-3.38856457884665,-848.684396756009,4.45384030414879
"cv",35.6775867351744,0.480214116805639,-21.906125764671,-2.63889553320604,7.59858094952486,-7.98911422508961
"cv",89.5903182854889,0.32236640378022,-35.0417580965538,-2.67783306916103,333.003861546543,-6.22845184814908
"cv",53.7778331344059,0.432684089761247,-11.8145506918023,-2.66627179211781,5.98550161997723,3.22252321162949
"cv",70.431878052778,-0.235015153685439,-1.57293492139797,-3.25010790671375,-35.9683868613031,9.32845957577229
"cv",104.480159370626,-0.492185355224656,-1.21941602963593,-3.6314427974376,-323.267522026284,6.65195683985645
