"","","par1","par2","par3","par4","par5"
"cv",63.6042412086789,-1.27540205408485,3.87300747170987,-8.27797179505273,-470.029282348386,-2.9165364186635
"cv",89.9619006785636,-0.71257229167924,0.192006154911263,-4.08728230016435,-691.145321819931,5.55194458458573
"cv",90.5591507379726,-1.10469923606455,2.56098240123689,-6.51780856116746,-454.418023766693,-0.0113031221553683
"cv",126.168132060401,0.859401585078352,-39.8308610239316,-1.88282214970152,34.4666727876401,-0.755841881036758
"cv",85.2857304493004,-0.760492590223361,-0.222644839452695,-4.25613937358111,-890.029799255206,6.88885788688375
"cv",105.283627861498,-1.15478278587435,2.70128545816988,-6.99583441410388,-403.627424516362,0.816681292431407
"cv",97.0350411099114,-0.470373522903501,-0.65189708404383,-2.94513671492651,-997.185264022036,1.64543099169469
