"","","par1","par2","par3","par4","par5"
"cv",124.150961489452,-0.202202579185282,-0.879658801883747,-3.2321820695552,-434.238452123626,-3.97743151322424
"cv",89.8400524980496,-0.285415132961541,-1.06676783999766,-2.96243638928937,-433.222413041631,-1.67632336248804
"cv",94.8531383738315,1.00786855350128,-3.56436971104674,-2.20928623351412,6.50491542863278,5.7153944219267
"cv",111.054335811253,-0.268952080920741,-1.03764279011187,-3.07998783658914,-513.519813383779,-6.7866043179213
"cv",106.852193439394,0.965780323911626,-2.46071543199887,-2.04268350140642,11.3037855168118,-0.11087878621743
"cv",108.114683933109,1.11129348437137,-29.2744649108499,-2.24054900897148,5.74812712147832,4.30972543624948
"cv",115.099023926724,-0.281341538187536,-1.02892750472519,-3.27634841168022,-428.714172801007,-7.27104053880392
