"","","par1","par2","par3","par4","par5"
"cv",102.991850467011,0.530300431040171,-3.30000874413074,-3.16864667477695,10.7065473981097,-2.65961672616673
"cv",88.2420251792625,0.554995699968885,-35.5997028177918,-2.79546362843208,11.6144352425989,-3.06489991918253
"cv",82.2286388285668,0.493579043828517,-36.9066319774956,-2.91822827994331,10.8088897541165,-5.50250963209979
"cv",48.1963792179407,0.622049171251744,-4.43701381651752,-2.66392644133524,11.9144371148834,-1.03958276566118
"cv",38.0248292937019,0.548934267398889,-19.0002629918582,-2.77472947899713,9.25441534898644,-5.4119951878397
"cv",43.2970531584698,0.513531506648628,-5.41028195615434,-2.80295788396437,11.415955399023,-2.93537514402689
"cv",97.2739024330995,0.211798239298791,-2.25396000368048,-2.84904561259488,-242.608674015801,5.37047032871498
