"","","par1","par2","par3","par4","par5"
"cv",100.959691139788,0.339848952609231,-10.7192115933242,-2.56076017966669,4.71177317379383,-9.24429873605993
"cv",93.454138292207,0.40005337792979,-13.11564842908,-2.5547824708477,8.08764177784808,-7.75830764271522
"cv",114.216647944316,-0.364934870312568,-1.26811647476872,-3.59362642922781,-440.466217867412,9.737491016976
"cv",107.545030961478,0.322152953697246,-6.16532404438843,-2.60768149125435,4.05248236664579,-9.43315297998615
"cv",62.3520118591126,0.352366084700253,-10.00019906971,-2.49283687940143,8.53708738155923,-0.74628604244631
"cv",33.7009757495321,0.34851611217703,-8.83888726038182,-2.46361504174139,-829.74848565245,-0.34230996132978
"cv",52.1879045201852,0.438204095340165,-2.80728568669741,-2.50948247622218,8.0164972543001,-1.1852177880044
