"","","par1","par2","par3","par4","par5"
"cv",93.118659092037,1.46785446689467,-11.8684474361729,-3.27944868595375,167.710704165574,-5.99657424065354
"cv",87.7356651263438,1.44034136959462,-28.6994384395379,-3.22656870304705,438.662474110963,-0.587962736560488
"cv",77.3083145941359,1.19537864352268,-43.213160526833,-3.06689431081565,142.191187770195,-6.02346112635485
"cv",68.3948732899511,1.31825055175796,-39.9437634463187,-3.0298611281645,155.100983673464,-9.65162665502959
"cv",87.5617749118066,1.28503158843046,-27.7559156365995,-3.06945330362559,210.004920237723,-0.600851643868964
"cv",106.019498098988,0.89106146126348,-26.1335827754551,-2.79452933741601,36.9248188231626,-8.57523911143151
"cv",87.6366113873181,1.76537918746972,-25.1503149516832,-3.7901430813643,628.969369526464,-5.16793387796718
