"","","par1","par2","par3","par4","par5"
"cv",110.866398786157,0.813230902658668,-26.7704072423355,-2.21721242988478,37.8859948852331,-3.57479876577672
"cv",97.2646474896116,0.707117152872761,-11.635858100062,-2.10763797016026,20.7209666649119,-7.15471097637421
"cv",108.195178854291,0.771258204548813,-11.4183530084774,-2.15105918725416,23.0135750055189,-6.29110658258654
"cv",102.655234013409,0.790437141688481,-9.37760146636135,-2.15143611096073,22.0288794499982,-5.25870709115998
"cv",103.252741879864,0.805301206155214,-2.23264896154883,-2.17047489717559,22.4639396547768,-0.301909493258827
"cv",107.094656427701,-0.518569094520541,-0.72701402021832,-3.66774340921832,-381.882078014314,4.62331921568263
"cv",98.4831857830619,0.774018618895998,-26.5263302200028,-2.12274558184397,36.6492200179588,-7.46737838587086
