"","","par1","par2","par3","par4","par5"
"cv",77.1804168252485,2.84334160590756,-3.56485309578338,-5.71432657212156,981.959645571859,-6.31036071250235
"cv",93.9851283207928,1.29975978285074,-2.75055407623462,-2.77000027296692,96.5743279333849,-1.98642800824136
"cv",94.5832565918621,3.87487496547837,-4.69577877698908,-7.53974916282638,518.211789646335,-2.64658611276031
"cv",92.3846875946303,1.09826441280389,-1.92025761586926,-2.86508277039183,60.570892969415,-8.38470320720005
"cv",101.055194993275,-1.28633616072131,0.134720414607067,-8.72954472151319,-991.768322889147,-0.343920768762439
"cv",101.887593872596,1.13790446423753,-2.85291837085769,-2.74866681737319,193.399524902154,-1.02439885516566
"cv",91.4905904109283,1.57339910229219,-2.79547004267463,-3.15146207541147,276.803836112888,-5.52064108087683
