"","","par1","par2","par3","par4","par5"
"cv",52.2938531977339,-0.313296061325035,-1.7423044436443,-3.15045422127699,579.387214661814,-5.84077273265888
"cv",76.73324594309,-0.149962131909927,-2.13938712806168,-3.10360640435068,188.248786941577,-3.64161596167833
"cv",31.5854339648232,-0.167181668839154,-2.01871591480437,-3.0177609374043,375.542560848654,-4.99890339178396
"cv",14.063148184022,-0.165496841650589,-2.08909645016786,-3.00661459712091,452.490646071557,-1.45673809408275
"cv",62.3796093307625,-0.12306657366088,-2.3266989458675,-2.97721745448387,995.486788518245,-7.62216460657056
"cv",119.077500809723,-0.0235530257585742,-3.76413562573223,-2.78294906757399,405.549353133851,-3.94473562076869
"cv",11.6141355978824,-0.0600282429868276,-2.41155903189085,-2.90972930638668,438.262648742035,-7.33852388085029
