"","","par1","par2","par3","par4","par5"
"cv",65.5814209748025,0.520291177045209,-43.2355857708302,-3.24973510865916,290.023982256389,-1.35302785238071
"cv",60.370517479224,0.425820832738224,-42.350924284732,-3.1019615776304,308.347528351297,-7.06810813469922
"cv",47.8389749066516,0.526193744516037,-37.9174080334915,-3.20803401907089,321.573152600566,-4.49985002633184
"cv",58.8637764888949,0.500599184876033,-24.2739962170476,-3.23023916736665,303.749802987514,-2.65369957681372
"cv",78.3215450473356,1.29698730219031,-46.0538922404447,-4.60841644659914,233.215492662873,-2.54388055215216
"cv",49.5928509123901,0.459977648221041,-37.8915690264408,-3.02977628887132,304.330239027,-4.08302209940441
"cv",25.1756593996114,0.556617773964225,-27.6805795893666,-3.23941263385455,304.586689836091,-9.09578057835438
