"","","par1","par2","par3","par4","par5"
"cv",145.186979363068,-0.293807281124233,-1.05594721425137,-3.40319957500263,-171.557673589753,4.88065713494596
"cv",111.667237396534,0.503835604322538,-2.68091412305369,-2.42342623888188,7.21220323991167,-4.12826265860025
"cv",97.5331341905544,0.446339321247685,-2.93516528884038,-2.43429663054356,10.0375751219968,-8.5901987819632
"cv",90.6696108001412,0.40788612011174,-3.17230939013173,-2.33515647787799,7.0518371943776,-6.47982866906052
"cv",105.014701513852,0.34187635247975,-2.69701388539523,-2.45856804880547,7.63694937013757,-5.45577044963827
"cv",83.9565506554539,0.455158431021055,-3.0286703513394,-2.3425616761629,10.8966943850339,-2.63721881510214
"cv",97.6832103192589,0.451759003636203,-2.74770725648278,-2.3834763826297,8.07663219930438,-6.67200387806519
