"","","par1","par2","par3","par4","par5"
"cv",85.3504714478286,-0.926234922286584,-0.500990174867164,-5.51357707222703,-873.073395615356,1.43263313311336
"cv",90.1760575500908,-0.306607475973666,-1.17273009382188,-3.22293131798506,-403.472121767329,4.93056879513906
"cv",87.2841114338495,-0.946304802477539,-0.129692642291769,-5.68491267085773,-344.611850738644,3.39590565762519
"cv",92.466495322442,-0.577069904959637,-0.744750753084322,-4.04989884204588,-116.667727859195,6.41671612466273
"cv",71.7468207944121,-1.09150783845835,0.99911862728745,-6.74788242140954,-564.932251345117,4.33626707445611
"cv",84.5916708353163,-1.07562223372651,1.70098634912085,-6.83317432031522,-24.522674750616,-2.43327476634869
"cv",75.1857983897157,-1.0396619811063,-0.080739337478834,-6.26310010485311,-944.612466622395,-4.98040534090251
