"","","par1","par2","par3","par4","par5"
"cv",110.31823982398,0.587681172767077,-3.32922832062847,-2.76420360761524,7.3745871085681,-7.32328190449598
"cv",123.815776474683,0.460147666358766,-3.0131355194271,-2.83501818762669,-335.365652950732,8.19719850961999
"cv",90.1517725788003,0.683504663991543,-15.1576420790125,-2.65038217130885,6.68064874658317,-8.28673901380001
"cv",90.8711526174328,0.065775833432269,-1.45458088214827,-3.19562093249601,-480.259844627033,0.723352474458479
"cv",70.1633276484093,0.460797327674544,-2.63122980606419,-2.69265116538817,-536.155142519602,2.2333297083579
"cv",41.0201828617187,0.720923466214128,-8.1157665746374,-2.56420898645468,7.52423146453177,-6.18069767444171
"cv",103.677982611337,0.879738042109495,-7.30410309713328,-2.64757255514448,6.68143305643289,-6.20495549394977
