"","","par1","par2","par3","par4","par5"
"cv",97.6872293407267,-0.294133829883219,-0.979710724548246,-3.28726985788475,-370.74223606688,0.96691376529634
"cv",85.4011054989447,-1.18082910643993,-0.0735073052856379,-7.07965217996389,-774.021650664508,0.946699574027812
"cv",76.1856075269609,-0.247051040519004,-0.790845032231287,-3.64262844537057,-68.3510621088269,3.87536876737126
"cv",99.3586553982982,0.79515082534794,-4.212345155807,-2.21694345780681,4.78058839265159,2.59634250383249
"cv",104.294669522594,0.876606714727641,-17.8380180614137,-2.30334510896275,4.60877021525334,9.31626906124789
"cv",97.6957945552489,-0.581855485483948,-0.659073630420091,-4.07743366376124,-187.477327403185,9.39458628722177
"cv",104.513174818385,0.0673511446466311,-1.37659510705733,-2.8872403703165,-567.609150956612,-3.75212331171006
