"","","par1","par2","par3","par4","par5"
"cv",105.093690234711,0.576350886817416,-26.5994817000237,-2.27382758652912,7.04580404045904,-3.42044746391734
"cv",96.4038038579079,0.515847254097915,-2.22143816031928,-2.47612119351256,8.6248838369827,1.44640351995706
"cv",112.991960301203,0.203236502361331,-2.28361844910452,-2.64426887786111,-195.521555649906,9.00627169223447
"cv",113.651557434876,0.640722262108446,-3.29763415991802,-2.41147545968693,8.09619883190972,0.882906554920295
"cv",118.292103953097,0.268637672631112,-2.97141956741236,-2.56964118338446,4.07816452022985,-1.15837878141096
"cv",87.2435072626139,0.570480749328123,-2.32835886305953,-2.40934231091871,11.6254281989439,0.19886408774553
"cv",61.069081196573,0.535939058387347,-2.5138958315676,-2.35055596837048,10.0302957046032,0.803898822836732
