"","","par1","par2","par3","par4","par5"
"cv",94.9086903068175,0.769089775069938,-4.14582219036885,-2.50628036364186,54.6369462524138,-4.65981220892765
"cv",95.4172045261662,0.894756493667385,-32.4160124843964,-2.57101316115664,63.3591019829043,-6.39105182750023
"cv",99.659472514112,0.949921038507579,-41.9524934461739,-2.54690767087082,47.8629568146174,-3.20069549514774
"cv",87.82024449963,0.933748022463859,-32.9545450141439,-2.55425676973255,70.6899897563762,-0.968352422192046
"cv",82.067785001237,0.925519271294902,-8.78734369975097,-2.57646588266469,54.8285756743482,-5.4376181201597
"cv",104.613910535575,0.845210249251324,-36.5918333095571,-2.61205348770236,49.3637809822091,-3.29941602218395
"cv",90.4287915105532,0.924624190048262,-21.2047002980371,-2.5628905459529,50.2728130643802,-0.748020202082678
