"","","par1","par2","par3","par4","par5"
"cv",90.6322872263977,0.0158561445032241,-2.24578354285741,-2.72891039979054,131.433304787726,-4.53255126305417
"cv",104.454603527507,0.330410922678571,-4.4293665514164,-2.43866604419546,118.687690360171,-0.540537382683952
"cv",134.780698531348,0.380818817558841,-14.7612028998364,-2.62717378270526,108.146695910532,-3.51179762730813
"cv",84.8545027135986,0.287507177029147,-25.5673868231053,-2.46835358489663,120.860490081647,-0.903360064359862
"cv",102.278465012328,0.284187857350134,-37.317816957414,-2.49215072283023,125.413185095401,-5.12467506213666
"cv",69.5320910240273,0.308239622676616,-36.118910782841,-2.45224595672839,119.113119148095,-0.943057179766334
"cv",69.2427661238049,0.203213640430875,-2.57818312575485,-2.57726376757079,115.712774292352,-2.74883215894634
