"","","par1","par2","par3","par4","par5"
"cv",5.86723946253784,-0.326573000960417,-18.3861356203842,-3.18402472243908,293.951688359064,-6.07732319324688
"cv",21.6655141252537,-0.302529461975646,-22.5518313550263,-3.23172481410112,292.72565736568,-2.59599124597229
"cv",4.90300660281322,-0.349825858390673,-5.91255398433508,-3.20783279609093,296.21890019864,-6.03546135405815
"cv",36.5152164640955,-0.290296465101563,-19.0485007288145,-3.27420215530562,255.807078232316,-9.31340775357611
"cv",12.0835285163875,-0.336127010308704,-4.60547369913289,-3.26310108772532,294.452128575668,-8.0945297183244
"cv",46.8965965091676,-0.695946617202631,-34.608608687615,-3.39665777243568,9.36861965147972,9.10873835937693
"cv",21.6869686157345,-0.404541072081581,-3.34507412827942,-3.36121656333538,302.138617837049,-7.02131925508816
