"","","par1","par2","par3","par4","par5"
"cv",32.7912260685075,0.15183271376689,-2.78320392658752,-3.40302306227313,364.421805928147,-8.90991101813262
"cv",31.1648090192019,0.235119214313714,-2.95705505198018,-3.50908334686894,370.130203631048,-6.34288199986855
"cv",25.8889673320342,0.212775392732662,-2.71306824808799,-3.54114789574851,332.762181279734,-9.46016356894009
"cv",46.2405608323863,0.35065171846329,-2.87615548363388,-3.8212418812945,357.127203439272,-2.34583474469341
"cv",37.654764891475,0.260495793498593,-3.29494178629679,-3.44978686790861,979.246716624985,-4.22324507903761
"cv",43.3971125453285,0.230841043436962,-3.0830693198368,-3.43201831022918,351.205324862209,-0.932001634805852
"cv",55.0954641496113,0.283908231368364,-38.4829763759318,-3.18813237464546,356.997101442055,-3.79058924450706
