"","","par1","par2","par3","par4","par5"
"cv",93.1550013685587,-0.657148665167727,0.613443228256275,-4.32791746470368,-367.651663153064,-3.36663214375969
"cv",114.149549524265,0.759044167163938,-42.8943609186124,-2.27965928956309,11.9421814107266,-1.86344478677609
"cv",77.6962127303792,-0.27777853665377,-0.744585044525293,-3.51150963173965,-6.88792947861054,0.445953639000326
"cv",103.360141928144,-0.797512138308873,0.615179147622396,-4.71031431635952,-735.660430635782,-1.76587372682995
"cv",98.9180245081583,0.836582638062001,-2.8284309409137,-2.27753987592365,9.2725086792148,-3.34455265026427
"cv",91.5325233759246,-0.248618551767129,-0.669283597884322,-3.49445937507525,-651.526123760019,3.66945787439415
"cv",104.861572147181,0.718234414184639,-3.24044062313691,-2.17607529280804,11.1393002847234,-0.306643818075284
