"","","par1","par2","par3","par4","par5"
"cv",88.0341486189027,0.490373003582778,-2.42192357527109,-2.64693029903362,15.0692125008431,-0.24972811062201
"cv",112.458675955392,0.604148337228653,-24.701409688334,-2.72076683679645,10.5099132630137,-8.61980990542105
"cv",81.9695573654157,0.641368486313433,-29.2893500820233,-2.60690971626276,12.9622362243058,0.244475756664698
"cv",79.9342535317832,0.63211658691154,-6.52933198729044,-2.58657002174552,7.8132060015167,-7.75511025352779
"cv",115.052114029107,0.68030749382842,-40.3522349471359,-2.6534353207469,12.4329494692711,-0.430272489588896
"cv",100.000620243201,0.641530196406317,-17.9288262057578,-2.65808043261367,7.88828379511536,1.11027038939339
"cv",50.1281768876555,0.644463222312673,-4.31961177430799,-2.53685019648375,8.05825586996028,-7.93615026761682
