"","","par1","par2","par3","par4","par5"
"cv",85.3682123528768,-1.16927595864032,0.706358403593301,-7.13291589334823,-176.062853383636,7.10435227090813
"cv",118.563607761744,-1.30189212226353,0.436714804421751,-8.93497456796467,-22.3393900539913,9.10906027376863
"cv",59.4119542449832,-0.613199720358609,-0.242803738119063,-4.02399000440378,-625.285475981997,-2.01965432614088
"cv",109.267023826069,0.80255958015139,-27.6122519041532,-2.04559794352238,12.8761432280765,-0.659936737942831
"cv",87.8837016063166,-0.562993320944021,-0.678200960858444,-4.0255559321863,-430.73685651846,1.68524007778615
"cv",97.8915616818989,-0.469701824818131,-0.497295607208997,-3.78531772239883,-591.865100559175,0.70353280284302
"cv",66.251372553828,-0.694663621191808,-0.50640125986748,-4.29901849583366,-664.161717546977,3.90453100738317
