"","","par1","par2","par3","par4","par5"
"cv",17.7526846999552,-0.0138409553983991,-3.00432690948305,-3.2491587945151,292.062171961512,-1.61570007216253
"cv",10.1004214064733,0.0123304426583381,-3.04020637012347,-3.26291292798222,281.822689789011,-3.22227931671521
"cv",68.7111624642588,-0.00768809752918426,-3.32386413739524,-3.31800503081239,530.812449752884,-7.15491671949269
"cv",61.8417712011254,0.0459003016937183,-3.34309754272099,-3.35148107688042,280.956490459665,-3.03096000197267
"cv",21.8464432174495,-0.0455556690015904,-2.77855066502475,-3.28208181359177,292.890464692586,-3.40575749144334
"cv",24.0529063161639,-0.0262794436453019,-3.39681843967504,-3.22130863561981,295.010398002325,-7.99151170113967
"cv",57.1642817270238,-0.102800690014321,-2.70605390744399,-3.26346548037249,304.930986486658,-7.62422309338311
