"","","par1","par2","par3","par4","par5"
"cv",118.417887845615,0.583770048446041,-7.16145063157281,-2.12066375284689,1.08027132132575,-3.43271581986522
"cv",104.535683782485,-1.14809747450088,1.03913194686057,-7.08977623870614,-397.356788687978,1.21664297413832
"cv",102.399023933184,0.637379205331357,-7.57409955453832,-2.07541979102677,0.771747016879376,0.375166820576371
"cv",94.8789047011421,0.620629851905592,-19.3722878439192,-2.01657979901271,5.05026658477084,3.46011054369224
"cv",102.835644282947,0.753319970759171,-24.8540680184955,-2.1450799448016,8.32426632146296,-8.59284301004632
"cv",75.7939647985915,-0.974181179537539,-0.604569204232092,-5.50774220747727,-85.0606675945957,1.87690750872276
"cv",117.81654399942,0.840698268394885,-6.0050800212662,-2.24175688105063,10.8193994805055,-3.8301979616929
