"","","par1","par2","par3","par4","par5"
"cv",109.94544523416,0.352564414178051,-1.53714327044893,-3.10144052694518,-174.508144682581,9.55793802892427
"cv",82.629505672814,0.289555007722349,-7.32717944384454,-2.50616599551307,112.295756578066,-7.31441882672702
"cv",93.1658474112614,0.376483200347983,-1.91351461822624,-2.91573937510353,-465.548826192046,7.81292006366113
"cv",66.9132321044121,0.309935056348948,-3.45985291535778,-2.53931800545128,98.1394585222762,-3.05006613954902
"cv",97.090266503333,0.273253591105047,-4.45171053084714,-2.53928880113435,110.362160224301,-6.52123162579727
"cv",57.6389058673211,0.362162553535847,-1.6049517441494,-2.87975939279444,-397.267562599596,0.433398165037254
"cv",108.291733655311,0.221034383585502,-3.70460099092956,-2.60314236977709,284.611741596438,-0.591371489482277
