"","","par1","par2","par3","par4","par5"
"cv",87.3772026911456,0.755362097596148,-40.2913956264175,-2.15522318263979,4.42848493420308,9.31712381735189
"cv",94.5033225692626,-0.536603810599425,-0.461025349458843,-3.80116650237351,-478.203279883598,0.941226252596581
"cv",81.835199511209,-1.0032677777892,2.16369052496129,-5.92333041961488,-15.1297943763151,8.02216112911268
"cv",81.5881293120382,-0.622487064354811,-0.192720933167666,-4.00664742441887,-136.222719362796,4.46010899264365
"cv",96.1150737424721,-0.856911815235176,1.33546190336347,-5.03611383599223,-233.667190477794,0.155128967365927
"cv",92.89318981492,0.0968658124519338,-1.45642603931363,-2.49468898418934,-540.828563143092,2.23690379824177
"cv",107.136475910668,-1.01980270946764,2.21569929737598,-6.19957977884215,-645.975958358415,7.4726806486321
