"","","par1","par2","par3","par4","par5"
"cv",99.4478693836727,0.518738835248949,-27.4622436962678,-2.3712166601423,4.79495432243461,-4.64508751371378
"cv",120.079289152857,1.16352735530318,-25.2582348525444,-2.7359999581569,892.549992352924,-3.10125614096364
"cv",119.75532608314,0.968976520788285,-24.2192868324084,-2.55419079719711,57.6796108178428,-2.86814034617524
"cv",95.1940941861712,0.724239967715341,-15.1242502245018,-2.28331383603371,9.14658772178204,-7.20884080467078
"cv",121.973650902062,1.01654237397715,-25.8104636363822,-2.83700956195713,59.4371347623208,-2.0370736330739
"cv",82.6712195270799,1.00368136053976,-11.5764804601358,-2.53921775829579,61.7875691856693,-2.32381751563207
"cv",101.62401645701,0.690371675073868,-15.2445505563257,-2.42247252572382,6.55695302159165,-8.20079106888335
