"","","par1","par2","par3","par4","par5"
"cv",78.9037371121224,-1.1446507693544,1.56995234172791,-7.20948591952485,-242.694109344384,5.15783562372188
"cv",98.4923679174276,-0.971274361762344,0.0938328839186298,-5.48228738344426,-346.179720427249,0.567583100380644
"cv",77.7504510469698,-1.00179771554619,-0.296735467202964,-5.96884352792548,-475.337027836701,-5.35747173694816
"cv",105.773857327807,4.89918087776915,-15.074328597296,-9.14564434794272,209.646067477316,-4.39608043923671
"cv",89.9841794357654,1.49213510222641,-43.4170087176317,-2.79987202879024,904.058264568448,-4.13929887640722
"cv",102.808546440594,1.56211531223552,-16.9020761442774,-2.95087525024213,123.621248647748,-1.32322174521781
"cv",80.854549147984,-0.643547771934777,-0.91792756961234,-4.36841621167973,-410.490666981786,3.64826308586411
