"","","par1","par2","par3","par4","par5"
"cv",99.32278557744,-0.278876497604776,-2.11615281221438,-2.96882185418078,914.961158636767,-3.07669761619618
"cv",56.5206004962632,-0.28392188306522,-2.06995752827169,-2.91917252955893,965.257128697349,-4.18294142748204
"cv",154.822702812045,-0.0671389517188578,-2.396348517007,-3.05759509892199,322.110612863356,-3.52002869533991
"cv",63.4353020652789,-0.464323238591316,-1.86022977356137,-3.11429787208048,460.241522316323,-1.69246138211699
"cv",106.712989774377,-0.317429268102539,-1.86374181037922,-3.03461944353994,918.63714131813,-6.30578688191932
"cv",120.321090268654,-0.233630894126542,-2.14930455455789,-2.95003679708541,997.113592037628,-9.82367570559658
"cv",24.9882588136832,-0.199358335551047,-2.33219730530116,-2.81154851474795,993.156710828608,-1.05844572105207
