"","","par1","par2","par3","par4","par5"
"cv",75.5501083870816,-0.0125259844919571,-3.41890091644869,-2.79542781765127,986.628954847556,-6.59928086620756
"cv",42.2456191652692,-0.147640950432222,-2.09250377416631,-3.05088719469584,981.608674740981,-7.53260299947416
"cv",53.3853785287011,-0.15005037122407,-2.08691117233483,-3.13371176381116,985.212631902274,-4.36122216892135
"cv",34.384978969023,-0.054334999463633,-2.64845809595548,-2.89808336918,995.301031516276,-9.3347982969135
"cv",101.656392616291,0.0868325788544405,-17.5234661162977,-2.85819627172485,999.283990231569,-7.37396121739693
"cv",64.2387586030155,-0.0235350292006049,-2.98044106069891,-2.86027000024133,965.979745738554,-9.19566891359888
"cv",38.7689335174594,-0.0194918395409703,-11.9068474747417,-2.7220403008047,999.816880125237,-7.70589048048241
