"","","par1","par2","par3","par4","par5"
"cv",118.017147241848,0.857667163474073,-38.5424796972472,-2.19712942736776,31.8214256228526,-4.44455021567864
"cv",104.051870560673,0.429525790508092,-9.86938425103869,-2.08123480841409,6.70161234554161,-6.10835705962074
"cv",102.948271193995,-0.995247171686849,1.29842196309741,-5.23677315475349,-538.239863438437,-1.40360222467342
"cv",112.074668722579,-1.25101422797889,1.86995480209589,-7.70948197998959,-901.537172614791,-1.40633532311767
"cv",94.8893798940279,-1.17945780691909,-0.366524762616926,-6.78749154266185,-190.535267754658,-2.09512793670486
"cv",105.171017910807,0.795132245578483,-5.73646467958446,-2.29718288759635,22.6129886594281,-8.37550324667487
"cv",98.3196372781647,0.901730395694547,-38.2625757484903,-2.10295537800682,25.6430482724927,-5.88153947943493
