"","","par1","par2","par3","par4","par5"
"cv",97.1205992152878,-0.869073506629139,0.440315091534931,-5.10624865251553,-607.035642597558,4.32072308874119
"cv",99.6625184094942,0.707895052194301,-37.2291099749991,-2.278079054701,6.5293970086689,3.4485205168064
"cv",102.060466056424,-0.637346312765008,-0.693643249517736,-4.16341350366926,-537.373425338668,1.50808486621827
"cv",104.596137452683,0.85704494401975,-8.97237814711568,-2.29617651676108,8.16860746129411,0.744988353863938
"cv",117.843253775789,0.997713484046633,-7.63517268051931,-2.41114881904195,50.0451532611314,-0.48057076159144
"cv",91.7549720834146,0.673518319791361,-13.492910073319,-2.27581925128119,6.63880935004704,6.72060638240989
"cv",118.112253647764,0.619509315038562,-26.9552091304955,-2.35761574712096,8.42616477130051,-8.33711447194219
