"","","par1","par2","par3","par4","par5"
"cv",74.9186855317651,0.112622639657816,-1.56820019203773,-3.10625377008711,-494.926619035384,-0.242584797528389
"cv",86.7479814467723,0.167446109684807,-3.14312426861966,-2.62692322051089,195.857559837959,-8.03515009116381
"cv",87.5599355788283,0.290879185620479,-1.7891235263174,-2.98069074408876,-323.250642511994,-0.68407045211643
"cv",49.4112680341932,0.201700490700945,-2.89230674147355,-2.64310623882155,175.904176853827,-5.61949692109062
"cv",73.3971374024753,0.207040234490149,-1.51517556505709,-3.03373026837389,-310.996106113294,-8.45805009639854
"cv",92.5855250221118,0.293401589312953,-1.7588462929595,-2.98390722904538,-689.357026881541,2.12762193781993
"cv",96.3590485345368,0.272773184306277,-1.89114475632311,-3.04773074374128,-201.639018487185,5.03864739373577
