"","","par1","par2","par3","par4","par5"
"cv",102.782351645393,0.609722996785641,-7.83834378532119,-2.27391554480259,8.93911615605509,-9.1518522291138
"cv",107.018074138013,0.668004313587023,-6.95491045698968,-2.32103194618587,9.79435018640606,-8.79605656024069
"cv",112.437399698588,0.49935690659198,-15.0008764038271,-2.19623597034432,7.60440571585377,-4.39948214353246
"cv",102.095846330257,0.958221822898317,-49.8048104273456,-2.35649446923745,18.438838060836,-0.724333566070336
"cv",105.673307613817,0.65876571790891,-24.7869916392764,-2.12051214440346,10.0685661566854,-7.69223550100697
"cv",87.8729160456392,-1.03288359478378,-0.205880909099531,-5.79681338695031,-565.727670562339,0.992158129811287
"cv",107.095487492637,-1.00190748033106,1.99248452143562,-5.61978891144673,-468.000829612505,1.46347050764307
