"","","par1","par2","par3","par4","par5"
"cv",104.331834745842,1.17984205907491,-3.60099302118516,-2.16009040600423,935.475788877583,-7.28960625422918
"cv",87.357363766759,-0.650645650803401,-0.606889497576475,-3.69029057913971,-217.972970567644,6.41415257938206
"cv",128.223224412406,-0.825079144272324,-0.209967526413209,-4.96876675863376,-172.982786420783,0.0865125330165029
"cv",102.157666464266,-1.03656625840813,0.445876718498766,-6.00711085228537,-467.64452162548,2.08904912845946
"cv",112.357934497359,1.29180818192664,-2.59779864569597,-2.41206614372456,264.214544522407,-0.567228768023647
"cv",94.9939936071071,-1.15589351915517,0.868933461699243,-7.26993106606182,-602.14778377794,1.58880393511268
"cv",98.2769942030923,1.17673500673673,-30.3217340856946,-2.12447398113978,221.586207780551,-7.4187284336323
