"","","par1","par2","par3","par4","par5"
"cv",75.758879225565,-0.517878046309113,-0.739775741789107,-4.17760821978911,-393.070551972036,1.10600553622416
"cv",74.7401968304697,-0.485354566558966,-0.220666110118784,-4.11445973661743,-894.788194724727,-5.36482528744005
"cv",68.5344911115616,-0.391362840706315,-0.814760475663453,-3.84865953454764,-213.697966467123,0.556843634694815
"cv",120.765013480055,-0.632531915230114,-0.482421829494126,-4.60146891945927,-215.520246675058,-8.52678736671805
"cv",59.2119004632349,-0.572320701965824,-0.539375855195229,-4.11810717030566,-98.9448147587428,0.278258627925013
"cv",56.4763457702402,-0.594967764674884,-0.192326591350138,-4.19529202362773,-551.191841946635,-5.87463671341538
"cv",81.2315315208086,-0.386300539281141,-0.804555003354828,-3.91190251938136,-639.671109147778,8.13410409710346
