"","","par1","par2","par3","par4","par5"
"cv",71.3261328705248,-0.0435424878255351,-1.37465633513154,-3.40844213598533,-113.543003389421,2.82281256362002
"cv",102.151683030526,0.0779078501491924,-1.40783360354674,-3.47070301091977,-165.793441935067,1.04285615792422
"cv",47.3974948124434,0.118356178008673,-1.63004759928783,-3.25513525951671,-462.468844545573,3.83616057119079
"cv",73.217472050787,-0.0455214106007904,-1.45415163498094,-3.2598895973069,-167.840725115143,9.45716129222984
"cv",69.1656095735839,-0.00202548384594504,-1.51142207263944,-3.36828180639806,-355.90415529188,4.58866131636895
"cv",61.402792354858,0.228721168357741,-1.86968598726218,-3.11722076850813,-254.568161058829,3.96974359511729
"cv",57.869019648715,0.0858895270442458,-1.59015547963157,-3.28960335256207,-273.711325878583,7.621044378426
