"","","par1","par2","par3","par4","par5"
"cv",0.029982014387056,-9.25160983435606,-48.1638990290896,-9.99999960140148,-467.240955502212,-6.82623335751741
"cv",0.029982014387056,-6.25388478385508,-47.4018357688679,-9.999999666645,-353.687992240594,2.30149103956425
"cv",118.712258504417,-8.99253589147525,-41.2784178042784,-6.16759879650523,-56.8724708221544,8.48064286634326
"cv",0.029982014387056,-4.24922312245516,-35.9279058687166,-9.99999993229539,-678.488310481688,3.7113206855232
"cv",0.029982014387056,-6.88240682287914,-49.6146445586963,-9.99999998060192,-664.561851132171,6.74313807076265
"cv",0.029982014387056,-4.44719577686071,-45.8498962791446,-9.99999968491188,-488.809649423433,4.8732937265437
"cv",0.029982014387056,-7.26366364522249,-48.3887175391869,-9.99999999207946,-704.756261412745,7.23318147938699
