"","","par1","par2","par3","par4","par5"
"cv",98.8186905490206,0.118001675006231,-8.04044015524857,-2.7146199070781,220.002780972489,-5.37972245721898
"cv",62.7332084831336,-0.00448095865120879,-2.37625276204199,-2.81061387032642,433.259357853068,-8.77019085346567
"cv",97.1393271844233,0.147472346394275,-4.4016707336977,-2.82173137436845,213.471592014954,-9.33836026098855
"cv",61.9258891343189,0.123318191302226,-21.5656794274085,-2.64983145929233,187.261408935319,-6.69024129863828
"cv",89.085546641455,0.0926901404442521,-25.7314103349997,-2.64814304688646,417.885125530134,-3.36673810146749
"cv",55.2898177907573,0.187916675810436,-27.2668465775842,-2.67561440954895,423.366906241136,-2.0211236359463
"cv",27.3806358705716,0.236840484749332,-26.874072240267,-2.65102068066202,424.41318840556,-5.71076521422827
