"","","par1","par2","par3","par4","par5"
"cv",99.3607583774601,0.931714364031594,-1.76384712718631,-2.20086698659073,152.003715194634,-0.441869748262917
"cv",96.8597425859244,-0.81319492091817,-0.448376063274946,-4.67089913210971,-758.909228835688,7.87550243931582
"cv",128.236400198729,-0.922932321041823,0.019656737247611,-5.27027844241628,-354.722197633237,9.17128488550266
"cv",93.75561981926,0.811083766264546,-2.20538879267304,-2.39824344261269,143.654449611057,-0.444315193303936
"cv",103.464397900139,0.966359691372882,-24.5480288632125,-2.28500583785092,148.844005993236,-0.439580504133407
"cv",80.0705113901077,-1.01207193362873,-0.527517638743017,-5.72998629550456,-526.160484741446,-4.45676006967979
"cv",85.5121420153181,-1.10023591233919,0.615227155387402,-6.45776959915897,-477.73118682868,4.78217164136284
