"","","par1","par2","par3","par4","par5"
"cv",98.5983375861033,0.0855489756736895,-1.70184928434833,-2.67459557210596,-91.968572442851,-3.89633014494023
"cv",75.7438696685496,-0.0456533052275752,-1.54633336098558,-2.71394585047568,-84.1200355961678,-7.98181227494467
"cv",79.2437666568801,-0.00333202645513278,-1.43090922964027,-2.84733225709148,-266.136310954717,7.10828569225966
"cv",82.5211068553895,-0.0658189747428159,-1.40048787127471,-2.96883076290481,-194.437562344323,-8.12755858293136
"cv",100.197580999287,-0.0664487266044381,-1.49465333057627,-2.90068504176678,-345.415325369686,-6.24963843672353
"cv",115.605797560108,0.0978044648111234,-1.52270361777838,-2.84797776429506,-845.936890206293,-6.85259082771186
"cv",104.322253441496,-0.00327248370504667,-1.39487037529025,-2.86295592517116,-358.567479507265,-4.41255914739418
