"","","par1","par2","par3","par4","par5"
"cv",120.605138636062,-0.318630595956482,-15.5206864689173,-2.68212740701887,7.16718577217442,-7.47796950520195
"cv",116.411410204514,-0.369345613378469,-28.0988624732327,-2.65227128145005,5.48644870122856,-5.18441119549009
"cv",134.249551464345,-0.422035284437749,-11.737352795199,-2.86586612259283,3.65289152929211,0.0907590128964395
"cv",131.900739475009,-0.21505591034409,-37.9759037218378,-2.80651814200918,8.47090820733895,-9.78186986409128
"cv",114.617122113964,-0.369847480442992,-24.9004668319945,-2.6709770269155,6.52914401143789,-0.684467316303862
"cv",90.0350620031419,2.52924202402053,-48.3930314425379,-4.4241106450185,149.185635982667,-3.16828686490996
"cv",93.4306815058349,-0.323421358090187,-13.1062800540965,-2.59975897015557,-584.766215179116,-0.439962187167381
