"","","par1","par2","par3","par4","par5"
"cv",53.9698282477814,0.0298200388220091,-1.58024576745182,-2.93155984767521,-535.703224798932,2.79383420417667
"cv",74.2685840816732,-0.314810450282646,-1.43821572465698,-3.26325829331081,-706.366586498916,7.32927336848146
"cv",34.263463943203,0.365383258458585,-19.034443643429,-2.48036088665325,139.082467500768,-0.96291630063206
"cv",106.50009936852,-0.0789511100371757,-1.77629038061944,-3.03473138588093,-979.860245674105,1.13337450195104
"cv",73.0966362715517,-0.217446386418606,-1.40730240382254,-3.15974049482235,-89.5314467169418,6.78920416810606
"cv",44.6547686869874,0.329549573079387,-25.4356691368015,-2.4952571768827,144.692576734525,-0.732583626526452
"cv",142.185284021646,0.0216718181908704,-1.92758246510433,-3.09051636139018,-590.212802078747,4.5838607042414
