"","","par1","par2","par3","par4","par5"
"cv",82.1676872886103,-0.561222868913827,-0.445831077533109,-4.10905831043438,-399.938924371318,4.89939643137207
"cv",85.2226855628724,-1.00809528796059,0.357209029607475,-6.02006630646614,-84.0840241871774,1.53780895048344
"cv",71.5702100398856,-0.835336939467593,0.222280456311093,-5.04445334207582,-909.543573195177,2.29409136311184
"cv",78.3828974777437,-0.723853652474708,-0.617951807612879,-4.38839919854565,-673.644906607127,-7.64299154872018
"cv",81.3585153960005,-0.794050376435418,0.596446508475471,-4.97659498645453,-652.056244917245,0.873858559623257
"cv",89.4819714187294,-1.29327039909202,1.08575865160674,-8.72939791018471,-320.842183958946,1.7035677772563
"cv",81.6515231862361,-0.614089866288542,-0.695508644283094,-4.26762031065053,-105.625670403242,1.28010683178051
