"","","par1","par2","par3","par4","par5"
"cv",93.7706993131623,1.8388545045452,-24.6657038801983,-3.00826794296761,217.059935027409,-9.93296509029135
"cv",104.277300065564,4.52273769773084,-24.2642365756024,-8.21697132631885,893.60414256216,-6.95050582689084
"cv",108.902833270651,2.06451252032322,-47.2148697005245,-3.47964676329011,226.17381252293,-7.58819753478156
"cv",107.226117007013,4.7265238893588,-26.7180087774194,-8.5053303467898,997.759536492796,-9.58134460903279
"cv",101.616471313652,1.82532120052855,-47.8322727881279,-2.96349989136712,211.226475425065,-4.24668279157431
"cv",103.075896341045,1.77299240456662,-28.0210770229761,-3.05163644034424,244.275727115388,-8.42559837231781
"cv",112.267376555284,2.77944842487906,-42.5855194876484,-4.63259786378287,159.942229158913,-2.38153841586961
