"","","par1","par2","par3","par4","par5"
"cv",100.923271593129,0.0947615312160371,-1.60992166306923,-2.38419545751379,-630.321528309619,-3.62373960173795
"cv",108.319954626518,-0.803443420918096,-0.0324024491962591,-5.12485807872648,-446.648672065368,1.14900441230725
"cv",93.1544102499046,0.288838426542903,-2.21128556322741,-2.18581330340212,-783.563455027348,-0.751229240559042
"cv",77.8854944538069,-0.6818058870607,-0.233129275736975,-4.5631317204122,-296.831320505589,7.77890688101586
"cv",113.097198329395,0.993951251801133,-26.5487219518696,-2.21385331076542,7.21720694129016,6.55271073625898
"cv",101.923333349095,0.787388607700401,-13.0455889555505,-2.11915562880905,18.3138779339569,-1.04114245893973
"cv",91.1271795283024,0.929271238800278,-24.8497095063311,-2.05702696193346,7.3689438947893,1.49663565730653
