"","","par1","par2","par3","par4","par5"
"cv",94.7934811151339,-0.664480984996109,0.465905721329999,-4.57021144242731,-462.950486705572,6.63638919093884
"cv",96.1546817542686,0.723544089252284,-32.640568521773,-2.19497778576345,14.8980593919314,-2.89121244643092
"cv",61.2212345391496,-1.2648015782159,1.41586237587035,-8.41025698130697,-161.427637493189,-0.100512770532858
"cv",94.0890712045989,-1.06468474683468,2.7839193418622,-7.07282669437497,-275.465319188582,-1.75354271360129
"cv",104.555671895729,0.787636842162546,-6.37905456755983,-2.18381066677904,15.2737154368551,-4.48368360989184
"cv",70.9128888836138,-1.11259896717808,3.07201121794003,-7.19414210953879,-453.081441577524,6.7057315355912
"cv",92.3826692327116,0.725603829115877,-17.5688228289767,-2.22926896570625,15.3743480297426,-8.17977890709897
