"","","par1","par2","par3","par4","par5"
"cv",110.708493467485,0.438132103223578,-47.6301039460871,-2.40564033062322,9.72911151930734,-9.56009493803036
"cv",74.8137718112039,0.475479444233586,-22.5008782412735,-2.29016220316121,9.01161318458489,-9.77176560547675
"cv",100.069694219798,0.478260045363838,-12.4578778484706,-2.40729458478083,9.37210508653089,-5.73014634762071
"cv",96.9146570317709,0.447838577774569,-38.0873571419108,-2.37991964448139,9.19750484097143,-9.75020801507917
"cv",81.5401273249365,0.348627449909606,-6.70874328930447,-2.29604046872074,-48.8734427461547,-0.367221947378524
"cv",70.9302409200892,0.385274124385027,-7.18809930304721,-2.32300877005001,-338.9484151109,2.26165007334203
"cv",85.8439041027984,0.527098771203055,-7.34264503937284,-2.32815921859188,8.23373580351472,-6.84082065560312
