"","","par1","par2","par3","par4","par5"
"cv",39.9331243430091,-0.166323955256578,-2.47836207070634,-3.08790732441938,929.127484744427,-2.93496530666501
"cv",12.9964791487597,-0.10239455315597,-2.38246860499206,-3.11617521810082,940.388683980309,-5.06324438338915
"cv",32.9877356498446,-0.141424991814785,-2.08572881060976,-3.22557954142716,771.369221581512,-2.38512399321801
"cv",7.2171423778213,-0.119665977375309,-2.25183751177078,-3.18752976154618,673.840604843753,-6.27141727744236
"cv",138.842946545453,0.0348762607540081,-2.32876095122307,-3.58690614023108,767.101413814861,-7.42822413928493
"cv",41.784670043328,-0.150956830234253,-2.38608649110213,-3.1809292807265,995.564591681417,-2.20344867770961
"cv",62.6509061296679,-0.178472963770297,-2.13847292604065,-3.1284570006005,717.567671597228,-2.44864824071335
