"","","par1","par2","par3","par4","par5"
"cv",148.833976212049,0.0774110241686217,-1.41602577303508,-3.26413979137966,-377.647388182288,1.36822694446892
"cv",91.6641743772291,0.283575147396117,-1.70277570611466,-2.87138470956069,-416.267284655969,9.35967376921326
"cv",117.482040129389,0.254257532151465,-1.71624549160653,-2.97370398363986,-479.178937793262,6.02193117175918
"cv",71.5000980035485,0.203466908825989,-1.56838393202012,-2.94126447770202,-420.934716289514,1.32783120831116
"cv",65.2374590761659,0.232779773388106,-1.76669225911843,-2.82067429654553,-50.819598850249,7.0139455333904
"cv",51.2825109814849,0.241050165544032,-1.67578181230959,-2.86298921392823,-940.219358193003,4.29139103410167
"cv",44.1002337495912,0.227806021337166,-1.55151418892157,-2.90554825776782,-591.579492057254,0.219412459705007
