"","","par1","par2","par3","par4","par5"
"cv",59.8849517766391,0.29974204798024,-27.9445654764449,-2.81412325057536,-28.8497235102507,-0.646835931693414
"cv",37.8775752004275,0.343981664547196,-22.1451088644843,-2.73174218248,-8.69675962133564,3.40659150423594
"cv",66.434975013657,0.266940721441292,-3.46067039586983,-2.75771735173801,-736.585814832482,6.33171923728269
"cv",61.6613488644762,0.189763452177569,-3.47487831529974,-2.83132949985117,-31.4490579150308,-3.05382357864248
"cv",87.0594554599303,0.252556402336921,-3.96319583350387,-2.86141463538631,-520.8416252751,1.71029508786164
"cv",51.6938254967781,0.229664980920004,-3.67061129870304,-2.75091541116084,-113.284351762309,6.49463391341626
"cv",75.7100197910226,0.292973035858861,-33.6255516210337,-2.72131119765803,-4.06252453103662,1.41296859077254
