"","","par1","par2","par3","par4","par5"
"cv",22.7534060159128,0.00517876439956805,-33.7074496355207,-3.53010762381616,55.063188359818,-4.92988033685833
"cv",51.5608537248896,-0.0570002987003682,-29.1619353507718,-3.48738321833382,816.348651354235,-9.29228327995631
"cv",28.5823712579638,0.0840513380434459,-29.9312965236812,-3.44116166994727,55.9358176114041,-2.17988681439479
"cv",15.57118256755,-0.0608341219066405,-25.5394032272415,-3.46868014870026,59.1288842864762,-1.04607738382741
"cv",46.0908569543223,-0.148399575549239,-30.9718380044815,-3.14394010251386,58.6738537470564,-9.63990125802375
"cv",21.4994959042425,0.00808854295790701,-27.1472542843712,-3.47075623751467,55.9353553166377,-5.72394441436072
"cv",22.862080953679,0.0528467866415343,-28.4081193825408,-3.5007674361406,54.5380051867101,-0.993797414119974
