"","","par1","par2","par3","par4","par5"
"cv",115.467871105513,-1.20360837226231,3.15016659907996,-7.76889932340099,-5.42248918822548,7.75420580202437
"cv",114.558656535741,0.0704598506812703,-1.2476863223849,-2.47131476276477,-249.277772671418,1.6063103126362
"cv",102.840824358366,1.50292521016541,-46.1390448401793,-2.41027315530621,765.039558810323,-6.91221115488224
"cv",87.7739405859106,-0.928148334228981,0.377621564406777,-5.16485248518148,-977.749022777815,-0.440689866934824
"cv",113.290171282001,1.07395845266027,-18.8024374423744,-2.38944609850002,6.96705161769819,1.39558826019414
"cv",81.2833751854367,-0.895707731267002,0.936278648510359,-5.25810084726726,-937.504877187644,1.89130490014919
"cv",79.5316963300708,-1.03092152547926,2.0233837124264,-6.12942050183582,-474.304891307842,2.67543287186709
