"","","par1","par2","par3","par4","par5"
"cv",36.7058220722539,0.487786007546347,-3.88154995245213,-3.66895240029452,9.3165589395033,-3.77924769602174
"cv",80.7852840407063,0.423688209664813,-5.52458852543679,-3.61470917794978,-85.8363458189743,4.58060412761193
"cv",6.86880945880928,0.387215896615298,-3.82223626153862,-3.62036998151829,-748.557787643797,6.02464197076295
"cv",39.7303558670877,0.335539967929195,-3.56352414954213,-3.68831192376264,-782.695987960601,5.23424144407609
"cv",17.9324095945923,0.383570904394901,-3.72956300458147,-3.65010247344867,-284.113291095487,9.47059166045067
"cv",26.6659656377247,0.312847930879638,-3.65278443629344,-3.61269042768994,-499.073895250225,0.962049420922995
"cv",46.8863659457212,0.388476229111813,-4.480922387028,-3.67227219302697,-63.9038247307629,0.957294945502347
