"","","par1","par2","par3","par4","par5"
"cv",103.697860295998,-0.287932589786564,-0.928029568519862,-3.61849899926138,-121.396886267249,3.75165858493251
"cv",95.2493987481407,-0.0106072548044152,-1.13952629214835,-2.9178513107364,-561.752230294919,-4.4098238053228
"cv",103.614362269482,0.714494942103598,-41.3191899424419,-2.15800768880377,18.7491982420617,-0.63079193547967
"cv",100.644576022999,0.739478504460065,-6.7258148389497,-2.28817282966249,27.3157715480417,-1.16711756320955
"cv",87.828231946979,-0.0287892725474959,-1.39445769897398,-2.62311402288287,-510.162428731516,-9.70207480667628
"cv",110.303547191654,-0.0598669615889926,-1.49421044202259,-2.95026112633771,-12.3113872544894,1.59521107165346
"cv",76.5462332553402,-0.931320544550795,-0.364544362312746,-5.33676635666709,-151.024753886866,7.95363607350737
