"","","par1","par2","par3","par4","par5"
"cv",106.525511738247,0.999186302310767,-24.372179998077,-2.40607108928439,140.40879255109,-1.95542282464274
"cv",98.8847110447405,0.953271380851096,-8.25724939977384,-2.38516141331782,848.033350352923,-0.631380942332681
"cv",97.8596625275523,0.751065142809846,-46.5098264866161,-2.25264250828941,15.6249865056977,-2.22819495335569
"cv",90.3315556584298,1.03807758753111,-15.588074592588,-2.32225725425314,261.304830290088,-5.19700262552292
"cv",85.238531317661,0.731200011678595,-13.2038512965664,-2.19202684015522,8.79363127503046,-6.01722757950054
"cv",90.8456406135285,1.01198205574714,-47.3784150574832,-2.32862123649554,972.833989920463,-5.6497974061382
"cv",121.403213063484,1.36018356222438,-20.5282566836104,-2.76250079449394,582.310939162856,-0.637814053739308
