"","","par1","par2","par3","par4","par5"
"cv",89.2982715511808,1.10261794494923,-43.6381236911942,-2.64301599819392,8.5652512028519,1.76655784561551
"cv",74.9409029933907,0.707592697497364,-40.0473417188136,-2.58781788645859,244.47759540695,-4.0552044203823
"cv",77.5388687555316,0.760559740762915,-39.099970837963,-2.57769174469454,152.126662728765,-5.29000030736725
"cv",109.198553366896,0.887900078891717,-21.4251022310284,-2.77122421078009,146.51662643197,-0.575712355568561
"cv",82.9909758984155,0.649830148293496,-21.9276899261018,-2.59504615459292,246.006441006524,-5.48252277898979
"cv",64.8748579310696,0.722633071693025,-10.6002565346145,-2.59127237582445,241.443891827604,-3.36772584726659
"cv",102.268106926281,0.779271632977374,-12.1791554139877,-2.6554526067797,223.407998627538,-4.0796906855098
