"","","par1","par2","par3","par4","par5"
"cv",102.220002628011,0.607834997817404,-10.6822487445523,-2.07401991381798,-33.9557370091345,0.094890877054414
"cv",95.5459033196648,0.606438031237307,-14.9373393364201,-2.01669538725764,-1.52660487219691,-1.13299388509971
"cv",106.291389779286,0.574875483802754,-16.7230785156536,-2.09994831318876,-2.16618781235212,1.44667133428875
"cv",100.802651148505,0.621960272001559,-49.714632020982,-2.04894639845784,-1.115479480023,8.61719893863992
"cv",107.731291212085,0.583663647806608,-28.6553877202671,-2.10452983322865,-0.83038692438889,-0.133532468263449
"cv",112.099849044549,0.570078147531872,-23.0849568295443,-2.13168401395862,-282.529688616486,0.119805153681724
"cv",95.7327139320169,0.569866731304663,-15.563251106655,-2.0299447785258,-510.522696655244,0.0716909475618367
