"","","par1","par2","par3","par4","par5"
"cv",106.627112353253,1.99649531244799,-18.5947751986074,-3.48290717135873,195.226708683347,-1.30831284002046
"cv",97.8613197575305,5.11536560187598,-43.0543312446365,-9.50052746273077,339.156486048566,-7.02485990699203
"cv",99.0192302314644,2.08938695624471,-47.8254736876847,-3.52387380381094,204.803559292034,-4.01507308700827
"cv",102.653787841398,2.36038311009716,-14.7058792970276,-4.15938133795857,229.359662743659,-6.91672287573848
"cv",112.348907700741,2.15693492184851,-26.4280231935233,-3.59318972697165,196.484864340322,-7.9140133336458
"cv",121.867594324668,2.28359759489881,-19.8230860903565,-4.11288583025815,231.0069115384,-6.93746677401791
"cv",138.63269903689,1.91378915252833,-48.6627689358164,-3.30529345869117,88.8098334301071,-7.7998131915213
