"","","par1","par2","par3","par4","par5"
"cv",108.199338785317,-1.32408707292318,3.91058844979852,-9.82873803371789,-26.4218665172066,5.71586895772165
"cv",106.423338600713,-1.0304087344949,0.719473970827433,-6.47559236066526,-886.017730836579,-1.52569265570492
"cv",110.549497840729,0.571651957972891,-4.2304637939729,-2.25272624279785,-872.702482362423,-8.1486038612582
"cv",47.9195559335139,-1.06460357575617,-0.0245671999110585,-6.51091263430941,-250.306088623098,-5.8439380954951
"cv",73.8230988100118,-1.26366212498397,-0.539074790413675,-8.55814585373372,-116.427542157179,1.85192118520178
"cv",110.122137161799,0.814820719383155,-5.00766192562878,-2.26959125865204,5.29669523476559,1.70152925125845
"cv",67.8842069430128,-0.859571654515105,-0.662334339770937,-5.24603175529768,-6.36890339702972,3.85790599815886
