"","","par1","par2","par3","par4","par5"
"cv",114.73814144181,0.685592247610772,-34.0063087066001,-2.53155104566409,63.5341376172988,-3.01445394009596
"cv",109.232020320151,0.642347485185993,-37.3162298903011,-2.63152785745267,32.4537511910769,-4.69458912537707
"cv",81.59249866493,0.648454094406536,-16.6113797340909,-2.48875340897242,32.8634126354992,-3.05992205621755
"cv",84.4080042790945,0.631247058760467,-18.1028102786772,-2.4447296190917,31.2936129384294,-5.50438059394463
"cv",102.52519029804,0.662920772542448,-14.4740560660945,-2.60940625594441,33.4223256655207,-8.51918850532563
"cv",93.5797658403051,0.634949447329981,-46.4269684885679,-2.49719653507701,28.6650078305575,-8.20820478206732
"cv",89.6770920437967,0.502280024580513,-4.04498209184574,-2.44930812543997,12.2164043082439,-3.29311225422808
