"","","par1","par2","par3","par4","par5"
"cv",97.8959244154849,0.683452714153341,-3.53711542601669,-1.86088923396168,9.08785221476318,-8.35326914155746
"cv",83.666540504491,-0.347298687560901,-0.751475110754837,-3.6422624100135,-246.603383206652,8.18361632525921
"cv",66.661042820675,-0.352339606743536,-0.685428847019305,-3.6077156795412,-286.050870151189,3.63997990023583
"cv",63.8958819290519,-0.352554950466888,-0.720185473528251,-3.60600210052596,-329.472752379596,8.50126815079284
"cv",90.4070267058856,-0.464205418527624,-0.343502516111614,-3.78242115185265,-106.299562505665,1.63432940576972
"cv",97.3753371898551,-0.664900585685907,-0.489914938125166,-4.12704241976746,-682.271372031467,4.85586376021799
"cv",114.210756382963,-0.56992051770414,0.12006593207133,-4.29719562953064,-437.689638070224,2.81713866443882
