"","","par1","par2","par3","par4","par5"
"cv",102.87684744418,1.29266221323712,-45.1008705708761,-2.82546261259503,253.391466141274,-0.332726508928529
"cv",120.34151898693,1.47207511791252,-29.6236897196509,-3.11351641326214,201.70536584345,-2.60292627799577
"cv",92.4931977470168,1.30741053792277,-36.4124025292088,-2.77076656492417,237.318581901491,-0.299678304682835
"cv",86.6359018321338,1.17629268151854,-14.6938595376604,-2.59725421032147,765.016285702586,-0.392909938625348
"cv",98.394854625361,1.31479508893758,-33.248279994017,-3.01147801234115,854.132774971919,-0.392034407678561
"cv",115.021915174033,1.37526947796656,-30.251386248548,-2.97475941004779,286.9015698757,-0.29316303652976
"cv",82.899681259277,-0.65268178901552,-0.0313686649255045,-4.07537672939103,-231.829781340648,9.8694654545727
