"","","par1","par2","par3","par4","par5"
"cv",96.1283443665726,-1.319660145601,0.281170921795604,-9.13884177296069,-265.790546774698,4.93469912558794
"cv",130.265391684111,1.07678603568829,-17.5946974420293,-2.31094608507265,685.935247939647,-4.63749799830049
"cv",98.0922712926827,0.440397544598547,-18.3991542679003,-2.12851056711786,9.0987030655192,-5.94060014985212
"cv",120.105977307642,-1.05947322266132,0.327735246524446,-6.27544410340181,-435.709326528013,-0.235374820758524
"cv",91.4590936124094,-1.30652342825438,1.48813074152753,-8.82358551030216,-496.521015709713,-0.445968766209302
"cv",61.5828876465919,-1.15386995886037,-0.555096068714448,-7.02259701812008,-560.912862510822,2.66339294233465
"cv",69.3691594083416,-0.873380981249181,-0.613258018500349,-4.88198508754088,-765.438773174843,-5.89839410866883
