"","","par1","par2","par3","par4","par5"
"cv",108.001308838466,0.824842313972334,-15.378604816707,-2.39376092305225,38.5485126366606,-8.09637829879274
"cv",112.956570915872,-0.715568806804741,0.437704709202393,-5.05097389444802,-929.532140811209,-0.246601290992074
"cv",92.9225556339747,1.00275090877422,-36.0994735769163,-2.3439659575941,63.1473852667299,-4.22178356310071
"cv",79.2620252579826,-1.14924575552351,1.5057993656215,-7.45925575961341,-10.0797122835862,8.33285020257538
"cv",98.1637392609431,-1.16922984617835,-0.287522760512634,-7.73721126764952,-633.006346280233,2.22479377827899
"cv",73.1618497294606,-1.10883893445134,2.6991065624802,-6.59835870405136,13.8045300525258,-1.91650445021152
"cv",54.4754388022709,-1.27597471575575,0.683500387705863,-8.85176405908014,-27.0326379035519,2.51317092683166
