"","","par1","par2","par3","par4","par5"
"cv",101.443984928127,0.584474075682149,-29.8293300617099,-2.4664537493936,6.1223470818876,5.33582386085695
"cv",88.0174476890001,-0.242002199999857,-1.29534563795955,-3.24872731960599,-317.117483585144,5.35827688676064
"cv",134.824154849732,0.0693503322283194,-1.90154726240928,-2.71858422438953,-551.556679337457,0.85219514574725
"cv",75.5085820812443,0.514113668100194,-13.0451569722858,-2.36648793857393,5.23823652185234,7.63280788700217
"cv",48.9038521069498,-0.102837071590565,-1.20747896325224,-3.19506677170767,-777.99852355054,5.17271603162904
"cv",71.6957568159251,-0.47918602459427,-1.01957586745532,-3.6631382767218,-804.117574006837,6.9340145895283
"cv",58.2267102344766,0.561456182316857,-18.9177596208087,-2.31917538459582,5.90318067791505,7.14855804862345
