"","","par1","par2","par3","par4","par5"
"cv",99.6704455614163,0.417794105667842,-14.010179653826,-2.13365854896868,-124.183266613816,7.23290600727762
"cv",141.960475316439,-0.251544066332637,-1.37523081358234,-3.30929305347072,-165.259243224513,-1.21399158097119
"cv",112.737379649676,0.433556101811964,-20.6493948217977,-2.18195016464695,-947.855788643618,2.51890660138047
"cv",100.560537451379,0.398320368945522,-18.0842069834881,-2.17223292672916,-310.728028398419,0.0736840400357019
"cv",91.1580405267527,0.444979952141296,-20.3609856544062,-2.14703535186215,-634.12255467847,9.60073865950108
"cv",49.8789882647364,-1.06093583590472,0.334912929168317,-6.74652074582588,-303.575829676208,7.07633712866392
"cv",120.253221186536,1.08378967865752,-25.8076700381935,-2.40997198211022,51.3218211348958,-4.64668777278017
