"","","par1","par2","par3","par4","par5"
"cv",84.3316879482045,0.28845135939923,-12.8189393235127,-3.31800957829995,364.113875832567,-8.46643758778773
"cv",49.8017563482232,0.283229155774572,-15.6953003057002,-3.24611423272152,194.619438060782,-3.78623017855813
"cv",27.6191656192768,0.521704710748095,-36.8133837099658,-3.57169391681713,24.3882675871066,-6.09793783075443
"cv",54.7122335806619,0.297332151624674,-24.2513840421131,-3.15233288424388,194.26848083864,-3.48455787344242
"cv",80.245877793153,0.223729011699241,-26.3054019447644,-3.25253162858942,7.58978252523007,2.59870980400592
"cv",75.4326836821617,0.418696072783877,-38.0011991925113,-3.39709557751355,187.307859962659,-0.837417868897319
"cv",32.4361943876467,0.273241093467163,-47.190377450067,-3.09771449853392,195.286588113881,-9.70225981892186
