"","","par1","par2","par3","par4","par5"
"cv",18.2763982996282,-4.59632143321735,-45.3803626691229,-9.99869576835958,-910.991341093935,-0.242808189655164
"cv",66.4386371450219,-8.21791494565635,-49.4593567489226,-9.9999997918912,-692.336690577867,1.93989953999629
"cv",126.658970042729,-2.54989693949047,-48.1596731773607,-9.99999955705591,-133.388467320043,2.46809432064453
"cv",0.029982014387056,-9.80160429656022,-47.0032372988876,-9.99999934876251,-260.144849089682,4.53097818804133
"cv",66.4386564648888,-3.33826246671379,-45.1078829606976,-9.99999941458615,-626.429838824927,4.53568017951307
"cv",66.4386953120491,-3.14615761480529,-45.009679634101,-9.99999865592479,-496.821035153009,8.24430211950686
"cv",76.6156773014876,-7.07803268415658,-46.3968351566758,-9.99999997713735,-375.725867988502,5.60873174380743
