"","","par1","par2","par3","par4","par5"
"cv",180.01767415275,-0.706353583432909,-0.738793726064886,-4.05940779611392,-273.893829271064,4.01034298352897
"cv",106.563571926763,0.604204307331537,-13.5485237358827,-2.21015948655932,10.6663074950377,-3.48478259211066
"cv",96.6735740599164,-1.03039661945359,-0.260862232678386,-5.4653036834435,-839.847664626641,-8.12739087281748
"cv",97.4793667785838,0.514727509204286,-25.3060948336351,-2.2777023659315,20.1086770711436,-5.97778324184613
"cv",100.266542751047,0.476943115626084,-18.6063319950026,-2.21460320365721,12.3395217127707,-2.91130781407669
"cv",101.403790371047,-1.27555925625682,1.58898744610728,-8.31470838029083,-317.551415879279,-5.66226003033353
"cv",110.156430221792,0.594430431954026,-12.6452741030961,-1.97982278593982,18.3559528518801,-3.55645605752352
