"","","par1","par2","par3","par4","par5"
"cv",92.325543245634,0.122404030651453,-1.13899027976464,-3.211241779388,-961.339005974728,7.96456423831563
"cv",74.402907980191,-0.0388600891366677,-1.25928293626836,-3.38142634652684,-21.5978184277629,5.14817570063116
"cv",83.8866062710634,0.0249086994617848,-1.28192087008696,-3.23942484439697,-364.65744916165,2.75321972688143
"cv",89.8033655551328,1.01593737767953,-7.26343070537307,-2.6294851033813,13.5020529655577,-0.324413473715587
"cv",56.3542590360976,-0.00867588899128524,-1.41626883517211,-3.22822000914692,-647.654709820439,-0.631487860838102
"cv",82.4766783347009,-0.164356247689969,-1.25161841272026,-3.3919817548574,-522.787359879736,2.60755438464296
"cv",34.2260221388782,0.0224320211391838,-1.29590714696465,-3.20315314531321,-685.32348798611,9.15575317498283
