"","","par1","par2","par3","par4","par5"
"cv",71.461691116545,0.517820641456572,-7.83767898360685,-2.90278690830336,6.19905689171359,0.917195745217564
"cv",83.0198620616696,0.534246865634119,-5.34958292374936,-2.94253874290145,7.42481977222799,1.239680954035
"cv",115.020354663353,0.450206531511414,-4.16663478192517,-3.0761903020728,-128.596347890692,3.57740084022722
"cv",39.0283812288449,0.705444714258764,-22.1203259607889,-2.90213246946214,7.21297778104374,0.773362978361547
"cv",60.5473207567806,0.436072429298635,-4.53759762405906,-2.83439114773774,-31.7142862190755,0.376441962199559
"cv",63.4399796125086,0.644226324974144,-16.8337661394132,-2.838674334787,8.09207447965264,-9.65900234789392
"cv",112.256058347596,0.462751098903547,-4.96132482851008,-2.86860570374187,4.3623988825522,-6.39813246316803
