"","","par1","par2","par3","par4","par5"
"cv",182.187460898116,0.408547159724309,-39.4950869260356,-3.01305950808876,139.999608189926,-8.54199418473131
"cv",89.1225027544182,0.217151226842977,-4.02139153859985,-2.6478327320693,8.39994667688404,7.33171459604868
"cv",81.4961118455135,0.243020197919737,-8.6015240814682,-2.70381351098137,6.48144840209026,6.70676935216591
"cv",71.771083247192,0.305738291294696,-13.8789530698241,-2.7226141368038,6.19377801022636,8.78820436385881
"cv",68.2343922474142,0.323339434776612,-15.4038776687572,-2.76397272637304,7.66468562567195,7.31805186819036
"cv",60.2907321801767,0.32245550633324,-11.0498000848671,-2.65987623946873,7.84783620245008,7.68772239005345
"cv",53.1539183727047,0.317618056026363,-5.8416065234483,-2.69588920108305,9.37379698098664,2.94439550157002
