"","","par1","par2","par3","par4","par5"
"cv",76.5922311619247,-0.386835123393464,-0.921557259607253,-3.78125106646863,-356.449511162699,-2.93959904978324
"cv",100.809008345476,0.00753569252978504,-1.40487156077147,-2.54415522413851,-624.519479498625,2.63610038819123
"cv",92.8864669938577,-0.545319321639186,-0.408781741376393,-4.23924699208375,-659.996744488717,7.12303217732768
"cv",82.6486574804886,-0.963231609035607,1.0508941838182,-5.23663255659151,-12.7947361124082,0.279516314786163
"cv",103.108956431648,0.426072005033865,-2.43682908302287,-2.30416715431381,-212.968014521159,1.58366472024409
"cv",91.6724456591051,-0.0947910123654235,-1.03516771469562,-2.81705095652676,-745.52045585143,6.85972254472622
"cv",72.6745603460957,-0.386974007332837,-0.795256703508569,-3.73341702538352,-533.796944224684,2.40268698791067
