"","","par1","par2","par3","par4","par5"
"cv",99.4883665023189,-1.16520087059733,2.75458405671867,-7.51128045789895,-770.025264295243,5.85890445385742
"cv",93.6989075857725,0.66160671703638,-1.25917773232941,-2.80442480696771,145.701747020283,-2.80886249015941
"cv",88.4088730047328,-0.822226367104965,-0.702294646158816,-4.31005606845311,-296.376539859921,-0.47955834699307
"cv",102.15691299834,0.732131946103975,-1.14589106211929,-2.74449917617536,487.651941330873,-4.81128198404635
"cv",60.980402972519,-1.0800278044243,-0.0719656870057568,-6.46281335665317,-436.607336534282,7.98075002187518
"cv",112.009557097579,0.977554406087211,-1.60978599075785,-2.88724321999019,815.198474563658,-0.613884523634275
"cv",93.8605620452906,-0.464342804349086,-0.758064580939568,-3.36432171016538,-213.700584586214,4.84496354466925
