"","","par1","par2","par3","par4","par5"
"cv",84.4369033953509,-0.265956017395845,-1.12105657481544,-2.99985178398232,-566.980534705223,5.50143769776523
"cv",111.51442854842,0.804696197113289,-29.1516196886998,-2.29223047655295,6.11787451848262,2.57516206042069
"cv",105.176091191762,0.724318574453331,-22.8052975663447,-2.26142805077615,8.71164920636329,-2.24255871391324
"cv",95.2912868056796,-0.201244411570889,-1.2744366662229,-2.9892871677346,-341.244388301509,0.401368082255575
"cv",119.931808168353,0.596358339546754,-12.8356257257806,-2.29752066665568,8.55525242391274,-2.02659925347172
"cv",71.9941121572928,-0.109940968455739,-1.31863818446505,-2.81908943855374,-81.3646900032083,3.52693586094486
"cv",99.4838610642439,-0.23270421235519,-1.10145676773062,-3.11461864377903,-538.502707846506,4.1118398632313
