"","","par1","par2","par3","par4","par5"
"cv",108.450634842517,-1.28920169829632,0.858304035373356,-8.82042930871164,-104.546218970678,2.81845342146834
"cv",115.509432374654,1.45534623634534,-40.3663130679336,-2.35587460923033,116.014545134087,-5.30337391231747
"cv",106.407938758096,1.38010288780793,-27.3148718724695,-2.27594869209873,111.603824705147,-2.22698360926886
"cv",94.6828048024945,1.43917290861132,-30.104362466119,-2.4834402480738,104.332269500163,-4.63428095543822
"cv",108.780297934142,1.50367740085227,-43.2262618626509,-2.46880510413797,237.734661707449,-1.39886592201554
"cv",101.310475482105,1.45292127498825,-45.7050351902243,-2.3308261780428,94.0469645993701,-7.59479167359042
"cv",108.731291539886,1.26648284484429,-18.7651024680659,-2.37399412040484,113.785917518324,-6.56931822854264
