"","","par1","par2","par3","par4","par5"
"cv",53.8218751651411,0.61003592392719,-30.0763189143136,-3.30060352859859,4.91386134233184,8.81867438112991
"cv",51.4367078819574,0.55577727727307,-5.36377830074052,-3.37325552484308,963.47577429452,-6.05749434653432
"cv",60.5611297156867,0.615389856032006,-26.4816468583312,-3.28327414721277,6.01784742943141,-9.71163159236312
"cv",17.8508916586599,0.576533884661015,-17.8423208650202,-3.36402810077628,9.18355750657338,-7.720746627803
"cv",83.7921236126721,0.42750060064398,-4.11565940194063,-3.38152455532707,6.31585082717015,6.09776007409001
"cv",56.5652831748539,0.602461976222539,-8.0446821003002,-3.36051205695069,6.32203769672514,5.22593481534324
"cv",24.2946478511662,0.653301971763992,-26.083145295277,-3.52351990627091,8.78848414868116,-4.78416403794951
