"","","par1","par2","par3","par4","par5"
"cv",109.524011273646,0.734433849515402,-11.6617808648705,-2.69324128369679,4.76349654782107,-2.12311535142362
"cv",115.21839104219,0.730823984904758,-11.1361237710511,-2.70004285682762,4.57585394806032,-8.07342489848013
"cv",74.8523104544467,0.661719334170942,-27.2993220792179,-2.57228300453555,5.6599095953139,-0.980288126202728
"cv",124.355220980797,0.522278627141399,-3.37982131178885,-2.7625909149329,6.86549517417596,-1.94127975963056
"cv",46.5471490165455,0.835368532223044,-9.68465067386318,-2.5685743027308,10.2485015431885,-2.38213476117928
"cv",83.5930892760897,0.785579645922139,-23.3523293445975,-2.65287176408047,3.57389202021502,-5.70733121431473
"cv",79.0876875347141,0.338740714905262,-1.5247852483052,-2.91381462854968,-474.035403843765,4.91558231812761
