"","","par1","par2","par3","par4","par5"
"cv",132.558974695395,0.260392661484252,-13.2263625169042,-2.82376354414887,4.49594915252451,1.39114530099494
"cv",72.3528839630503,1.31744355642074,-20.4089541079978,-3.34114279314255,637.098090167627,-2.47473119001642
"cv",96.0709122457277,0.167965676307194,-6.67444052711594,-2.67114768052814,-453.3905063583,0.0315278039036464
"cv",100.096862672952,-0.37195032956065,-1.54719852488667,-3.42576402669079,-4.18913178145885,3.40831876942127
"cv",78.5945500141075,0.905180029962588,-34.6758528921606,-2.97520654684561,356.124579987957,-4.69118181842337
"cv",85.6152509906506,-0.340635038270848,-1.62673265568279,-3.07525025561598,-998.277808646804,0.795443906449453
"cv",66.2209645078122,1.3769043113012,-48.985890567631,-3.40692977911716,957.275631837547,-1.83237138318404
