"","","par1","par2","par3","par4","par5"
"cv",90.8504417271888,0.224832115600589,-1.4564995256512,-3.181492115699,-516.092299171139,5.83468030197698
"cv",85.884298225895,0.218670531394972,-31.5025157790517,-2.52294842711965,972.15328277535,-7.37131980360623
"cv",94.0428310423986,0.169259504035256,-32.1572636040075,-2.54173830213423,718.896518648387,-4.94087172388052
"cv",68.4795303274787,0.259338151907942,-28.0943371226286,-2.50030539816743,965.408308246561,-5.94817523480316
"cv",67.6845231441185,0.249263389459389,-27.9576117010484,-2.5223871605165,979.095734003016,-3.58710840271638
"cv",73.6310015194984,0.275130124137239,-28.3232815388571,-2.52898157897535,969.67952665442,-3.91971126732163
"cv",73.130679799492,0.309230796345365,-27.9323956885772,-2.58136273236852,962.130197027817,-6.6283897569
