"","","par1","par2","par3","par4","par5"
"cv",86.5133099272193,-0.805246561627551,-0.367173730798696,-4.24918992716307,-388.256071043168,0.826029195644902
"cv",111.19319427125,1.13465658997714,-30.8420788924918,-2.402815874225,54.9851589696322,-8.25254498398145
"cv",105.574627067275,-1.31992757320404,-0.470657187852012,-8.59893844700068,-65.2467250302434,7.80510651912254
"cv",89.9335231694553,-1.16055953912854,0.154299587085848,-6.81908948797733,-198.266488853947,1.62981068629655
"cv",120.852846093751,1.22482228670371,-41.5778632860207,-2.53779637464891,519.333232194185,-8.14703195355833
"cv",130.905910878407,-0.744705921253265,0.607989108121111,-4.90989542388434,12.7032161811031,-7.82643480226398
"cv",63.7919705881622,-1.16828768295151,-0.523667824339929,-6.7662694755773,-42.4806528787274,9.89829030200943
