"","","par1","par2","par3","par4","par5"
"cv",136.170163810997,0.104625765497733,-36.1417122053784,-2.66285069289216,197.848036079594,-7.2401205003425
"cv",99.9595100882437,0.556030674651238,-37.2223453575156,-2.84350409666498,10.3967872308412,0.748822749625643
"cv",81.1509624463147,0.536075529154012,-9.95276532839356,-2.69065715852859,8.77687642986147,2.70061779544558
"cv",62.0762738183029,0.495880105487949,-3.3283095939881,-2.70907969564022,-304.774285262853,8.25952572236487
"cv",28.1709762735785,0.722389832134455,-4.51375259058022,-2.60525048540229,11.6242648900297,0.219405703439566
"cv",94.7316083801637,0.532317839658059,-3.53022455054679,-2.68107184024036,16.5334035612172,-0.648450966710367
"cv",68.0484365977081,0.735178452184902,-5.0534605766261,-2.67908252464615,7.68884296250434,0.725255681751728
