"","","par1","par2","par3","par4","par5","par6"
"cv",86.0951407622541,0.750609137622064,-11.2545192295486,-3.03956775659846,91.9797563842694,36.6912883835049,-4.61016956548451
"cv",106.524325941542,0.894360907597155,-27.0877063878349,-3.26937921277799,196.499292572178,15.0202941551803,-2.67007534379246
"cv",56.5349658980432,0.817220649101081,-8.11464658289705,-3.05928386827386,180.357279591251,15.2881154353406,-2.36243636459702
"cv",80.2032340828448,0.769998323193827,-20.7302590318347,-2.87642568366056,187.708024960492,8.90917556740783,-1.72258032448949
"cv",114.502700824307,0.6485738255991,-24.224383924951,-3.01121910595644,168.955121697393,1.27708891873178,8.9787777652964
"cv",96.1729900901805,0.684631563396481,-9.19510955394993,-2.86598768304176,92.9119851822226,30.1353313258644,-8.04259593834557
"cv",75.1429908499258,0.687592391685449,-26.5376908975039,-2.93371482530792,98.5355658764995,24.0517554854618,-9.5628565241102
