"","","par1","par2","par3","par4","par5","par6"
"cv",56.5421864941233,-0.851172067146156,-0.490815232395881,-4.99236701962993,-587.238196050388,-113.62930272688,3.26395181399873
"cv",84.5360904902222,-1.12789051407814,1.12504970062405,-6.26579684523721,-566.601781533566,-797.137957163281,-9.68135440362781
"cv",43.2673286513273,-0.827944552917057,0.113318847882889,-5.19953020861912,-678.769152825752,-534.221380780034,8.67397553990929
"cv",87.4071470525912,-0.869228869777321,0.675313773832556,-5.60572754729893,-371.502128100175,-500.420785134337,7.2821649316664
"cv",105.437846313388,-0.844591552771827,0.860359402669967,-5.44324457116813,-914.156989687644,-277.143484487803,-2.24810285881944
"cv",62.5298434066679,-1.18147436029878,3.54022199213505,-7.88559476004446,-221.996175780196,-318.126161151056,0.815037499108414
"cv",72.9845588465744,-0.810710044089465,-0.405273567284753,-5.02663553226739,-616.371490992606,-632.583257295739,9.52225991377665
