"","","par1","par2","par3","par4","par5","par6"
"cv",74.4729296321811,2.34370053152665,-42.281533627678,-5.99840055232089,899.305626717516,-20.7428365153777,-4.23321149074303
"cv",96.0904191873389,-1.32443686836573,-0.125465145334607,-8.97240186575145,-784.560488064785,-256.799619521757,-4.54652133397758
"cv",76.1139772572946,1.87866233227985,-14.9282182345867,-4.98814904256613,445.814254986067,-2.31254748832482,8.32705001766969
"cv",102.72569939252,0.850059864521257,-10.582051293267,-3.55689268268453,713.81742592289,-32.2948666526341,-0.737984694165419
"cv",90.5978046656389,1.88854999684932,-20.9964816901464,-5.49496517224259,425.234647334492,9.62234978967578,-0.113828258792831
"cv",83.5687392908283,2.23022010983011,-15.6660321738761,-5.93571679384168,516.742145453248,-11.1016548150791,0.341518051756556
"cv",80.1327914276056,2.89534392864489,-15.9084058317971,-7.2887233212229,370.411933644149,-2.61511376938101,1.54083352967675
