"","","par1","par2","par3","par4","par5","par6"
"cv",72.7773350433894,-0.0560927096219668,-1.3294297169972,-3.43456389682261,-526.973062842185,33.6056382721084,-0.59029338577832
"cv",100.855016079886,0.497241028724476,-2.64085244801737,-3.09414564411372,505.767509201889,-863.094572121251,0.297550970387809
"cv",52.5094526269115,0.545906741257532,-15.6722549674114,-2.94881150511842,44.5977534472675,-5.57482328678498,-2.26117064011609
"cv",81.3986428642537,0.669297551880178,-16.1329478252548,-3.16148935662205,58.7476582618598,29.3213163473538,-4.94374473579228
"cv",77.3753410730649,0.582399436758392,-25.2051648487757,-2.97330156180916,69.8635014837083,29.1165482023895,-6.88323443976993
"cv",65.9645458961532,0.64399050078021,-7.21710902202485,-3.08290745926691,74.8274414176215,30.4028315012811,-6.45459652878344
"cv",57.2964482976441,0.00909062767361716,-1.51232496581447,-3.36073581076118,-834.019646523581,2.44616120390458,-0.9615736179224
