"","","par1","par2","par3","par4","par5","par6"
"cv",65.0838355905015,0.0627819280694956,-1.43006049264161,-3.559167827587,-428.905184190309,64.220878874738,-8.55352647998919
"cv",86.1097463872944,0.712088734239433,-9.32763472668944,-3.03948464538884,45.1567871910498,9.37161008892832,0.969167809267219
"cv",72.3518441758889,0.696271283699469,-8.27851405726928,-3.20112971649407,192.40831134738,7.9334414545103,-5.81236908176877
"cv",86.3419337838194,0.123610402947995,-1.54295092528011,-3.44893328215161,-287.795174551083,49.0068877427201,-4.4263354456701
"cv",74.7135493889031,0.0957468622195916,-1.38765796020072,-3.51753612080804,-660.875309118705,81.184387475249,-5.772490947552
"cv",90.6609137433687,-0.0840705464333396,-1.2405754449164,-3.53049866003134,-611.347558157874,-689.173324220028,0.320890141850506
"cv",80.3926638665483,0.898235606372987,-18.2531566824764,-3.49463537033155,278.12254475948,-3.51459630357691,0.51866617648554
