"","","par1","par2","par3","par4","par5","par6"
"cv",94.0262172485875,-0.597736364717239,0.124083297500079,-4.0951019600599,-698.27547838054,-565.706132563059,6.75702786799956
"cv",88.9047095380589,-1.00363942288028,1.28843629571808,-5.56583513304313,-778.904173306165,-362.040464766324,1.77888674661517
"cv",104.178548828621,0.710877238090989,-21.456289000986,-3.25507801564893,815.896046203453,-24.1159553514312,4.56503337714821
"cv",103.619701633294,-0.47406246934632,-0.587657881912295,-3.62099812074613,-471.242562867701,-938.692392616088,4.1157634214641
"cv",89.0720446327207,0.82231365545943,-28.4343057126178,-3.02751852915969,289.441539471668,-2.94927225955477,2.72713692035989
"cv",89.0331923840325,0.807933467509531,-14.9948905906727,-3.02452384378616,878.677091366686,-25.3979741064765,7.60555036773595
"cv",85.7315184895147,0.922559748575967,-13.1203965630161,-3.04371266204501,715.175342210159,-20.1500927104973,4.80950467967714
