"","","par1","par2","par3","par4","par5","par6"
"cv",79.7574466815145,-0.574642602691792,-0.379857630468905,-4.37355714911542,-98.4158241843128,-423.029525216261,2.81453726687027
"cv",63.5230465030998,-0.78322583711708,0.892929773074012,-4.93462165288576,-250.469711882413,-246.611003531067,5.45085594917164
"cv",79.9161176804895,-1.10494589970154,1.54953575693071,-6.98593710523352,-753.583685323439,-824.317993796592,4.65435404796153
"cv",104.279890532764,1.43933020170713,-14.8715348309958,-4.30854071361089,418.202796113862,-6.7109747763999,-8.21046047504406
"cv",56.3661353528805,-1.20739324258818,2.44765053950249,-8.21650953032076,-1.64512736192978,-769.747810903937,-3.38006566474165
"cv",90.2073135155106,-1.1884600640864,2.71199104142338,-7.87279006652915,122.848129831254,-434.144451378361,1.40362230976857
"cv",69.2473038325143,1.40964076719595,-20.1609372583253,-4.10075302060291,233.75923756962,15.8506304096065,-5.18333413571214
