"","","par1","par2","par3","par4","par5","par6"
"cv",48.0602149305481,0.369107157534203,-1.96737206114975,-3.78558514382854,-815.760716636867,-238.165755271484,5.25627550203353
"cv",49.6407932506746,0.622693588273531,-36.7828965628296,-3.6030096015296,70.9685984135969,-57.5712825874936,4.12254004569219
"cv",27.9358669170958,0.590321986158368,-5.92490794696421,-3.45513640058419,71.5437255386735,-57.0425014899884,5.21379433384079
"cv",19.3442913272346,0.481338234228639,-2.89246000347222,-3.59598548507623,74.4315186549069,-62.1882626849255,3.32637597985118
"cv",35.894960496803,0.60481204541604,-4.70971340179959,-3.61073806394522,52.2566857332662,-39.7976554529952,7.43181094731002
"cv",30.5224189768404,0.542892481134908,-4.33970504818624,-3.50825132413723,70.6961593688349,-55.3716653937743,9.68313578541765
"cv",26.2887075256225,0.304194103086634,-4.16089101545064,-3.27649673472977,56.886417519989,175.023030410873,-8.01595616188609
