"","","par1","par2","par3","par4","par5","par6"
"cv",92.9464467673789,0.82851810922781,-4.8325427485763,-3.77049227290733,84.7156699986408,62.886218713674,-5.07443693172537
"cv",70.7765622183715,0.849648963364318,-23.8020097294471,-3.72754076724101,67.849941951924,72.9824192283911,-6.55597562194887
"cv",73.7938648976498,0.907372111624477,-21.5926892353658,-3.87564014481002,68.8206958862063,83.2978455301128,-8.6311727535812
"cv",43.6489595663538,0.993618601126824,-18.1474144559105,-4.14901829275547,71.4605129243287,63.2904701774351,-3.29540447103641
"cv",40.8926512825742,1.24030542625884,-18.9566531248135,-4.43925525072693,75.5287736507107,66.489208675921,-3.95521552964824
"cv",35.3440804976283,1.12737840171457,-8.69506343521428,-4.1348037507953,55.6152599740838,153.565055785162,-4.49295011860479
"cv",86.9891728117386,1.21985412609449,-44.7585102802828,-4.43645399087813,50.6910621253196,121.660775475471,-8.90059639459786
