"","","par1","par2","par3","par4","par5","par6"
"cv",86.5364393492252,0.861299551581304,-13.8597159225175,-3.67450342888184,233.674741820068,0.887979084995024,-0.125396294027712
"cv",109.208741098769,0.938242032574038,-23.4922917287325,-3.96245600309023,278.145254794188,-1.53886522367598,0.995568109607879
"cv",78.1935233747537,0.753418203354736,-9.41534331135694,-3.47414767756358,883.043709039042,-29.9612848578387,-1.63699968797882
"cv",65.9476021999196,0.966087618228332,-24.1791125784904,-3.7644870849539,221.884898771472,2.05317690503855,8.90678890049458
"cv",77.7818653807934,1.51785957584551,-45.4851297514497,-4.63912812960167,742.882640722942,-19.9596709571779,-4.67852973027251
"cv",80.5330301084906,1.39708458296679,-14.3471400688431,-4.49522696383863,317.15756316438,-3.75278233361741,-0.185673455771524
"cv",38.4904147341612,1.40148311612485,-6.85732684500431,-4.44026323061224,335.174405547896,-3.13294918796165,-6.17801926728543
