"","","par1","par2","par3","par4","par5","par6"
"cv",68.4261483922411,2.95146908887111,-11.6212252527475,-7.44747898248381,651.04884538888,-16.37706924905,1.62539415116633
"cv",84.478892018159,2.90755027571249,-22.2705569150244,-7.17265878338367,762.682701639957,-20.2385667885042,5.65625136718154
"cv",83.7249206581783,-0.594776875602129,-0.869179191390479,-4.42438778059132,-263.79227290514,-307.613420436172,5.21276996005327
"cv",85.7567072508184,1.41924335413302,-45.1084104591305,-4.34826516298945,716.718402691185,-20.2282706490756,3.6928406075682
"cv",79.0476168415581,1.73323910101081,-13.9553241897374,-4.98875470812436,319.822392091012,-3.55904126623395,2.41094693116599
"cv",78.9934838203203,1.41237011738121,-30.0828070059709,-4.36022087672864,720.983908962494,-13.1236743879721,-8.23686667395003
"cv",75.1923133175952,-1.1853138311769,1.84948872333108,-7.63765666746206,-388.291180266174,-878.425563118547,3.36761174676977
