"","","par1","par2","par3","par4","par5","par6"
"cv",83.4373455252867,0.844635360631698,-2.06343505645281,-3.77766884937078,184.19801084178,15.6929686192174,-6.51311416344429
"cv",92.217482714915,0.923345745133565,-16.5110976084135,-3.14783144393101,165.696653537231,11.5113654030464,-2.73673087535394
"cv",59.307092837412,-1.1020838273019,2.62313086284548,-6.88238826191821,-627.931147348136,-789.047074533965,2.40468065867485
"cv",120.493875758846,-0.476235913230474,0.0576336464785587,-4.38541875341887,-205.830814745766,-256.143027916551,3.73570499337084
"cv",73.2976686297684,0.775823339337472,-26.7106569677224,-3.04404159411018,218.611495623011,-2.26870287953772,-5.14375887811184
"cv",96.5911703598074,-0.570608819024344,-0.21266016077034,-4.43108908103245,-633.451551198959,6.63951122357935,-4.49831089958476
"cv",59.1832803930181,-1.31725925150579,1.57349618902724,-8.94024756303833,-496.456405613571,-699.586736503989,7.69915999921896
