"","","par1","par2","par3","par4","par5","par6"
"cv",71.3722541218728,0.362250761974969,-2.21406081418676,-3.16334572456546,700.436828877723,-718.776686390674,1.51016920360031
"cv",102.084524610879,0.357650125709708,-1.50963304374102,-3.57490449123139,765.860324009429,-694.538845856583,4.11413549573271
"cv",39.3555674842239,0.0491442363905042,-1.3311235901317,-3.70322120569889,782.374513917552,-806.465058437307,2.90360235367008
"cv",72.9788340272794,0.375423114878025,-1.63247516230933,-3.25650453263951,384.432617335736,-316.212755442897,7.08571532434799
"cv",31.6310904977471,0.0537938698861865,-1.57688238723326,-3.44034495349192,-753.346781417203,-519.364015386475,-6.74957959623311
"cv",51.2975645509786,0.50741075946185,-2.00231289707817,-3.19791402018919,-908.487032998227,360.969904293568,-4.85896318180731
"cv",50.521834913618,0.184378514393869,-1.50807060955575,-3.49387935685231,497.249074209812,-401.258666807429,8.85700815156288
