"","","par1","par2","par3","par4","par5","par6"
"cv",147.234269050489,0.703565545773161,-1.82400422328816,-3.4772981296988,-531.134202740207,29.7757730623628,-5.42942913937336
"cv",18.111327145551,0.590217233494493,-2.74655426595002,-3.25255057541077,-18.3697422825038,18.4529281514433,-4.12350257762783
"cv",38.3290375511602,0.599941067182256,-2.68425711708436,-3.02366347107247,-337.085919478994,54.2766094774164,-3.32667902026407
"cv",86.5583218565277,0.640653124399445,-2.67243134543322,-3.2549310867141,-947.18840582169,250.688798856944,-0.585175785291315
"cv",54.6754924375587,0.639930684863702,-3.3579292654149,-3.06393343825293,-26.5276929355211,23.9608194633379,-4.95279598981142
"cv",84.5176179551423,0.512519592850061,-2.31644376291126,-3.35022108841635,-118.764547586957,58.5549367883813,-0.436688790725403
"cv",39.3957270797718,0.602941912927608,-3.18766829783885,-3.1810729215461,-41.6995548111455,33.5675202886842,-0.162540484854775
