"","","par1","par2","par3","par4","par5","par6"
"cv",81.1063546194126,0.944833227733741,-43.1357522727922,-3.14689106441516,221.62017582854,4.16760356698856,4.86088048791095
"cv",90.3575384200726,0.874495370469341,-8.53036435414413,-3.17495146922116,893.130125121901,-63.2301566101479,-7.01192561178242
"cv",68.1477731718308,0.703059295148027,-3.30191951731648,-3.27068511976813,959.163651530844,-65.7429484702239,-4.61124949607531
"cv",79.2820541736051,-0.594749895297066,-0.533406911211069,-4.24410925518936,-281.572895286079,-14.7495849114802,4.49495072452899
"cv",115.080565385508,0.774120444577483,-2.41649233217956,-3.61302278265623,381.610334859016,-15.4424253870719,-5.22798018221927
"cv",79.1458637051852,1.16279255253572,-26.0836721738328,-3.49977141192781,200.469587368522,8.53184303289517,1.87125265283781
"cv",70.3209299299973,0.830191924816413,-37.075635310081,-3.14458668656918,901.293927440675,-59.7455075106918,-8.86023215588496
