"","","par1","par2","par3","par4","par5","par6"
"cv",80.260079839527,0.320304126412034,-5.59854302242835,-2.59897786147139,-34.3548781503863,256.747615681745,-0.0763146004707811
"cv",49.1474616302679,0.309176735309033,-2.18112008219377,-2.6538867178451,279.417660142539,-239.566177820927,-9.55321357119828
"cv",135.568044425699,0.328565509950841,-3.82658719864129,-2.67103931470232,-9.192704912935,262.861383284614,-4.67755548810595
"cv",91.3902788394166,0.486477758822385,-15.593987591624,-2.73521500301696,140.21612879294,14.5900622157134,-1.5114658298805
"cv",108.017571810677,0.262797453456486,-1.92736771444069,-2.96476057929744,229.917771811173,-184.200078891096,-6.41702262181365
"cv",72.7424017246403,0.541756127395032,-15.9798924440386,-2.68284644376095,101.891171852125,2.32196564316473,2.18365047153451
"cv",71.3316686714351,0.163902672155434,-1.64678742167974,-2.97579077158892,296.783853301467,-241.604536238979,-5.57082078968644
