"","","par1","par2","par3","par4","par5","par6"
"cv",101.728579296419,0.278966409721366,-7.70048498214063,-2.74695256738864,179.335722300383,36.91241517663,-6.50364165786736
"cv",53.9299744764924,0.411596443772653,-9.43850338475832,-2.77718006011751,203.055136121809,37.1332263472604,-3.68704149682777
"cv",94.0590196831397,0.265759317235401,-3.44747205734459,-2.886286139257,115.685157978703,30.7645850421053,-0.037274370433348
"cv",91.1467355564795,0.271832239243269,-33.1431741253839,-2.77513380171074,214.765426577246,25.3506403602455,-0.359964986887933
"cv",28.9575312045855,0.372718033994485,-3.61431763652264,-2.81988630897025,211.434022430423,18.8297268696501,-5.27647096896807
"cv",115.096219318568,0.181664945925651,-2.61012817205173,-2.91107875145459,96.8450034799022,42.9644410797714,-2.82602263118663
"cv",89.3515077324138,0.257856625974759,-40.400179815876,-2.63041639708771,48.7335129502875,42.2807831067369,-0.434929465368746
