"","","par1","par2","par3","par4","par5","par6"
"cv",69.0389069794247,-0.795768034974053,-0.426802077438473,-4.80020353017566,-123.650572262704,-221.970055956189,1.88985722953342
"cv",108.867245036829,0.881549912258272,-14.542143789737,-3.51126817023033,268.737948714964,-0.301465950018397,-7.39180788085056
"cv",63.9937159364987,-1.35785110219777,0.341129186563194,-9.76672792881668,-339.4404163508,-923.807931693687,5.75442703677359
"cv",76.9761330119745,-1.31147027023522,1.60198093036267,-9.15791162611688,-0.279786724875805,6.60012918802994,-4.13068662298863
"cv",106.566723747745,-1.2504035798032,2.5600383894767,-8.43007775974859,-974.221206270158,-364.971156707446,8.53983261156827
"cv",82.2426061632995,0.948728906731641,-13.1541653624685,-3.80995026866957,606.834903900404,4.32184478323927,-2.43115218821913
"cv",78.6624463643399,-1.35498546958251,1.65458485675988,-9.68599743507655,-2.70651248125854,-489.209586120273,8.01822050934884
