"","","par1","par2","par3","par4","par5","par6"
"cv",82.7037312733718,0.784882966064327,-8.49494354271495,-2.78851249413551,580.214331024769,-19.9474281054828,1.47747491218372
"cv",100.188606399742,0.644077637770571,-29.0979683778623,-2.73875951565865,999.308275180772,-72.3712288914986,9.68638254771998
"cv",98.4562154719853,0.751124413496501,-28.6874222646847,-2.60607686799832,149.496293161064,-12.933503789099,-2.38447965588421
"cv",111.134454911253,0.713359172698883,-22.0348766474274,-2.54529602921843,996.219854483447,-124.442067766073,1.31178198765299
"cv",105.77323441261,0.726585708955531,-42.052552479163,-2.65002610079242,209.985175890185,-32.1495092382661,-0.132193001095141
"cv",96.3117479536295,0.78269327244772,-16.7603094604039,-2.47104921144197,937.218613599318,-129.145530391905,6.42684356775135
"cv",99.0177534621907,0.744434988471981,-38.8650360244649,-2.5611497152492,153.809958816228,-15.5794221155432,-4.23497731007919
