"","","par1","par2","par3","par4","par5","par6"
"cv",105.874845989051,0.579757693270559,-26.1517619608547,-2.97628229721389,306.345483877281,-147.954387176275,5.16766346533305
"cv",82.552245817675,0.571574655121706,-37.6048171709447,-3.00981771332434,51.2224901653273,-22.0236765518772,-6.75767886779647
"cv",45.1389929117607,0.583552869863096,-11.4152550753441,-2.91627586224613,221.447791439432,-39.0201066531718,3.65633963793949
"cv",63.7858202993974,0.565268748489788,-39.6080746381486,-2.96227497651898,255.679857697205,-44.7422308539407,6.75561553078737
"cv",55.2888045708398,0.542616190276155,-32.0932566455151,-2.95200064513214,539.986704141788,-140.975394185366,5.94843995613967
"cv",87.9770776178142,0.510540071535957,-42.7396054119451,-2.95389554917527,50.9472005397982,-40.6422212503392,-1.71773527768344
"cv",86.1161531695819,0.683510014330815,-17.4320821614254,-2.99879454749113,114.352541786118,-16.6077015317605,4.59876411703191
