"","","par1","par2","par3","par4","par5","par6"
"cv",40.0149610286885,0.676063432043192,-18.8192166568289,-3.27331238688412,206.293403189796,19.6485238653903,-7.39809678326986
"cv",77.1973113792633,0.492470948898225,-11.7386047050023,-3.19421780727056,216.512580695818,11.9412949892967,-8.4321142504527
"cv",23.6323985462364,0.625716903394609,-20.0610603667783,-3.21285347535516,234.640010907408,6.53366726523694,-1.97099727578461
"cv",98.3686460571388,0.530535683437376,-31.0746637068271,-3.25686956569358,219.131006994029,18.358955265313,-7.95998560478518
"cv",58.8383437319389,0.680504483180019,-5.1334138516269,-3.5880892134721,85.0604901267868,9.47912448762058,1.46179924411264
"cv",44.3099399503451,0.709187889072776,-20.1959589409391,-3.4260830725395,220.669909761856,23.8255857667796,-1.38878647703677
"cv",104.690544770454,0.65839311293837,-26.8731395313682,-3.49998013139759,220.555831310943,11.2934186987979,-7.6266277256652
