"","","par1","par2","par3","par4","par5","par6"
"cv",96.8565813029506,3.66674922482669,-47.2293924185203,-8.97476598899812,899.550158530474,-23.1331861577928,3.89899990521371
"cv",84.6625466715579,0.723701736621005,-42.7744581398677,-3.36314634539402,215.475211921168,11.8309437719136,-5.3044955059886
"cv",93.2605226481812,0.715892622980937,-43.4916336890599,-3.47325576914253,762.589094532012,-22.1903526087348,2.66272196532054
"cv",88.92005052147,0.924711792276489,-19.5913941666664,-3.47565012319737,221.923510043791,1.26360411650886,9.82585642952472
"cv",67.4354699701873,0.743812346220866,-42.5706512910187,-3.60563860290925,246.803529273399,-1.80501424605243,-5.90809971435102
"cv",113.582504459355,0.908047932786458,-7.54698800685051,-3.6586667153433,214.242471813817,11.7851925010961,-2.5345709774607
"cv",44.1915657498808,0.949355865597515,-16.8897383631056,-3.44686915977336,276.426754205892,6.49835462129624,-1.93381957797598
