"","","par1","par2","par3","par4","par5","par6"
"cv",83.1709772294411,0.344497973415824,-31.519025241022,-3.14423978003586,876.806984359106,-492.854440016994,0.373454515121479
"cv",56.1566541417193,0.165681351846962,-2.37705201713768,-3.20962310599541,206.359766978712,-314.659940382832,0.10682592175114
"cv",47.4223534154065,0.203023326381871,-15.269157977127,-2.9628051116011,529.046437703073,-245.219693305769,0.337882412183609
"cv",50.5473358978425,0.301808217428226,-4.42357287586121,-3.0310189170147,398.97405782342,-195.408503013076,0.286842212724614
"cv",83.5054598181953,0.249295639182711,-2.37741977470937,-3.29274441291552,293.581657378827,-691.696570432813,0.199354690716464
"cv",40.1778921699742,0.1473338160599,-2.27986430509008,-3.17626824517694,103.681578716127,-423.443666369198,-0.442858934402466
"cv",49.3992227507612,0.290031450746827,-23.6225694872383,-3.04065669910408,882.575228861558,-465.032503006813,0.282880253134599
