"","","par1","par2","par3","par4","par5","par6"
"cv",50.1749475023527,0.203939674173808,-32.6520272297785,-2.9538028707129,99.5578740684429,43.9294197335548,0.229855463840067
"cv",98.2793265596885,0.526684646136664,-39.9381866138846,-3.68025335431675,79.2916272567922,43.2559210416806,-0.924582296812363
"cv",25.4270260218066,0.431730195377994,-21.8047286998104,-3.33495826945777,90.530400929012,37.1826031462712,-0.851166075473156
"cv",22.886455892098,0.397918862231564,-27.1425402259583,-3.18863024370578,83.6612489241447,32.7608710320401,-0.708729133688228
"cv",91.0633891039299,0.390183836897763,-14.6733420074008,-3.5083602613393,194.352481592047,68.5783773521831,-6.01991043352308
"cv",26.9142093921624,0.300800656916473,-14.8799502220616,-3.20988322158275,81.9472436663359,28.7975880755506,-0.921464988786845
"cv",27.9716164680343,0.335415781511158,-8.98063396798135,-3.24725466457006,113.454723153995,76.9844462909034,-0.934988361932882
