"","","par1","par2","par3","par4","par5","par6"
"cv",85.8234625815894,0.647232076360812,-25.3783070397157,-3.0527155632616,221.357860329815,-2.20764987170696,0.0465106256377617
"cv",78.9168144655672,0.704193367406505,-33.0891570864543,-3.03142954062294,232.138231474471,-6.67010537845086,-3.03087697379066
"cv",88.1611357493199,0.722832709464584,-38.2438065668396,-3.03362166299866,211.886376156567,-4.43521221329262,-2.32439326977637
"cv",81.5498083391818,0.643876504721961,-8.54894008953124,-2.90908507605704,282.064736930973,-22.3150442010341,0.0327839923356925
"cv",82.954728545331,0.750862513042815,-38.0031188298746,-3.04693648856178,225.20979344958,-5.11725840528039,0.151652310514913
"cv",87.2549776805956,0.689985107951311,-45.9319897008631,-3.10641747642722,220.016634074979,-0.457133540824541,-1.45722052717006
"cv",82.59316844713,0.77304839408444,-13.852252535254,-3.14770122671612,246.645330217076,-1.8474663023216,-1.21468569527884
