"","","par1","par2","par3","par4","par5","par6"
"cv",132.786067583014,0.389392392517289,-16.973613667907,-3.50380122863743,106.415698533819,-91.1658131036394,-1.67799311396421
"cv",63.980822483904,0.325280737837206,-12.1679210505541,-3.28817773107475,92.6996086152582,16.8206885220271,-2.35149093613437
"cv",49.9608258062003,0.67956398485467,-29.2998023637297,-4.15090256325012,232.562182977707,26.9028147550173,-0.958027283961891
"cv",46.4044642700929,0.489214819339193,-17.9239115688847,-3.67413264108956,167.357295208896,12.8359143776638,-7.90449543686672
"cv",28.408337835705,0.326571353540161,-12.3795333031275,-3.40340406245707,98.1631012893335,20.0641686717372,-8.96010248813019
"cv",74.9467825126396,1.55885620826307,-15.9805881024674,-5.73926001314632,39.4945374661524,70.7056989971304,-1.1977495579049
"cv",20.097438403294,0.372367185216816,-7.68827735958238,-3.4315689775863,94.9265548665718,19.8177799965363,-9.7821431723189
