"","","par1","par2","par3","par4","par5","par6"
"cv",93.5704316852036,2.90239168642926,-34.5522322134131,-7.57545781855985,337.040270216594,1.40173110040452,6.617680946365
"cv",76.0064809831306,3.38092880101367,-49.461928056553,-8.60482584584548,785.210663613909,-20.7366098691855,8.78503527335873
"cv",64.2383912018033,3.35834346926272,-26.0092302726968,-8.51079880411628,222.487401111126,6.86192783140538,-3.49520010166583
"cv",68.9245327619477,2.62215821908585,-17.8008462178714,-7.01705589065814,335.457675994308,-2.35222074150064,3.53354918609921
"cv",75.8458548325012,2.85999724872598,-19.4706777814167,-7.54376037648356,857.527366770112,-22.531360673483,3.05016108712083
"cv",92.509529471325,2.67756498995636,-45.0185516195665,-7.38300767046565,674.94207704316,-15.4178491664685,1.86215468911562
"cv",67.3680825596726,2.28179077604149,-11.1719080597609,-6.30971460250241,528.604507262118,-11.2894109850945,0.824391357912539
