"","","par1","par2","par3","par4","par5","par6"
"cv",95.4841188725451,0.490295094518506,-3.61057571135461,-2.89321498006253,139.157048651437,-279.058216463143,-4.74882831331342
"cv",72.707200874491,0.503429020973473,-5.07470207655656,-2.78988632627408,67.0461801775364,-3.41671440294296,-1.62400427676954
"cv",110.98869418898,0.709148820871708,-23.8689245744596,-3.03826234203526,-6.93130740639333,153.379934305,-6.61773642911025
"cv",73.3135955769433,0.486182741843939,-28.0715141618924,-2.8686432927829,896.299861215653,-99.8372278687968,6.87534713748812
"cv",92.4550346469818,0.508233453449912,-7.46917094749514,-3.015866719459,67.4875330223183,2.00968347283705,2.30819817891501
"cv",65.7170892461418,0.607030837232385,-16.6522452864524,-2.9253915066326,46.6380539965333,3.67960268747003,6.79832412101095
"cv",85.4231076682346,0.509287893108445,-16.0149124839735,-2.85089749364375,101.454603253148,-23.6077044716824,0.345768685828168
