"","","par1","par2","par3","par4","par5","par6"
"cv",117.072820976099,1.03951295665864,-19.1962798838155,-4.67453335288221,552.780033547418,0.631337163341851,-3.50952774317642
"cv",111.229087198929,1.02941777592888,-36.056255121601,-4.22744551594228,303.175996989012,5.86739401422572,-4.3328828443225
"cv",101.700163694618,1.88570449884101,-17.0517628231436,-6.19976837927953,453.005790094701,9.87000288539118,-4.62103458102463
"cv",107.075465316754,1.15346929952357,-14.9939331956424,-4.4666809668442,405.231192006919,2.80651819208795,-3.60996109712869
"cv",82.3723599335648,1.38490108084953,-39.7532661877328,-4.76263512157831,711.512508348317,-16.9165852166641,2.16250774689961
"cv",41.9612610539091,1.91199126464502,-35.4289897570992,-5.73795215501466,771.336273681077,10.4573211565099,-3.22663801722229
"cv",51.3327943612067,2.44929727850208,-22.9891032514761,-6.82370023608092,314.50703337851,8.00970895280622,-7.59612045734143
