"","","par1","par2","par3","par4","par5","par6"
"cv",93.0560595107908,0.75460439829925,-14.4227738490482,-3.12657440543432,221.615441618518,-1.532104505387,-5.73296580463648
"cv",97.8364753121198,0.797105471139814,-37.329218618875,-3.26272625156899,222.243188483648,6.41594038545239,-3.26995940135055
"cv",88.4702670494822,0.918483383532416,-18.2314785419064,-3.50452485085105,196.04841715942,13.1065806320739,-2.85229585450182
"cv",82.8209707972308,0.866772420241596,-8.09047422674802,-3.41520799584842,175.513192547128,13.8376014180178,-3.59312738850035
"cv",90.8379116915327,0.766822980009952,-17.1959565149702,-3.29189501294365,219.306700397283,-1.31844886996898,-6.13823702200672
"cv",74.0099127088013,0.606932377599215,-18.8549268936297,-2.90836695438606,930.776955084384,-105.501452947165,0.586395056146662
"cv",90.3930065954629,1.51519948191331,-30.913595848251,-4.63126870841223,190.810298869857,21.2529744180432,-4.88486680804016
