"","","par1","par2","par3","par4","par5","par6"
"cv",93.1226880408864,1.22714346982397,-13.8968176545444,-3.9076367063004,731.655718826876,-20.0537852330253,-4.3867353880847
"cv",101.822361513705,0.917736467177871,-19.7736066077471,-3.37574899585428,607.235767256116,-16.5809395806117,-8.91085663788095
"cv",86.617868850793,0.89868119685064,-23.17575540421,-3.31815182514607,658.150064758956,-18.9585985218048,-3.11672369327132
"cv",91.375058189167,1.11254416250836,-20.6875092477651,-3.76635267215653,663.842184605776,-17.091427155643,-6.83468671246148
"cv",90.6975948464505,1.05407657943218,-7.53908377488817,-3.59181744092112,366.507061757147,-5.13329566761848,-5.55313420068076
"cv",100.192841754799,0.613724071596813,-32.4899537671076,-3.14899517699192,305.509379599243,-7.32108216923865,-4.11314599909851
"cv",79.1592965381386,0.975778063442965,-48.7674520081914,-3.5446520176579,399.242188315839,-7.73715436798764,-4.9175878872058
