"","","par1","par2","par3","par4","par5","par6"
"cv",75.1544496240238,-1.04649516265022,1.46644768060463,-6.51474358878711,-276.677133827527,-403.015043195002,-2.72907624051835
"cv",85.5981322365628,-1.19918638567173,1.20262773707509,-7.35417777374695,-184.916342101162,-239.797648078498,1.50504468962983
"cv",76.9308950155084,0.761990242964154,-34.2682140035293,-3.21264215932971,810.965452669637,-24.8334050584208,2.15108341593789
"cv",65.3115122975723,-1.18160437959935,1.5877628472063,-7.51094674348367,-703.855743854798,-14.1182483815043,6.52572002261877
"cv",76.2213265803898,-0.927171430641038,0.308442315272984,-5.47137750790871,-136.047314073049,-277.851596727691,7.45568230002758
"cv",101.400917324444,-1.1215648132093,1.27087700267365,-7.11992714507603,-753.802884097415,-666.30072366928,8.58616334494086
"cv",96.0956540676566,-1.34751603938639,0.30104807112366,-9.60026287939399,-479.964715644243,-255.370996938219,2.2527490259715
