"","","par1","par2","par3","par4","par5","par6"
"cv",73.5059801241494,0.737546747961702,-28.8384290421377,-2.86855266639851,264.163218983721,-22.5853666969423,-8.77080746114637
"cv",103.84511092651,0.690891973508534,-5.58251885569802,-2.84691501164296,695.779953369373,-231.811412074784,-7.3607656099818
"cv",96.1043035173041,0.703355452857239,-3.06003250244517,-2.91973777394804,598.342883277668,-181.210715439807,-9.59317470002493
"cv",91.7981905368864,0.710846555214381,-16.4779781165001,-2.84264726611378,225.050610364016,-9.78385640871861,-2.47634472121086
"cv",112.216389181088,0.416236151631876,-1.86505192537855,-3.07170551075839,643.008618263758,-227.299246216922,-6.98586748859243
"cv",75.5599562832061,0.714966347446261,-7.15977630908434,-2.69899224778128,643.060427919271,-215.881618636025,-2.31391757685164
"cv",81.4909481948707,0.735304016028408,-5.2456489432646,-2.77614115835394,245.407126400393,-22.1824553857311,-0.945368431406621
