"","","par1","par2","par3","par4","par5","par6"
"cv",53.2115146749885,0.0923989318254784,-16.1036779881679,-2.86340299669705,203.164596168984,12.4607240964404,-3.32783967014819
"cv",82.1752069226706,0.297365288725139,-6.34373708647596,-3.18272366897516,141.824745397548,-13.3382647442921,-5.52587730810046
"cv",32.5965498477947,0.158660357380226,-6.09961642201538,-2.89970877161259,34.2356360915554,6.54417664751622,5.20947785405866
"cv",14.3118837728009,0.16336510848874,-18.758237853455,-2.93422153236263,68.5280041170247,5.84186939522624,2.50245649367571
"cv",64.9474799457551,0.118741232307307,-10.37256794516,-2.94443153183303,104.991399986363,66.3718790425636,-1.31042268534521
"cv",118.002688136088,0.020402343270176,-38.5503404542449,-2.79083497815368,70.8467072575446,160.790536077048,-0.208156999931179
"cv",6.55645376837044,0.173219207282333,-28.3996818756461,-2.88029159371963,106.501063694071,75.4615192405968,-7.32285994808499
