"","","par1","par2","par3","par4","par5","par6"
"cv",83.1751029198478,-0.768416471280799,0.122609769974423,-4.7052249729963,-334.818479046226,-303.132978931725,4.38234068711054
"cv",118.31616147551,-1.26464872630494,1.7600653472935,-8.45889978562757,-291.109843179584,-642.96462208169,2.68427677353022
"cv",75.7471349531137,0.882718989143343,-44.2102212414531,-3.10776082215621,171.557574532926,6.20433299067056,0.512271060328822
"cv",82.0437919820878,0.842951788334059,-23.3874664097982,-3.03925710431212,68.4846437590588,6.36747837686252,2.8642324599317
"cv",89.0875041322375,-0.48511139947029,-0.730960476176817,-3.92152943638548,-602.598272674921,-82.2948000300569,9.56391729476296
"cv",99.1335280348371,-1.33117081586908,2.81919368622497,-9.17255514770308,-945.541976178117,-427.175522812996,4.37838369512853
"cv",75.3090914077805,0.969004205839509,-21.5210434859311,-3.31318268729399,197.524547754649,9.79785851276439,-2.20031811999567
