"","","par1","par2","par3","par4","par5","par6"
"cv",102.907947268781,0.830391315261554,-36.8098746987255,-3.06592215989441,731.955281087341,-49.6648106052896,0.469418747189338
"cv",114.889955997522,-0.936951891341541,2.00160873978761,-5.64203653420095,-793.289590446707,-137.237325233779,1.33272597100586
"cv",92.727108717902,-0.693928241049919,-0.341953338175546,-4.24324607462297,-271.180456695789,-232.565444328432,1.70906313695014
"cv",99.1126607173311,0.764629791651005,-39.8493197098207,-3.0096394506877,873.544773560986,-68.9435087978193,0.485646053917076
"cv",84.7844983337764,0.811879323213499,-17.6132959047548,-3.14419407412967,455.767757548444,-20.5584040997946,0.522217150592055
"cv",90.6010918256556,0.900102954597427,-13.5557239331628,-3.14754808885444,704.413837079611,-32.6623923641096,-6.04690640164442
"cv",82.991467456953,-0.823487146960449,-0.592732442144571,-4.66707375666687,-566.073535053526,-159.339303817047,-9.46361060938991
