"","","par1","par2","par3","par4","par5","par6"
"cv",71.2957658655089,0.581230983384068,-48.2593055348843,-3.42525764312619,199.048105710809,-40.0326698262425,-0.214319194866593
"cv",24.8259458090894,0.583199839760855,-29.8991460225323,-3.42756284031911,208.930534064528,-37.3967145370144,-1.3264423298304
"cv",87.3079790616814,0.697174995467106,-12.0630433782935,-3.687953723464,210.02871041097,-6.25491962085006,-5.88294051387367
"cv",68.8913750303314,0.629986178896347,-11.5794744000215,-3.36668267899001,203.781646673195,-35.7999550927264,-1.65321584368745
"cv",49.7626551505129,0.648859586790483,-33.3374155567777,-3.55360668041853,249.737706292411,-30.570716065179,-0.0468575521089591
"cv",43.1571196754405,0.648057927394183,-9.92542847927794,-3.42335798578787,213.669011540174,-21.5397690871205,-0.378122435064396
"cv",32.1040447039933,0.683012845457903,-30.5560486275808,-3.40726594214371,545.389916093429,-111.126311923744,0.339632976265362
