"","","par1","par2","par3","par4","par5","par6"
"cv",84.0991141160888,-1.20505520645529,-0.383514420329028,-7.68116300008555,-686.237917918911,-389.773092530949,9.52006097380864
"cv",76.7354078236559,3.43746750531597,-45.7240221532455,-7.98512234424949,301.498937187503,1.36463826779428,-2.64456082617105
"cv",106.11617325468,4.21736973155967,-35.2997970382482,-9.71565956965414,859.057070221752,-6.27368957105805,4.43497035653617
"cv",85.653640788501,3.16237141148081,-49.9258034164086,-7.74999276980085,887.575654312968,-1.38252363491778,-1.82028509731268
"cv",75.0845967807434,-1.02390215488824,0.271941372193396,-6.17227024084583,-471.073753221726,8.47736844471047,-9.12775883461741
"cv",79.8017093075875,1.78122571146523,-22.7932604895892,-4.93309434470154,678.170151077211,0.330193719901791,-6.27950478085619
"cv",94.4374731194069,3.27780302415526,-30.7901823663859,-8.01084931008518,759.310186763814,1.79860540599451,-8.82767690265394
