"","","par1","par2","par3","par4","par5","par6"
"cv",78.5980403933172,0.762899160131447,-4.57967892755758,-3.00679258566311,205.790924495271,8.05989997916417,-9.70969168094577
"cv",64.4143071653205,0.869315835013743,-20.2646354317938,-3.0959918734667,192.548608602863,11.6294844476792,-4.04874177911433
"cv",55.110842261186,0.624167160982248,-2.69959074662927,-2.98161530888345,186.897297861219,14.4054095851233,-1.66659992054943
"cv",103.914836544109,0.78558149661706,-10.8028705274714,-3.12270560828387,695.998917231768,-19.8762947693467,4.81286319225046
"cv",92.223113947338,0.875557637804321,-20.8565951991962,-3.05880111197534,172.486873001331,10.5159276124407,-7.67041242702902
"cv",107.482339526666,0.56582994023571,-34.2010732846424,-2.74600942354864,231.855859610079,-38.749629081881,0.496050499731649
"cv",64.6720966071915,0.714556431080392,-5.29823383791026,-3.01170506277904,182.835606340845,13.649864220835,-4.03424055837389
