"","","par1","par2","par3","par4","par5","par6"
"cv",106.099314679315,0.859576402689178,-48.0764262404884,-2.49893177467842,842.985548362058,-60.4896905441995,5.1797205327762
"cv",95.8963965317998,0.865639926666318,-8.80555193531983,-2.71947757081626,756.046093854576,-23.4664562107616,3.49550067447126
"cv",89.4617629763289,0.987151360442333,-29.6819480757127,-2.7365375168633,587.936780968271,-15.8199453924308,5.92206546186264
"cv",105.834953621077,0.84362501259115,-29.352030266107,-2.39841529289547,107.495742384344,5.80565755069633,0.0446747654143467
"cv",112.22084481168,0.955111855410785,-3.82037970928673,-2.6233840012504,910.548658575863,-60.1511373368473,7.44684814097553
"cv",124.236745131518,0.79952225479637,-13.2721920283423,-2.70621158213305,645.443486595783,-43.6209331246388,6.42851001884851
"cv",86.5998706883925,0.7038418687722,-9.09974100769204,-2.57346546427542,178.234760016814,0.638150939664499,1.44711615015941
