"","","par1","par2","par3","par4","par5","par6"
"cv",76.5847856272137,1.45662916959419,-14.9956688435024,-4.4808403643815,738.696708988991,-19.4918643124332,9.22740199278287
"cv",64.1841826891262,2.22792135248273,-10.3597778540486,-5.89366914073911,310.298978980401,-2.23640420986699,-9.06662570312619
"cv",64.5829472645483,3.00235158374574,-13.9464010484517,-7.46286256128724,209.014320978373,7.94468150589464,-9.64039948207224
"cv",85.294087394912,2.90344543052996,-41.4881429119242,-7.38712528503899,574.962334707379,-11.5012144081086,3.374680923298
"cv",72.7806044756787,1.07520825132781,-29.1153478059655,-3.89057601821202,206.103704753945,13.6399898707877,-8.00647828262299
"cv",86.9711584221342,1.00932680077277,-44.6576025081591,-3.62905460797249,233.319797520895,0.345124324769034,-2.50541215750292
"cv",83.1869789214611,1.44115417379686,-14.1671237989337,-4.47110952275541,283.980100473372,-2.73361817400883,0.513363599060348
