"","","par1","par2","par3","par4","par5","par6"
"cv",71.6613402368248,0.776413465813456,-44.2460830516883,-2.85514731653657,126.896900331089,5.04747997243899,1.54738626019777
"cv",79.8578063805336,0.656432285861237,-24.3053734396393,-2.83227092113331,70.3368894720765,5.49511631362725,9.75568515248597
"cv",67.8778614072877,0.616610374119269,-25.6102863280746,-2.64902482522123,23.4814571606537,7.84205414251943,1.89010878527814
"cv",93.9146328717873,0.653070607572573,-21.5128832093091,-2.72952265578526,35.2553865065134,6.89741735685817,3.5486465611836
"cv",88.4224119043468,0.655878970995703,-23.3267555381673,-2.79371639773172,207.735394966085,-17.5328564975751,-4.91748949978501
"cv",74.1950357475548,0.500295058332567,-13.887489180537,-2.78539376834197,185.725466493434,15.5709641540589,-4.58644600268304
"cv",106.713028993444,0.710657250407354,-27.2356380946559,-2.83106758300202,86.9243059020082,18.4621646703659,-0.00927133363260191
