"","","par1","par2","par3","par4","par5","par6"
"cv",100.472125870586,3.89229608200426,-14.7470931308996,-8.700644322671,766.421460691382,-6.88460751630066,9.44974311344496
"cv",94.6652288415178,1.45960933371698,-36.0274705972991,-4.09325238028782,187.979356313134,14.8731829459035,-3.39044853332862
"cv",85.8863930216668,0.58679050262531,-17.9560442414925,-2.53101546819128,734.52357967907,-83.8060654540205,3.29472681444712
"cv",82.7990217021176,1.03754107245975,-42.6739268470556,-3.63325722484258,688.505131408982,7.33079428996351,6.75294587316823
"cv",103.506576825105,2.11583964151268,-19.8454991711869,-5.44114249604433,814.53241943245,-16.3775486525124,8.63623008141383
"cv",111.513865684949,1.69556161075577,-35.1005488053825,-4.10770481778041,20.0447284347138,559.897194006979,-9.17625931300621
"cv",84.9912501428874,1.03525029699874,-34.7548094814877,-3.66424643537666,270.23273803001,-1.23087536990647,8.67694784887135
