"","","par1","par2","par3","par4","par5","par6"
"cv",80.2452492431739,0.486326736412207,-14.27345555212,-2.74847916812646,632.015441518549,-17.03640847264,4.72963031904309
"cv",95.3586945571862,0.541005794156825,-7.51738082766303,-2.89939282679004,703.708533709003,-22.9806969037465,1.66045726943663
"cv",87.9507635329402,0.504488843155918,-11.092332752562,-2.84617329860881,225.567082838023,-13.3505163927207,-9.37116747226224
"cv",112.72096704662,0.351978031348238,-40.3600226163291,-2.55967740638538,28.6098087579012,172.52930065617,-6.81219494437039
"cv",58.5672574917793,0.114085510161366,-2.13451948645298,-2.8360449853674,411.524695357303,-63.0566553704699,1.92094327655499
"cv",88.7916014833725,0.492930803761354,-29.9705991029751,-2.77793750443998,638.362626227842,-16.8158999768353,7.39338379816655
"cv",76.4124471614819,0.579751668258842,-10.1135699215141,-2.7475196946934,565.057576093376,-14.7711120781994,8.36156911332843
