"","","par1","par2","par3","par4","par5","par6"
"cv",77.0897176811143,0.931076111402279,-45.7631018711254,-3.03451326794586,768.427141570071,-23.5003989571604,3.67314427932715
"cv",95.6270361249154,0.745735160723819,-29.2843198151435,-2.84100921711459,496.741145780628,-141.114949625359,0.229286012408458
"cv",84.0116049067935,0.826514890604982,-10.2496439574674,-2.78826817844577,358.767688482943,-95.4682279135598,0.266250055283308
"cv",86.344022548272,0.944573608607786,-34.8908277620483,-3.15645292551893,49.7448821552098,7.42901359922206,2.36599351451165
"cv",91.3666798373225,1.15700819355342,-23.2626239794244,-3.41930353215032,196.133211255074,8.93279897522087,-6.2629195783157
"cv",106.001803397199,1.20053693409318,-22.9707422518013,-3.64641864128486,484.861898087657,-10.8246969326898,8.47726493813741
"cv",179.528411200653,-0.754170818254352,0.663577983304858,-4.67422719566096,-174.711044877768,-787.754144278997,4.88593702111897
