"","","par1","par2","par3","par4","par5","par6"
"cv",101.794235599043,0.979699597683234,-48.3165484154597,-3.5635054461127,242.233185815167,13.3067189503654,-0.938395915796684
"cv",86.5640014381104,1.09169790553963,-18.7321476926403,-3.50605431389599,263.254051044988,-0.978317268822021,1.03797197821169
"cv",79.6752704469281,0.933495051267509,-38.2525759621171,-3.37818456686068,261.098475624776,0.61061851251318,5.75475621502846
"cv",108.004367490968,0.900019542937701,-28.4474485204676,-3.35352830114553,242.792300957448,3.15113761968671,-1.83440646760958
"cv",67.6334546426369,1.33295433278878,-17.4255785466068,-3.75230703762566,253.888555336744,0.290199114730259,-7.65326844106218
"cv",71.5096104381271,1.99194669436627,-23.3769508483095,-4.95139870278797,743.010502126456,-18.9074121729453,9.89829957304843
"cv",89.861132767114,1.17463373386513,-9.26819214368105,-3.64482616287991,832.738966400645,-22.7283833346108,-7.09899176711712
