"","","par1","par2","par3","par4","par5","par6"
"cv",120.407562122808,0.965149284744316,-10.5967996085525,-4.76140071493361,87.5117081771424,30.6832123679226,-3.85355767545986
"cv",20.7838915183122,1.50840165749221,-10.0857827074837,-5.58539281444928,124.024096221947,26.1536837214535,-1.44335491302527
"cv",31.787728737576,1.33280362578056,-24.7287898383327,-5.2559510080802,197.256838043318,20.7710097946279,-2.947115514676
"cv",38.8966795034826,1.14318058514938,-31.2804767794042,-4.79162362415119,106.927917074631,28.7943074255651,-8.05975959980642
"cv",15.6967507926551,1.14920657146626,-26.2213862684978,-4.7209310243185,152.443726199905,28.9802802951107,-0.948999751866884
"cv",52.934437572755,1.10825987307969,-9.13577660016201,-4.78214379597787,192.752205814771,28.6101088616744,-1.43978086300194
"cv",37.0078451515432,1.55921653365434,-36.9572624309178,-5.59851056272129,141.179475439408,24.4114269385574,-9.27060566119371
