"","","par1","par2","par3","par4","par5","par6"
"cv",86.1023207595476,4.01789863069127,-22.0313467340118,-9.38147165860789,848.103999942644,-9.91059365455717,-6.6649431427664
"cv",73.9465218244033,1.16072647235396,-17.7069775332946,-3.681587785863,916.203554165776,-8.87369256019599,9.16467089260872
"cv",82.4025786631636,1.93039575040469,-39.4328674460677,-4.96967810001773,899.215403012931,-24.9952096492052,7.60745688222352
"cv",98.2203072521845,3.67262097668023,-21.1489881288509,-8.79437630495729,968.240881804377,11.0970921093975,0.701438262836374
"cv",96.4292615141593,2.18831653066554,-36.0545194707811,-5.66140438948774,538.977384441092,-11.8894237422556,9.7441213212697
"cv",95.4358395194748,2.89495024590491,-38.0689966823352,-7.23359158097267,596.366712544894,-11.874509040242,5.82277050241828
"cv",91.8776156859762,1.80502353976613,-7.3474697492452,-4.78857590708187,690.321278300801,-4.06079400330782,-9.16747908554375
