"","","par1","par2","par3","par4","par5","par6"
"cv",92.6832451473018,-0.826288302644093,-0.056986944004894,-4.97746025672748,-403.446590690763,-367.177658136558,4.74105623684664
"cv",74.2094165880422,-1.29218429571683,0.951026857774352,-8.56347979102643,-48.020316710877,-68.3290575370682,2.35839858198422
"cv",105.599447870883,-1.19980571171998,3.85568575696201,-8.01452009942161,-623.067747879089,-645.25599591434,1.06247598154013
"cv",80.5626989347783,-1.2137024504276,1.70351723533422,-7.85223869593266,-705.475390930833,-299.370394474964,4.99483122219226
"cv",85.9462309064863,-0.807375016163782,0.239197443932298,-4.77279978540394,-121.204149138611,-218.35733388696,-5.62046316809931
"cv",82.3834456331364,-1.21464912722168,0.838952264606935,-7.85256820937699,-665.520285942616,-126.687984878148,5.26670973785436
"cv",91.0905491179771,0.784988555938234,-5.95591013541837,-3.03516817226028,201.334433438173,1.01954835567705,-6.40457188739192
