"","","par1","par2","par3","par4","par5","par6"
"cv",81.1417789025941,1.03777058655879,-22.129031566947,-3.3048765500336,537.907274610317,2.317448623893,-8.89341640286148
"cv",88.7122313466189,0.798546163518432,-20.8839643052281,-2.99224211257603,682.523496452416,-60.288582841801,-6.29564476767257
"cv",113.936919022736,-0.876134822181947,-0.394513160985373,-4.97706431643597,-695.869595743075,-877.583791036159,3.61991937796356
"cv",74.6801311541713,1.08183609687817,-27.8006775863003,-3.4374196473668,516.549151396737,-12.260271733518,-3.47882971573869
"cv",135.36980338531,-1.1257535777986,2.60359638761729,-7.05588908862323,-142.433679554611,9.74638620391488,-9.94105806452288
"cv",84.5601472293179,-0.771217319691808,-0.490357414473236,-4.42727496990917,-488.176291017,-299.398370087147,1.12153677764008
"cv",86.7758572615123,-0.997435694962741,0.463989702984691,-5.75344532262534,611.946991977415,-579.172382974242,9.88652242155554
