"","","par1","par2","par3","par4","par5","par6"
"cv",118.37878242105,3.29784334285503,-20.0811078180995,-7.84269130743609,969.00615722093,-19.1045081645691,-1.59651081719462
"cv",83.4583260286669,3.13014379450133,-16.9614243553951,-7.80721519934454,237.767027703299,6.97187224403024,-9.97106824430059
"cv",107.781047259244,3.05991218590447,-14.7047283812097,-7.52252563716657,943.950129694652,7.71039918202666,7.50350557991559
"cv",93.322496638744,2.23088859441401,-30.6645026642498,-5.8938572722114,445.029092392625,-6.44231113367845,5.44457426442994
"cv",65.1423830975234,4.14768400841815,-16.0737289421685,-9.75260757375509,960.595190781546,-21.361188551871,-0.814996080844025
"cv",80.9737857421487,3.17622518340914,-11.8001620973779,-7.75544066583383,892.362418013154,-6.60162872752525,-1.83473381381252
"cv",61.2696504148998,2.61373258309899,-45.5044558834418,-6.58095069999802,811.825733631849,-0.481981768126616,-0.159806257396768
