"","","par1","par2","par3","par4","par5","par6"
"cv",78.48175998545,-1.2097020323748,3.38844146729279,-8.01340226194343,19.1495844241283,-7.92013398934671,-7.84875731542706
"cv",72.9052656501986,-0.769260103840195,0.70514761377126,-4.92592420035013,-879.13448792649,-710.990225386837,-4.30175769641514
"cv",70.7008157277549,-0.872388880888575,1.49170003197879,-5.5410550475689,-154.241219162941,-324.852427980072,3.99613371219239
"cv",102.154772216859,-1.07818319111101,3.07046280902318,-7.11244782052745,-841.429730411619,-830.118879210204,1.23574874367016
"cv",59.0297079741665,-0.557875327801562,-0.472552406821802,-4.19028240674256,1.50827168657667,-510.6194819434,-2.40432529459846
"cv",52.1070822431843,-0.40871630775438,-0.863541615530849,-3.95863709236771,-65.7108020394918,-387.881357295774,4.8374798083527
"cv",85.5183953938007,-0.362048886980514,-0.882443399014397,-3.68308295143719,-685.097532114553,-694.823340333562,1.71356531186835
