"","","par1","par2","par3","par4","par5","par6"
"cv",17.305820689964,0.193604547088586,-12.3375245014116,-3.36170192453408,116.662734535203,125.902697748382,-3.4532117513426
"cv",8.03901982292139,0.244352055651533,-4.38198292512109,-3.46606423610505,101.770785295468,167.60686639031,-0.215986635760037
"cv",55.635189666928,0.0840674823013986,-13.0028702731845,-3.27358769832552,77.8154156269905,158.357257970691,-6.95962862484157
"cv",67.6026358588886,0.539424855814953,-42.5567756076901,-4.00019020629178,125.580497674192,102.853543585732,-1.6612116095229
"cv",21.4547356041603,0.11346943307323,-6.51761540485615,-3.28839404431598,90.1210221036555,109.404188276691,-0.174726801924407
"cv",26.4361411910726,0.112763274079987,-44.711966375344,-3.3227994658351,122.663730214864,120.73892784402,-0.300981570218608
"cv",57.3195779570843,0.114669885177521,-12.2514022555896,-3.27826760410196,195.100398526327,39.2256384370588,-5.89052935092152
