"","","par1","par2","par3","par4","par5","par6"
"cv",80.6401824970237,0.583563092115093,-2.32511314097792,-3.17812017301833,463.335843207079,-10.3415358069313,7.27953440509737
"cv",93.5236233718024,0.882743838462708,-2.4244385169759,-4.06594725056814,264.402531489406,13.2543099223244,-4.81607077684702
"cv",77.494095132353,0.432023185471548,-2.02815122932166,-3.30586506612933,476.76804382354,-30.9698151577444,-3.29545327280614
"cv",103.189437019584,1.06049663543376,-22.9621402643074,-3.61435312885932,256.639793922334,-1.36833711154637,0.259419633075595
"cv",86.0517557523386,0.914321598426596,-45.2635576948524,-3.19124580693401,182.013980578631,1.89781226618771,5.87944800252411
"cv",75.7006706894217,0.554349250187641,-2.14787137809003,-3.45360898017669,985.007009020759,-45.1235647341388,-4.91234582788907
"cv",82.1529592992297,0.528665204032049,-1.72412818945829,-3.8420025415178,220.148744179952,12.4094657245942,-7.01743497532088
