"","","par1","par2","par3","par4","par5","par6"
"cv",59.8854557060295,0.366136192509103,-2.02544574052656,-3.11655493511812,539.864753520469,-179.397757704522,0.702614397741854
"cv",74.446616112171,0.445036839499527,-1.99963031920762,-3.16567473354222,273.589675529396,-45.6516584342977,6.04660346330456
"cv",75.6109432534371,0.210070294022956,-1.77157109156087,-3.05409287513131,18.6036255862609,-890.243830786037,4.72810226231282
"cv",73.5024938854556,0.221069554980668,-1.82601196314082,-3.17783490174319,-699.820179089941,61.1120097502097,-2.7021904377034
"cv",110.889863083042,0.335676701585945,-2.05221970646461,-2.93084609773436,-213.022370875031,-17.9611974649981,5.30131007079035
"cv",59.1630462430037,0.699954286110973,-18.5415337310886,-2.7801560010463,9.85586177557707,15.868548253459,-0.0271954020342662
"cv",71.9212222547181,0.595552370119114,-8.91192317298693,-2.69752363859618,25.068414248865,8.0618236880139,-8.70359360423743
