"","","par1","par2","par3","par4","par5","par6"
"cv",142.151879460088,1.60259111477702,-10.9325051432122,-4.83328249822699,450.495658908039,-2.54334833964529,-4.9458481450754
"cv",98.1254476673062,1.61951832199026,-12.2629567356126,-4.52654440483631,754.736535527046,-22.0610359287494,0.256989100016654
"cv",98.1130996698252,3.99007223738082,-36.3961712477719,-8.81366493180394,859.118480545158,-19.1584635525942,2.99881413725183
"cv",98.2925807223944,3.44277537489587,-43.1391775610934,-7.48942942044685,353.672702233848,5.14080724117309,-0.0328225836766928
"cv",114.030589759827,1.83497486073788,-17.1445568861233,-4.43544160839451,429.679582290967,4.23476129224497,7.17677450016146
"cv",98.6837323810392,1.85326981626649,-23.9583374867685,-4.43550044309282,499.514526604714,0.870329024227573,-2.95267796098287
"cv",88.9572652973321,0.834019228053779,-43.5200400535161,-2.95834418141853,269.191052984631,-3.7888132222133,-7.43609918069553
