"","","par1","par2","par3","par4","par5","par6"
"cv",115.282416027189,0.85881354464115,-9.67343023468108,-3.4954019959789,83.6315693666541,28.7510539439091,-1.16534642274305
"cv",84.9636304258387,0.863357028611394,-37.477789975419,-3.4163933142933,97.3034696686125,23.9636726936814,-2.85482592218882
"cv",72.5574314613939,0.792411962994267,-20.4828415020617,-3.33141736376354,96.3619492538157,11.3891238358763,0.6101176625564
"cv",72.3916408001922,0.783964280888492,-17.7567378333471,-3.2146432886764,980.988107127359,-11.2372896777086,5.0310080498457
"cv",66.2925161484945,0.93685798580995,-6.43045533820499,-3.48473461658798,234.197961094814,0.817274636758935,-2.63720350903344
"cv",61.6355612710561,0.924945085096662,-46.2190060972958,-3.53417495033643,862.395027137846,-25.8192827168904,9.62559216424797
"cv",89.5574076266553,0.759980674671973,-20.2645326173648,-3.35403357021545,154.616455807854,4.04634800250523,1.34379766770403
