"","","par1","par2","par3","par4","par5","par6"
"cv",69.5611442334866,0.463393730196519,-22.5524735907579,-3.1532003514263,132.08401081056,3.80452336762235,5.5930918046737
"cv",118.56751085738,0.335207514092463,-2.95986809888371,-3.31007835950518,37.1768034953138,-0.335771842034319,7.55936662715366
"cv",33.3159976403973,0.418657433231212,-3.07538438793632,-3.22012635214654,226.615810394733,-87.2339856743593,-6.37230629877401
"cv",31.0616707715747,0.384915698801451,-3.45047385479929,-3.14394339659171,216.276279863996,-79.9010512806153,-7.33393206191987
"cv",50.9964357154053,0.635827598161995,-3.94356576725841,-3.43009671114262,244.60746584128,-0.38489525018664,-8.09558145322933
"cv",72.8044997484812,0.549774249116662,-7.8628313243761,-3.40148271244819,66.6982957608998,7.26191885769367,2.62230664601105
"cv",63.3059632044209,0.487832090629301,-3.46626403313774,-3.22080634476836,203.414204188856,-75.1628277769789,-5.01579870793936
