"","","par1","par2","par3","par4","par5","par6"
"cv",67.0507036263824,0.699869099034255,-23.3062718549646,-3.13951974816274,686.437518008901,-59.38776936602,-6.46234633153895
"cv",75.1754585537094,0.751252025829414,-9.01640001047384,-3.24406495726891,430.196627399821,-24.8846297093205,-4.49926088964468
"cv",81.3310794933879,0.760455819084037,-15.9043999405746,-3.25269004876072,590.335899304555,-33.1986939946119,-8.4524671003409
"cv",110.548299038224,-1.14049347117543,1.15692658237691,-7.12845689160886,-388.6481769483,-772.553361763359,4.97649168105795
"cv",80.5838174452081,0.760688290478148,-39.0184031305626,-3.09429579114103,448.362265247852,-28.8582286932638,-2.25723046346651
"cv",104.278379628804,0.821509852725056,-9.06919808917277,-3.40779161394356,466.348395948704,-28.0126842570594,-6.20932891979989
"cv",85.0913214969443,0.708931186862053,-17.647102331631,-3.23274905888798,714.320576820504,-59.5109489603243,-6.3482573143002
