"","","par1","par2","par3","par4","par5","par6"
"cv",104.740965665035,0.459706272723083,-2.49665209557861,-2.75740338376209,85.4133188129699,-24.2106841678466,3.71114122068288
"cv",80.9178854379187,0.479546546809442,-3.34506699162497,-2.66755243830618,95.6610510066174,-39.1645807523588,0.508353504284636
"cv",93.3811728366073,0.503921576641065,-2.53219715648333,-2.75116756993556,529.328762391308,-512.802398329246,0.1357488272887
"cv",66.0012437987354,0.397309373821366,-25.6676113419326,-2.55275475621638,48.3624572973651,39.6795374860991,-6.27717277028386
"cv",93.7157066760743,0.435334917729087,-1.49289641211634,-3.02542735243282,81.6534576383488,-992.469162214547,-0.625079403294004
"cv",66.1831088986989,0.343558325413626,-1.50625267270609,-2.88118152064907,123.927291830476,-227.387334780416,-8.99775340299118
"cv",91.0177676070604,0.23839121816806,-4.29883518596647,-2.58796703670221,6.91114516755508,330.280724585496,-5.42474623491922
