"","","par1","par2","par3","par4","par5","par6"
"cv",117.26438854851,0.966903327495655,-48.2929131797844,-3.40578276134824,42.2151456396225,78.1497147385288,-1.94831722881645
"cv",108.090826718464,0.62522408067401,-13.6679331148363,-2.80816985434033,971.540016852513,-151.561853187278,7.96783432157664
"cv",92.8875025944216,0.582482023577065,-21.4635995563095,-2.87420423882736,837.405799359602,-131.273183915831,4.87738918889487
"cv",76.7705877317643,1.47561653219466,-49.4244592265051,-4.34679927208332,242.115399626353,14.6502624947159,-7.44744664068327
"cv",90.8469402234672,0.989220945181519,-30.6491102735972,-3.40018397098438,844.580628287821,-25.8727171341393,3.26610672418175
"cv",83.1642277117756,1.41258705555394,-6.58476015587843,-4.0877152289083,712.090763701178,-19.357620089544,-3.27153890716215
"cv",63.6190030558998,0.584063554684368,-33.7972927433877,-2.82973608457404,740.078143701796,-124.525960315406,2.72440888895215
