"","","par1","par2","par3","par4","par5","par6"
"cv",88.5303458081594,-1.04285171019805,1.11672991244652,-6.4960754670237,-309.391839451516,-413.676907944529,7.02435143460387
"cv",68.5926303323139,-1.30370199635873,0.0596901770681129,-8.85952780042137,5.67411019870769,-17.2520047053695,-6.88826134894043
"cv",99.5205504709192,1.85800727534672,-25.0818682075929,-4.61279213499523,679.019603656445,-16.5101159546435,6.20906841818963
"cv",95.3705586708091,4.23904112200439,-47.5567884743214,-9.83785275835544,787.83036626258,9.14189485833049,-2.75987733244655
"cv",66.8193926470039,-1.1431810259819,-0.669370545074344,-7.3536340367894,-757.007249682596,14.6798916453808,-2.97330354488321
"cv",105.679972432998,1.13728431401209,-20.1964263841907,-3.76901245271431,369.944076053798,0.76194666326046,2.46096211518966
"cv",75.2749232585665,3.25473559989587,-26.5501409587635,-7.57935840264211,296.114997340114,-1.0534606183535,9.68023002575897
