"","","par1","par2","par3","par4","par5","par6"
"cv",89.6922339324547,0.739523911573868,-8.46834948371733,-3.04508623095079,691.664025977681,-48.6471839160051,-7.90560423396498
"cv",77.9110860653299,1.0043357386678,-10.8105666617407,-3.32708939949511,301.609467926667,0.571158891126149,-6.67419028086704
"cv",75.8795471025878,0.75964226734612,-29.0363251009255,-3.25615991901456,333.937665275693,-9.28971840699844,-0.389538941858288
"cv",113.604952079878,1.21732649381549,-24.8641776844911,-3.92961837501573,521.092482413416,-11.4799841177192,8.27195898164064
"cv",91.0269004856665,0.902106239102376,-8.90051609205892,-3.41017804469285,479.370924088895,-13.0039636870447,1.2200803152073
"cv",84.8950318823714,1.06072627935328,-42.7719798407252,-3.36437381872577,840.216797515819,-24.065577536261,9.87501060590148
"cv",76.5696413361665,0.866189855357451,-23.9969845957155,-3.28628079179355,301.388933955617,-8.91528718339494,-7.83263827658215
