"","","par1","par2","par3","par4","par5","par6"
"cv",61.3983237768959,0.734115212159865,-10.0964475004012,-3.87932715423286,231.843421130208,11.5744570599026,-5.74884078931063
"cv",77.8325138609362,0.476300260309277,-27.7908762161417,-3.54959464385022,198.366063410923,9.98862703813587,-9.64152356983337
"cv",48.7217226766466,0.799771886137813,-28.7288161199658,-3.72330848754436,238.0953530075,20.175283673245,-6.47902333069733
"cv",65.428275970768,0.644910876737341,-36.9088982644265,-3.64312455528279,182.501727377343,3.71639950745077,5.23267311179334
"cv",107.510060612099,0.406558626428305,-19.9048337051871,-3.13408138812118,305.306490654515,-481.743538838689,0.557098918704399
"cv",53.0450259332342,0.827187151272948,-38.405488594283,-3.84937404941182,200.836644585342,11.0503043990518,-2.80869633909846
"cv",34.5897069012185,0.795027951375222,-44.6847710577478,-3.75077462039924,221.364107356035,14.7584526051532,-2.74257321744777
