"","","par1","par2","par3","par4","par5","par6"
"cv",104.268112963665,0.365109905871309,-19.8895309531617,-3.08054180688828,56.7643208670021,12.5301256310798,-9.78961957152933
"cv",79.9860409083139,0.327495465167319,-29.7489564357662,-2.8832326359952,714.401815372771,-105.663626631559,9.534073268382
"cv",79.0590001626664,0.275315440406279,-43.3770210346887,-2.96123644769155,906.778447329998,-175.736063418946,2.03095864965227
"cv",80.8530138846126,0.292943032837441,-29.7536670412519,-2.96821055354802,918.174060587441,-247.640137447692,0.531830002512661
"cv",62.6085921654087,0.333519033940194,-19.5795106590408,-2.97344667382879,302.258408964964,-22.3774436116203,1.65768567050309
"cv",56.6621373164542,0.317573444920542,-9.00058868254708,-2.90239727734787,565.308390216369,-127.268824492316,1.48978402443661
"cv",38.3996041716286,0.306304590776388,-24.7704714495573,-2.80709080759534,449.352905154228,-94.1537970872476,1.74579809920256
