"","","par1","par2","par3","par4","par5","par6"
"cv",106.566623210534,0.693111370061526,-38.6987923825328,-3.09931180447379,524.763944772112,-18.0735882842136,0.602538850923382
"cv",105.416264678377,0.822177572286257,-16.7027042448164,-3.18210982613295,356.034429467469,-4.9213651893182,2.84108223120597
"cv",92.3788069659488,0.918208509288801,-47.9570956914908,-2.85399345968795,16.2437494550659,435.258169704763,-2.77678242660233
"cv",98.8531153734424,0.88949948921065,-15.2648015598299,-3.26489879936525,955.683433951192,-45.1095126181981,-3.3774872915222
"cv",95.6203085832377,0.752261048286302,-20.8845346951182,-3.1373867220525,518.632364031662,-16.2029868599601,0.899130355303958
"cv",71.693617429693,1.28686183633214,-14.5969146868532,-3.61390896861074,936.913482544948,-35.1645842102635,-0.0333696171008153
"cv",52.1263267693983,1.09445066124678,-30.2308665888645,-2.66273725657501,12.0040092686264,59.8580404903061,-8.32897513498748
