"","","par1","par2","par3","par4","par5","par6"
"cv",99.7782553567466,-1.0133441272748,-0.253126536915438,-6.29948282148689,-372.748896380853,-510.204124670421,0.688924062997103
"cv",80.9608146628448,3.24269245682789,-30.7795685367705,-7.50815181203635,187.272612471133,4.28139842609946,-0.476956649939662
"cv",89.7367737128775,1.58542057057962,-34.3963136091047,-4.21405789191295,896.688373293728,-23.6191425026917,-6.11776751079963
"cv",87.3836021516937,2.86199238089235,-19.7073575423262,-6.70520951163378,582.463930031331,-9.71658464731368,-5.87424326157012
"cv",71.8157688754871,2.88369378056244,-38.6742716576184,-6.67314395234627,311.04695745486,-1.304180902344,-9.45071529222892
"cv",109.05607859342,0.902967738891517,-14.8925821587453,-3.40001606584747,683.162014211524,-23.3431887914859,-5.43347809383626
"cv",88.2953561719325,2.57711796629353,-34.6194139008372,-6.09289689476499,349.181029076925,-3.02355257205259,-1.96625450912273
