"","","par1","par2","par3","par4","par5","par6"
"cv",83.3758546054588,1.11712672050727,-4.75756710188703,-3.73723958618289,762.92700165837,4.7935883468842,9.32373321281543
"cv",76.2801448385275,1.3478784043208,-26.6670291949622,-3.85640310709695,320.350611582398,-1.04771396791165,0.981248862988765
"cv",82.0577293279955,1.03928012773875,-4.50415916477027,-3.5815034405525,244.08937901357,-0.168821365404582,1.89662348479033
"cv",92.3225034964044,1.3768595583488,-40.0491037747078,-4.09490771376693,271.422680667493,1.36811841556796,2.19601559704107
"cv",77.550180170223,0.989010082376993,-42.3038809098573,-3.34928845840939,256.520127851411,1.35190672061458,-0.335843757751241
"cv",77.6871476275911,1.17094505375703,-19.4183440956855,-3.58213857456221,396.661764620958,-6.4472492095071,2.17315107860478
"cv",81.972383295438,-0.983729048455864,0.670138610087275,-6.29975502243054,43.8273403665445,-2.56254171536462,0.0143430642053519
