"","","par1","par2","par3","par4","par5","par6"
"cv",80.3705246178168,0.997172321316495,-23.9698910914975,-3.64081615084469,652.389574696934,3.17485247348136,7.84496981253237
"cv",93.7326472891754,1.23444314165344,-24.2924998984911,-3.91979372907861,857.31038746198,-0.169064270883979,-3.38473051707493
"cv",87.8880909551792,3.40507554042361,-25.8356808263196,-7.85743597198382,553.717317319348,4.04385605311127,6.13342655885558
"cv",91.4562067493839,4.03668094212958,-41.7356552078552,-9.33760898065331,331.910792780049,5.51788793663101,-4.55581749176693
"cv",80.3621241675831,1.207368349325,-9.55766136171984,-3.86657010013836,529.719865415245,0.184534660686325,3.2777425412258
"cv",86.1336613409943,2.47663110123107,-21.9440484275047,-5.78465085766541,107.780010905117,13.9223860295788,-7.01289625457038
"cv",224.703626731525,-0.89575177468751,0.113382434111529,-5.64435232430696,-145.792206704534,1.21345369860705,1.71793120118708
