"","","par1","par2","par3","par4","par5","par6"
"cv",104.813548070452,1.25865133189894,-45.1558952234136,-4.1826782857966,462.154845963199,-4.93972831815483,-5.75101950133539
"cv",96.9746400954002,0.941526939486138,-44.2350561434096,-3.38808173025728,440.77337317643,-9.60148447722084,-3.53340435109713
"cv",86.5923943012267,0.64264249463876,-19.0534357137506,-3.04067564959893,426.697789380486,-29.8943439187784,-8.01858901856999
"cv",104.27602386878,0.779542989808736,-49.2203056614076,-2.99889271021476,932.913470706211,-5.09761791288524,-5.93270035861289
"cv",84.1076463736525,0.880391833248933,-14.6361704460635,-3.34317374458489,525.460920554878,-12.660220055681,-6.59866589311605
"cv",93.7400717089093,0.613588878845832,-26.9365382905125,-2.89634943761125,932.613703430096,-101.769809541181,-5.33548324744106
"cv",95.0328019461374,0.812784224181731,-41.5761093294558,-3.19250807969318,362.358017164448,-7.6364944760872,-1.11880404409021
