"","","par1","par2","par3","par4","par5","par6"
"cv",96.144996827283,-0.749597290728367,-0.0374267809092999,-4.7544008410094,-489.354934841444,17.7387774226886,-6.59618994221091
"cv",72.7383363025628,0.956085094701339,-12.8172422827239,-3.29588890846564,226.716711567702,-0.82675102279465,-4.41991283841015
"cv",106.032917816228,0.947410796829438,-21.7625807803124,-3.25290886269002,281.745365248782,-1.76766085312941,-5.4939100800582
"cv",89.4308111123926,1.81070044267143,-46.4061121261503,-4.65210705124581,247.907839715481,0.305586621854298,5.06354194134474
"cv",118.538546404624,2.87765521913318,-40.2690389363753,-6.13832830690984,373.519469752869,-5.546041400334,9.42094310186803
"cv",84.9398945044099,0.801232896709612,-12.0237787107025,-2.96534377709439,506.243336429081,-32.0157448402313,-5.46459220026605
"cv",129.831098918512,1.84117178037102,-32.0754477740193,-5.11863292874411,760.792378753831,-21.0678942598213,7.27822219365773
