"","","par1","par2","par3","par4","par5","par6"
"cv",78.5659086023853,-1.26918415730887,-0.592897042216871,-8.552368302326,-209.908895307524,-881.651869529964,5.59513329438602
"cv",59.3086906920293,-0.821284440656213,-0.72474677379497,-5.10239473031476,250.414770629599,-478.174320809862,6.76775827932306
"cv",100.197039091051,3.00173908071737,-13.5646961516461,-7.16801069102338,436.950579751283,-0.727923586964607,-8.35198754444718
"cv",56.30872435013,-1.28205295776759,0.653323340408514,-8.89363024835683,126.162078697234,-399.711889239548,4.42686261229476
"cv",88.4174273566155,-1.02608476475128,2.27090584553778,-6.69980620779036,-58.6466615357177,-635.112356172756,1.42473187791013
"cv",78.6379456302115,3.46525612348797,-43.6541653848875,-7.98682897776526,256.775718165096,5.22875804482055,-9.03539753787364
"cv",61.8114468677036,-1.08796633025925,1.14346127563417,-6.97047016404218,85.2229093997064,-430.259756270443,5.08835315489571
