"","","par1","par2","par3","par4","par5","par6"
"cv",91.6733719448176,-0.0610307902612446,-1.0241432762958,-3.42493091912884,-935.932728215839,-210.570516563012,5.97411490196536
"cv",68.2573776597243,0.769866176928931,-13.8561300281353,-2.74361531977921,63.9707858806931,5.96487335234167,-0.00861306944844653
"cv",91.7093900105901,0.806091399894608,-4.34505625929766,-2.73924363401259,82.1100619095744,-17.6530125596015,-9.20193973252957
"cv",74.793220710961,0.835896669574243,-5.63640368652488,-2.72166901454176,81.3986768595875,-17.5620659094342,-1.55090627726167
"cv",101.902369566235,0.443980865333108,-1.80327292120996,-2.90459254910555,810.487584479511,-555.93090608741,1.19244788166048
"cv",79.0561810571809,0.687741448189472,-3.11076766385988,-2.64056843093798,68.9309230279895,-6.1497520660357,-2.77624102829208
"cv",76.0402643588392,0.559405005876408,-2.52149647063016,-2.7070788221066,78.9871421925422,-15.6091576044239,-3.54287843156133
