"","","par1","par2","par3","par4","par5","par6"
"cv",57.201908193003,0.428640037408735,-1.82979970356021,-3.12500492603143,-416.459665458537,-159.633666315917,1.0365979429802
"cv",72.4007269395603,0.518408992933787,-1.72957192774915,-3.07019701573379,-194.283907055352,-56.8227098144658,-6.1013259133324
"cv",60.9463240787989,0.458034760147122,-9.15476673157885,-2.93645866065732,217.094928942115,-15.234963841878,-1.15464260116829
"cv",61.4344081921178,0.452288264416962,-2.02870869147951,-2.96190120258482,-550.594380783449,-63.9461088293102,4.16472386301808
"cv",107.858565670151,0.368522731867332,-1.6260002441996,-3.26995197222243,-145.927256964918,24.0908697014449,-5.41447808109119
"cv",52.999782700847,0.501197674283855,-14.2512723994757,-2.80103471102864,84.2635397994679,-4.21189111934443,-4.97234163805842
"cv",58.5103788800699,0.477735754206239,-30.1763849977547,-2.7713685459842,98.5658976560546,-8.40067670970407,-8.954757867034
