"","","par1","par2","par3","par4","par5","par6"
"cv",32.2922762443943,0.379391734917758,-3.8293750966148,-3.60115729846097,32.2288852485534,292.446764894426,-0.373583298468641
"cv",32.0989324617597,0.217754378314635,-3.32686515700733,-3.45271691789387,26.6993995842005,400.239726607288,-9.36443376820534
"cv",26.6902137500945,0.289530969439237,-20.7886489571977,-3.24143195404378,26.5641189360322,398.371728463077,-0.382321955533522
"cv",44.1024265572676,0.430830789125948,-9.66462732092969,-3.52381267526858,25.4451209182974,538.587330447982,-0.406565518608836
"cv",37.5589681934359,0.425196707099472,-3.550335068594,-3.67685482012948,-7.38241014031265,592.964753865404,-0.388551509885413
"cv",45.9256140878957,0.594909229389334,-41.2904540302554,-3.76965172077935,20.7796766144781,711.390431110709,-0.401784596033394
"cv",61.6763667578276,0.226978267303494,-2.67359838219772,-3.43165296661675,28.3670970774106,667.375805862693,-4.94719415745038
