"","","par1","par2","par3","par4","par5","par6"
"cv",68.6810333947794,0.758591087173102,-9.78700550374479,-3.24954787273839,232.462979871478,0.465767437364797,-8.69859195200474
"cv",94.2800867863628,0.836166452872912,-6.87156773422885,-3.53996786499293,627.248556267491,7.80734730576381,7.49417281676146
"cv",83.2094374019104,0.841841168565703,-5.3560455945855,-3.45969937779148,243.353274211593,-0.199929336967446,-9.82483927506884
"cv",86.4267188889698,0.686303935151866,-4.27993046490405,-3.30457732389724,946.895786182374,-27.7019441258622,7.02651432780825
"cv",70.3177590466995,0.70098576012004,-5.37319665477557,-3.35306570755842,317.922392917273,-3.24847644187986,2.67286479251951
"cv",100.07207205386,0.750707186341258,-13.594061597719,-3.34292663901697,244.469699588653,0.0507562189459918,-8.65548396212036
"cv",44.4202453449721,0.805280435945779,-18.7560559457152,-3.3012820108611,554.521370018649,-12.8320378766599,4.8006308701213
