"","","par1","par2","par3","par4","par5","par6"
"cv",85.6629007836714,0.32328567402797,-14.8622269977998,-3.00590730923027,106.080930979561,50.0329210280123,-7.19844102960902
"cv",76.4890397426826,0.385235283762689,-9.48049923012751,-3.16988739719284,192.580322981932,9.82957853997756,-8.6494789585644
"cv",91.2536717388203,0.398994072336312,-5.22311795702051,-3.23224786779588,217.239148738166,15.1774938365763,-5.20226241251362
"cv",41.2157038078669,0.447816029344845,-13.767324355363,-3.15043555605283,207.701490920946,13.1482090133123,-9.19417883995466
"cv",26.8121388130793,0.609347868206517,-4.28835210692748,-3.34286708033582,220.586877890079,12.7825516040107,-3.54966865034764
"cv",28.2341310987201,0.55980986282129,-15.3249742889777,-3.23654193491807,207.005401577082,9.55291422215983,-9.58701771542385
"cv",76.9103803032182,0.709094317286299,-13.3925230141691,-3.40813373329659,252.558577421132,-6.14242849441445,0.0571984092730058
