"","","par1","par2","par3","par4","par5","par6"
"cv",72.4109701177427,0.684965307947853,-6.49844616802171,-2.97289156027608,708.975899525572,-162.939474026714,-3.6965040720964
"cv",98.5610338085371,1.24750063830614,-33.8401425057933,-3.94963716192355,657.674885962653,-16.5696369978722,3.92284533838639
"cv",88.1370855632781,2.48439936770874,-45.4682991924373,-6.31841609324992,256.733122551208,4.04193888037608,-5.61971435403763
"cv",78.2961605057172,2.7052175802735,-45.4130882114034,-6.76866465060033,504.018100444227,7.59483392954382,8.59848212025701
"cv",76.7251744095731,3.03979692958025,-40.2514367844467,-7.20202191300228,609.750799098962,-12.1225520438834,7.50404410812077
"cv",93.5194045468615,0.804838187551241,-9.45940934417438,-2.97388620719964,471.065511025775,-79.4462357570161,-2.48629892635617
"cv",70.6671962599868,1.56580102153705,-23.3997600829721,-4.42474868030943,828.801447793489,-12.334828745306,-0.948966690109867
