"","","par1","par2","par3","par4","par5","par6"
"cv",64.1515790258706,0.451115618914652,-4.8439693971929,-3.43375539713662,64.7207343201086,4.37951704762419,0.916689618303781
"cv",54.1348030935886,0.253978003119448,-42.0362886274233,-3.10221016399003,99.5364348426855,-8.09612211596318,9.94425175434039
"cv",87.6687114713338,0.332517883734544,-9.04328123617987,-3.24908152730616,18.4531518874565,150.970128120983,-2.67693622063401
"cv",22.2297045997983,0.296996684772284,-11.3758623418132,-3.06893658661877,91.7954909973096,-9.78317546525219,1.177189267463
"cv",22.6769504299007,0.334776581851549,-32.9941584961489,-3.11596261324232,101.981194195084,-10.0309107507769,2.19018779564917
"cv",53.5180180665316,-0.0648384118138304,-1.74533782288977,-3.53032892016838,-81.2126648892404,35.6352450326085,-6.82144256535847
"cv",66.2019763462523,0.0605056535482481,-2.16250985216634,-3.33575029263589,677.258356560211,-314.920907042038,0.378122796173709
