"","","par1","par2","par3","par4","par5","par6"
"cv",123.071914157418,-0.833394684616889,0.673423886671657,-5.01822763784638,-376.3546645411,-82.7641690306535,6.16005290578242
"cv",96.6186993951887,-0.61808864836807,-0.281046453271367,-4.25295142606226,-161.061394494027,-996.544855895572,3.44064958261045
"cv",98.5174034033169,0.853906650456255,-3.80852258319095,-3.11752089690157,795.887083489694,-22.9074570089887,8.15526652457681
"cv",88.9675169958714,0.685215968819956,-2.93488040206519,-3.03179166300582,397.499653589625,-41.5929702603597,-4.42649792160909
"cv",93.9568293851837,0.764542371852754,-9.22611122170328,-2.96113696022426,495.047525209723,-11.8371875278968,6.21750646601232
"cv",95.5562815759057,0.748566181249527,-34.5962083417104,-2.99435284874441,732.268943543108,-94.8543242942334,-6.85680578157964
"cv",96.8751419819694,-1.12219188147785,0.921128886206452,-7.44987015328751,225.209115477939,9.75240524299666,0.198094736077431
