"","","par1","par2","par3","par4","par5","par6"
"cv",81.6258660538697,1.86153112851884,-11.0033074744021,-5.37263471312186,831.448533907235,-18.3997373096645,-8.47359231258915
"cv",74.9009560372136,2.34580509394213,-27.6244440398101,-6.25538024784147,379.394203217338,0.88300356657672,-1.87787546776235
"cv",68.775657793827,3.8599439844685,-30.0643579349899,-9.33177738409009,800.351066073493,7.28306073491114,-6.03565566378737
"cv",89.855256605806,3.70040484067185,-15.8161987813117,-8.86706712899364,290.214618773991,5.78989605819431,-4.26975656097354
"cv",58.9824108394688,-1.25709201657298,-0.398067787083163,-8.34065388180366,-593.695691076362,-0.307704368353498,8.19290660800533
"cv",70.8627644504701,2.2827084984806,-15.9625316928171,-6.07112088453125,295.623719819802,0.15712378384103,0.608588093581387
"cv",84.9191569114013,3.56026388112607,-11.3536228283652,-8.69363706940101,631.569646199431,-0.965790823101997,5.14541306532919
