"","","par1","par2","par3","par4","par5","par6"
"cv",82.3144009017545,1.31592545580172,-14.6294496330628,-4.05123716547042,221.532601525635,1.61332060193752,-0.943000118673128
"cv",71.9054523267709,1.15986182553727,-14.9270587827362,-3.77599986788174,208.261277148937,2.97627392579852,-0.256554561846984
"cv",80.9349496793302,1.12605931424667,-38.1929554471106,-3.79267683634713,221.031233624458,5.30023984711729,-6.35988022300617
"cv",68.2707356156957,1.17419519020403,-38.0755894700462,-3.796586289586,670.267813745886,-17.6196869534233,8.26056743267828
"cv",85.6844517061287,1.52738945852807,-36.9490767939806,-4.36797825744041,233.701228221007,2.72055603891911,-7.61863850522786
"cv",68.1788266330455,0.992581931069841,-41.7125781947446,-3.54428187002517,179.132718360511,8.2184658642413,-5.1020335665144
"cv",92.1907125900041,3.8691352808562,-48.7534781728495,-8.98688374098163,230.354429157378,9.42614456783645,-9.0701338149035
