"","","par1","par2","par3","par4","par5","par6"
"cv",64.8701420179628,-1.09193105313627,0.0428247171267842,-6.74833394830757,0.0928642167760927,-807.72085301578,2.35733841080219
"cv",83.946274471554,-1.28945758117007,0.855975121828582,-9.02160178680761,-411.451137781561,-128.313842761321,-3.6077916200798
"cv",71.1131978929227,-1.26555973316474,1.11827975154839,-8.62468337624309,-265.098563740683,-27.4700213138471,1.38669371096936
"cv",69.878155850356,-1.18000122385687,0.458657382465901,-7.83960167384148,-897.520450409502,-55.5633867555644,9.4159870597633
"cv",77.9168267163317,1.22168185995804,-19.724337932816,-3.94268561983598,800.086565106869,-11.0389204314133,-0.190065850872208
"cv",90.6214241392304,1.82375627289257,-24.4193830006374,-4.57920170289357,918.216850711642,-28.3510140143335,1.58280682453374
"cv",91.7944168551429,1.79827783856955,-14.6253224476716,-4.89559449987624,684.016649012423,-13.946597814869,9.06292432453483
