"","","par1","par2","par3","par4","par5","par6"
"cv",82.9275772312994,0.506396404773114,-18.769266379774,-3.25357832146354,104.44464085212,-15.0919948458505,-0.298457204182646
"cv",64.6755975883555,0.576453519732973,-6.6620359267067,-3.18568961892407,197.475514191054,-17.8789983819555,2.22442370355528
"cv",88.8059561132017,0.532337939421066,-33.005678972589,-3.22971427257341,204.987820382181,-32.1125749024823,0.494655976269633
"cv",40.9502323387617,0.54438665875023,-13.1283126313962,-3.23833652329934,341.415592419836,-32.9521768033929,7.89088801569588
"cv",58.3559346182098,0.544489561748767,-27.0076231221443,-3.04084534084473,247.123043527308,-33.1834274552374,0.56979768059114
"cv",62.0710670687312,0.582552727931962,-17.9850454066901,-3.16634618449779,247.927306064915,-21.9665751432551,2.87387563627653
"cv",112.888675416515,0.495684933667169,-7.84742102328076,-3.03131957342131,145.446921306775,-8.73376885141491,3.34531672655397
