"","","par1","par2","par3","par4","par5","par6"
"cv",87.447078126371,0.946393332150779,-6.11402826844979,-3.0837919834192,760.012023519762,5.39283171461054,-1.1381888109482
"cv",109.543190783465,0.682173167954775,-8.25740797104682,-2.98546293848989,217.430101087241,9.05179591796704,-9.60876448079944
"cv",78.1490045426538,0.808932778901798,-14.204618573428,-2.92747118893767,226.221688523646,16.1043789757905,-6.82162164437876
"cv",85.401947466029,1.02466934810956,-14.2758315449717,-3.30242133744929,278.687133577302,-1.0227156184416,-0.221635927405174
"cv",94.2440336646335,0.978601054321363,-9.51911875101782,-3.26089843554547,445.928604514415,-6.06481498628901,6.99323643989107
"cv",81.9567719420625,0.87929659487857,-40.8879528796182,-3.11667242170616,825.820621472053,-22.2869992886823,4.888885486871
"cv",85.9440810154971,0.866993377473084,-18.9807749482271,-2.96933097870306,688.124927226454,-17.4783917341568,8.012829416266
