"","","par1","par2","par3","par4","par5","par6"
"cv",88.832533916555,-1.23743827529388,2.02378340293794,-8.76729537644397,526.388889164613,-20.5929300940972,-5.04252964728775
"cv",84.5527163607645,-0.709944263589582,-0.485964689569821,-4.53110202715237,-257.503887581101,-175.10778284039,5.0518137805233
"cv",70.1801667390302,-0.82715927592375,0.440917921252549,-5.20522166189819,-821.506120546374,-99.3850183762818,6.77909914836602
"cv",78.0989468399467,-1.13301353433102,2.85545101739467,-7.21528079875998,-494.83843985309,-61.9075130907747,4.33476149547891
"cv",79.1688031152307,-0.944364962217276,0.142901257684036,-5.44807388080525,-417.93610563199,-154.323280544087,1.58716397359967
"cv",92.7497517534874,-0.989771919624888,-0.259204770974044,-5.89349962084853,-968.434450750233,-927.911852634437,7.04601233729099
"cv",88.9926765419851,0.9313785028715,-19.648507157558,-3.58601418521232,424.757974899544,-10.1230882049822,0.631732088011844
