"","","par1","par2","par3","par4","par5","par6"
"cv",71.1832472918275,2.71737144038079,-37.5005586604607,-6.87035468913447,652.14655806016,-5.34686391758623,-0.478363855084077
"cv",98.2984238003625,2.29020054971055,-48.8760181215679,-6.33254266242833,897.017789771669,6.83273316238012,3.28993576693232
"cv",91.1793708751894,3.50731906777867,-22.1598526928574,-8.56813798150454,975.693580228835,2.23378986907142,-0.34260273351403
"cv",72.5545306972903,2.47524660379573,-47.2792840796649,-6.27055329736322,849.582269322127,-21.6736668348312,-9.47669949936457
"cv",90.4204151901532,1.56449663570361,-15.399670235647,-4.59585136228269,884.28767241661,-12.2998116537809,-0.698359538801014
"cv",76.2121169945733,2.45007407073216,-42.2556114102192,-6.42983407247812,908.451123844598,-24.2579004162668,-3.22926014557382
"cv",73.4650427841581,3.22426627173288,-45.0690549656711,-7.78990519148691,663.386301903703,3.81417439291732,0.22447383908608
