"","","par1","par2","par3","par4","par5","par6"
"cv",104.003630487949,3.03194969643784,-40.9108916706204,-7.37266893816656,537.677964561162,8.41666379682481,-0.318966400809586
"cv",72.3593704555742,2.80881087524041,-43.0796357558094,-6.84619145002216,684.626987591047,-1.53235417664338,8.98512546376475
"cv",99.4751013107471,4.07012490807224,-45.4119060783657,-9.4418691544766,936.297127734203,-9.9850727418308,-6.81261454887012
"cv",76.3254258054569,1.92933750706425,-15.9980764536101,-5.34451344405452,403.114327621011,4.73400134629611,8.85084618698266
"cv",81.5346932548411,2.21003241548614,-27.8484065770458,-6.51084031003896,342.565708631277,9.27392067566518,7.17499906712975
"cv",77.6749466750984,3.19466438457632,-39.5084857667973,-7.77810528391418,260.141356618726,4.93084540187541,-5.35189755938575
"cv",103.562943485993,2.47394251902316,-19.2855496753666,-6.33927581263805,842.673121020198,-19.358292933508,8.18996946970262
