"","","par1","par2","par3","par4","par5","par6"
"cv",94.2749921789604,-0.126755454452255,-1.24978890394522,-3.60268110975425,647.40705256039,-49.8351661619343,-2.8199457887675
"cv",81.5132762863576,0.498163443310454,-2.61696570598364,-3.11606989417626,679.898026209384,-106.390666601708,-3.71671535741263
"cv",77.8404849713406,0.666051420856904,-3.29364648924789,-2.92784236865029,671.846839293915,-136.431995220876,-4.49822230038206
"cv",111.65867339857,0.67656854161699,-3.32712414394407,-2.91434173649944,787.23233304233,-169.761399198163,-3.62517005208196
"cv",100.011481511222,0.488872515716461,-2.46515237378445,-3.12442469461089,620.015129594791,-101.657170007013,-6.29201475751177
"cv",109.890838273057,0.540989440936973,-2.37425256389602,-3.1621142720221,809.5822785981,-123.963432270969,-8.24281662022296
"cv",98.5034980986749,0.601411701228905,-2.75168138919529,-3.00210425864587,242.987101735735,-32.5169596517688,-3.06450254647957
