"","","par1","par2","par3","par4","par5","par6"
"cv",72.2265159449565,0.853612160789277,-16.0052391902685,-3.41216156580418,295.230353302251,-4.5865345707269,-7.89754623495858
"cv",86.716403584027,0.902900988179259,-21.113703758796,-3.69939774800184,376.337549878568,-8.52936681334297,-7.00237992496791
"cv",91.1401421587964,0.906480194333545,-26.1084716529552,-3.62492925496748,390.197795390248,-10.0528212679885,-5.62663379590958
"cv",59.2609604452121,1.08644129568658,-39.0125667174326,-3.74503068645577,320.722117059318,-4.07571301873311,-9.90856034594675
"cv",86.5573351685853,1.59223797133754,-6.22902771792587,-5.05548420526663,282.511484206468,-1.82782304390597,0.766323686402408
"cv",73.8414337502116,0.857278613677526,-9.52977304919521,-3.37291788157409,999.477462289194,-41.4840209974507,-3.26262694764539
"cv",91.5590730407795,0.797797306019974,-13.2052362848411,-3.49313419926159,280.095423783195,-5.01474526809121,-3.79343557345428
