"","","par1","par2","par3","par4","par5","par6"
"cv",39.4492919726473,0.0614290391011293,-2.94155094371888,-3.26982145378971,68.5113979553187,147.020787177195,-4.41214913826658
"cv",13.7468564102608,0.126596397448106,-3.62579754724336,-3.13146308952326,70.3850248095887,127.360390903938,-7.96951130679593
"cv",35.2244109294276,0.0740974221127514,-3.3939997869424,-3.1032480501469,71.8121576521303,182.84659556254,-5.327486731112
"cv",8.39521771199191,0.109767463546927,-3.18033422973108,-3.1680681745444,64.152101388904,160.104034071104,-0.391436266703
"cv",132.148651693361,0.0686742168615026,-3.21438172497711,-3.33104979541374,3.44559224684149,757.352733533625,-6.28996516047152
"cv",44.8966697766713,0.0160418214770027,-2.87270871359454,-3.26620277948105,61.7546780352791,149.57098564181,-0.914222715401624
"cv",58.0905609013871,0.164609962422202,-3.43547407044145,-3.14764983547486,77.28212203664,116.774258859219,-2.74545904971461
