"","","par1","par2","par3","par4","par5","par6"
"cv",90.1860760130041,0.198578619308044,-1.51158921089461,-3.01071737697562,-40.3330850027641,-541.49486751981,2.48824914179883
"cv",74.6827962533319,-0.059858806653309,-1.26752527204264,-3.38984603329165,-443.593309545435,-194.61136339852,0.35179806320991
"cv",97.4442204299259,0.654613464226148,-3.24462803885246,-3.05285336562258,190.405857441123,-14.533635952804,0.714410765332757
"cv",76.1024139490807,0.704782449071107,-10.7519622028487,-2.81490687782895,43.4454536638007,3.54070599842322,5.3359573348747
"cv",63.7475310124992,0.702227455210156,-25.0965727176985,-2.79763232963783,96.5888109058142,-3.2176012173295,-6.57007319741633
"cv",93.739438862571,-0.224272449232541,-1.11355901416391,-3.57948839791226,-540.570305772235,-611.187200527638,2.94420854277398
"cv",44.7517065472177,0.722044928563993,-25.3082338018178,-2.80656213644454,91.5991827053085,-0.86716643328711,0.406933911144733
