"","","par1","par2","par3","par4","par5","par6"
"cv",165.685266417609,-1.09060962150763,-0.301192093665913,-6.71316596429855,-494.05506086414,-588.040319122621,-0.697606509470471
"cv",107.193761922225,0.749900106256092,-25.8832785629896,-2.98423871168065,567.1529811963,-36.9117613266761,4.04217726333736
"cv",77.6199835350606,0.954206094074959,-34.776896614524,-3.60240351154585,220.418714035922,2.90402015986784,-1.27104954350612
"cv",74.6479096936865,1.13776241291048,-19.1071146254737,-3.70954835674939,496.549583557534,-9.98660289578232,6.23643950400415
"cv",72.9598412228014,-0.593604675842925,-0.822301279753447,-4.49154419565424,-472.240955911564,17.3999835980534,-1.03118987288326
"cv",98.1498148065341,0.64726711324241,-13.5513807676213,-3.08962105613314,185.223393168814,-0.906783167458664,-1.89515336761932
"cv",65.6259071821401,0.845368941369676,-28.465924133744,-3.22902794825734,199.496322968696,-2.08682197639279,-0.641648725244137
