"","","par1","par2","par3","par4","par5","par6"
"cv",68.2139524108494,1.38522843813616,-37.5755617139924,-4.96702294923381,190.494673557787,14.9764024025539,-3.05622120684476
"cv",50.9321410305389,0.717470621612602,-19.2552285745968,-3.77770476287101,261.381807978349,-12.7796579712707,-8.46789472248923
"cv",93.2534830651802,0.820557484159008,-18.1193692837764,-3.9684033079778,253.438980278573,-19.1572333061161,-0.581051331984674
"cv",23.8206782124504,0.751315458599779,-14.9516784984779,-3.76437793976655,276.672233077964,-14.0173619829339,-0.53319642197724
"cv",25.2342037841122,0.733950900063921,-36.7849492420016,-3.71876468469868,251.641082148364,-4.89453805445618,-4.64182847534787
"cv",29.3279318899314,0.74967601243004,-36.4785956938023,-3.74728851833714,199.477817641565,1.10757209443559,3.14526601306587
"cv",65.433528859785,0.495077573684015,-12.3322429098549,-3.2304521870583,254.192950878681,-27.9891359388421,-0.0181020616170575
