"","","par1","par2","par3","par4","par5","par6"
"cv",41.3324999280817,0.116399040213397,-2.72225929807559,-3.16516466126311,15.905195915332,981.411245123427,-0.0643999442783483
"cv",78.6924409875521,0.384686031686841,-11.1293177734117,-3.0550395465025,19.464535613581,587.770072234441,-0.848861367193543
"cv",34.1897516192024,0.00368569315843992,-2.45177423498225,-3.19865941346652,135.468806811256,-132.127851404933,-6.89433228846193
"cv",48.2798695265667,0.136965609034655,-2.64820256025631,-3.28269478400255,534.719421450047,-476.25967154418,0.0807800973860803
"cv",30.0915856084321,0.204802826952508,-14.5613699568875,-2.99904200946569,176.131741862905,-147.603439267156,-0.192849376763021
"cv",32.7580264047344,0.191400654008347,-31.2097277544806,-2.88122843135968,21.3456400647174,762.36606628539,-5.07891501231239
"cv",51.0335961107349,0.0721104673284952,-2.91237063350069,-2.96583650228977,-0.508063134974051,919.096570941083,-1.85334180980239
