"","","par1","par2","par3","par4","par5","par6"
"cv",159.118968394054,-1.18676729455515,-0.530046017694123,-7.52321706024743,-927.418772497807,-920.605252771255,5.48372703687045
"cv",97.7092857989962,2.44142794433245,-23.1361500258546,-5.75377151703818,231.14624084456,8.07929165464022,0.339636009289558
"cv",83.179934701,1.19163698657067,-39.1531137365601,-3.49825966092344,445.991010766125,7.99777882715022,2.71504756175417
"cv",91.9253276734609,1.20449565449939,-48.1790264835581,-3.47932612717194,967.272855341434,-31.0837738463819,-1.21337014946294
"cv",99.8133803682317,1.49482736709306,-40.1559215152312,-3.96727204876048,747.211314142465,-16.4667237027037,3.87649778363417
"cv",79.2122489663081,1.55738091517434,-12.7934660024471,-4.06158128523237,874.558321665811,-23.0792568593615,-8.03529125172645
"cv",72.9173912951201,1.11375432908535,-46.114360675228,-3.29791674335012,715.06539471568,-15.3288162382842,-2.28711503557861
