"","","par1","par2","par3","par4","par5","par6"
"cv",98.459743173708,-0.712130013982286,0.146984703838825,-4.35266775870738,-146.747204090923,-340.492617682297,5.38199011360505
"cv",85.1320815497788,-0.928705357385053,-0.0938034773787848,-5.45130787110281,-663.977131620192,-162.608258214681,8.29323263066241
"cv",74.9426723481394,-1.25480131226516,0.190753566914277,-8.26257319387937,562.520442474297,-878.325690515339,9.50257814413341
"cv",84.9571884024588,3.48439484524925,-11.0700679402249,-8.27001690684531,499.261025420559,-5.66318118944764,-9.70896809564554
"cv",80.9889651093956,-1.11395672970653,0.580690465867519,-6.84149074737711,-774.448892696309,-640.000111997386,1.95769308600575
"cv",75.9276142657633,0.868171644786029,-36.8106128647923,-3.2453339793802,371.247351169586,2.69967260968873,-2.01002879145369
"cv",117.742385734761,-1.19507221764743,1.3023561991626,-7.85288265746203,456.543874692891,-960.089363157749,7.19158254054124
