"","","par1","par2","par3","par4","par5","par6"
"cv",65.7500076859402,-0.983886235132354,-0.0214636409055833,-6.04825828166878,-589.769187775276,-769.416142002253,5.22968319257542
"cv",94.2434371983884,-1.25620112385407,1.05792887803167,-8.55710927598383,-222.848459296275,-673.177234987,6.89022084514879
"cv",94.2613240970209,-1.23315298399549,0.970032376435308,-8.68409740617009,-51.5442778094956,-606.317909557537,8.93633267842233
"cv",44.2570062204775,-1.31450556005126,2.06602683150522,-9.25375760035984,-90.1468192760809,-328.530131111343,0.759677118621767
"cv",92.8298111659682,-1.30531289820112,1.49236098631175,-9.05385623878452,-868.053802296519,-364.940178573116,0.914315292611718
"cv",72.1677821567683,4.0444434106336,-41.1479176044534,-9.26036695018411,774.675922352162,-7.01581631040347,6.68971407357118
"cv",94.5190569480661,3.30080451606817,-31.1532119870869,-7.83485709551112,792.709442786872,-17.737543295731,3.37156296047061
