"","","par1","par2","par3","par4","par5","par6"
"cv",88.93563697442,2.92788339331791,-21.0512921069067,-7.5808985824112,600.515760922929,-8.95284134306462,2.84999726697312
"cv",88.938217162866,1.04270664466984,-22.8123478257961,-3.87743105569167,332.870371495314,-4.29180006246513,0.321136763841554
"cv",87.7104277644644,1.21141487124771,-10.2373140968422,-4.0192113397643,415.929631984359,-2.55372070612703,-7.3695159389214
"cv",76.2372651369181,3.10134766242056,-33.5340664460086,-7.74317004897824,527.737846556417,-2.86942092701793,5.72782682786771
"cv",76.7916781781376,1.13005760547856,-22.2472682228425,-3.84362901498594,829.002388334804,-24.2098435620829,2.6796282781288
"cv",81.2249288203863,1.66119106070651,-34.5856918757538,-5.06436398341261,305.354766787445,1.45860306730397,-8.18431717615155
"cv",71.4474039605923,1.10406321975516,-19.8327365021915,-4.05730087210836,704.61522308103,6.83510916854112,9.83531418438561
