"","","par1","par2","par3","par4","par5","par6"
"cv",92.7384609831659,-1.02623806878531,1.3596978551547,-6.08930783742694,-632.94385179928,0.59557283425303,5.67011078353971
"cv",61.8281721336723,-0.537312251026115,-0.576711106298209,-3.9876727295469,-221.936118419427,-564.921030323569,-6.81228715926409
"cv",44.304435799584,-0.983755683257364,1.06215212494135,-5.81282999247696,-526.615110564635,-288.076400085566,6.35400118763473
"cv",139.454001453573,-0.875929534398018,0.29804038349539,-5.42014010453939,-504.738951316476,-945.385087747127,8.64911321457395
"cv",102.68693237931,-0.978768892989668,-0.0876113123872813,-5.64091708805899,-453.19080577113,-440.67722174601,-8.12015740067867
"cv",101.109311740208,0.911231633133309,-25.9113232843681,-3.41975809129885,553.271325327152,-12.879426730354,-4.18783746202455
"cv",58.6010551899405,-1.23138234615632,0.998617458364812,-8.04852455988526,-142.508030967416,1.46481500481445,-1.84622610043357
