"","","par1","par2","par3","par4","par5","par6"
"cv",1.12048189032294,-0.412835476366984,-9.82842083358446,-3.1565275000579,-3.70428890459635,307.422083132736,-1.30110115387806
"cv",21.5476634286561,-0.577439097941231,-8.2294859267467,-3.16624126494171,-7.18606259872809,395.339938955974,-2.60929558852206
"cv",4.81247500331771,-0.50212018266151,-2.91763842105865,-3.33580706199815,15.6326086319366,183.737192021671,-5.24565735548492
"cv",39.0160322348398,-0.308913447425375,-12.7184585232975,-3.31522783175412,821.053338744343,-58.0423455233474,6.45858096003604
"cv",13.337749620541,-0.229508652258195,-4.14649821600671,-3.45203376369715,769.09480958836,-147.385760086596,0.106240582758349
"cv",53.4380888592255,-3.22608122220152,-6.48727556425568,-3.09783913579905,966.695734436401,-378.411431904665,0.346131976512924
"cv",26.8455289327433,-0.338596939128812,-6.02273237524011,-3.35305228235671,796.49813277957,-168.959196516935,0.0574376100646079
