"","","par1","par2","par3","par4","par5","par6"
"cv",91.6934111788692,1.14272187769314,-21.7079603629093,-4.1221765914234,271.511326694252,0.900087103431375,2.26734193270439
"cv",90.8838187675237,1.42372973450025,-26.0836204842451,-4.49262367736658,620.93196376528,-12.6688590489453,9.07280898652971
"cv",86.1779531231809,0.962842928345526,-32.4322513802198,-3.89075101964632,272.248771277309,-0.69989712223753,2.21395792806084
"cv",77.8165241738516,1.11909710450521,-30.6935093388695,-4.36141137198522,399.414882072724,8.56067428035225,2.40347368827689
"cv",105.111423982737,1.34653845416752,-11.3734922549844,-5.28925015474304,357.896881994482,9.64259858387176,6.44849106992724
"cv",79.3459239382996,1.08256110360269,-29.5585157560732,-3.94269716717783,286.171394764327,0.207826505774662,1.25096565112472
"cv",87.5264532604753,0.945480282620596,-28.5509806377181,-4.29041171496889,863.611843878617,8.97041095225081,6.6466590621442
