"","","par1","par2","par3","par4","par5","par6"
"cv",99.3894358510698,0.791169156679732,-26.8942405790616,-3.12757622987162,725.519466019649,-19.4124800580352,8.0660568876192
"cv",76.3187077219296,0.733628159202446,-42.9145601879648,-2.92405578624472,187.535566397296,9.82240394329051,0.309354577432346
"cv",85.6976643131149,0.779467911601716,-14.16253357495,-2.9782662778003,457.482990343124,-8.57369691433814,9.9289813035921
"cv",91.6509529498148,0.717806682765109,-40.7309833293759,-2.96559811390589,688.019308430924,-17.9440697752762,9.75639078841209
"cv",107.523786262651,0.725749482721572,-14.1937401767879,-2.94964880798508,217.5011268347,1.2867591858343,0.219435370215415
"cv",101.468173679481,0.899854827394001,-32.4399114249805,-3.16355509914301,237.522362323064,-0.541704761443359,-7.94040502711755
"cv",89.4746599040153,0.747549093859398,-21.1136728488946,-3.02894646532421,225.807692002015,0.201371554562765,-8.828757526353
