"","","par1","par2","par3","par4","par5","par6"
"cv",5.58764628144612,0.260972643526349,-7.79308317496385,-3.40559540076674,213.607930398192,-27.6301227786949,-0.488122585229576
"cv",15.6545010893404,0.0494773799979223,-3.77016242449333,-3.27026474496949,216.740450811718,-69.5909903603035,-8.45481403607678
"cv",118.847918855925,0.0642002813964789,-2.7528508316941,-3.57731299744551,214.635425559489,-53.2131261867621,-6.82657639221117
"cv",26.774906069581,0.0580110469717892,-3.87633189093322,-3.27323111510061,206.471867887685,-64.9885324661861,-9.71682248171419
"cv",68.9643892431413,0.0101923545551383,-2.85955261392187,-3.62379036670834,230.044164460706,221.815794922907,-2.81133682787151
"cv",36.685366098825,0.0407938198124728,-3.50321774498178,-3.3663695026208,209.647159728939,-51.2357151455238,-3.55188220480672
"cv",79.4465615898924,0.0573409297056327,-22.582849236066,-3.28272279699638,225.409326274942,-8.11216485562937,-1.02418493357741
