"","","par1","par2","par3","par4","par5","par6"
"cv",54.0339385810353,0.360644234444293,-28.6314360781472,-3.48051180491604,76.0523817833813,119.281177657606,-9.93314851541072
"cv",38.7695346885626,0.451572889085197,-18.0003435985551,-3.48776189690318,83.5960556228628,107.257865963722,-8.41067687606097
"cv",16.1846308022851,0.416762332942957,-14.9591347255894,-3.47925279829163,78.891642129889,115.349260973358,-4.09688510403838
"cv",53.9267715497515,0.385062608406499,-21.7118276687228,-3.40447543164199,78.1410247685873,113.688399453155,-6.82733332278988
"cv",47.4510789709564,0.533214626722729,-21.5627108436244,-3.59406663325537,79.7299716427598,113.974851207273,-3.02041138940906
"cv",34.3366178335945,0.427943312907301,-35.0544346197616,-3.486719145492,82.0465231604313,62.7279952893495,-9.50066472403705
"cv",39.7963235669522,1.93304374474724,-42.6430915343032,-6.32621499069568,90.9684102683235,50.3028112993027,-3.57660227133225
