"","","par1","par2","par3","par4"
"cv",48.5022390626301,0.390321078724888,-2.01221763392037,-3.79118755489734,-4.65833096958802
"cv",45.4824928861274,0.444514200772003,-2.09870683003696,-3.84176169013146,-30.0048263394287
"cv",29.6999896470779,0.383502066282247,-1.93565779392532,-3.75758724875318,-27.6302296289499
"cv",18.8716220425906,0.362762573744915,-1.99985221523896,-3.72540862214734,-4.23518144543318
"cv",33.7775123227536,0.409400593170063,-2.02787045889376,-3.80826336171531,-27.7892593426656
"cv",26.7865120183384,0.42112945236926,-2.01482780382527,-3.71106195970007,-33.1819437753217
"cv",24.046833491251,0.486098886658246,-24.1894069803195,-3.4360572144512,50.0529983551187
