"","","par1","par2","par3","par4"
"cv",93.3380853126789,1.04464512098225,-4.09423078448077,-3.50840208324405,222.180043279736
"cv",103.821195596002,1.32503147169284,-8.19639829362056,-4.07970670649025,221.341183274457
"cv",78.2517991832954,1.03496918188225,-3.75999323520922,-3.52735164729007,215.147473975819
"cv",70.4399795255439,-1.262510824714,2.23656774935126,-8.68300370649295,30.6136572791084
"cv",72.6254123675935,0.999195396773686,-40.4079662965621,-3.40519891009246,220.950676910892
"cv",88.9541256319039,-0.655377844507802,-0.636329719727335,-4.33439358220438,-165.11303345807
"cv",84.7822002928519,1.13575074258972,-4.10466327268356,-3.73331753001802,221.773517055676
