"","","par1","par2","par3","par4"
"cv",151.981762375575,1.09234781162342,-4.69971141157605,-3.84924400447309,252.216064960357
"cv",66.1802977372035,0.629440107853195,-5.08291128794826,-2.97433620307989,230.556157927607
"cv",80.0158784954911,0.636251990349886,-13.8096810709719,-2.98139531069089,225.770978214129
"cv",73.537240343936,0.586207059725407,-6.6640545453371,-2.94759655631306,223.273851916767
"cv",68.2555725289122,0.623262053252064,-6.54303882577965,-2.95363678718893,226.376995468359
"cv",65.738376862031,0.626091878497462,-4.8984773260722,-2.9772276159242,227.411709127007
"cv",68.4940604475804,0.603482348770392,-5.86499485686563,-2.97209030091996,225.018152845648
