"","","par1","par2","par3","par4"
"cv",80.273350566729,0.902558127318521,-10.6629686278277,-3.41999240437477,232.450826945109
"cv",88.505725355285,0.935706148663042,-6.64678594073775,-3.46554516788076,238.139608648911
"cv",79.1765625039649,0.881578586953412,-7.11289570824609,-3.35884556942169,235.993946083469
"cv",84.0416627342613,0.924157696269756,-17.739809944268,-3.44084313293626,232.520671730554
"cv",95.9866091782979,0.898516836968749,-8.18092315454821,-3.40170890043286,231.838135370985
"cv",73.5297338934257,0.90187976581322,-40.4779937797911,-3.41163430054782,234.874994394217
"cv",82.3217621712415,0.863751332609956,-8.85911325491589,-3.41107174541373,237.155771394283
