"","","par1","par2","par3","par4"
"cv",33.0114696275219,0.116304514872325,-2.86315979989093,-3.20495615782813,214.07220546154
"cv",80.4495201465851,0.306623296614785,-11.5898789466619,-3.14509188333396,101.442429474448
"cv",33.5774438614936,0.0801221129730663,-2.50199027282908,-3.27446170563759,221.975509819348
"cv",47.414210582589,0.0161023606432551,-2.39434987890208,-3.22328032200308,118.785776156834
"cv",32.0296523181711,0.00669655683951671,-2.30625220410307,-3.2755292018202,207.894778268353
"cv",31.6775755356182,0.308474823410954,-11.7537189845093,-3.05620918738984,195.854326555468
"cv",46.9330083085664,0.0381178191493641,-2.29416238375175,-3.25305492356952,215.78338849513
