"","","par1","par2","par3","par4"
"cv",43.2318755924999,0.0549294680462594,-2.8289993873451,-3.33861372147021,226.189258449666
"cv",13.9325693352757,0.0604195817845031,-2.95542537350507,-3.14685621035116,99.5762739776237
"cv",37.9956184116334,-0.145732864723917,-1.90800443261838,-3.47938656924022,93.8142615918384
"cv",8.58246653565927,0.185473211922714,-3.54150125424734,-3.23551313287177,216.584298203728
"cv",99.4837236961352,0.0796785924176693,-2.74806503495363,-3.39229281275434,91.5419372502397
"cv",45.8642982811166,0.0367671258806099,-2.79492652253711,-3.32490680493249,221.996194959744
"cv",61.8056488583425,0.032479998954108,-2.63502006071686,-3.29369069970402,225.791140787878
