"","","par1","par2","par3","par4"
"cv",89.0903917866976,0.585708214383067,-2.38170702521652,-3.02281832940917,100.295556555161
"cv",67.4643083893246,0.665071087877768,-2.45862395246194,-2.80547742664775,70.576406805175
"cv",85.3763749798238,0.659121169629944,-2.57759337522972,-2.81119796637584,69.7479581366485
"cv",73.3914279713442,0.619518257632693,-2.33082200572818,-2.83489941925979,74.1836343441114
"cv",90.1552082578787,0.589848014508927,-2.50463087387338,-2.84430517904256,70.8397965120439
"cv",76.5926216586915,-0.311477543652091,-1.11670312268316,-3.42101086926569,-76.6290952451527
"cv",75.9708448242187,0.593419481736049,-2.32182516179503,-2.84882445536047,67.1540999414641
