"","","par1","par2","par3","par4"
"cv",112.203701471875,0.859377133316062,-9.5524609631705,-2.94152704088556,222.587542532396
"cv",89.2321247574004,0.869104433746935,-7.63223772695983,-2.79654088916798,213.906973280008
"cv",93.5832644792803,0.796135118223642,-3.74587913022389,-2.85343309984163,212.560600610025
"cv",95.6533370131773,0.883802357819366,-7.69433272118137,-2.81741720119138,214.085027881543
"cv",104.057541408276,0.840287040545741,-9.61065373226891,-2.95749969675347,217.489026498713
"cv",93.9770205768332,0.864783649860703,-7.83321603255283,-2.87396493768874,220.334743230954
"cv",96.919786741082,0.699179453273032,-2.99863214293844,-2.92297654049195,221.091402417922
