"","","par1","par2","par3","par4"
"cv",80.1035848394951,0.506047810462768,-4.90999410708081,-2.78904456688217,213.56320247115
"cv",88.4410255583142,0.515365924760807,-4.94941128855947,-2.88373067238218,224.056666085756
"cv",86.3796002120043,0.538839627556264,-5.41261616552077,-2.85693680445174,210.403600370335
"cv",107.616712485793,0.46761345770648,-3.86332765346314,-2.82674516965022,215.562311344853
"cv",56.8356693158077,0.584183928535318,-4.96158769362435,-2.824780244497,210.867394922169
"cv",88.1335664720497,0.48461326648568,-5.45498806501207,-2.80302642460598,216.85695300019
"cv",76.1913079869768,0.591286885079594,-5.57136257320478,-2.83646295552679,205.289106434472
