"","","par1","par2","par3","par4"
"cv",90.7897576593466,0.959581591154343,-9.89238810081406,-3.41157072794238,280.493978151948
"cv",86.3413431218272,-1.27027294506705,1.97514141909778,-8.54730428069681,-13.2423387547915
"cv",76.3168354559915,0.888784894570134,-11.1076628789306,-3.30528508000242,259.330825998587
"cv",88.564401234646,4.33004213211911,-38.971361774673,-9.95888312984143,314.872679879498
"cv",88.7878282032622,1.00043770865037,-25.4323140737115,-3.45191192103564,274.586301860387
"cv",98.6690259404592,0.904723701291008,-20.2073714928702,-3.37312742230332,256.792272594186
"cv",102.513495551277,1.21736879212861,-27.0419659267198,-3.86302546424158,255.113374267066
