"","","par1","par2","par3","par4"
"cv",105.519101764546,0.79198843498553,-34.0904605595593,-3.16753359033901,249.983725047372
"cv",106.002136093709,0.79179641721937,-43.5247846676431,-3.18877614860634,239.729475425166
"cv",77.2194221089017,0.723809529753294,-21.2339322908721,-3.0927354757146,239.919594376634
"cv",91.8681257060866,0.850210145774213,-35.0619728227902,-3.18582600238626,248.635446951866
"cv",96.6135476077696,0.800113111948722,-30.0643092210314,-3.19231259141526,239.790374365236
"cv",71.9850661818483,1.30958620490605,-47.9839763503501,-3.69209109289741,274.358458812514
"cv",42.4300472825037,1.12951652651172,-28.5860961573272,-3.38899969313448,273.889305256541
