"","","par1","par2","par3","par4"
"cv",86.8149218425177,0.588647079226252,-2.23273043753208,-3.99210176707595,240.592594865621
"cv",64.988359078449,1.15670628088867,-4.61132016575783,-3.9457160626764,242.106100348442
"cv",62.7450870727383,1.51132698717417,-4.82295236181282,-4.71223831770153,258.973576628381
"cv",71.199991139861,1.15629237417437,-49.7680115746334,-3.99125799390442,237.652148150875
"cv",63.3873363655911,1.32603732842209,-5.53882972674441,-4.25608394382817,246.716964406436
"cv",72.0896806978181,1.68393871294097,-6.03945387855576,-4.94448180485488,265.972727779604
"cv",59.8310321792576,1.26390259782594,-37.9466470587645,-4.13967243935932,241.711606630949
