"","","par1","par2","par3","par4"
"cv",87.5053083233281,0.841009638535374,-27.3297305431165,-3.22658931147132,206.98537116242
"cv",77.6763398062042,0.783435858211914,-20.4563759375528,-3.11998922003198,211.580543679244
"cv",86.2692913133172,0.84735707678834,-32.7461444808097,-3.20646144354741,210.06567984625
"cv",78.8972830933999,0.840532973650894,-31.2463514007236,-3.13624063409845,207.47164494736
"cv",82.1205958397207,0.8377316580081,-34.9382453343872,-3.1686490382104,208.297859729934
"cv",87.9882783024034,0.851039908656316,-42.718614249266,-3.14363804587333,209.927922276998
"cv",82.3934537317534,0.880505414220161,-31.590349140899,-3.31654364228732,218.01730387429
