"","","par1","par2","par3","par4"
"cv",85.6578001275037,0.955375146538381,-43.2202430840142,-3.31199396286615,241.489717818673
"cv",76.4528509394998,0.971113422113182,-9.58722236971102,-3.36309695952038,242.348461424442
"cv",72.1640580802183,0.945581831080786,-34.8129515375994,-3.39272610198934,241.363514361024
"cv",113.348745577549,1.25531096921347,-35.4487976701395,-3.98805509517013,245.386965101543
"cv",89.9320158707224,0.979382294304013,-17.4449256741055,-3.40474011828013,238.09256398636
"cv",80.2683830846504,-1.27364489641243,2.67790042433843,-9.35813311183416,217.258895198675
"cv",73.4043909515145,0.92544016389983,-12.6240499753006,-3.3248552050367,229.888660868766
