"","","par1","par2","par3","par4"
"cv",98.5308276656333,1.02072831289696,-4.18689189107181,-3.76116468178047,225.178594130752
"cv",81.0362677093082,1.79156017492348,-8.21481317303138,-4.97125932719387,277.771579163835
"cv",61.2358343209943,-0.933973933161342,0.0190152991782,-5.64775680513513,-784.78682470169
"cv",58.1048404914309,-1.15416745465438,3.23882197686554,-7.67137961221972,-349.272660040046
"cv",77.0787885939187,-0.767144461134877,-0.560925773870918,-4.53562761630748,-339.251651754321
"cv",73.2159088967296,1.15394366135542,-37.9290331101792,-3.78576930966193,242.873560078756
"cv",69.0390278729481,-0.741755039656882,0.0878221392532674,-4.98704919047103,-250.274220955256
