"","","par1","par2","par3","par4"
"cv",81.5152474004104,0.491484489453115,-39.7473691027597,-2.83625184023274,81.6086593306548
"cv",103.246879545412,0.430021015192986,-3.18421979181273,-2.99635784376738,83.3118210490685
"cv",52.846945130559,0.600589204464798,-4.38785842854954,-3.01308390640678,93.40399062376
"cv",74.7164184884407,0.512841911472685,-3.53858550079167,-2.91577712258452,89.759221184481
"cv",52.5272100610587,0.857747494820274,-4.35604148937312,-3.41674302307142,207.456417118498
"cv",46.4001002434405,0.532856459504901,-3.33733807896455,-2.89528054939397,86.7486542547285
"cv",55.5203093443012,0.912758715628857,-33.7154013337567,-3.46670905986269,214.594030580293
