"","","par1","par2","par3","par4"
"cv",113.084248614319,0.33173100482384,-4.21888415233699,-2.92695440458062,101.373308843056
"cv",73.6553486146824,0.304732407702602,-3.39209498573306,-2.936055407043,208.580337287165
"cv",38.0616849143014,0.372104274543322,-3.42169657443401,-3.03737970836902,214.898678408534
"cv",93.8241709092334,0.328327287743612,-5.09713076430109,-2.82217557766479,69.5403204495198
"cv",38.8983649815745,0.389729124409114,-3.70467035603403,-3.03785477703028,216.884437771625
"cv",66.690654019121,0.40892608545295,-3.67280904816659,-3.09857872977559,211.720532479087
"cv",69.6809217239947,0.499101134047394,-3.81047788794713,-3.16677260277215,219.981788374971
