"","","par1","par2","par3","par4"
"cv",61.2927274376233,0.833457189972396,-25.5357608427546,-3.70726337225828,232.898950564747
"cv",38.3976995024101,0.86459243039458,-19.1299247273823,-3.73472084535745,228.723651136238
"cv",52.7303970778411,0.861682681743769,-37.100460629178,-3.76033450892339,234.203989327975
"cv",46.3460087745573,0.849478197691943,-11.7950897175958,-3.75680773754723,231.567966581358
"cv",83.5674782612611,0.73978087756804,-4.62383375759098,-3.79688582636815,228.251068980652
"cv",65.914252351586,0.86494999453606,-38.9682055265799,-3.7980220849253,229.03597701865
"cv",83.5559416673396,0.889333872241624,-26.890791204356,-3.96327593694614,229.279419142259
