"","","par1","par2","par3","par4"
"cv",78.9799791032171,-0.402243113644327,-0.726019650157391,-3.52449227889887,-380.446047894657
"cv",82.376287794052,-1.34844564533747,0.798319457508624,-9.50923552677466,-333.279379899872
"cv",77.7401975271625,0.694028245914173,-2.0303085689072,-3.29140675194982,208.169700707984
"cv",69.6753027696039,-0.418672562883508,-0.673758870356186,-3.80301984766084,-367.292231344934
"cv",83.6677775401222,0.632177711195334,-2.00912266594403,-3.32067624285152,214.342541502554
"cv",83.8796575608226,-0.339651936551091,-0.70878934105906,-3.46266557118363,-818.183065913186
"cv",89.0370447669246,-1.16719839778671,3.33667676199699,-7.32841498258672,-383.765568856732
