"","","par1","par2","par3","par4"
"cv",0.893165164047936,-0.241656371201202,-5.19145708091038,-3.33758707682369,226.306915493203
"cv",21.7611968637292,-0.268780787260925,-5.59465303588372,-3.31020886510165,102.555213054953
"cv",4.87349165120221,-0.268596254583232,-5.10143277334519,-3.35534205978667,227.902779093936
"cv",39.6201204239899,-0.279943802863913,-5.89595731858347,-3.34451031122565,99.0777816059031
"cv",13.2444293971273,-0.23147026882445,-4.66907079917828,-3.41650211957978,229.691138892384
"cv",227.789040665088,-0.91113669313203,-1.33790212102005,-4.89841105628188,472.500317519031
"cv",28.470592963949,-0.343224329690618,-3.77468419845935,-3.48218356629706,217.889010228465
