"","","par1","par2","par3","par4"
"cv",63.5043686498449,0.807492661035024,-30.736240091121,-3.28695789599485,198.781751827107
"cv",95.8320896319853,1.0228272852565,-48.3247813375627,-3.7291173755727,208.379272008811
"cv",70.9954702427613,0.828687986070979,-16.3002804353027,-3.30188430543364,196.895761839481
"cv",90.6566490186278,0.619243140657793,-13.537259874093,-2.88546055555411,40.6464299233772
"cv",72.3406329085505,0.888721624826674,-33.1142224558244,-3.34261390760967,201.931782694228
"cv",47.153657461195,0.973188283029551,-5.92730690592712,-3.37456893551445,204.061121462857
"cv",68.4797926787594,0.904914689143175,-12.3092761548115,-3.48318242547958,216.010716218656
