"","","par1","par2","par3","par4"
"cv",84.9714635239713,0.667512431795426,-2.29684236571953,-3.40093370754183,255.158565453467
"cv",100.743291632092,0.627649201054986,-2.55771566197799,-3.28109380160642,259.378798364565
"cv",84.874690505614,0.557844205577577,-1.99203935518215,-3.34197573122727,251.394709728958
"cv",68.0613671034734,0.590214744958052,-2.2533333046526,-3.22653150878509,246.950891187275
"cv",88.9868971535551,0.499066904856078,-1.85307358838735,-3.42244431701251,260.189723496162
"cv",92.8119481775502,0.657233413036538,-2.82795213432579,-3.22144846962014,238.615656311802
"cv",65.3278278707028,0.588212736810103,-2.46172436064047,-3.18298115229126,258.181738636857
