"","","par1","par2","par3","par4"
"cv",65.162429569728,0.294720361712071,-4.34365568121148,-2.84514113725335,79.7164741688297
"cv",88.0769415962702,0.383977245168299,-35.7946595090715,-2.83778528782291,86.022593916567
"cv",38.4751126889277,0.468053426618825,-17.8727439249595,-2.81425377838344,87.9767374439371
"cv",65.7182924987914,0.403030301790773,-15.9570585773652,-2.89743077168722,89.9255254516785
"cv",55.5079345318327,0.370657224491306,-3.33658901131801,-2.87746891734872,89.3274857948383
"cv",73.1039623636636,0.393115666691665,-4.40954224418689,-2.87165904040488,90.2594671396014
"cv",113.69389502488,0.390044224517452,-15.5255725129913,-2.90959425971736,90.7082056235833
