"","","par1","par2","par3","par4"
"cv",84.1688691547708,0.192165241161467,-1.80252006343085,-3.30230881724158,32.1689056002241
"cv",61.0043922689085,0.23091243125411,-1.77996973076229,-3.38977714260252,35.2842087332332
"cv",56.3482320217547,0.0494348527155141,-1.45393951513045,-3.36633120500779,-416.981385005099
"cv",61.9285606362149,0.0836894826721387,-1.60968073158009,-3.33146445559048,-9.81726650753831
"cv",34.3241047621188,0.30627137567661,-1.89342132540916,-3.27621151984696,45.8691232988372
"cv",48.249848988608,0.34055142187984,-2.1489494794686,-3.22186304600901,34.5936867824227
"cv",62.6313477240983,0.422756042579444,-2.17736465230011,-3.22647970677108,40.0044498656856
