"","","par1","par2","par3","par4"
"cv",80.692979975586,0.191987608652378,-2.1508816185097,-2.93575014274348,117.756234779853
"cv",48.7731045184915,0.477375472486422,-2.86769194000121,-2.73849515428274,110.059717853408
"cv",132.337792563498,0.249548938825824,-2.09671034948448,-2.91864913993778,27.6512828187203
"cv",87.387554771178,0.422524264917029,-2.89194190508456,-2.81464252885358,114.11059259914
"cv",108.423586919835,0.429642843316696,-3.01286526145432,-2.79648572109742,98.7861261624501
"cv",71.5603847862978,0.425184337135426,-2.83834095603726,-2.79329352213897,108.509680704636
"cv",70.0543916470962,0.330133675388808,-2.18216640557914,-2.84125834076911,105.235522253318
