"","","par1","par2","par3","par4"
"cv",56.4212605822296,0.933001845563743,-26.2035653781185,-4.00908239909084,271.888165641408
"cv",85.2152305598709,0.140974830659837,-12.0202371801809,-3.04093877655022,38.2175306396464
"cv",70.4024503912233,0.947126895223829,-4.61827280726952,-4.02668506046256,278.124241937168
"cv",71.8647600161173,0.162045474007541,-12.3301745876522,-2.93709192702706,47.0961943105147
"cv",69.4047912674121,0.883297424510926,-5.17881249024618,-4.02815889947289,267.397939705569
"cv",80.5767978618448,1.19060339479524,-7.38610724285617,-4.41301382314559,279.783391401981
"cv",19.6483722238186,1.07002975035603,-10.5460534185156,-4.1015074274763,273.690372585802
