"","","par1","par2","par3","par4"
"cv",81.7699850270665,2.25588113323729,-16.0204163032208,-6.13390536327366,295.881992379338
"cv",75.853021333006,2.65501165595259,-40.6620327727898,-6.93807460955083,302.464449624779
"cv",70.7608526845316,4.19872898610397,-40.0811675169215,-9.89149005159764,710.9921158444
"cv",89.6284084789018,2.58588047938225,-48.7432937603444,-6.70997183159224,309.099038601521
"cv",74.176199788119,4.06116902043877,-35.8127204468474,-9.62613067156858,709.418551499027
"cv",70.6591219074915,2.58335750878673,-24.3367133153956,-6.69989973044813,307.197083695416
"cv",84.9160843764928,2.78533038750533,-28.1967591580551,-7.16581357204471,310.106164152795
