"","","par1","par2","par3","par4"
"cv",89.3188746071393,0.633753888319927,-2.32178499015976,-3.21917891327995,227.934140548736
"cv",83.1322077413672,0.674875252427094,-2.35783434493009,-3.26040390087074,235.969199659177
"cv",81.0235923658781,0.639926640670074,-2.22621606576097,-3.28740367404419,238.998470348759
"cv",85.6158723342989,0.708021637901566,-2.59164372472727,-3.1958617405822,230.824157074274
"cv",94.198422923892,0.784024156657941,-2.76450997560614,-3.29174597191206,241.685761747671
"cv",95.8914294092834,0.556184549282949,-2.09577661951311,-3.31561035162996,232.247752508776
"cv",75.9694355695919,0.64478176180181,-2.4053932289828,-3.18572672563487,236.151480723425
