"","","par1","par2","par3","par4"
"cv",77.1109169446334,1.00947674510068,-6.26849387466235,-3.34179882086246,254.898237906868
"cv",97.1293703030758,1.03971730928472,-13.0561386226438,-3.41481112016957,254.975138130908
"cv",97.0837881363573,0.98261127060516,-6.76696385071809,-3.40821046980867,237.085604270775
"cv",77.428750933022,0.995145913865962,-7.99878843199869,-3.40815422835592,257.166656624777
"cv",76.8799694318669,-0.607552095249011,-0.753340590784459,-4.38737529124609,-505.021595861763
"cv",76.7300308059639,0.928316221723298,-4.16509022815487,-3.39785007579023,265.282116809545
"cv",85.700898947385,1.00639884894314,-7.74661250802107,-3.38158094999309,253.284452712249
