"","","par1","par2","par3","par4"
"cv",98.4186694141569,1.01385340689068,-26.9114252263397,-3.5309434509709,238.590594777221
"cv",65.2707890836164,0.783150552999858,-33.9723222717699,-3.1411932078057,212.946638605918
"cv",111.392373756858,0.984927307573654,-6.73672293996214,-3.59131090371406,221.283360034678
"cv",97.0635146245881,1.28067218655617,-43.5227926319264,-3.86037212303475,255.022275090147
"cv",98.8771977958228,0.790018820940678,-4.04447356794929,-3.26611826431184,210.900548666705
"cv",77.4156401081065,0.754599381231228,-27.1458036681575,-3.34600811301503,212.53016970397
"cv",65.1320546084145,0.959577122893586,-17.899412397069,-3.39424385381452,229.793692954419
