"","","par1","par2","par3","par4"
"cv",67.9654451103655,-0.768016438469689,-0.292576193030186,-5.00812155851728,-744.730222827929
"cv",96.9609972316904,2.1565349064553,-46.0037458663536,-5.64338479331405,251.578634542261
"cv",89.8324304333988,-1.21550571385771,3.6466816239804,-8.34127357326523,30.067919070955
"cv",47.7119851233735,-1.31609959111867,3.36002379612937,-9.53359492298202,74.8257096503855
"cv",84.1851193856586,1.02931911107799,-27.8619603751587,-3.54504973069876,226.169268515191
"cv",42.4970064967792,-0.897828115240173,-0.44775952722064,-5.44944000455694,-545.845020725439
"cv",95.5672932339846,2.2120106080804,-24.6200923727917,-5.83892458855904,248.232558943934
