"","","par1","par2","par3","par4"
"cv",81.2218571301674,-0.61929638582766,-0.756979125966133,-3.76663583356222,-76.2022068753622
"cv",90.7633752009365,0.706753760784844,-2.30317642563049,-3.38552878698168,232.363885666764
"cv",67.2309489540093,-1.30863197296858,1.20225949212909,-8.69899503516639,-0.497335089315072
"cv",92.4435104043465,0.772026490938784,-2.81366323663948,-3.15210127958077,215.183274004404
"cv",86.4876166956236,0.738794676028095,-2.57710243926362,-3.1883043734228,221.016519844011
"cv",107.629090332138,0.773355088635427,-2.45055104974902,-3.3357705215802,225.894577556432
"cv",90.8186552412541,-0.749508913262884,-0.53344443564576,-4.43312576099052,-689.297028665547
