"","","par1","par2","par3","par4"
"cv",74.9799234782776,1.04150001772755,-15.6881849946395,-3.42052898925662,279.449131318356
"cv",100.513140156242,1.18746051534196,-28.0699541676835,-3.72383741572912,267.649717472979
"cv",76.1995044990021,1.02493879158066,-8.72233216053101,-3.4249605340905,299.985114306527
"cv",82.6709983582498,1.07407738116981,-7.43267445362037,-3.45215385315194,282.958125345328
"cv",89.8898841705038,1.07820397944904,-11.4066901875551,-3.48638201018229,279.316521006056
"cv",80.320241745199,1.00451501722664,-8.08625988764885,-3.40549839002894,269.309401156415
"cv",83.1856074139665,0.996402253380962,-8.51379784289747,-3.33222752085851,260.919550760245
