"","","par1","par2","par3","par4"
"cv",90.0079505947134,1.40910298500544,-15.4694776795395,-4.12596344587606,246.467069481297
"cv",74.0857346460784,1.25821921387833,-34.5462671612327,-3.93321867588392,255.517017089162
"cv",102.181771016302,1.69361406316147,-38.7550210482253,-4.73160461138007,256.108637727794
"cv",75.7174220398633,1.24919656989206,-37.1120055124607,-3.87535326863092,253.32711266893
"cv",85.8030201631558,1.07432996004907,-33.085838462545,-3.70000749222629,239.348594255787
"cv",81.0995225189754,1.15173693852873,-18.7894933642717,-3.88379901934876,241.300855080149
"cv",85.7061043537035,1.16420100392556,-30.1827693051816,-3.77658963539307,242.435840129463
