"","","par1","par2","par3","par4"
"cv",93.5173443517496,1.47799921032871,-36.1952874123722,-4.19417836024729,258.272792437662
"cv",102.530075296666,2.23572425997428,-13.5026085423306,-5.74058637495841,294.414493659913
"cv",97.3057712784326,-1.25861867591704,3.4014317751661,-8.34773880294836,-198.289965706968
"cv",75.6885677975002,1.52259108640284,-18.8463491802806,-4.3671509078773,258.189156759225
"cv",92.3694369564017,1.56174725144216,-19.7667163407647,-4.42661763490194,260.957846448024
"cv",78.620574610217,1.5188792169231,-39.926818098138,-4.28950340797688,266.720346857328
"cv",77.041109109656,1.54416402222756,-32.5236104011714,-4.4110119556919,263.328956652682
