"","","par1","par2","par3","par4"
"cv",75.3686754650589,0.936645063474775,-3.78557620275959,-3.62751644699759,222.495704060201
"cv",104.355425478883,0.954663396466455,-3.66714569208823,-3.72019702420751,211.970327900722
"cv",77.6254111078396,0.877001568128988,-3.39326525696119,-3.58802814041671,219.520599519924
"cv",71.9414380619665,0.881104306984631,-3.8453591015569,-3.45989409464915,216.773090714101
"cv",77.5053747859455,0.960477576364258,-4.34922043696835,-3.68146903143765,226.960794426709
"cv",103.816233978106,0.691594887474874,-2.54928550264114,-3.60664404932318,218.897347034501
"cv",63.2778478335018,0.870915141868585,-3.83744390558033,-3.50805189970153,218.08053038956
