"","","par1","par2","par3","par4"
"cv",68.6405614481883,0.711450340970213,-3.43087747837621,-3.37130213792552,236.260113907246
"cv",92.1632023971922,0.787301138954171,-3.94053784302858,-3.44955521252226,255.348243559881
"cv",83.264438425468,0.808303270825521,-4.4399173384839,-3.49636724948964,243.523677883733
"cv",89.2268886729897,0.503212554173186,-2.44797290922105,-3.56401246698064,257.66643730126
"cv",68.6987422325104,0.764432798317843,-4.61783854866955,-3.3837763875855,248.750920144626
"cv",102.41642241989,0.850402203405351,-3.91674626163731,-3.57975789343889,239.27699300672
"cv",44.2167291138669,0.825274888766413,-3.86119353400206,-3.44712403208439,246.068101762908
