"","","par1","par2","par3","par4"
"cv",99.3928549539678,0.915925233147647,-30.4129782789161,-3.62779535983137,223.058071737088
"cv",79.0039276124824,0.887353085627472,-12.195655641207,-3.55025955819492,223.163005345737
"cv",56.645076417012,0.940423024849591,-13.6199962753301,-3.54124915029967,221.036716242185
"cv",66.3272946101842,0.990943707057727,-16.9116001154401,-3.75933180950588,241.525873198421
"cv",68.1406761822991,0.924917667968645,-14.0335352915116,-3.69140079170977,233.746878426285
"cv",61.5443174524891,0.919338569841383,-10.80290431139,-3.56605654647174,227.639010288825
"cv",85.5444637015688,0.867404369266034,-23.5540526420703,-3.51977002440698,223.221695292568
