"","","par1","par2","par3","par4"
"cv",74.5673973522607,0.125841052913635,-1.59084719329444,-3.09546114090858,-3.96303972229362
"cv",82.8231020837957,-0.0890946973082603,-1.44442458734633,-3.32484824380225,118.42996293839
"cv",89.3820599725144,-0.032924858674404,-1.56475807726739,-3.35532541337678,119.044183732722
"cv",47.267376256187,-0.00263963961070818,-1.5366880844922,-3.26415764075653,118.587177009415
"cv",57.7195772875229,0.115000262749348,-1.85191302605302,-3.04015849157796,111.208769492805
"cv",84.412589562403,-0.00934590435625387,-1.57531019934665,-3.27796359321399,119.67048995796
"cv",98.9394411800476,0.0533400593847201,-1.47016627835923,-3.48165056901699,194.587519205191
