"","","par1","par2","par3","par4"
"cv",100.12832872711,0.408639916144558,-2.449618669259,-3.12758294597608,229.913031572303
"cv",90.6726416665229,0.512940329889511,-3.04816572737555,-2.916100247827,219.792393583269
"cv",88.0078756279182,0.550589783957725,-2.94958466767274,-2.95156338916127,229.929577152727
"cv",100.928878417167,0.398910386541553,-2.8662706464072,-2.77720322086468,102.881759848765
"cv",76.6493016252361,0.563934936629167,-3.24181691975392,-2.96283482144084,239.543209156451
"cv",86.2427992858885,0.57369154773449,-2.76073517770164,-3.01689821899404,222.200865708235
"cv",86.872313873499,0.705667450827901,-2.76089731360188,-3.16131701340028,226.305487157811
