"","","par1","par2","par3","par4"
"cv",110.211860761122,0.320434289912754,-1.50270142494402,-3.08992953655581,2.68057166081859
"cv",78.8396448217163,0.302016593363243,-2.03582750219004,-2.87951454720002,31.2736299323778
"cv",92.2270756443752,0.334482109236431,-2.05703776772448,-2.91734493330207,29.6332399867939
"cv",64.9405004541179,0.365806454389148,-1.96981129200481,-2.87870620663727,32.4520975035144
"cv",93.2333112984554,0.318404909708139,-2.06433657264987,-2.87097069853135,29.9960114910543
"cv",58.0331143238629,0.388934260790587,-1.83845465313657,-2.87579188632164,30.8573555166338
"cv",75.4301785726222,0.294977499987491,-2.12283943078934,-2.85211039026047,29.2855751704884
