"","","par1","par2","par3","par4"
"cv",113.671063081334,4.07613277067823,-45.0517643705605,-9.97248684616633,806.439669393556
"cv",95.5094268600868,4.17033475965539,-43.8565966645373,-9.82649547162197,340.802667167233
"cv",95.1184995578612,4.10587396004302,-36.7901313437093,-9.77221492830716,334.48487282782
"cv",58.6986286994671,4.2549242018768,-43.3738046340246,-9.96524331276827,406.039066133037
"cv",80.9987133309327,4.13357472583399,-39.0167141540152,-9.73427284039014,375.883577330526
"cv",95.0253890351866,4.18249406329015,-41.8685458382345,-9.7747463602301,350.820966448203
"cv",82.1020712926044,4.23661220384939,-45.4284440890292,-9.89967912487935,351.358751553233
