"","","par1","par2","par3","par4"
"cv",48.446728277375,0.43816675908971,-14.5274287322236,-3.58606227503324,219.960347509024
"cv",47.0593004261116,0.434653582464772,-12.0892618900531,-3.6130461259925,219.941456756715
"cv",30.5023136679498,0.640106358801165,-45.6852319971965,-4.00377889468202,226.023606011195
"cv",32.970478587295,0.465863251608166,-12.6613578872409,-3.62278346789824,221.735604528286
"cv",44.5760991466006,0.644015111264424,-12.2076719086899,-4.04073731429605,226.143120326181
"cv",67.1834785071449,0.634262687839002,-12.4873585363163,-4.06237367449439,224.03088618324
"cv",43.4847015577305,0.45408043615072,-12.7102794722628,-3.61139875335586,221.965390413167
