"","","par1","par2","par3","par4"
"cv",90.0451841730985,0.549340873230696,-2.74718071729863,-2.88213016630986,109.527832221443
"cv",69.0274682654269,-1.2260432466805,2.95235668495297,-8.49331822618842,76.5393859738422
"cv",83.4617786535745,0.648259717294064,-5.08460175378851,-2.78123766756072,104.94164297243
"cv",89.7818757494415,0.580159369121751,-3.34237212378853,-2.85948655740278,97.2383467599388
"cv",104.209534577457,0.72681815623231,-6.90844408659737,-3.02162165991024,201.172207720398
"cv",71.9576005354377,0.721702504635334,-15.6601054105224,-2.934595397787,197.173639924019
"cv",110.100284570518,0.776533361325993,-15.1684818962458,-3.02452405741314,197.280954743567
