"","","par1","par2","par3","par4"
"cv",77.9778023452939,1.38740208728155,-26.3214675212429,-3.53410787908475,255.884142230521
"cv",87.9763640034958,-1.00566528737545,0.777571373619139,-6.0271156449616,-444.647068103511
"cv",58.6289342203974,-1.27050495615536,0.00873451478188292,-8.43431235451228,1.96167928279215
"cv",66.7331801088331,-0.579499451979221,-0.459952629171312,-4.03163504795835,5.1721077855324
"cv",130.768251043079,-1.21304465608162,1.52842036456343,-7.91549072726586,-652.375898108326
"cv",99.8222085979826,1.13981862840257,-14.5602602879928,-3.38697146021679,236.917883396519
"cv",100.240285098644,1.3946358699548,-40.9807310138688,-3.56719068602835,256.327948022937
