"","","par1","par2","par3","par4"
"cv",108.568959703649,0.427106590905635,-2.68236769600997,-2.98237608680833,121.237076118986
"cv",83.4290888749848,0.479608457323185,-2.8396801336264,-2.88038682767847,113.664707763739
"cv",110.562417059572,0.431231735336141,-2.56168723728279,-3.07485436062995,118.372801317315
"cv",71.1036693641998,0.453884904862033,-2.58090663149499,-2.90876122837609,113.102948921906
"cv",62.8606096115168,0.482640692888645,-3.05143592077453,-3.02967123862124,206.6244382182
"cv",55.7465220975398,0.583334409842368,-3.91346288414205,-2.92349406540075,195.351645618365
"cv",46.657488494973,0.548276484189508,-2.81834166663476,-2.91601087991103,116.267296145334
