"","","par1","par2","par3","par4"
"cv",116.673353473476,0.822444278675656,-3.74427125316666,-3.31351693247857,227.905947498873
"cv",82.8047106423188,0.784122665682438,-3.74820042601202,-3.19746443472739,221.344918768303
"cv",97.3447700940895,0.808509470630323,-3.6179392263119,-3.1660293830118,226.670892930137
"cv",88.2509050414105,0.633284582421754,-2.68612275380752,-3.20778433392176,224.762818074351
"cv",94.1413572706959,0.702250025897192,-3.15458443010819,-3.23488730165744,233.902964188652
"cv",87.3115332090405,0.780392322670366,-4.21622160690582,-3.12684453598638,220.825144131925
"cv",92.9046143272214,0.775464066514182,-3.5814228126667,-3.16635456139107,227.730564445005
