"","","par1","par2","par3","par4"
"cv",92.4137526049809,0.378797643705959,-4.58831487843645,-3.1748513828408,232.677099486468
"cv",102.518510063268,0.411844000419975,-9.89846286333346,-3.12771853776569,234.433533621991
"cv",88.6444641252386,0.455643685214336,-4.64483183271557,-3.19345689561192,239.18133993155
"cv",36.5279711781175,0.371724608407636,-5.04780295606202,-3.07687298009378,244.737319740409
"cv",40.1806281596839,0.43375256797996,-5.32436990252473,-3.06188317592972,233.753926977402
"cv",60.5360402143031,0.389079019006694,-4.23954263294695,-3.05402382435211,239.742127519658
"cv",44.2734749493668,0.43743122604607,-9.89172953492008,-3.0861562827319,240.535904282208
