"","","par1","par2","par3","par4"
"cv",80.2083735834998,0.630028851270924,-4.13732157467618,-2.87827965688912,82.6177725850266
"cv",81.1452457237613,0.665393573220022,-3.38295820785043,-2.79165505776799,34.3483968794658
"cv",127.338469475575,0.603215791175232,-2.72416452200364,-2.93010583324305,8.23735301631053
"cv",64.0533294101298,0.63584346479307,-3.94065554482131,-2.8220808479693,82.683502494608
"cv",61.0570949661535,0.639261683182983,-3.44593906520609,-2.83438254378936,84.2647965003306
"cv",80.2791400190163,0.606560023406432,-2.4738002261275,-2.94596054365166,88.1680109654915
"cv",79.6743504883196,0.645989652386316,-3.25058673150059,-2.82117861574672,81.1445507073183
