"","","par1","par2","par3","par4"
"cv",117.929526342371,3.64384345331801,-27.7151112747486,-8.69025061671934,814.746800046226
"cv",80.2004201378508,3.81733615982668,-27.773226583403,-9.21879829982914,852.112003466682
"cv",107.071262534498,3.9513375073243,-28.1024346766405,-9.2435208991429,977.408677489205
"cv",94.7116412999184,3.99333805625275,-27.4910182528691,-9.28429510002638,861.023152223423
"cv",65.7200982279848,4.02036140517837,-28.0656393938865,-9.56938665381439,939.760417897997
"cv",82.592850138998,4.20645311379558,-28.4083408073716,-9.91485262574593,880.00789964144
"cv",61.3112869775376,4.04174540264791,-28.1753080111015,-9.41568687416735,904.374289263805
