"","","par1","par2","par3","par4"
"cv",84.3418297801799,0.47918805898222,-15.147479379863,-3.70213238917375,233.953354946143
"cv",146.071991979632,1.13613455152939,-44.3257895071814,-4.96805406081745,240.770435168614
"cv",58.709993388772,0.530324650257223,-13.5632454473052,-3.68054166372912,241.629431307454
"cv",56.3604501852731,3.77238883269193,-19.3234598290745,-9.88785818545544,287.842105038025
"cv",36.7729843462855,0.61826247854371,-13.0396250079554,-3.62244275778211,234.892271866292
"cv",47.1891230956602,0.601073373730449,-12.5784539427438,-3.70030910954229,235.986989771106
"cv",20.4117782814581,0.661799588324629,-13.248189379153,-3.71401997644347,235.807590837335
