"","","par1","par2","par3","par4"
"cv",69.4274347057401,1.18884063494215,-4.72148282374534,-4.01175730164095,235.176404187526
"cv",82.0052681374251,1.57064176742498,-18.6251905413394,-4.68545632076012,245.847708660287
"cv",79.6228831509495,-0.917612118886837,-0.653010392634295,-5.59196366317226,-264.49798199258
"cv",90.017367018595,1.09225934051545,-4.18532572539925,-3.92388322002394,238.923013521465
"cv",79.2080067569309,1.23421989710425,-7.82034007772621,-4.07302309860114,237.285300468387
"cv",80.535948215161,1.19446608810875,-4.44079586236189,-4.23592370463276,244.51499429402
"cv",71.632647389589,1.34639663235871,-17.7961327527161,-4.25523813883671,248.390704431298
