"","","par1","par2","par3","par4","par5","par6"
"cv",101.465572072497,-0.419321233630627,-0.906949560157955,-3.65723834943668,-323.214003350586,-23.9148710906814,5.43820530428462
"cv",81.8556906722333,-0.279011740343118,-1.08148666837936,-3.28790068713208,-534.921170120375,-174.07839694705,2.93552022499444
"cv",96.2995537922864,0.589465873806401,-2.84656493444249,-2.8249806487871,633.878562905644,-271.393311869012,-1.50482394779731
"cv",95.7849721418426,0.710179624737847,-3.65666292508917,-2.73831812848557,813.436814596721,-360.432755399478,-1.03060828588819
"cv",78.1757763914262,-0.170168588978128,-1.06218609969651,-3.34551411698701,-815.361633896828,-19.1841585182766,4.77135540618572
"cv",107.8405949622,0.490673839500654,-2.28945052742689,-3.03481193230081,664.237572538893,-309.910256843542,-9.72525600606337
"cv",93.5147348280389,0.749874942874243,-3.37920268940584,-2.6260650837041,189.203127458438,-42.0716653539293,-3.80329217985208
