"","","par1","par2","par3","par4","par5","par6"
"cv",131.091927803214,0.489946789698683,-10.7941357218602,-3.4593633428174,103.421946893475,4.71687147426961,2.69766783310202
"cv",57.8441872847315,0.31487243612636,-13.6547225979038,-3.04311030899595,226.325735957547,-13.8212752130491,-6.77383370680304
"cv",65.0119723695185,0.354478094139927,-20.5232666336669,-3.12914365447152,177.507962565869,6.24119454103388,0.558175885841385
"cv",43.6206288861796,0.432670068933684,-43.6212292015378,-2.98592691077542,228.847147202572,-9.80741856043293,-7.7117251436525
"cv",49.6189062663253,0.31918683114562,-27.4127308854335,-3.04089846179477,172.225961840333,1.98360593981509,4.79122870707551
"cv",93.114016784505,0.2843526461736,-10.4732589886847,-2.94708174208955,101.78509047992,11.4087023896951,0.680925771594048
"cv",59.7619589262987,0.321896245239743,-17.3634713516319,-2.93355845601196,189.837717049599,3.9407265877087,0.338666353387588
