"","","par1","par2","par3","par4","par5","par6"
"cv",64.6904148790395,0.404183975490325,-17.5670678811043,-3.1259259541628,50.7987798888607,76.9560832667566,-0.282009561587462
"cv",80.256882178483,0.485751858254102,-36.5361956152773,-3.25530065317361,81.7830402650043,134.965627824844,-0.28415734228238
"cv",61.3547082623492,0.369517406170817,-9.36624460192094,-3.09962582183071,101.966927151131,177.735126459414,-2.28402548185305
"cv",25.5873054407052,0.79399379723674,-19.5744653052404,-3.56733651388954,69.0625924647529,62.6066171825564,-0.27607404730994
"cv",74.3637280800633,0.886806390400443,-21.805182972338,-3.6642338383575,-43.6760864925789,67.0569485498961,-3.513329524847
"cv",43.1614767304469,0.985964324342825,-16.1209598604386,-3.90862120860013,62.3521118188958,57.7749558029528,-6.06255386289311
"cv",16.8779672781858,0.663651624899332,-19.8398564995123,-3.30215141816928,58.0054891992641,59.8591763078481,-2.71601954473428
