"","","par1","par2","par3","par4","par5","par6"
"cv",90.3572079863362,0.954414027676932,-42.6270152166188,-2.80936867996584,325.823261893569,-6.68084341543408,-4.08337335026298
"cv",88.4504512811684,0.949384529059625,-34.7905160233774,-2.79133938044093,911.96416252609,-29.1200551560409,-4.69936053321097
"cv",93.0732946163433,0.804466305717756,-33.0468454425088,-2.81574491443921,176.12878743002,6.16668496783474,1.21859071802911
"cv",115.087481382033,0.983389577468784,-11.0628402359473,-2.97389861009284,431.59055154134,-9.30985396563746,-9.60527205905919
"cv",116.367701760345,0.945192781199753,-17.4109455802374,-3.02748521585017,577.032950752739,-15.0383362877946,-9.68070589822903
"cv",106.723959932267,0.825672153290122,-11.0825567118938,-2.81781983408067,985.253032013098,-52.1184576878123,-2.28734652172606
"cv",117.532231612949,0.996435916827753,-20.4262934340604,-2.96441299399214,644.78227546441,-18.0855783680868,-7.64996339101344
