"","","par1","par2","par3","par4","par5","par6"
"cv",78.995029885438,-1.08414193263501,0.154462529346347,-6.92246019726605,-854.454630663,-342.161675614348,0.523558961132382
"cv",86.1194711939005,1.06654529832105,-22.7895937985832,-4.24401514627941,271.173014314956,1.17404017219437,-3.6218063114211
"cv",117.658445011946,1.8444262154707,-45.895057855975,-5.17657925005492,618.499935081655,-14.6371941178092,8.45026463270187
"cv",90.0997989094808,1.13350589079518,-41.1486857368233,-3.85605699785687,725.746331264859,-20.9494326879591,-2.80279361875814
"cv",94.4370579813822,1.20191984689672,-39.3818236344095,-4.04244660532116,269.050656194715,9.33972232567676,-1.25807365082806
"cv",92.1310744494101,0.783175444375999,-12.4810464797958,-3.3029932870017,253.48380766809,-4.48676220992969,-2.30720015840669
"cv",78.7910453076903,1.28647463020011,-35.7592069361859,-4.01146239455925,383.154064949412,-7.79186276523567,-1.36191487245765
