"","","par1","par2","par3","par4","par5","par6"
"cv",63.8266254547091,-0.508220529183745,-0.534821440895958,-4.25823420530441,-49.0252284688521,-392.953011861515,2.59475082624704
"cv",74.97453481054,-1.09872268625926,2.00347677877108,-6.71046105658243,-293.367874211602,22.2076986746251,-0.662994581023703
"cv",61.4262919370142,-1.15402160797268,1.3085321926065,-7.50212165090745,12.1827896202285,6.6364793087542,-3.22260293997347
"cv",86.3468228265199,-1.03541358731942,1.66756217077925,-6.1865288732198,-979.914566501975,-315.600445855619,9.05446384102106
"cv",113.923860751676,-1.27868974593517,2.86553065574295,-8.61559588517495,-43.1440555493677,-702.669775301321,9.81576041197313
"cv",111.255441262656,-0.317108597121165,-1.05896284535484,-3.48786381756172,-286.325550932345,-239.588124108114,-5.32490728315995
"cv",91.709207270366,0.883404383103024,-17.3139004502445,-3.1523729558049,343.164925709951,-4.68753267715925,2.99587693531066
