"","","par1","par2","par3","par4","par5","par6"
"cv",110.378745673599,0.0620585841365384,-9.29127777948223,-2.96822513527288,49.6799173957816,77.7324344551999,-8.8545055928226
"cv",89.7197842964776,0.461158740015097,-22.0840095699029,-3.55655687068506,191.274535738136,13.7520018536206,-0.813940442167222
"cv",22.9201841303992,0.588128026707393,-33.9616857435448,-3.63301324600007,222.213532641628,0.709649813072435,4.8721266106906
"cv",23.5758117053894,0.371366430863163,-35.621300373461,-3.28482908788912,229.90260250639,0.471157283386102,-3.07589818864764
"cv",39.57024681149,0.135329233662524,-2.95148190030665,-3.37590070297626,220.774365769761,3.86090642716523,-3.45464419861183
"cv",34.0604220749845,0.690518126668843,-7.54822019980973,-4.027819769024,57.379946054792,13.618017662539,0.897421978111292
"cv",24.8030927032372,0.283510231939721,-3.65846849331902,-3.4735855812062,238.79686375492,6.19737140404824,-1.52647817721284
