"","","par1","par2","par3","par4","par5","par6"
"cv",68.676843353778,0.216176834877124,-2.86742172723095,-3.67170514604555,63.4424018690188,114.923874609243,-0.926683526486158
"cv",47.8326810269054,0.32997017033189,-16.8645732323433,-3.31798636043625,17.6238500186228,139.04020871154,-0.921498781723885
"cv",43.7344382336752,0.338453907127813,-3.87830680794617,-3.41518829194428,-24.6523321074578,946.042863960239,-6.65246297362828
"cv",68.229156902363,0.51115494808037,-15.6048328645892,-3.58434926100488,26.3220052207326,138.647839590609,-5.59267608203148
"cv",21.1868207303639,0.439520762446977,-4.26764579097248,-3.49371620969806,21.7255602686769,166.826051780802,-1.33490034974993
"cv",30.9138682964351,0.364362768541245,-3.08237582613741,-3.54808320502896,-10.7827109313793,635.672088324874,-3.55834311258853
"cv",35.5676396800352,0.316379963610205,-14.6083382982723,-3.37066191179742,36.0920038739315,137.250345323591,-3.89554741574899
