"","","par1","par2","par3","par4","par5","par6"
"cv",126.833814721276,0.502492257856845,-17.6497947709971,-3.56851409852406,896.542285177211,-131.580095352932,-0.0126563417116683
"cv",112.891830982533,0.627166166720457,-14.8032772612056,-3.61865393260805,174.419239753154,1.50071371567567,-5.47347457252742
"cv",79.5426849192408,0.575166134829113,-18.9402179554494,-3.29113467366183,127.120114186743,4.05002437362407,1.97604662467792
"cv",91.3685305475229,0.745795676757308,-16.5239919010951,-3.68506179470459,222.546923784921,-2.92597600665262,-7.8852181538395
"cv",30.5695049955145,0.885899773385696,-11.0479438963745,-3.86577594846373,201.733190884143,2.89948586380134,-0.562225920148194
"cv",35.8921507115014,0.67965792809057,-12.8698746031957,-3.32605623297318,196.290767908068,1.12153408203394,-2.12967157036162
"cv",25.6082232882224,0.693158363357758,-18.7024324415794,-3.45694910466531,90.8399776404776,2.91254699182978,9.30254670325667
