"","","par1","par2","par3","par4","par5","par6"
"cv",27.4771877031716,0.361717965172853,-2.12441573442946,-3.93452311498431,-156.324030358493,-4.0358009310868,8.64436163436381
"cv",70.518518398136,0.749383961979714,-3.87621987982242,-4.00581343429676,-925.027472926277,-196.483032312244,3.24937678873539
"cv",41.4025849210145,0.303393952278405,-7.55910480602898,-3.45056942291904,53.7045693006878,-14.5051577716745,-6.28731781443116
"cv",26.7552255408935,0.158923775067474,-6.38384660937967,-3.16552716718054,29.0951302384783,192.916418607092,-1.48009069523078
"cv",32.8030818279926,0.37376450200963,-5.08981731321683,-3.49114369991197,33.4651976323291,3.3378385041045,6.2231006220108
"cv",45.6369097553291,0.165476503733977,-22.0897668054482,-3.09584873365455,-14.9285318372265,937.951191428594,-9.63261933531612
"cv",41.0778949184578,0.561525362551285,-3.43414730604274,-3.85105344962991,-495.685556995831,6.98166177151942,5.65208675334977
