"","","par1","par2","par3","par4","par5","par6"
"cv",13.5160274935266,0.253241821979313,-2.92113921918964,-3.5553794213383,98.9713117071699,-29.2588800004762,-3.82380914034858
"cv",44.6242637073912,-0.325301056041501,-1.42551694098098,-4.02092798574906,24.3243408348636,582.259334318413,-0.999509213579165
"cv",73.9694713051926,0.102091257022915,-3.21407253052332,-3.37351657149383,618.522145651131,-70.344588851237,2.38502946055782
"cv",17.3659150504967,-0.106793838974092,-2.0916657987982,-3.28420680379391,81.6571212157966,166.339898948969,-6.09228193458182
"cv",43.9744581845686,0.0539011022246723,-2.00491063395067,-3.80166498036927,40.488141092896,245.751551557107,-3.05002352587124
"cv",38.1402245345841,0.0630129395830738,-3.59067567624152,-3.17088875464357,107.917586593764,130.698426443284,-0.685762244582123
"cv",12.4772708335198,-0.472758131128013,-1.18669718503952,-4.0270384974384,-90.6563446700066,849.83963529208,-3.94565690974516
