"","","par1","par2","par3","par4","par5","par6"
"cv",84.3926109274044,0.0223802335310869,-1.55355254404771,-3.39210176804364,-497.51216345385,21.3437736434719,-1.32962825705218
"cv",63.6791904317647,-0.0142984956984454,-1.20301989727921,-3.48325115016166,-508.240664370423,-64.4837925210595,6.63675788520401
"cv",70.744146808197,-0.110383833401573,-1.35703674949639,-3.51756806365177,-221.216752131435,-943.517785204095,2.15800512116402
"cv",89.7401584819466,0.293149363765067,-6.90734865798057,-2.85651113097527,98.5275957809239,14.1478418913812,-7.08122839132078
"cv",78.0815286226417,0.0157150803384979,-1.58557947043953,-3.08955321953994,-462.097769378267,-77.2768393361725,-0.644416268914938
"cv",41.7056330795105,-0.0921806506291845,-1.46037881025912,-3.36274674181978,-640.213611864743,-222.062585925572,5.87411395534857
"cv",65.1321337751881,0.00360021170961483,-1.37590205011389,-3.36432501881933,-859.845406497153,-87.4189638054374,0.52038959968073
