"","","par1","par2","par3","par4","par5","par6"
"cv",70.2085511174365,0.187837877632386,-1.31912440620075,-3.01542405968063,-933.520705676327,-507.98839982599,0.968486198055172
"cv",84.2061191337195,0.223791518259628,-1.29914341684287,-3.11529500687395,-64.4986680144109,-223.656167237324,3.07358763269327
"cv",59.5808015640495,0.276023729329016,-1.24410384449004,-3.1161963783586,-582.103236017181,-794.973168790824,7.41641334659825
"cv",65.7589827406329,0.317133839100128,-1.34994936659048,-2.9735712302144,-321.106426378392,-47.9343356382674,-3.83323492110187
"cv",63.9096062523124,0.223045124513964,-1.30725407649447,-3.00277089319176,-768.784636850339,-428.432589855071,-3.71405052585516
"cv",76.2045905594607,0.231834668787831,-1.24874357223336,-3.14470202676956,-700.653324813497,-752.309007028745,8.76923822314052
"cv",94.9633170852376,0.138081805277084,-1.22701394808786,-3.26932914353307,-115.931398523753,-640.353657621898,6.91155805291124
