"","","par1","par2","par3","par4","par5","par6"
"cv",81.9702346866453,0.614096006201831,-26.7505450337121,-3.31456200292652,53.1084051742369,10.8105222863938,-4.65445442688927
"cv",101.12186704338,1.33334090806252,-23.9691844487467,-4.70289932609122,81.6373200335751,125.16139020533,-5.83282076589173
"cv",67.7454579633979,1.15319987855199,-29.8628415578815,-3.55138408130802,-198.455424148763,803.363275623156,-6.02517263032496
"cv",57.0410380167673,0.548866003072239,-21.0015605192561,-3.28740479051988,788.765206054541,-89.0361131168902,7.29960708413273
"cv",63.9398149268224,0.694813412879958,-20.5464591878909,-3.35535762588358,286.92325163444,-27.3039859718879,8.13149026518529
"cv",88.4175186125119,3.19179356227936,-44.3168401464748,-8.06934554216276,33.5148599437666,630.212677048309,-6.36067614258029
"cv",97.3713200449723,0.529940375768724,-16.0548517522848,-3.38887048006308,271.944723229241,-25.0026861096171,9.32257045520028
