"","","par1","par2","par3","par4","par5","par6"
"cv",4.81627455992695,-6.7900325453093,-2.33828188355982,-6.81021561528346,912.882582053472,-244.414892932333,0.60155550633873
"cv",33.5340311434519,-7.12403656730585,-2.53663272369911,-5.33224200329937,-74.0891458702521,727.496963194674,-5.43885280335914
"cv",34.5655650428552,-0.275633777163629,-14.9615381317129,-4.01668554210317,-12.7805114914777,368.557070130088,-0.72272525335165
"cv",43.9473717879944,0.22341703645619,-19.0890329744155,-4.39516703713732,270.985043091618,49.1798036373837,-4.14652391336858
"cv",38.5577985255448,-0.942504567696723,-3.22835129074461,-4.49068787381597,732.056877900347,-276.080642549641,0.200369498164859
"cv",23.0534343831765,-5.24484559677096,-2.45282054180824,-5.73925342886652,-39.8238653822094,437.872338551208,-4.05327565345086
"cv",37.4208625658513,-3.68719173536233,-2.43062637437582,-6.00622736517495,480.621970890135,70.9900335641836,-0.683456187604113
