"","","par1","par2","par3","par4","par5","par6"
"cv",97.6529660257662,0.739775588588092,-2.78326491305833,-3.10078365816854,294.438153686632,-15.1405996372109,-2.47849439913688
"cv",111.557137655441,1.34835337488564,-44.7935276761318,-3.59676748426606,630.477360673671,-16.6828455766462,7.4346598032807
"cv",92.8843022533314,0.916683642093774,-9.60257242579916,-3.12745982165467,439.622939714521,-29.9431073874704,-6.55589628403402
"cv",77.163872884547,1.06022039022914,-33.8244952247925,-3.10586703841716,179.82414583898,1.0958270195234,-4.43043414503336
"cv",73.5325978747383,-0.471558464998822,-0.521620298678915,-3.78414629077777,-27.7290851470436,-767.723404687813,4.82477268172641
"cv",70.1485220316798,-1.30214290587959,0.179855626103585,-8.78956207696556,-908.867331925063,-449.411686909854,6.59338277323502
"cv",81.0278849754288,-0.879673500548238,0.188967359990749,-5.20420972319066,-815.846399404109,-409.923021515219,5.85776865200767
