"","","par1","par2","par3","par4","par5","par6"
"cv",88.3385397425466,0.563428095842656,-9.73563893601848,-2.81491318989308,-43.7459271244272,31.4851723353748,-0.570694329580712
"cv",86.4063634013493,0.560121143069744,-21.2090437785375,-2.87966752232208,-49.9309772252659,34.9380803881684,-4.51610847256112
"cv",72.4854712473062,0.516846409483074,-46.3310718872522,-2.86344619813137,55.4347650383065,14.1300516086782,-0.871696726926981
"cv",52.0578000149759,0.57211275500629,-10.5153721477639,-2.92057592968185,67.9999832950769,16.0278597215799,0.0967033130996225
"cv",44.991137045843,0.570061785617133,-10.0148534043414,-2.70636596067815,43.2250252738637,0.848095580060527,-4.42135854158551
"cv",92.7124979423257,0.532219209342458,-24.7771174658623,-2.9914414225598,19.8124527466646,6.70242796442998,4.39414450644752
"cv",88.9696872659037,0.503824141990595,-9.62607543694396,-2.78163620411679,36.1228103742965,2.91585378195464,3.75330295663676
