"","","par1","par2","par3","par4","par5","par6"
"cv",106.940194258599,0.783621976127829,-3.70947538603611,-3.16192223358312,265.293757821785,-4.29880156448082,-3.63616702964769
"cv",99.4165731191113,0.596030427056414,-15.4069363388295,-2.89307016290481,973.171922299783,-168.747080319469,-0.481371683430802
"cv",97.341224961262,0.378947202940007,-2.06222710108652,-3.12539672585045,619.473006279359,-92.9974654398283,-7.98420599615068
"cv",72.5957456987846,0.44795512217901,-2.65019917482451,-2.99973516903637,995.864645798397,-168.370331618632,-4.35333687677309
"cv",89.1218410961753,0.538405173170785,-3.02996370197063,-3.16741580888376,751.466267031556,-108.379714630581,-1.64857113942776
"cv",92.6919435908713,0.39889720633298,-2.59616622263384,-3.21953234368824,597.267442248737,-84.7980941590045,-7.6444672327162
"cv",76.5384945481193,0.465953635250665,-2.63166442989516,-3.21774234371492,928.774100313251,-105.210963814848,-4.8513272749927
