"","","par1","par2","par3","par4","par5","par6"
"cv",162.156530665134,-0.458083034275445,-0.67243724819025,-4.00104320406114,-518.7529604882,-361.666696226632,1.26001885315617
"cv",76.5484303631392,0.979838728008547,-36.3560705421187,-3.43350703047985,221.832866314799,6.20968503576432,6.61683602524471
"cv",85.5122804949979,0.738367370228625,-21.3293767648643,-3.14422962586572,812.67218849559,-60.6857032919969,-5.10267924067221
"cv",80.4839893595855,0.972319077987581,-36.9189080549404,-3.33787179990299,929.722206447565,-27.8285175455732,-9.83613841373383
"cv",89.9356771601346,0.846195841649476,-27.6613725931567,-3.35206578483334,973.204527101951,-49.9883150868481,-8.99933567084397
"cv",77.7574243323772,0.743965617219447,-43.404885375442,-3.05415876672293,994.661890412983,-69.2237483170788,-8.1357276830689
"cv",87.4672897049457,0.760870789171489,-18.0598819162697,-3.10879404760667,966.542992779539,-68.8832868695864,-7.51584692731868
