"","","par1","par2","par3","par4","par5","par6"
"cv",89.9501700284044,0.794051946869137,-32.2000223586349,-3.01842594595603,527.688530931102,-51.5505082941311,-7.30648109633105
"cv",97.5495697533431,0.790327424447099,-3.75005100692319,-3.1370234284673,839.166578886238,-91.4189610929558,-7.19223625026643
"cv",93.388249845935,0.749848435641368,-3.43586759871086,-3.01235106473221,991.372745049161,-134.579953840433,-9.50562817022807
"cv",113.05210444347,0.699228434015077,-14.8800747122684,-2.73012353265868,895.321756099053,-156.777085167458,0.972648136036153
"cv",71.2084593502561,0.799867788411415,-10.8665818991216,-3.04576908396439,559.807594397986,-54.1632008699834,-7.71421734336886
"cv",73.8555526160936,0.784308738088081,-3.88016857534769,-3.06318712459091,878.438588938997,-96.9380897096019,-7.06578263895666
"cv",110.722265080875,0.71172661897849,-5.63686609509403,-2.97345889644573,35.5143272317946,4.70566100600067,4.86694558245549
