"","","par1","par2","par3","par4","par5","par6"
"cv",85.58236147798,1.48477708127617,-35.9143231382701,-4.21406046547273,311.70513364937,-2.6783791788165,-3.43901229090989
"cv",83.8998906269359,1.6470266375891,-31.2554916832596,-4.54212643081624,728.285203517684,-18.6382907655133,8.15504614352926
"cv",92.0842898659028,1.90894851312839,-21.2590972016842,-5.05060752573745,278.966549424107,1.90337393144576,4.02098775834472
"cv",70.7234756854203,1.26576433709152,-46.1266742370293,-3.9736768122756,443.686033228043,-7.60610605185428,-1.56915872696978
"cv",95.2933244461235,1.30776594529146,-35.5305974971741,-4.04738434671293,397.888569438383,-6.4904279306652,-1.88890286255628
"cv",90.2802463020656,1.79348505100157,-45.7198622276746,-4.76220527964105,331.338228171207,-3.26183700247529,3.03514224744079
"cv",62.2936388597495,1.83366570702679,-33.1974309231553,-4.93415692617609,448.93179027753,-5.95923540934929,-9.69506115753247
