"","","par1","par2","par3","par4","par5","par6"
"cv",98.3440495051518,0.69599698200816,-12.826985935764,-3.09056655049001,50.607102037756,19.4870324447466,-1.80593863053412
"cv",81.2841245245776,0.543388983956901,-11.301273746079,-2.9206784544608,253.855116549398,-45.2807932677268,0.432044928893447
"cv",79.5688553525289,0.882717491883308,-14.652893566798,-3.27876964139379,252.941322550161,-1.63292644868817,2.63966508646143
"cv",83.363703687371,0.659288780035219,-15.7531190510175,-2.92080096292502,47.5766493796338,21.7537454738935,-6.25531660957054
"cv",55.5682742841651,0.914682728989263,-12.7809180374879,-3.12601399738598,47.7854273545801,16.6129415046538,-5.6502356643538
"cv",67.2324666442858,0.726347594561079,-18.0521424481014,-3.12570331982071,66.314988792567,15.8553436574536,-3.87059943646417
"cv",76.1080519873338,0.746743543978586,-27.3798917837988,-3.20661978065243,66.7002813506299,22.1567885140234,-1.20082395801552
