"","","par1","par2","par3","par4","par5","par6"
"cv",100.067019883934,0.239581652304273,-1.79891031076337,-3.3229911255059,-894.14675543024,460.723963360741,-8.36693481865815
"cv",73.8125992770074,0.535453779874298,-3.69059822383449,-2.96891209149902,125.043184408704,-986.087838216682,0.288091201974483
"cv",43.0716623221954,0.512042071562086,-27.2411259228216,-3.04305919791027,46.6999604447085,30.5369675245118,-2.75440790011507
"cv",74.2948787177095,0.0365940299199579,-1.58939437392899,-3.31220739049238,-885.036743005818,727.46404490485,-0.28597801034328
"cv",37.984793731245,0.466349949337099,-14.9588141690848,-3.09398558680746,59.7224981999707,32.3459066330958,-2.55237435922027
"cv",57.9765333367858,0.589053932917351,-23.3579896260511,-3.1512944929643,55.4376134722609,36.7679573454335,-7.92674741664944
"cv",104.803094315479,0.533537688379493,-2.72544746244445,-3.45930029991372,-417.520943390275,738.444613102678,-0.76142355294007
