"","","par1","par2","par3","par4","par5","par6"
"cv",90.9281019535758,0.261401410527666,-2.94794825428009,-3.41500288830537,13.4663417556718,935.110048856586,-4.87754106907492
"cv",44.7370842886787,0.479606439615879,-5.03587604200987,-3.36088678544708,195.985170915724,-31.1362037139746,0.969061426810513
"cv",54.5704109226595,0.520873532087112,-24.7412121437358,-3.39138684385019,162.369910901748,-21.9144144486531,0.884062673869614
"cv",45.5361279774219,0.475480661954339,-17.4598509584453,-3.22106769134591,237.940329060359,-46.4300003424287,1.01033849735736
"cv",60.5254501772926,0.480236786098745,-30.1368059650253,-3.40030183403486,244.438295853894,-45.9468460561454,0.933024278907501
"cv",44.3759628703942,0.348615555851717,-40.2382278138236,-3.17664124432431,22.2700872005218,943.613526790276,-2.30545551397772
"cv",52.3417118123382,0.343833659734637,-5.55980729471599,-3.14220841616239,22.6622911670219,886.358763331896,-5.6553311826989
