"","","par1","par2","par3","par4","par5","par6"
"cv",75.774151700987,2.68138062601355,-22.1858986775507,-6.90923539112876,419.26996813422,-2.65630520880222,-7.55233396962593
"cv",96.4579317929885,-1.07470171348277,1.31949879713376,-7.21039325792411,-981.56635686002,-170.097169503807,8.84767877937798
"cv",89.127350646316,3.01216161046734,-10.8509803481401,-7.55789574500004,521.782266514195,-11.1377561156881,4.111680790707
"cv",90.9721158073682,-1.14135270472616,0.0703785852235548,-7.1098047487227,-32.5146113098212,-564.393243588883,3.81402104051843
"cv",68.4749787851588,-1.23314607575928,3.63916410226375,-8.51117034819008,-720.570054181122,-266.783806252657,4.40199185816097
"cv",88.5438851569745,1.96159524036908,-8.32848328411104,-5.3549527655601,215.512216495103,11.6102885289108,-4.53747959561329
"cv",83.7672471842314,3.48998870088812,-45.9818207891658,-8.48976649446149,219.030710525645,11.2121280775343,-7.75409998372197
