"","","par1","par2","par3","par4","par5","par6"
"cv",77.6122420982274,0.303040912700847,-2.76763636290702,-2.81630055585314,75.4477859761379,-14.8495263184298,-3.13061684835702
"cv",65.9856998264531,0.0429022142286735,-1.48290943749886,-3.23658403779542,-186.539913370491,-821.574114184891,5.23035324433864
"cv",78.3947138504461,0.0750099371677681,-1.85295527308483,-3.09716490739717,-76.2496238334326,-0.498834826130299,-8.66182955739934
"cv",50.2817936931802,-0.135914287019925,-1.3531232662499,-3.36915629353476,-223.346130374479,-12.9584230466957,-5.96746951145222
"cv",94.283647844763,-0.124763608519756,-1.41160689099876,-3.38600671989314,-596.501477854865,36.9929410029331,-2.40962001768888
"cv",50.2892837043669,-0.0332032680591865,-1.54976573527207,-3.17351277367735,119.629063140364,-257.260409012495,3.81434156801869
"cv",84.6654380823216,-0.217377464014869,-1.33481080968225,-3.46536937112507,-375.185415645045,-44.0608826350176,1.46764519591438
