"","","par1","par2","par3","par4","par5","par6"
"cv",40.5925539082629,0.281334138988298,-22.008181440546,-2.90595792782495,40.1308617978173,139.648899466305,-0.343466666527092
"cv",52.3951527680648,0.107222693231905,-1.45682736836654,-3.22131628283621,-488.300572929075,-281.474065402914,5.96445247576288
"cv",66.0947291250214,0.274386314370212,-24.7146555163812,-2.83790865806988,38.5627576142454,124.360881599022,-2.59022925049067
"cv",51.0743240902208,0.216070437654643,-13.6707041676805,-2.80492938031899,38.7783827393575,112.328300706695,-3.79748948848839
"cv",41.488315249819,0.28010318215647,-3.57395489561554,-2.9201654089914,191.844245246623,-16.5902446471265,4.20319816563278
"cv",48.3970926004932,0.195432967552241,-20.8538188977804,-2.82909998694736,46.294430793865,154.438329668436,-0.586817740513272
"cv",170.282428561425,0.324921650770183,-2.11407214167239,-3.5910959755974,-464.02848410666,501.506151308861,-0.437742552730578
