"","","par1","par2","par3","par4","par5","par6"
"cv",81.4359589270077,0.868872202233197,-19.6526414382706,-3.246754902282,174.762176826156,11.9927205423652,-1.44412162726271
"cv",75.8959477345355,-1.28472546569144,0.224655917845666,-8.83901782799512,-409.137318824618,-62.9145978203633,5.13028530999218
"cv",70.6829303995699,0.825883615678991,-26.9398750454143,-3.20814062044386,149.274272881309,12.9438787445096,-8.1054840120926
"cv",78.0459489513864,-0.829300842778723,-0.213798744880071,-5.22634914878623,-209.369998143935,-914.207845460624,2.1617982542351
"cv",72.6679439954807,-0.779218480656289,-0.359929788994244,-4.77387489279059,-544.793485989141,-324.023437391779,4.52459350627002
"cv",57.3083422969436,-0.842276595719158,0.0833271434530616,-5.3438729158324,-749.243896738749,-278.528693932201,5.48029368547864
"cv",70.0448765611142,-0.517054981166247,-0.735675543546677,-4.26274315285137,-162.549021793115,-371.734490976994,2.31567717884405
