"","","par1","par2","par3","par4","par5","par6"
"cv",77.2519009481734,-1.324038592156,1.96659936968449,-9.06234009674587,-454.78530002448,-519.599929451942,1.33623877328038
"cv",62.6077122157894,-0.816026730679218,-0.381849226555225,-4.93339903517155,-947.252529207617,-987.582550716846,7.62889651136078
"cv",56.3779939372146,-1.33877413022151,0.687796295620501,-9.48728186771891,-878.441820907079,-116.855277767129,0.0170499724899932
"cv",63.7661168328952,-1.12586365977764,0.880399743989106,-7.0785375408027,-205.698303848145,-569.693851713259,0.426216874838769
"cv",95.3721165841811,2.71864455155814,-21.7021971033882,-6.36510972101224,406.606582833701,6.44444318838537,-2.73785832909255
"cv",89.8737203469979,3.54687740039395,-17.756161862053,-7.95889717583496,403.126559790401,4.76486742254883,5.45020900142579
"cv",107.035662210875,-1.35810164849352,3.1610105112899,-9.92005943320692,-614.995663098877,-301.686698377062,-0.00724656308022542
