"","","par1","par2","par3","par4","par5","par6"
"cv",89.0843235712395,-1.25045523140579,-0.557123877108097,-8.48181561101228,-479.129616750553,-755.411140090856,7.48782951902602
"cv",104.848774096692,1.903592297481,-24.3827769972536,-5.33488888379067,214.831966156544,12.2578987230418,-8.0920824181976
"cv",68.739572127475,-1.27272867145376,1.65768539546598,-8.64757417465194,-604.116484443125,-509.637798819085,1.0023362931574
"cv",91.9316878714678,3.15507521255105,-21.1552051175102,-7.73938049567553,230.628963357959,21.3599738111266,-6.92324571311474
"cv",92.3133372391176,-1.36008871793139,3.28218559283942,-9.60428410758119,-771.06068842113,-140.605887656635,6.88890720862585
"cv",81.2625998514254,1.1594908333709,-17.5112866964276,-3.6044857878414,187.837738475344,2.25932838216546,9.12617257796228
"cv",97.44320370752,-1.06212661495248,0.311509374620337,-6.9398768875341,-345.976817119727,-223.40622782009,2.6345640278912
