"","","par1","par2","par3","par4","par5","par6"
"cv",106.123391900566,3.48944392292051,-43.5101743176041,-9.17351352128702,689.482823945582,3.9755962866206,-3.05749104335864
"cv",105.224694221915,2.65866746465461,-42.5616975599553,-7.28200017940253,244.883178462574,16.5598101256389,-5.50955481367849
"cv",79.4628765896363,3.53066483066314,-45.3523959095645,-9.25615787971765,686.875694134417,7.23841357459314,-8.48242634907365
"cv",86.564685400124,2.89998827132434,-25.8390208762506,-7.81669625731907,608.069770261644,8.06691805426147,-6.4598229622846
"cv",97.2821085846977,1.06189593784699,-45.3352031518431,-4.81373355382606,744.060528303346,-12.4460623257741,2.92815811044272
"cv",89.2578140407173,1.67058378704084,-23.2240312365985,-5.65040325977025,395.282658991139,0.541511744135879,-6.98675451871661
"cv",77.8193385847897,2.67633518580322,-30.0565620930455,-7.60102314088656,831.525455348194,-21.8127298554776,2.67472929584112
