"","","par1","par2","par3","par4","par5","par6"
"cv",63.3003967984824,-1.01479968521744,-0.368513723110704,-6.31570886284042,-225.427343309186,-946.551904184573,8.02442177906914
"cv",73.3402511368161,-1.25082916922588,1.82011827360839,-8.52912842296064,-86.821260549068,-312.083025441896,2.44027156382799
"cv",94.364293157801,3.53433318262492,-44.2206267297861,-8.29581598161292,233.9367357969,12.6320227267267,-6.83528939700717
"cv",88.0656534894068,1.53493271836652,-23.9665263642141,-4.46365972229609,529.219607356936,-11.7938484612478,2.73287246775213
"cv",112.129798458315,-1.15579498976472,0.0514365548291031,-7.47388829223248,-690.766186931211,-351.696176311708,6.98232257277526
"cv",52.6990051308984,-0.703715803966943,-0.611122113739821,-4.56888055133823,-144.542795605958,-166.686701703945,6.30103045781004
"cv",92.5313652471661,1.21816689910477,-18.8598857989462,-4.07637708979532,637.896091677248,-16.9481235324512,2.07833317580839
