"","","par1","par2","par3","par4","par5","par6"
"cv",150.311438822421,-0.073463080233443,-1.14557656296254,-3.48037046149604,-344.688568298403,-595.057983834164,4.93656803347197
"cv",49.7215161084147,0.606543389669663,-24.0552459151116,-2.7162178044986,84.5398175994478,48.9349557146514,-2.64213145783296
"cv",93.9875594139298,0.613793667572378,-32.066031569961,-2.66639283380102,26.4006320669252,3.80666926095989,3.6286839461116
"cv",94.0600045133477,0.622214676480276,-8.40413447511893,-2.70198596384833,67.8085198635728,-7.06248609665515,1.42636195615577
"cv",76.940750645129,0.57314384350071,-8.71549378014922,-2.61775869702651,39.9312103039287,-659.413167180522,7.26889154408127
"cv",86.1017310480415,0.69814395053435,-43.6175912651393,-2.85464443701275,85.6416237824256,50.4263993846303,-4.98581286985427
"cv",88.3131148457897,0.675622776098426,-8.12087772478415,-2.75394848457326,-7.3414834356465,19.2081358510517,-5.81230809408531
