"","","par1","par2","par3","par4","par5","par6"
"cv",71.7210768938138,-1.26437288313321,1.66288152190298,-8.50452881772071,-127.33058851001,-970.160555860976,1.92862224909584
"cv",87.5511957692168,0.991547722956005,-37.2576975716184,-3.61212583011904,276.391494427944,-1.18221400357996,-0.624414707751617
"cv",57.4592963841114,-0.842742915504,0.434581495273227,-5.12323003879579,-253.582624812609,-608.400436254665,4.47749385935124
"cv",71.3828338901946,-0.98894084950007,1.30754209113402,-6.05365758647699,-739.548514450152,-26.2171558069562,4.34050754643977
"cv",84.5399282263165,-0.80022018700402,-0.120304082520306,-4.94031327697765,-594.821262639016,-790.188128166783,7.78150260997078
"cv",52.2008245143965,-1.03732867180999,-0.448593903182157,-6.235483707023,-570.908500823455,-987.480325158685,8.01731738113983
"cv",93.7038845965456,0.823982965635061,-27.5724642521913,-3.26481372067816,212.98905281457,2.51927238307462,-3.65794213776897
