"","","par1","par2","par3","par4","par5","par6"
"cv",100.566206590744,0.0878205990630282,-1.42805538947241,-3.07527426983375,161.688158979393,-616.295552381597,7.02158076183138
"cv",78.6446862504441,0.635340132317027,-9.6905605947323,-2.80059348178438,-166.788366705065,243.177254381463,-3.54801498029464
"cv",88.7781803592074,0.594278890630665,-22.0797069184968,-2.82555287933016,-588.158707997772,960.991688673406,-0.320378122784442
"cv",90.1367797951876,0.552420236303969,-24.9543585833547,-2.80494743502743,-88.6571718328944,185.211816905546,-2.82480625901371
"cv",60.2683500469717,0.508900052822249,-3.02588343332839,-2.86887142097757,-61.6653908670005,130.766105170551,0.0129559487993562
"cv",52.8545331160448,0.505855187816633,-2.85632991906681,-2.86324589297048,-348.100528834273,607.578951092709,-0.1601869854212
"cv",63.9697495410215,0.484668728278345,-18.9500702773928,-2.73370231718731,-84.0307227792138,164.764819482945,-0.0374033368089585
