"","","par1","par2","par3","par4","par5","par6"
"cv",89.3551095102262,0.67923618252917,-17.3806054339763,-3.19333773763973,656.892226979219,-84.9073157746928,-0.810362807243599
"cv",65.1769237106862,-1.15776778198779,2.64509507835146,-7.57349114235463,-21.0261232472658,-434.507531322786,3.97693507892478
"cv",87.2089694065656,-1.1916096324227,2.88447974509894,-8.02408554731061,-745.657031197868,-65.2701110308803,-3.79357079994533
"cv",72.0897482583012,-1.13948637735098,2.95430504191667,-7.59632331873529,-58.0112899280381,-191.8524997545,1.84333549390095
"cv",79.166929515974,1.04535619293053,-47.9268975556891,-3.93855408655268,781.897249139739,-21.2710494897619,4.19623932097865
"cv",58.5402366028807,-1.23524924617614,3.15916988730965,-8.3934448845905,-707.196541130543,-219.878790576471,1.06127627747404
"cv",74.928330521091,2.69146472215652,-39.8828079415157,-6.73230618381389,874.016924925447,-22.2322002548722,-5.83621120346484
