"","","par1","par2","par3","par4","par5","par6"
"cv",109.458753111773,0.274500777242974,-27.0797874165742,-3.11367398899759,181.792153779304,17.5906745419905,-8.70676923168696
"cv",30.4094546091866,0.426950481762064,-15.4846562993047,-3.07897368727478,210.602903390012,20.4016796224012,-2.41977007402373
"cv",102.266141381513,0.326029043081841,-20.5970005216066,-2.99907937198561,140.392101480629,14.1158132344161,0.327491624756844
"cv",37.2636300569079,0.376936611859603,-19.9855104784434,-3.03183483767399,202.122658141443,18.6209869740609,-3.28699524738111
"cv",104.126181157636,0.341189887607756,-12.2036068685363,-3.11229493405255,199.040630574804,14.0165564734358,0.309090729898524
"cv",30.3862288726786,0.401144624785072,-3.62295704083212,-3.10971546934547,208.346523694076,19.8067057733979,-1.643516837088
"cv",53.7561668357,0.374134256266145,-6.79158529348383,-3.03808122918708,206.442741789172,18.6523633897137,-4.20919079761617
