"","","par1","par2","par3","par4","par5","par6"
"cv",71.2034017749715,0.75479584015623,-21.014425599081,-3.24051224028531,236.782567597976,-1.61711624460273,5.25249950742471
"cv",67.9922925068993,0.544920808483419,-22.576703004861,-2.91699900644669,883.886468596756,-98.1655070298565,8.63652300089598
"cv",62.970586613918,0.626616085922055,-20.2998379052694,-2.99729276419711,70.8177480223674,1.02103884725548,-7.08451962498646
"cv",71.9793037382018,0.545661858370596,-9.73480146253568,-2.87485756851794,926.752959596782,-102.496615023171,5.89720048786534
"cv",67.0147955924409,0.649049025252336,-18.6442240703262,-3.06815749229191,83.8536758434718,27.2646473721388,-1.79686687704975
"cv",92.4716608696184,0.632195799643135,-8.60411163947973,-2.84847589548393,55.2750563052368,-69.7996475422526,0.0222489909166621
"cv",56.9840116011277,0.073630819759054,-1.53042197170098,-3.23447756886497,-840.524280937385,53.4604465399781,-5.61388312948538
