"","","par1","par2","par3","par4","par5","par6"
"cv",34.9079043567884,0.64570220374768,-47.3132469418463,-3.82769393717448,10.767745676756,899.917000386777,-1.60924756066051
"cv",65.2343491735878,0.594366059809885,-7.88638721306672,-3.7948345240536,66.0790287962363,12.0284811383357,-8.89653461476852
"cv",62.8627020237824,0.601813561523209,-43.5975643421073,-3.7077337167647,22.7746967335675,662.577605534441,-4.31382950861007
"cv",19.121765300226,0.721114833544809,-12.7165608679456,-3.82806342984533,5.26532989156027,859.363088833706,-1.84577019025242
"cv",34.7249502232546,0.6627131389076,-32.7951864160298,-3.73102217307895,-44.5944778807409,772.363107355163,-1.85290866816193
"cv",55.3217121606492,0.584283370889192,-36.364490517296,-3.85668813672576,62.2721391212103,17.1354587330818,-2.03839863027125
"cv",99.5818993870816,1.6287451082405,-38.0996421300179,-5.58402881914254,9.87079618334178,975.349919910241,-7.54241187933814
