"","","par1","par2","par3","par4","par5","par6"
"cv",57.6482956050488,-0.0689953635398453,-2.37558646818832,-3.68779069574681,503.835080925462,-201.932033048879,1.07538484021792
"cv",41.954034098372,-0.111927231142917,-2.18252944017971,-3.53001180168751,995.381094727168,-771.929319153856,0.167684235693714
"cv",20.8285926055744,0.0812661797181717,-2.4600219089459,-3.73105367750138,276.882037234575,-72.8760116026557,1.32730884661082
"cv",77.0346139075024,0.0561971596092754,-2.60280395730624,-3.80685905589569,127.568735329165,-64.3370529042681,-1.09061907333648
"cv",13.9287058323714,0.0555104305810992,-2.85033435355074,-3.52242590574081,275.541782758966,-57.3758910699223,1.56469248628245
"cv",27.4586781659999,-0.0926129475600033,-2.27228147158652,-3.72870245894823,830.12263344589,-283.668141075058,1.21007097860078
"cv",48.1273670746512,-0.0521746210190735,-2.36760021962617,-3.7643039385226,822.404668215273,-210.089175645275,-6.3303096533224
