"","","par1","par2","par3","par4","par5","par6"
"cv",96.6387650583169,0.77990779653115,-4.29920279420912,-3.10466701732433,196.844274344982,25.0601562957452,-2.25278705358505
"cv",121.337459554682,0.792397453921874,-21.7704085176867,-3.18067771191768,370.973157857716,-6.26744347840771,6.34667770190919
"cv",74.6700248526388,0.768942717474705,-3.44063802158535,-2.98315750382404,871.81346936807,-78.2914350401444,-8.68095414504877
"cv",95.2688361432911,0.825320408766608,-3.44114879709606,-3.06033584339706,232.761569773081,-2.82796510127839,0.422659358009696
"cv",88.1287336168621,0.574560572972426,-3.6303485714845,-2.91226694814728,207.649673695966,13.9471747633663,-3.89128038053853
"cv",88.8992922633166,0.681159236396367,-2.80192796203868,-3.11122633672115,857.443467943348,-58.0907499901066,-9.5659005867867
"cv",178.031978134003,-0.715804669912528,0.327904521833389,-3.93782527829994,-72.9285439117337,-715.989728569194,3.26136746578728
