"","","par1","par2","par3","par4","par5","par6"
"cv",53.8339640888433,-1.3308594636347,2.88851492521452,-9.52561582438648,-195.607534397259,-804.13721946534,4.46431338530617
"cv",71.1841911475944,-1.2308983933137,-0.107101095770314,-8.23769672925224,-911.776475205974,-238.424784306862,0.696598813316281
"cv",73.4716969013008,-1.26716755997986,-0.579135475513986,-8.67249836670726,-412.072120205137,-278.083252286575,4.26658167482915
"cv",92.3740768927717,-1.35218312736601,2.18041711114347,-9.74513770458841,-853.252049535513,-914.57036184147,3.64654024964281
"cv",52.7782356928751,-1.21299133441955,-0.152601479034125,-7.92910164750707,-153.201924873941,-246.017835888591,-4.53964266727314
"cv",88.6265308694565,-0.737455921593553,-0.0823972906629891,-4.6671104115393,-567.281226161867,-461.227749249068,9.81947572413736
"cv",53.8178069442619,-1.32183217348767,-0.587697024361924,-9.15519696728935,-293.172920588404,-856.37759214881,5.26170300033691
