"","","par1","par2","par3","par4","par5","par6"
"cv",91.4867250539581,-1.12968798480736,1.23769770641467,-6.91357064221008,-416.607312263704,-358.179450087088,5.34176092129201
"cv",70.0450538345447,-1.17726496153996,0.714219547719594,-7.10980904454994,-841.358703095466,-959.906133388207,3.92279254176726
"cv",85.0830445352972,-0.810228904186276,-0.407108956177297,-4.80686761416034,-456.677311804525,-101.584386292616,5.08589543863172
"cv",85.4314826896455,-1.12196855158198,-0.67415426645364,-6.81526031590558,-590.489138892317,-485.516864806414,8.18707365752266
"cv",81.6200877910657,-0.669387513955378,-0.518183839061283,-4.43958854314567,-278.810350374372,-85.7616535712562,-9.21994291906951
"cv",109.578903952895,-0.55850076360902,-0.696538525336208,-4.07300642328852,2.29206982894573,-19.4352881493556,-4.05299042186249
"cv",96.7658702554359,-1.24505051504955,1.14361467911592,-8.14406738366506,-152.315463872266,-537.484293586435,1.67536911371112
