"","","par1","par2","par3","par4","par5","par6"
"cv",92.7635719946226,-1.35964952090394,1.45657589193434,-9.9184629759121,-679.40161641358,-624.874826570196,2.01742170271011
"cv",107.026776406066,0.751518122885788,-10.6849404451026,-3.18075389191508,716.941211372614,-49.3026364444137,-8.75635753703807
"cv",61.8127956013013,-0.526694333473117,-0.149996111858284,-4.54227713750485,-792.578305948138,-692.510978934472,2.64075196678225
"cv",88.4985839349066,0.855362939697672,-4.65175456001699,-3.28126216941218,630.863409300669,-16.1926595276681,6.19846737499149
"cv",78.3876714873341,0.788692311140041,-26.2909393670624,-3.23456340087776,264.619405526939,-8.05939160484222,-7.89315280890596
"cv",77.2938700759827,-1.27913469690956,3.35869104889765,-8.80929775213145,-117.332321591675,-972.405155933968,-4.82167911688611
"cv",49.9966064189144,-0.70204113711248,-0.528240719369747,-4.61695314480598,-45.6966953352094,-185.834467033607,9.78572735562921
