"","","par1","par2","par3","par4","par5","par6"
"cv",74.7296400192778,-0.929385451165288,-0.0961309682457288,-5.32385733045461,-868.72600372291,-185.420706241182,6.58454053937187
"cv",116.135769381729,1.59693368579418,-10.540613588281,-4.78968755856997,318.16869886417,6.17796286643127,5.31411488037698
"cv",73.4379866990252,0.917371257005629,-12.8318089577575,-3.31576503467256,531.713521889251,-10.8298198229035,5.19541045905803
"cv",162.414603687603,-0.970830996850525,1.79255728334557,-6.22669269401606,-555.796976432113,-163.144430213506,-1.62371383453646
"cv",77.1437743479383,-0.882189839569246,-0.384996412003767,-4.92643841880763,-654.107830952853,-701.903080102056,4.04095629751627
"cv",63.3112745415825,-1.23384030397423,0.00876521635800742,-7.79500725460616,-500.073468474019,-258.890289989248,2.40084695707655
"cv",71.7528267709549,2.59882027645707,-10.3905262459503,-6.493917594105,279.519725437125,1.24522337656486,-9.86638217901122
