"","","par1","par2","par3","par4","par5","par6"
"cv",97.3355699732913,0.491314688725889,-11.5775286685675,-3.23538642082805,-1.19843637715475,137.665729587483,-4.47087051620746
"cv",62.9425361250063,0.754907617598343,-16.6248869015972,-3.58932304519642,210.322407571991,2.0559255116454,-7.6546159643343
"cv",75.0970407599288,0.390163194308673,-45.6502744727501,-3.09043807747687,136.383411947854,-93.7372919254558,-9.03667112956004
"cv",36.9319560018925,0.580877436795267,-36.1962657056293,-3.30723495418223,203.893511750626,4.92676439200513,-4.52619697061112
"cv",21.1666705557533,0.822687145889809,-17.3552086730605,-3.55145712020072,190.106989987782,0.629268507477633,-4.84076549601033
"cv",42.8541330773522,0.982012705370361,-40.6078396524535,-3.79602656620441,207.221968385379,2.93466419233775,-2.93001330397164
"cv",68.4213140167488,0.569417006105423,-26.8360008222488,-3.25942695825648,22.8817032868867,12.2730088233407,0.878960107027019
