"","","par1","par2","par3","par4","par5","par6"
"cv",88.864303496105,-1.11606332007796,0.466621574014425,-7.3691803085746,-342.667584017574,-922.034385614097,4.4727566065497
"cv",37.4813777407259,-1.03473009478536,-0.132676568539507,-6.74475413674539,-203.165568692943,-523.282182657691,6.22533742228753
"cv",53.5361005201213,-1.12186036752541,0.296919890197385,-7.22504903079826,2.40730663540188,-509.777069320256,2.92787981498199
"cv",89.8590631651707,-1.16906301610374,1.38313338155522,-7.82801207620651,-835.23991528067,-340.933821769996,8.93508284337672
"cv",97.3518784683931,4.22329000505121,-20.1944461862323,-9.65696081471568,492.316861814513,2.06923330102526,-4.01216529231182
"cv",85.4012143441704,1.30982008017067,-28.4750205155171,-3.97597023785127,981.143059756815,-25.3773834273798,-4.23334908246062
"cv",77.1745729459879,2.06400594631266,-13.6401162525365,-5.13057179821851,829.361930636025,-21.7432658010723,-2.56704056748454
