"","","par1","par2","par3","par4","par5","par6"
"cv",84.3258040309283,3.91534199542712,-6.53693474402571,-9.25791357867096,235.8597191574,7.91421316634362,-5.1212864865943
"cv",67.862668500525,2.3984911153093,-24.6355927068217,-6.19334113635123,219.864989665503,6.91259618298144,-0.541073365263558
"cv",78.0275106586519,1.45146341986502,-49.5886957158809,-4.31629354232942,236.264231224701,2.49272543258653,-2.65451356187424
"cv",63.1184770803493,1.80063443355773,-5.01530632050629,-4.97745016094554,260.24191312106,3.32888045310958,-0.883545568212867
"cv",71.1851894035103,1.56007211065423,-31.6832197697531,-4.60776020833445,258.627652739502,11.4007808918147,-3.8133787402487
"cv",69.0879428908693,3.59988067764789,-34.0604855539698,-8.62942060385049,232.144635792381,10.0023761503398,-8.52132134139538
"cv",131.83973507337,-1.16268034619361,1.19811892938138,-7.87560384458425,962.698685005307,-218.708118470912,-7.79889989944187
