"","","par1","par2","par3","par4","par5","par6"
"cv",78.3487240898778,1.13240756822619,-47.514879490345,-3.68657045557725,411.344524313048,6.42268603941296,-0.658877528642951
"cv",97.9778251308132,1.03005621157634,-9.29489840401942,-3.673352400299,514.796864669118,-9.51246037330141,-5.74189098374637
"cv",77.9270979063393,0.755750177607261,-34.2413534812207,-2.91267700742873,628.547590568031,-27.4157181211778,-1.18352196451464
"cv",86.2701721497407,3.89925365505406,-46.4757218169147,-9.19680395237229,263.978099161116,6.12637819208535,-1.15156836807728
"cv",88.7638371770296,1.21550599324614,-7.80826388890017,-3.8937042409494,414.782004385453,-7.13764134156557,-3.04970586349515
"cv",96.1883569987865,1.20450687619651,-10.4010584313758,-3.85103320575853,285.628868379832,15.0649180189065,-4.17892019395165
"cv",83.2026012713245,1.15186603881266,-42.4192621285191,-3.69402065944333,260.109647553643,8.88104536475428,-4.30467814117204
