"","","par1","par2","par3","par4","par5","par6"
"cv",82.4081798814764,0.998864214519886,-31.9589422684129,-3.29071688702273,188.966393037919,7.38286969680587,-0.417189371724144
"cv",91.3936861541951,-0.555956667218704,-0.880281814569582,-4.11081034147177,-465.570414288988,-24.2344422544815,6.9476038021178
"cv",80.7908978648181,-0.95965366659683,1.69653489720076,-5.72436677218342,-379.32606600225,-262.081187575079,0.696612361125927
"cv",123.189254408445,1.00047947023785,-4.5228704138957,-3.35020677879388,198.443495161409,3.06978822665821,-8.26577113475651
"cv",76.8775255298393,-0.655398302445314,0.3002598488683,-4.43333685487163,-732.694498484724,-431.034501192205,-8.62185447605112
"cv",72.9282546301881,-0.796236465215668,0.275453017093241,-4.81176139555974,-766.180661010719,-309.370988698857,0.477353799134485
"cv",74.4468585109959,-0.87531142514199,1.29056911585629,-5.58158654648579,-472.357656712567,-631.439063232392,4.33055137106056
