"","","par1","par2","par3","par4","par5","par6"
"cv",103.924065014494,-0.451230898901431,-0.811607425072334,-3.77423893561887,-815.681648714414,-349.57510601566,1.87554875722258
"cv",101.152101959763,0.607402868566992,-2.62575851960242,-2.87564409459248,742.808759756744,-88.6629332790228,0.619957786139821
"cv",89.8435963588853,0.985520948493014,-3.01269680964311,-3.2548577188579,269.397759477219,-2.10480805185168,8.43729762647776
"cv",79.9144786759613,0.931265427854111,-47.5707492045284,-3.01211406000931,175.050925002767,2.82938933663941,-4.84771759686336
"cv",102.719962896168,0.774230363834071,-30.0288356987089,-3.14114388934254,197.18946094272,4.21257210953404,-3.28055162778373
"cv",76.8460642655125,0.782900791464875,-17.2566761583336,-2.87126984118405,168.43120337875,3.46416070874405,-0.821740465882512
"cv",89.8963862032532,0.885237553156912,-5.0443111406862,-3.11176717608055,214.872631801805,0.536233686090236,-1.40872996088828
