"","","par1","par2","par3","par4","par5","par6"
"cv",69.8000020024944,0.16669806630159,-1.36064518221444,-3.74333599942545,-202.465564843393,43.7901767024578,-5.69109540432692
"cv",77.5927754019617,0.331569740814908,-1.61406367385917,-3.2139382810801,-762.343576446505,153.720588837183,-2.52232672531873
"cv",79.1271142674511,-0.0495581848225479,-1.35370948147306,-3.60517690782719,-560.21271579765,-594.510272102919,8.19425674978779
"cv",38.1382016468009,0.575281939097495,-2.54458903914076,-2.90694233808555,-791.683546215285,142.426860104295,-0.76576483093936
"cv",41.5040658113967,0.187068662217762,-1.5931353986915,-3.35250377086412,-408.4392475973,92.7532333198501,-2.49016207986599
"cv",58.6771339814751,0.239898728000149,-1.56751862467008,-3.46806755395267,-489.796787012054,110.584458904282,-0.924924590987129
"cv",5.82802119014704,0.120142185165764,-1.68795716983067,-3.39109977394332,-42.2028438188136,62.9852408742815,-3.68180727209509
