"","","par1","par2","par3","par4","par5","par6"
"cv",73.0276375991691,1.28442112570306,-13.2086268283138,-3.87685205230087,248.470048702616,0.84425987771089,-3.37520933114099
"cv",82.7660064878112,1.76892188170207,-12.7481663008628,-4.71658110357103,224.312764296001,12.8514152532313,-2.98856007123065
"cv",74.7332067662709,1.68537088227787,-12.0568791012717,-4.5911436560584,207.211878586047,14.5844870388523,-2.69387678571138
"cv",77.9813774329387,2.19627455709488,-11.9360679425147,-5.85020601273336,240.408307087537,12.1978326955363,-0.800579775924588
"cv",112.152962317369,1.45568487407213,-30.6211163485486,-4.37742653299865,232.806828945664,1.55315153109167,-6.66142069440711
"cv",75.2681107046868,1.69574201084673,-11.6475196760148,-4.76656858312444,217.534857428311,14.8100942979222,-2.24303977377713
"cv",77.3885389315614,1.81478304689215,-14.9540943548182,-4.79498155345902,308.211946186488,-1.80383337853635,-8.02278138119096
