"","","par1","par2","par3","par4","par5","par6"
"cv",113.043869207046,0.251087625390805,-28.3794086557201,-2.86432803944082,19.2537768105781,708.933774435629,-5.95056039144675
"cv",53.3685194819774,0.151388781641257,-9.98205098709296,-2.72233975615598,19.9870867712745,461.267041373954,-5.89477396338813
"cv",34.5412636120303,0.233677672487518,-33.9744258317752,-2.74209685251592,46.9933432858626,267.429060219393,-1.44587160794022
"cv",80.5655861667604,0.013942875440776,-2.59010425333613,-2.88674657446519,27.201491760768,450.77633137396,-8.15610698179813
"cv",42.1243747292009,0.225198913887225,-11.4452303877921,-2.72055744021383,50.0175184686935,376.467674839278,-2.95370608455738
"cv",34.5087113363033,0.178169729643201,-17.4031315232849,-2.69993177946986,17.8615937994455,806.68015752532,-4.48346105104855
"cv",71.7464586128402,0.124798843332145,-19.1595988994764,-2.62426764504149,18.0994119398338,797.3438850604,-7.28256323858647
