"","","par1","par2","par3","par4","par5","par6"
"cv",99.2382716290623,0.661671643335136,-11.7066845503437,-3.33679325412959,695.11440079108,-59.9570539724532,-9.54761045199465
"cv",102.746694608259,0.733393977694802,-17.1945446676628,-3.15245786715299,927.209058657579,-102.294363043853,-8.47116255870908
"cv",84.2073981035197,0.659227844176934,-38.5403617734289,-2.97223656333293,591.046091169119,-65.3530733364246,-7.63677792896448
"cv",74.7953829538339,0.650398212125831,-27.696612412584,-3.13360062350055,614.212252098409,-58.4728573760807,-9.09925170242786
"cv",89.8097242745192,4.11939887666756,-30.9086083737565,-9.4235503487289,261.790271045777,10.035891554794,-0.267726408706551
"cv",78.1490376902444,0.685239648262327,-9.14183145281824,-3.02498966573264,946.418362051499,-110.616831543322,-6.22122946337063
"cv",105.622446489928,-1.34997750632465,1.35936294682324,-9.47008325065204,-942.319754862603,-8.96390527344192,1.12217200919986
