"","","par1","par2","par3","par4","par5","par6"
"cv",112.491739729031,-0.313043979378184,-0.907898802416708,-3.45876467911463,-203.262298219439,-652.234478094542,8.0529098055011
"cv",81.0883719241669,-1.01989482348847,1.7341338177799,-5.85366403371585,-620.482365135103,-106.238383481695,0.319026804203077
"cv",105.802345550371,0.322187074550093,-1.20200948587557,-3.05861824657768,787.867823574692,-147.368473656117,0.461891317925167
"cv",98.401354071288,-0.545389449771091,-0.25901690398827,-3.22365823299706,-165.052132608667,-589.578670444607,6.79800060549829
"cv",89.1946423012011,-0.69209845347737,0.809305526629615,-4.42680685374989,-781.481405845608,-888.086634977888,4.07836694705377
"cv",101.329301988947,0.749573499982079,-2.63834082373419,-2.57190244244996,757.706528968011,-76.8541641071798,9.87007230657071
"cv",80.4124658900094,-1.09486938514035,3.31638118441388,-6.98415740607338,-231.760786488793,-19.2375345955113,1.18261440742937
