"","","par1","par2","par3","par4","par5","par6"
"cv",91.0745782160171,0.932704726028236,-22.4150307791607,-2.89501878946658,197.967834032835,2.06662400466041,-0.865929844412693
"cv",98.5803003813385,0.668512795616689,-26.346292865073,-2.67906799734174,327.124646081406,-8.67912481317587,1.5264383247007
"cv",98.3764449632085,0.601318188708404,-2.39842707825144,-2.86342017869043,182.089264298078,-32.186650133612,-3.66703986940166
"cv",89.8829236103674,0.753088247994702,-23.3756931267151,-2.82114590278871,209.674419446324,6.22678364003178,-1.35880951689253
"cv",95.4563982697821,0.649986172527041,-23.894319049851,-2.5560243286253,826.77790382877,-67.4047802281882,1.98840097303272
"cv",85.5579669440798,0.773850938853441,-4.63844923673364,-2.79823012073054,188.168506312263,3.15875457737511,-5.32999897525453
"cv",84.0618395672506,0.788159625923074,-11.9640236059283,-2.81133515915555,537.131311972009,-14.3605112173903,2.64728863515607
