"","","par1","par2","par3","par4","par5","par6"
"cv",130.775028505419,-1.21103543751057,-0.253208942750398,-7.58027702101651,-536.833157631755,-307.27380473832,2.91197121881592
"cv",116.938488068891,-1.1127732632934,-0.230411279142687,-6.57466531123915,-927.190470066911,-984.930861648914,8.523816148483
"cv",100.330328358309,-1.0415014193882,-0.210350778905757,-5.89220372245277,-264.91112910118,-205.175278103975,3.52102117737845
"cv",83.046317407489,1.18295348885841,-17.8187149231102,-3.43382088194207,182.622957979409,5.03915503668523,0.804568947039138
"cv",87.5222801063034,1.79867377892177,-40.8757656922563,-5.01271541724051,249.569950447036,30.0589714504071,-9.14505061248571
"cv",85.9525638372608,-1.17942512311786,-0.338269351108792,-7.29920405801279,-997.371519231964,-258.46768961067,3.32483701211378
"cv",99.7720562192366,1.69410949234313,-17.4957407770822,-4.46206833542947,61.0615175755023,263.655492393225,-2.53290749154985
