"","","par1","par2","par3","par4","par5","par6"
"cv",113.924150934928,0.225891761657386,-3.7248883904715,-3.26817223091827,101.110940176753,81.9038179942525,-1.63542917622703
"cv",100.574865360971,1.35842275594351,-11.7543186246341,-5.11887655392251,15.7144675536803,727.793067204023,-4.18895407159393
"cv",27.0022736483329,0.278109451217335,-7.38905632746805,-3.15850829294284,72.2781450938005,156.520570628345,-2.26454214688034
"cv",51.8867774110751,0.275399443440561,-18.1245057367237,-3.32604157417709,196.496681047934,-6.32056952604976,-1.28467781685028
"cv",42.9390773699129,0.459629584590217,-15.0157167222834,-3.38082916813555,-0.723003463862565,49.2394331139737,-5.10973290685156
"cv",29.2495365821935,0.367188091254545,-11.7546376609369,-3.47457469371408,187.671760170755,-0.0509634971115247,-7.82512265569544
"cv",46.8609662089633,0.454246057255778,-4.17298637433684,-3.35727000183547,-27.6927136668954,30.5942088474737,-8.23314232386069
