"","","par1","par2","par3","par4","par5","par6"
"cv",63.3418297928261,-0.097368911042108,-2.00127323541292,-3.13740683359004,75.6643346302452,95.9757385763441,-0.429734232696749
"cv",11.76282656906,-0.00081567491727963,-2.39641839721896,-3.12311338819563,93.8115577304539,189.995960807343,-6.57246305296691
"cv",19.8505245627226,0.0479567886610073,-2.39634752551071,-3.30969311058001,90.6263623102879,222.731817301777,-0.513978755585954
"cv",61.9433447227265,-0.0829620697375044,-2.0087393614834,-3.27182357630267,103.892095264951,202.087462444144,-7.55054100114781
"cv",73.5392993953088,-0.134003081858412,-1.95205998234451,-3.35846867859203,80.7281241844525,106.036772255079,-7.01163858935151
"cv",175.259632969526,0.154713924436335,-2.63946136143064,-3.49515611809277,79.7235836786525,-25.4195807143683,-8.6561059655008
"cv",35.6918148331985,0.193964002048332,-11.9602705299981,-2.99955515977092,88.7268823671128,70.7388374064652,-0.53834863044487
