"","","par1","par2","par3","par4","par5","par6"
"cv",94.093033909534,0.447437677540042,-1.70781018777895,-3.20136477130215,-303.979718439529,-566.768092477668,9.55409321571666
"cv",65.7219487157754,0.204113074648996,-1.38842548362403,-3.55893890444511,-784.138995294225,-106.012805989613,1.95258315102372
"cv",52.6379779716018,0.204582527695058,-1.35202703745794,-3.47533413478807,-57.5038337832228,-323.53660769691,3.68764977462297
"cv",51.1172216169303,0.142401313245107,-1.42377306923876,-3.56777473573388,-61.7638682524454,-651.345173726082,4.4430443648654
"cv",47.9922905032051,0.144634634465194,-1.32591887095781,-3.69675430565486,-405.36805052506,-712.850584014446,7.50855831583518
"cv",73.226251317054,0.110897813694946,-1.27601392718659,-3.72774313856784,-673.444166055914,-35.0971744519304,-6.55949079897255
"cv",49.0987283663844,0.137657918280508,-1.43435381063146,-3.52523442908531,-599.070326776176,-279.190746628028,-0.31516909113444
