"","","par1","par2","par3","par4","par5","par6"
"cv",105.595827582544,0.657808542203609,-45.5233540552067,-2.75626936518127,246.361275224923,-20.4552700347084,-2.03959268518205
"cv",89.6474705255185,0.642900211088836,-28.9649219213896,-2.7037882658541,233.600724215031,-30.0855384771236,-5.22460314194686
"cv",95.4814048812447,0.680340393319175,-48.4457933817844,-2.63117096072522,128.750142582843,10.1502879705417,-5.07063361002001
"cv",97.016928455513,0.652302682445678,-39.3750073608934,-2.66593301254919,221.612795198796,-25.4161029043199,-9.14236181454114
"cv",92.821730812179,0.722367137599,-16.4287847936294,-2.78791844441972,228.128160240393,-15.6414279628169,-6.4744958717987
"cv",122.595967048232,0.649508006852968,-3.17774903960526,-2.79264435698413,235.580376384268,-47.9020026436962,-5.98237525671721
"cv",95.4470405354871,0.610268997681601,-17.920982469595,-2.69317954486014,206.291900482029,-8.69896542958962,-1.10184359829873
