"","","par1","par2","par3","par4","par5","par6"
"cv",98.7397944447994,0.887839035579816,-41.8463067878246,-2.86699728244006,83.274426534913,16.6520228692232,-1.37074110080883
"cv",96.537134515915,2.03934068885598,-18.0231170822872,-5.17662570878427,71.7100706511633,665.643976480058,-0.559068757627657
"cv",102.024859868389,-0.291172011380556,-0.981892170748409,-3.60241285184154,-957.322121985752,-2.58615236621807,-6.77485465200458
"cv",100.288057142987,0.804053149787648,-18.2034608368393,-2.80080313098696,71.0013091974563,28.5754320584238,-1.75103457090036
"cv",87.2665570813388,-0.269445032938423,-0.85781533520875,-4.08089208457591,-834.908104552022,-207.092685831122,8.44362403283602
"cv",80.7855023922558,0.727963873933191,-21.5330181885325,-2.91048965863317,74.7350857146072,26.4401770354808,-2.18615143559873
"cv",87.2998468602841,-0.719503442153985,-0.352799915708601,-4.56730647225466,-366.227357099609,3.79554396428142,-9.60868541344523
