"","","par1","par2","par3","par4","par5","par6"
"cv",90.6835298032937,-0.797861818596721,-0.657997489906847,-5.13908006022393,-737.903832061813,-247.88560722532,1.21390114108584
"cv",70.5403786062698,-0.625412089858578,-0.742146955205214,-4.57666521518583,-952.752286152515,-367.121165398783,1.61979161527468
"cv",84.4167562854766,1.04871448779317,-4.6645314041385,-3.40372157055175,363.14937158304,-5.09280130427614,6.60107182804495
"cv",70.6930253263368,-0.988980055511892,0.700600259900092,-6.08872698584199,-711.139363465248,-632.582757138309,4.19000410126877
"cv",91.6737462495448,1.30350601712802,-7.61202502902713,-3.64511654515575,238.154079799422,1.08871233828854,-0.621431971716343
"cv",84.5022105051614,0.883520181484539,-7.12845018136259,-3.1364578174001,416.737032378376,-15.9981055487234,0.986532585163511
"cv",92.839575890163,1.23780686854468,-43.2433078486563,-3.47317589912564,239.369483999987,-0.71065858129198,2.05618695821613
