"","","par1","par2","par3","par4","par5","par6"
"cv",99.7085275778949,0.69860955954258,-29.2015622648163,-3.17305758934889,342.924029002918,-4.98670043480322,4.06864106557759
"cv",86.245676975175,1.00260421913078,-41.6978432666409,-3.48388600817154,431.872202031493,-9.78738839182211,1.67908218426308
"cv",98.4416491439628,-0.877553754617887,-0.174349927261146,-5.22808274615585,-325.797896556931,-494.284605622236,7.63311742286264
"cv",114.247642540434,3.30489408485591,-45.8855734543454,-7.8641537090928,268.360395402482,5.48284969623195,-8.40416952802654
"cv",99.5580858363023,0.91282975902103,-25.2572941002168,-3.31702032413269,240.112624589697,-3.81742471878205,-7.88079365265382
"cv",88.655560491919,1.02623272668837,-11.3197875441983,-3.44113132826016,227.816557749838,-1.38545128431286,4.94602622512823
"cv",74.4167473135337,0.990073555344175,-10.1434465438683,-3.24130150381221,209.09040287434,3.09277808235768,-9.15541792344695
