"","","par1","par2","par3","par4","par5","par6"
"cv",117.815300521126,0.917994786852161,-18.1670305685838,-2.98080687410212,228.53014351638,1.064324802641,-3.51663161027069
"cv",82.933641762183,0.662361909865144,-12.1739888637004,-2.9439293601955,523.280997390902,-22.1378212889736,0.892196661622351
"cv",94.6135996248002,0.82516626623593,-23.4653462138137,-2.99937314505755,741.312856767731,-31.2120635400018,0.970637440024964
"cv",85.6866659913602,0.840838631163994,-41.1669068325202,-3.12249048694173,416.246634448484,-11.0901587661926,1.27011244217719
"cv",89.6521646330568,0.826233995883445,-49.2898371588319,-2.91249849710571,224.883729157846,-0.116882527790935,-0.585326186641315
"cv",90.2024001283767,0.787899167876299,-48.35311254521,-2.98255498717695,528.193147982689,-17.3632425451668,1.22448024776103
"cv",88.4459273497585,0.772519123152393,-10.1999859161979,-2.93408861795033,596.659603371692,-20.4489979508899,1.58145249784718
