"","","par1","par2","par3","par4","par5","par6"
"cv",11.2558199244027,-0.0785964920869694,-3.98806874259245,-3.12141153367271,0.505188077898971,203.590948688733,-9.08005847526501
"cv",16.0267773147781,-0.298392537114378,-1.92815429595874,-3.70705566420206,29.1461199737183,288.154110087446,-5.87131061715849
"cv",45.2965476583667,0.220571717241391,-27.3690823863545,-5.25774714673758,6.8421326476838,16.1335906013846,1.22334321160676
"cv",41.8685104618479,-0.169297915173255,-22.8384231722186,-3.13829906968811,10.6425372865046,141.585169667732,-0.126820437486807
"cv",52.8729523196968,-0.422913769251405,-1.83677916576012,-3.78904108229339,-5.07622705624763,698.154328135497,-2.75850178981841
"cv",46.2764829676335,-0.273969268720155,-2.74758383065813,-3.23385789321663,19.703159286201,200.044535499609,-5.73079486152974
"cv",39.5209273133635,-0.113195397552605,-2.95429880118659,-3.32751865439937,1.74530737284863,203.909236185681,-0.920329903496145
