"","","par1","par2","par3","par4","par5","par6"
"cv",72.5359653185091,1.32459970815553,-14.1434219852465,-3.97372823976672,245.377103053288,13.4553764572672,-7.37596357679295
"cv",104.091528764154,1.54366374296819,-39.491757732083,-4.23911622561887,361.210098024458,-2.38434107844432,-7.60707330195414
"cv",81.5122917106465,1.57725632414137,-49.89404001987,-4.41696830820292,297.394918871529,-1.0567436873952,6.85901192442924
"cv",79.8753884921389,1.59583427452726,-40.5290328857449,-4.43806485963291,676.230549531914,-4.60657548748966,-1.19393457559557
"cv",111.409787578191,3.3169783251089,-24.1210275868831,-7.68483031558339,357.207891153634,-3.62163114099955,5.58884388301522
"cv",68.2786397295319,1.75735760589879,-40.973344030028,-4.4367024040783,416.668464647008,3.51557143974343,-0.278928477048208
"cv",91.0254342439801,1.40707434666837,-26.0652424357029,-4.15608294958201,281.378532759845,4.82500003375539,-0.926717548807858
