"","","par1","par2","par3","par4","par5","par6"
"cv",98.2928136225674,-1.04931137103166,1.54575285084546,-6.67333020356975,-649.266921621551,-156.617264820004,2.17300861082544
"cv",89.003623631964,-1.20247973407256,0.218887345828206,-7.84035384821872,-180.521188053642,-518.345874996881,1.77603132838819
"cv",75.9185110662213,0.918979352956336,-40.4456224565158,-3.36060366523948,280.814760893787,5.11724574732344,-2.06954133327244
"cv",82.6900014976586,-1.15607250527978,1.02008960675448,-8.00695110153632,227.406794793055,-32.4527825212878,5.42832333932666
"cv",63.6132036651572,-1.29826165963853,2.52347532235086,-9.24886814974852,-890.927248634398,-51.6670505755303,8.08301513786971
"cv",75.5389872740882,-1.16523058722559,0.508773849100507,-7.62848726703816,-12.6948500462099,-153.976776014665,1.76104582846165
"cv",95.5105509284369,-0.62191173817849,-0.565760862082243,-4.32413588208239,-657.68437363753,-702.019778773031,2.25775005518476
