"","","par1","par2","par3","par4","par5","par6"
"cv",95.3307625129183,0.965211826989792,-48.9768661186884,-3.13659830882667,190.513094264878,1.52033905855033,-1.5132500473333
"cv",73.3973867563334,-0.769889011926604,0.863178213156342,-4.97643741565912,-133.135575708942,-556.672125287603,-5.87537606805357
"cv",68.8924061226389,-1.18039093650374,2.47238638083507,-7.54813351495297,-827.280804980546,-264.246875875866,9.1590462231491
"cv",72.1260159106557,-0.676802566960929,0.112145953431316,-4.5893826294195,-714.384916655393,-537.504532004175,4.17305770536521
"cv",86.5393346326168,0.728414158757443,-2.88589627247098,-3.118920394446,927.457550112986,-156.099894448864,-3.36005146293927
"cv",111.792667383442,-1.14582892363527,0.294164095446467,-7.15920907834434,-165.556725751539,-595.819308276081,8.97307084997814
"cv",54.3794681655945,-0.723368949683373,-0.536437874160832,-4.65115553888345,-518.438089115735,-92.5102835216911,8.37150362803772
