"","","par1","par2","par3","par4","par5","par6"
"cv",87.2502469676735,0.848762117736006,-4.36299038119614,-2.99906553041851,216.899393597305,1.87179620137451,-5.19074976581313
"cv",88.9262618691906,0.623210184183637,-2.29999781754212,-2.93073185835547,350.857039300041,-91.287685606341,-8.14753350256091
"cv",70.1275278591469,-0.942863242191391,0.934606660181352,-5.46940857556991,-298.936656216089,-915.185160934925,9.59584488067776
"cv",81.7618121602876,0.92471097798511,-36.343447463872,-2.98100985729364,215.377978764876,4.392035168408,-2.37843040496456
"cv",136.372622175648,-1.14307045178659,2.81829784175707,-7.21710189849327,-536.946517858287,-621.406970768528,2.36315164715052
"cv",86.2568760258394,-0.0674136137913252,-1.32098755710578,-3.11299375498609,-517.319824783074,-582.25904961764,1.0473694686623
"cv",98.1664990518414,1.01778237717567,-2.89079706878054,-3.25126737410573,234.306459045636,12.1619311273588,-3.66414685449161
