"","","par1","par2","par3","par4","par5","par6"
"cv",76.5022175867236,0.651148801428294,-3.08416408530532,-3.78570194500454,250.496784171144,-396.18043547868,9.54998015969903
"cv",38.2400698292075,0.670150508765391,-2.47344804608449,-3.76296787272354,-269.500498262881,138.727846379405,-6.49915976222388
"cv",34.2951295973128,0.802466144886743,-3.46329982715297,-3.7432669277449,160.761472626307,-249.030324447611,6.26090311263927
"cv",28.3438725666679,0.716083574837785,-3.89423002609426,-3.55279218637461,-113.882827211553,77.2891440787061,-1.60516678943898
"cv",35.0676230600826,0.725495201598227,-4.19480086057193,-3.70416929009857,103.908047743416,-141.063686463685,5.43656715191901
"cv",55.0111678232818,0.762556899826066,-5.46056085420288,-3.5029324646207,-279.561340393841,137.576596393123,-0.420675675840083
"cv",50.4305758358977,0.765377923458576,-4.18987452358121,-3.61302526350711,-252.876285901638,128.470239140733,-6.08184445538205
