"","","par1","par2","par3","par4","par5","par6"
"cv",75.290173145395,-1.21893061759893,0.340906287778846,-7.94941789216737,-95.2346408524145,-161.311122451581,4.41706420388073
"cv",72.3658245970974,-1.01980618902722,-0.567109224726544,-6.17647591260758,-142.346546196427,-62.9870209714532,3.1311710545646
"cv",47.7809401139236,-1.32103653265625,0.048212634090506,-9.16077724192291,-26.3962165745136,-543.874953055352,1.62183762528002
"cv",65.5863748965045,-1.35583100143307,0.977422415417743,-9.81314041113235,-852.609193142658,-911.785437848064,3.40102781553191
"cv",84.5138719366621,-0.981251944405711,0.460353258413043,-6.13603634514575,-14.0289575792849,22.5139440719067,-8.4717564098537
"cv",75.0949367190257,-1.02066420457109,1.25968733612448,-6.21346905433033,-778.781425733127,-626.398751663941,8.05302590792651
"cv",90.6756989452857,-1.2636516485428,-0.0250469675314298,-8.49775530863553,-592.520823050428,-357.760574646416,2.68630041630507
