"","","par1","par2","par3","par4","par5","par6"
"cv",48.796496331121,0.417866745387297,-6.79134798299849,-3.08524056692378,974.625214043616,-423.984695048901,0.165676463583006
"cv",70.4953179656404,0.614547785841992,-14.7187747583605,-3.23973277366117,121.824471275843,19.8144472599328,-2.04246973120763
"cv",100.533119065445,0.644742130103236,-35.1913240910132,-3.18752697958582,519.363070216461,-15.1058786354172,2.47961924617867
"cv",53.7897546296547,0.642930998520928,-8.16709518077004,-3.38813390892605,490.53708431717,-9.34271452140434,7.52736326167229
"cv",91.0616930095025,0.558624242577154,-14.6276980095889,-3.05335833327211,667.505192054676,-410.573082304602,0.0744906619472978
"cv",76.8715508493834,0.718858941049598,-22.5289088398246,-3.53189569506036,787.004349268392,-22.3705749183964,6.71066404893985
"cv",74.8518880964817,0.355709491687786,-23.4343351697846,-2.98153552480294,576.145456172526,-294.219271466164,0.112542803448739
