"","","par1","par2","par3","par4","par5","par6"
"cv",94.433679144052,0.892541607932277,-13.6008881038688,-3.25454090432905,640.983733492999,-5.3057801015709,-5.01671408303082
"cv",75.2638576584328,1.19505166603695,-14.7253744225868,-3.68469593811067,700.282898704636,8.03645838615364,-8.71701338095054
"cv",79.5856639128882,0.49921795607036,-41.4817553746197,-2.80011609155887,904.572328653835,-605.440691833466,0.258887667379238
"cv",72.7989313663771,1.23279743643485,-48.1006515562787,-3.61894330927252,301.565582534215,0.811481864370982,-3.77175213666402
"cv",99.1491686000925,0.57555287284404,-32.9606995556091,-2.94872673310251,952.630364987999,-677.080070555545,-0.0406871940410739
"cv",73.8369541620932,1.13181566672028,-11.8425617005364,-3.62815739971667,250.759494415149,3.09150891689663,-3.97523690505845
"cv",67.4335576094973,0.86807431040975,-20.9989549054924,-3.14992238307431,560.428161662705,-14.0354622507177,7.64767992317645
