"","","par1","par2","par3","par4","par5","par6"
"cv",74.5767693819484,-1.20541007996416,-0.242824051744407,-7.55166379804315,-595.607788734502,-319.49779782963,1.18541039516708
"cv",72.0990454178887,-0.961218247785245,0.706200683023512,-5.80383352208015,-46.1287414655089,-461.365957314131,9.66897512881884
"cv",70.2969098499336,-1.18724946539108,0.740136820927125,-7.69639768130709,-772.925638366118,-520.752348663666,4.03350015263568
"cv",61.3542799810604,-0.813891439733007,-0.702114335731967,-4.83567583895552,-133.896466810256,-352.497171242192,1.07827927290619
"cv",81.4871534297792,-1.25025859441234,0.378482004743515,-8.49156582868228,-105.669279613624,-679.364170879126,1.69965233364838
"cv",71.11109109862,-1.20822961534552,2.61210739705712,-7.9709913036052,-144.891689621156,-111.561563402632,-0.357158547341638
"cv",82.2855647888774,0.734621916066845,-18.584185889063,-3.23658490766322,773.144975826445,-40.9416026302665,-5.01340757339466
