"","","par1","par2","par3","par4","par5","par6"
"cv",120.189826809958,0.502361691314339,-6.07105003419306,-3.19219977606387,144.862022232871,-43.0599894691119,-0.853889223411085
"cv",100.716013081647,0.593833957471181,-37.5942707747507,-3.02374215628202,127.521662847666,-40.4916663426951,-7.72296450140388
"cv",66.6723109053386,0.497058720181078,-29.5608116860885,-2.97584732011573,199.152689740845,-126.256664742985,-0.205509516172258
"cv",79.6181154879591,0.493474373349632,-5.11239727816879,-2.96323835815919,134.972815547739,-41.2946475578916,-5.30073235374173
"cv",63.5588206149762,0.541555009001488,-37.532815131486,-2.9652909332875,140.421801411423,-31.3085317046228,-0.22264790214354
"cv",98.9433753837624,0.540627160070461,-4.17481310562081,-2.95265922469434,117.51118501518,-14.805281919434,-0.528943725613545
"cv",55.9393054740807,0.510352881587649,-5.98462655591057,-2.98226343100835,150.750755993444,-43.3980952181309,-0.872397796663228
