"","","par1","par2","par3","par4","par5","par6"
"cv",92.0266482847721,1.11187610483847,-22.9150379475103,-3.63094234073073,259.354735258967,10.1609087261832,-9.64441811650134
"cv",77.389191670575,1.36374428239088,-34.6329368850117,-3.73379295654718,798.241550611374,6.97949946078235,-1.36277109622708
"cv",78.0893754783634,0.838127300828406,-33.8875786325749,-3.16049654692516,232.852082666069,-3.47161789020661,-1.37354587204754
"cv",100.80421098617,0.898149466222663,-9.75970347622146,-3.22346695089439,246.858909726143,-0.234914889441384,8.14857646684187
"cv",53.9348138411058,1.03567996589854,-23.670025767831,-3.44044857006883,514.494189087021,-12.0343754799898,-3.51824667113711
"cv",87.1897208416453,1.26626711029905,-49.9418612594399,-3.63331590853151,791.463122092314,-19.0668106057441,-4.96264393948505
"cv",89.1820788137544,4.06677867792608,-19.5785065640194,-9.00253573564702,225.73123650025,14.3654729239643,-9.11262393929064
