"","","par1","par2","par3","par4","par5","par6"
"cv",73.4469075634082,0.869092613892199,-33.7583762396788,-3.90211695491864,88.3923038952975,15.9759376008694,0.466095633090095
"cv",28.1469011959761,0.838942456906915,-12.0264423665381,-3.62897259689228,80.3688402838448,229.880989060456,-0.102211963402804
"cv",99.2177814342388,0.411661616368722,-6.78224667123438,-3.10645091585306,65.0052576495417,10.2752700444172,0.635356001484124
"cv",35.5869670586339,0.692885753210439,-49.1969373559744,-3.27037988820385,70.2112218887863,44.7997708190624,-0.0293510171122502
"cv",80.562560564794,0.517773732543965,-40.162799676484,-3.20515815451887,47.621193826753,211.599989431246,-0.0965071162532052
"cv",67.0268770742858,1.15716610494309,-30.9988643352022,-4.41310533650555,85.2379074547674,178.729667952893,-0.768984084648745
"cv",27.3107379940251,0.751270826742849,-34.9775136060274,-3.20973012986589,63.9156730193566,22.444036553609,0.0636954917543902
