"","","par1","par2","par3","par4","par5","par6"
"cv",102.326495337365,0.61238770590308,-2.37862905700706,-2.83548193766626,769.475142709593,-238.86097777792,0.183394444175065
"cv",89.2194242074298,0.591202056398691,-15.4959499620795,-2.57352862678492,79.3273431172789,-6.94280501465058,0.198870346434028
"cv",97.7359817113553,0.368808393503782,-1.9762373186714,-3.05870196563844,564.659641420609,-164.977559787705,-2.99979015398933
"cv",104.470250069737,0.669470447071779,-4.87341822932551,-2.89390628995439,262.602183337136,-20.3762418521455,-6.93075706398567
"cv",70.9060708600203,-0.416936114729607,-1.04956836687098,-3.50714901979476,-357.311924991718,-29.0980589635772,3.63186548278876
"cv",94.1389340603464,0.400011316377686,-2.19723083594381,-2.99321296295668,718.058781679697,-187.685548628848,-3.59199980705462
"cv",94.1825007753799,0.350677341891751,-2.48625680427809,-2.91712404338404,824.709788896143,-240.630501164734,-2.03911512158811
