"","","par1","par2","par3","par4","par5","par6"
"cv",45.1308354017146,0.477050413577551,-8.47127665363585,-3.30908136365022,248.773557894959,-4.39377215644348,-5.37229867703067
"cv",39.1761394395036,0.648935305026502,-21.9392255014117,-3.33440590744724,100.620312027673,6.29389191833542,4.53155541057866
"cv",58.4297525718087,0.613425167805376,-11.8004453337655,-3.43971721571155,184.436229976002,5.28573883727226,1.87095875266011
"cv",78.3135385916629,0.408852954213469,-25.0243911539291,-3.21981722449455,38.1292183979198,6.59756465470077,7.40142467326685
"cv",73.5995957834164,0.531542725886397,-27.6820432593612,-3.32591242240791,76.0761806984754,121.449168210723,-8.72931398603179
"cv",83.6103575273106,0.660053034828139,-15.6472489580512,-3.45278395926366,85.6759152829581,6.58659655777811,6.12458199069516
"cv",73.837374770893,0.405877228368169,-10.7282422853276,-3.07677409695681,78.305847318282,1.85085519556371,7.23817642845195
