"","","par1","par2","par3","par4","par5","par6"
"cv",55.9686804645518,1.92429624519453,-24.5011231102156,-5.40540752906827,77.3432319659333,248.84548162003,-4.49299949816804
"cv",120.364171908589,0.44287681039083,-1.85582055350929,-3.53215747238385,-644.088268483054,531.684303197562,-3.7333746564554
"cv",82.2389671113451,0.595028559133733,-11.5510700102598,-3.13290293983863,411.849775817245,-24.7509031045633,8.07161666918546
"cv",82.3643581844681,0.49749604596773,-24.4095367635275,-3.00083552823368,98.5941827294723,-1.26750906929374,-9.41367453943865
"cv",59.9018649508323,0.63855834348942,-34.7370197674802,-3.07975308026648,48.3819574496206,6.12810266107074,2.15776740154732
"cv",58.6551041940724,0.528090614842463,-29.4946307139778,-3.02639264818285,98.3871237981795,1.89409023542547,0.294630140997469
"cv",56.5743598093347,0.650022163871988,-20.0797182789457,-3.07628661296005,96.0294874812189,-2.59023505222959,-1.3709701417683
