"","","par1","par2","par3","par4","par5","par6"
"cv",142.843928204899,0.553030207601805,-2.08981145659371,-3.48074042275808,-100.839311672012,113.900652166711,-0.660211137774308
"cv",74.6776975682174,0.242525225659566,-3.38169137383311,-2.94082827531314,54.6832469892193,220.442750957236,-3.69685125510928
"cv",32.4554944527383,0.361226877684683,-3.08470627850743,-2.99828032882384,59.5902909243692,205.639574221683,-4.18008887876383
"cv",47.1878966227396,0.468673645704559,-18.9168778855789,-2.93985675986783,81.2061308234024,19.0250601167211,0.0320698043719363
"cv",33.5702617319107,0.447426794224892,-17.9663911098315,-2.98920261276443,88.9035594697389,5.50647290279915,9.41180061451975
"cv",92.7755939368867,0.440989715094083,-17.9393047834329,-2.95724504601411,53.4896871031656,238.838238491074,-4.69110298436135
"cv",41.6894645708558,0.0993749734763462,-1.35129844897458,-3.44900084061498,-53.4452219935417,38.7734373163646,-3.26489695633064
