"","","par1","par2","par3","par4","par5","par6"
"cv",75.2897557094033,0.392894208530991,-7.78663335427573,-2.92163277502216,66.7725977245192,74.2850982777504,-7.91536348958908
"cv",66.0461172858597,-0.0510006210059595,-1.42742666331672,-3.36809304655846,-492.99293912222,209.953275878259,-4.50284245381391
"cv",51.762641092295,0.220362013277864,-1.79258664958468,-3.12948214856992,-507.029169426187,253.84702459518,-0.809509606453574
"cv",73.9012284678543,0.537085335109274,-6.34255034044584,-2.93150452653436,46.4794722684431,81.0337405897741,-5.05897141532801
"cv",45.8301636450684,0.113344556609509,-1.67344381777005,-3.17884701927101,-84.9881784591328,68.0921661191776,-5.04676547832787
"cv",103.137142612766,0.170024807252508,-1.58985672593324,-3.43402077002594,-499.50900883636,245.432026841787,-2.51997354794282
"cv",88.7176200295411,-0.106823142981288,-1.4949236956166,-3.4565921361733,-476.86826515218,207.3936957067,-2.21857729166082
