"","","par1","par2","par3","par4","par5","par6"
"cv",136.502788301179,0.407840394817175,-2.2978118709311,-2.95518103726828,270.560154737387,-43.1975500845025,8.88670087862422
"cv",53.5886367193522,0.361715045036495,-1.73908887305857,-3.00523925992868,903.152072468304,-546.812945883896,-6.12776616750048
"cv",104.279597952436,0.228099157636737,-1.1691323376237,-3.67540019550247,619.831762742251,-64.0341050520457,-6.23238147570292
"cv",55.383591007622,0.388195787680577,-1.34947585439606,-3.51822166500229,311.063600566599,-9.72113409742713,-9.11891784048653
"cv",95.612590983154,0.461691116530039,-2.76994428262573,-2.56493422606701,209.429045063471,-102.659111231234,3.40456165906212
"cv",72.3658170007529,0.368991499823011,-1.49919014807145,-3.06603556577771,206.411994500745,-115.944159203103,-5.78265829096691
"cv",58.0986057729396,0.320789027276949,-1.53571493889812,-3.09422531558562,602.017321499038,-420.583315740227,-7.12961948513353
