"","","par1","par2","par3","par4","par5","par6"
"cv",107.038479342633,0.192308581263347,-6.05586830542617,-2.95110784781037,-17.3725622530576,774.152203748987,-7.82069380038484
"cv",61.3914973048971,0.0697490965254454,-25.3838759019027,-2.82956480087394,5.55628506317737,498.115535235256,-3.48806762986227
"cv",44.6967415146372,0.023734583126991,-27.2250131075066,-2.76909809276555,10.3271535883826,330.048536999513,-4.58272803726969
"cv",34.740779560575,0.116532418332138,-13.5187475200028,-2.80701373759609,15.8917729983543,200.093303696601,-4.91049117429936
"cv",38.187867615099,0.119450472745981,-26.2023071058834,-2.81953046921299,7.42038727291154,443.944928940998,-8.39970762289943
"cv",73.4396705906708,0.0538689615709174,-23.0089036942511,-2.73398048790227,14.7256715556058,209.378247132711,-6.20257934697882
"cv",70.8999946756526,0.103281574977951,-39.3536862847882,-2.81864976832661,15.0490374375669,201.367540124844,-7.73644299250832
