"","","par1","par2","par3","par4","par5","par6"
"cv",74.9984417997388,-0.976954721907437,1.24164411428422,-5.71067297385202,-255.727245472372,-123.038064381042,1.94336539695248
"cv",89.0965572357776,-1.30296573229134,2.74424883536994,-8.95354203172334,-563.211822882295,-525.968106036003,5.50037707145386
"cv",71.9580872752244,-1.20454983953296,2.91558737207651,-7.7538240206756,-420.421799179167,-506.285459268838,5.36794684819586
"cv",53.0972865278436,-0.797532727989652,-0.303263286494559,-4.86229850559561,-643.944794436436,-339.020209177293,5.95097507656908
"cv",93.0183694940724,0.955379942617858,-3.32167206391888,-3.29539593495072,714.873914676634,-26.8355685415961,-1.02815492626546
"cv",57.2895506504375,-0.597604479047928,-0.458494666455268,-4.08709613555014,-782.440193946237,-955.697538642806,-9.81269476592454
"cv",70.4369549444388,-1.24214271799898,3.36814680024719,-8.24410506021214,-481.4372966066,-208.53267563507,4.00449587689727
