"","","par1","par2","par3","par4","par5","par6"
"cv",99.7493531891816,0.569128736974137,-5.49876572579516,-3.04339950678905,187.452127213724,-30.778947076477,-4.16609517238945
"cv",97.9609182748287,0.790200835265426,-22.9958630449252,-3.2382042444722,180.664924987774,15.773722961992,-7.46630937951232
"cv",90.020800616822,0.687844540438894,-21.0563352536348,-2.9635264878809,76.1912693363157,20.116834879244,-5.4383520425651
"cv",76.1757589534643,0.533784840407875,-15.7094381980135,-2.82100214125838,118.572638251202,-5.30451488718036,0.448925620278895
"cv",79.902296405024,0.569093239784817,-4.37178620010771,-2.82646473066647,186.12362731097,-24.7616603826893,-7.31479568872601
"cv",82.5890582660117,0.716868270121333,-19.8894236115238,-2.97824469566578,88.8167995518046,18.4237262495504,-0.389947944508543
"cv",55.1304058571626,0.668213975181707,-34.5885432081562,-2.80959567249729,189.999673779474,-31.4057386879729,-7.97603937905475
