"","","par1","par2","par3","par4","par5","par6"
"cv",94.3948980006762,0.801918474440348,-3.84122263059225,-3.12632216514277,917.75876577196,-26.3078965550351,7.62751861991755
"cv",98.3343419341295,0.790046703889306,-6.09236349043775,-3.02259537668175,995.305426341235,-27.3843112176283,-2.5027168571429
"cv",102.481503601387,0.923236329853535,-44.4761802674367,-3.12052824830262,506.941388534421,-8.35957474130903,9.24791965499385
"cv",89.5879347022557,0.749173319373671,-4.4182252406694,-3.00810840705353,231.899811583412,-0.835124036828716,-5.97497914364288
"cv",80.6760102802917,0.687892696688552,-3.31880937628397,-3.15734604134321,203.986294106475,17.2566860333047,-2.73645101420261
"cv",80.1939241824991,0.746829946074415,-3.76789390831537,-3.01206476871837,254.280735418664,1.15268397767677,-8.31022991988766
"cv",92.9262622043065,0.816020741856998,-5.68559042354602,-3.0450109559019,433.861406274319,-9.03026511896428,-8.89253487344831
