"","","par1","par2","par3","par4","par5","par6"
"cv",105.089588456487,-0.968147039277545,0.038865665210293,-6.12479279512883,-453.842380430849,-337.136375366175,1.44703291953629
"cv",74.2349317909315,-1.20616196407676,1.64002847542775,-8.33077883563139,391.851448235312,-345.472209575665,5.82228683414336
"cv",40.2061530300673,-1.23076118631024,2.27518539190799,-8.39603244898773,-176.593442447484,-186.738887365883,5.64386013214727
"cv",63.6198793480901,-0.744959878870727,-0.493065164790889,-4.92109250791287,-369.217349787897,-842.910903428015,-7.62801796199245
"cv",60.1275583688026,-1.24262142350157,0.965904131966692,-8.49093662306956,-781.626513935596,-919.396932057911,2.13482349645346
"cv",62.7348832546436,-0.507475929390874,-0.600588545817022,-3.58792092079918,-48.7081537168642,-674.799782442526,2.43826543210092
"cv",74.7326364552322,1.16592617229375,-43.747583870296,-3.59654163267341,212.629723367395,2.15191588534732,-4.52080236357532
