"","","par1","par2","par3","par4","par5","par6"
"cv",58.4975613538783,-0.896012038661642,1.16072624873146,-5.48826593949439,-710.470195400118,-592.724136625206,-3.45675474498421
"cv",84.8344676085033,-0.867825628240405,0.524244073291701,-5.21362765912105,-467.111796631612,-824.569719979531,6.73348739646071
"cv",82.5840511649182,-0.627768644761754,-0.216643243475399,-4.56300011569591,-339.287643861163,-531.854211286765,8.05539049861826
"cv",71.8804236390846,-1.03519409744916,0.708408668853679,-6.36127605682662,-288.881890725467,-365.944272188954,2.80881219035453
"cv",48.6192643656244,-0.610409425714185,0.33378267906396,-4.66683117693826,-399.056523106992,32.3028460083882,-7.3895357120497
"cv",76.8345330977573,-0.735157793543569,-0.563852914057673,-4.51828624587506,-772.440598811954,-176.542990664683,0.917204573674068
"cv",85.347970061823,-0.850313355918968,-0.106098489072018,-5.12679911831664,-160.935814031092,-577.867520696134,6.72006969923422
