"","","par1","par2","par3","par4","par5","par6"
"cv",80.7364037915059,0.793857066521501,-45.6242058787023,-2.72440488053325,-10.882417205953,176.52402113422,-5.67331216958931
"cv",91.9467709229937,0.635642967962389,-2.48086147003148,-2.76746278795307,-81.5525965416766,668.287737107373,-3.26878921632407
"cv",80.9484838685337,0.826252114572983,-7.87516231353743,-2.69124108242461,-96.4715894838203,819.624440149702,-6.35589581363419
"cv",79.7354693290198,0.846456227078888,-39.2138672123551,-2.61742334253435,-23.4647708467982,286.595334852474,-0.708593957580339
"cv",85.0701067221056,0.898688191429482,-38.8870020623108,-2.70744080608153,-51.498400179581,773.632820728755,-5.00893577609686
"cv",92.5779496455557,0.866436894354237,-40.3301131364162,-2.70017826124338,-21.1829566249552,253.040944163029,-4.8850746875843
"cv",124.983944480024,1.07956018064683,-16.823245970508,-3.05132997964849,-24.8514903671913,333.765589263998,-3.30144747381042
