"","","par1","par2","par3","par4","par5","par6"
"cv",63.7369322084648,-0.0169178311906106,-1.34034802690624,-3.53844692925221,-192.040459681543,-141.533736172683,2.52961229658517
"cv",97.3876431565881,0.0965386398424853,-1.35547560614422,-3.66453338218032,84.9862609436397,-811.325622508343,8.3674602396226
"cv",61.5280930156907,0.477373031141466,-4.95558556679986,-3.05592150349495,514.094258819537,-23.3365656881604,1.39829300772995
"cv",38.9378345553259,0.0630358541826125,-1.50288140903221,-3.47627260093984,-69.3210759340801,-600.258125034577,8.16131526552126
"cv",59.9410527792731,0.0679677664505184,-1.46537084933939,-3.61749960514312,122.792592232602,-694.313657935709,5.73993505228935
"cv",86.3244654002005,0.215372188352619,-1.90307509286081,-3.29636183055999,539.573200976749,-203.494462175747,6.53064715049476
"cv",62.498647275918,0.0984185382194306,-1.53281378341641,-3.57419665685065,73.4141833812594,-275.83966031842,6.94581604962332
