"","","par1","par2","par3","par4","par5","par6"
"cv",92.9024143143805,1.40416223610142,-36.2075432720768,-4.23198382624414,918.302784728927,-27.5306459913623,-9.66693011575643
"cv",73.0116396975076,1.45270608481284,-21.2663400918245,-4.21594187767979,257.853170991395,6.9640940102195,0.398440374860006
"cv",127.481633554836,-1.04769796392363,1.01028979127422,-6.45947316912821,-110.382551887097,-423.096474500304,9.40574217187751
"cv",75.3116229393383,-0.966741227489991,0.296438582745122,-5.75028800943615,-881.663572168015,-258.253585310351,4.7411534306708
"cv",78.0790937836524,-1.14404396083257,3.04521353051046,-7.37808008958667,-121.460193355908,-107.024715479604,3.71158248050395
"cv",71.6221135660272,3.87764406790668,-38.7757280157585,-8.96091061178595,252.974663821239,6.02797274468693,-9.40916914486253
"cv",94.3740202221084,3.62930622711995,-23.3287627172722,-8.44933098467366,257.529864569363,5.14067635026054,-2.08520961934427
