"","","par1","par2","par3","par4","par5","par6"
"cv",59.9031743299459,0.426451789526717,-4.04888039162422,-3.80035628775215,192.818147169834,-332.522114828198,0.0391858638287896
"cv",68.8561692827116,0.402001824990382,-5.83675706446086,-3.49534704086131,191.477276660847,-42.6731928689551,-0.0243682147862247
"cv",45.6790239385493,0.364620472046821,-37.8263879334554,-3.51957720912071,200.094989105134,-75.1714354209994,-0.310034556041887
"cv",84.0371871237442,0.274346023793623,-4.51262571737681,-3.29934937799418,158.445502977641,108.684038514049,-4.52120430862445
"cv",37.7720341971336,0.33300597110026,-20.6843787804246,-3.49036743137602,706.504976905028,-62.759332013524,1.25418479625624
"cv",22.9267116256356,0.353463739978624,-29.010925346342,-3.41702674245177,198.688972689331,-37.5803118510376,0.117669193578809
"cv",57.9763792988834,0.343670442167541,-28.7854404293575,-3.62983105565829,190.5546062282,-70.5492280807078,-0.233066759575625
