"","","par1","par2","par3","par4","par5","par6"
"cv",88.2535635626963,3.84984964962464,-20.8932731957218,-8.60976166150746,402.777620080966,-5.02237631008029,-4.63414078141402
"cv",76.1590412004953,4.16163106116155,-10.3253429988934,-9.52249791968019,498.923218617632,-9.52161093428731,9.48585728815458
"cv",89.8162373584424,2.95079069330164,-23.6753169642162,-7.07529680628094,767.059975448318,-4.99176781928094,5.48854684725203
"cv",81.9700598891686,3.14238125565624,-46.2958290431441,-7.42195258804133,989.173665177077,6.07345660546419,5.36089824333453
"cv",91.2191706855681,4.14368982130721,-28.1618925173513,-9.47656437754631,908.035282964935,-12.7356595203596,4.62726553475924
"cv",96.0821011222581,1.91422730770416,-46.1153446808577,-4.9355900340175,261.336544696921,0.390192390417409,4.48462437952421
"cv",94.3568335592711,1.92682184163214,-7.12546655494918,-4.98860674822153,553.45028100771,-13.9819567889695,0.580687077454329
