"","","par1","par2","par3","par4","par5","par6"
"cv",123.279802879482,0.649192779425813,-3.78033749341625,-3.09480517838129,211.806768319395,9.39356676930336,-0.0214054955222083
"cv",79.352942917336,0.40016317891917,-15.0620104656127,-2.8104054246731,183.504933752299,-10.134435673641,1.13326827132324
"cv",90.1795358553573,0.536956089922846,-4.75199399267038,-2.86635460400473,599.431302964106,-308.573395591557,4.85664040799755
"cv",78.3190859571581,0.506031805368673,-14.5388199753913,-2.93965200814471,607.118687355472,-76.5297932823453,0.564659259773595
"cv",37.4124545253342,0.687666476861742,-8.04915508387849,-3.00228215560372,201.145881080513,5.60468931824229,-0.0251159940189218
"cv",99.9280874181153,0.56357339083276,-38.0692004810069,-2.89154718469896,813.149292047379,-377.921140412374,0.520585452498417
"cv",86.906019977205,0.556819803130477,-20.578202110715,-2.88423267449209,401.662873239743,-154.205869031762,0.0845142384023703
