"","","par1","par2","par3","par4","par5","par6"
"cv",67.1937531210543,4.04287500977665,-46.4955678636114,-9.46762436017232,301.318218561585,-0.872434712667724,-8.29489431807772
"cv",115.224619020674,3.79160636830435,-47.5024900538955,-9.04268420279542,988.306235646922,-28.9500750801677,-9.19400380914495
"cv",96.7093436637052,1.93429228952631,-43.2263415847306,-5.30436205211294,886.102185027571,-22.8837649786443,-1.81961626523818
"cv",74.2915729809195,2.10245552342767,-22.1388685148471,-5.54520520977497,604.532866750749,-12.2584799876689,-6.25461196379661
"cv",78.7776845694775,2.0246465035253,-27.8800031962512,-5.49072510314618,770.828142011642,-20.5999814628745,-7.355335458366
"cv",108.089961036532,3.40172569433754,-12.3933667589227,-8.13978146040205,506.182336979079,-10.086141802747,-1.72692104062975
"cv",86.0343778231682,2.48482615004395,-49.6006348068831,-6.28998172311261,279.893490728391,2.56149237975478,9.7774182782663
