"","","par1","par2","par3","par4","par5","par6"
"cv",98.6429151646249,0.870934418233133,-2.56246675652755,-3.52240415010064,363.595340866596,16.7723030946774,-4.01132765688119
"cv",86.5985078279324,0.930231573102951,-28.1386075532972,-3.20418411339711,692.962988914491,-18.6819636150066,8.31954510416836
"cv",85.7389750804014,-0.389278238478168,-1.02824303450535,-3.49771201986394,425.603554208669,-942.298710362431,8.93441693945681
"cv",82.2369243423252,0.821861521588321,-3.49471588548065,-3.23222667753416,666.928951501685,-18.5870638286517,5.83047729916871
"cv",91.2591053721711,1.01965343647257,-6.7161896562255,-3.43249619921187,253.481878732012,1.16732960515345,-2.32086177535576
"cv",89.1272784349608,0.874750012369868,-13.1379238275837,-3.1737790560279,268.491761707779,-0.707622736450574,0.863451023528522
"cv",148.588473555525,-0.728675459062414,-0.352138728655004,-4.46471852710932,-991.299340739899,6.83444405812473,-8.89811900431611
