"","","par1","par2","par3","par4","par5","par6"
"cv",79.9276120968933,0.455141562337437,-13.2770594291796,-3.29950487181248,216.706709264819,-37.7812861278906,-1.85610129105626
"cv",100.327261391979,0.555556204346342,-21.9626942080117,-3.35618405673522,182.208396356989,-19.2742525262087,1.07942368196188
"cv",68.2622581874305,0.443418517170473,-31.8882327353363,-3.2851704849237,917.851895946874,-261.827953176667,0.354776498094633
"cv",38.4834152260704,0.553145617549693,-18.3032829986898,-3.33915936304928,221.242022700608,-60.790924226081,0.0758978455210346
"cv",24.3751156500677,0.515350844421332,-33.4149820009715,-3.19571448882959,178.139215203329,-48.3969247561709,0.253198004786276
"cv",35.1034642061101,0.405393111392608,-4.77744640693346,-3.15902128370867,842.731507118592,-340.184848485122,0.0723959257394355
"cv",61.8731459029979,0.443520640602472,-13.9895481097277,-3.1991875024614,256.858202554866,-75.5442224813027,0.123635076762415
