"","","par1","par2","par3","par4","par5","par6"
"cv",102.745677353272,0.530860441183552,-13.292905429599,-3.02879003774358,53.2099516547768,8.84203586537312,-2.45939588639885
"cv",123.069778985962,0.245539022647978,-1.4717233539784,-3.29386522618094,-995.463129490888,29.475413221086,-5.71071239308746
"cv",52.8224977335073,0.595699532904113,-19.3384892404215,-2.85595322065534,243.929036164733,-27.1699174485997,4.69592703988146
"cv",55.2615721383387,0.559265190865432,-17.3058845069744,-2.87636019921342,246.348267060558,-29.2937303283538,5.67495748623191
"cv",59.4631925079602,0.585098762531538,-19.2220830117569,-2.91589698283627,75.4935401491821,8.35280497047778,-4.8138482692553
"cv",56.1565163572938,0.562658778878829,-44.2405981331957,-2.84366577567004,210.892282718039,-20.5204226943863,9.67697579759937
"cv",49.6105980269507,0.584113127167544,-3.29110586896479,-2.93140916777194,200.939730603377,-18.0499038812266,4.62853488755758
