"","","par1","par2","par3","par4","par5","par6"
"cv",103.735222931847,1.06529191364693,-20.1128134308631,-3.6697898920361,299.21467433929,-1.2946253565507,6.46593308750128
"cv",84.0836974299142,-0.669781570730239,0.285334590487185,-4.50273596443737,-105.379367183056,-320.562724154809,-4.51898566669994
"cv",69.556034383298,1.01414744765905,-45.2404628085384,-3.38756717507388,958.981154519673,-30.8357147019726,2.51631744268677
"cv",102.044756959857,1.1153634483064,-12.2015627891334,-3.71795520592726,714.945308864117,-20.137279369055,-1.33219900369301
"cv",73.0409055244108,0.853523666958352,-14.6667708023073,-3.32571251063182,306.233019568026,-6.03110230082177,-0.616714483938412
"cv",87.3871879037849,1.11310343180345,-28.7796897846306,-3.69002931795071,469.892267390074,-4.19453437257908,8.138323626481
"cv",87.4678639731918,0.88728654997166,-11.0723378828385,-3.34282227623518,809.456243462515,-26.0925964412142,1.28077597822994
