"","","par1","par2","par3","par4","par5","par6"
"cv",100.677573974369,0.21112185150252,-1.6274849758016,-3.12319449271871,-921.783087307873,3.97320645553837,2.65997465084907
"cv",91.3914137551894,0.172187105401102,-1.64105360333917,-3.21987658158222,-161.145298554672,-484.337510779929,-0.953646786510944
"cv",70.7521664721928,0.14580395440962,-1.44740927276727,-3.12010983287151,-268.981624154884,-619.565379340202,2.62480749839787
"cv",70.0426684554113,0.626562000644583,-15.7748579315056,-2.689863232653,84.7619542893614,7.97767646400261,-1.4680059102319
"cv",68.6044757604443,0.159198553657876,-1.42421350141615,-3.19678468017727,-496.785421741372,3.15904826703877,6.39120641246728
"cv",68.5990759937326,0.162678569107778,-1.52063396658707,-3.15541546089963,-247.392720761132,-90.3760176151991,-4.45079120852338
"cv",73.1595926632089,0.217791684857048,-1.64787471324527,-3.11028516728001,-856.639186294026,-82.2690604614586,-7.84036884647218
