"","","par1","par2","par3","par4","par5","par6"
"cv",49.8389979909732,0.606241898175417,-2.52508466918258,-3.14513480322033,-963.77897559679,42.5926111258775,-1.11541728182564
"cv",56.7493341111705,0.460048780733394,-1.96848428946786,-3.2847396487253,-841.377905079064,13.1365581077289,-0.784119040800404
"cv",47.6817284451032,0.464278242594985,-1.96208139445987,-3.28024099866966,-784.526906265964,32.4144697371527,-7.72039046976729
"cv",64.9192982751615,0.528930085251919,-2.11757811274473,-3.2625787318456,-691.100472483387,24.7314657671532,-4.88929684358464
"cv",65.6630953863191,0.35188686613035,-1.74515545236081,-3.3117862636509,-817.247372844024,445.559422339723,-5.73756913440829
"cv",55.9706970643665,0.451837843599818,-2.05096173384541,-3.11117040531004,-960.622162092477,19.1486710342012,-0.463282128988909
"cv",52.4976201638888,0.632591072765291,-2.40587855226154,-3.14917325922259,-935.938959156425,24.2577778847554,-2.51377665177567
