"","","par1","par2","par3","par4","par5","par6"
"cv",81.1065782681326,1.38496494560306,-26.6315803640179,-4.19701833083736,207.664117759158,15.6360567758,-2.72845113466329
"cv",94.5512814082374,1.37736646494283,-5.42702385392935,-4.13407469986606,229.855859708279,12.4383545558872,-3.62698330756524
"cv",95.9893858364713,3.38832811031536,-15.568333297502,-8.12298536961154,322.1038351597,16.7351501306113,-6.74743776901106
"cv",119.105213108366,3.7705955683173,-40.7772809614749,-8.77655880309464,337.141825982141,-2.51274986380212,5.84463211802296
"cv",75.2831256778194,3.01375262810306,-25.3401713306009,-7.29521388978964,253.628876123533,13.5218284316552,-8.19581344343017
"cv",85.4755918215366,2.98054102614686,-26.180008141863,-7.44834855005822,328.506774691361,1.86414115152197,-1.64308694191277
"cv",90.8032766884458,2.27868625078442,-44.277330752514,-5.73293046313074,203.293605527858,15.4322229836403,-1.78071172047191
