"","","par1","par2","par3","par4","par5","par6"
"cv",90.1656157307033,1.39490393550679,-25.4815174609794,-3.8436663590942,457.857227418572,4.91671457068369,-0.329797244630754
"cv",95.2914597752254,-0.341413815436363,-0.639902846887708,-3.60176020301878,-313.663672447417,22.5030779622271,-6.2701464118436
"cv",92.2276014608203,-0.495515818421614,-0.673888159503572,-3.50679528405422,-600.295310393214,-658.210029122634,4.27527170764027
"cv",87.7348109127382,-1.06166405950883,1.45722503030008,-6.13380912864189,-278.163202687716,-403.129852952715,5.88975110091269
"cv",67.4884393031387,-0.460542113799123,-0.454482922792025,-3.7158764557763,-449.624325066994,-467.732372725894,1.54004764901552
"cv",92.376990200134,-0.677275203933575,-0.202558795594268,-4.00344581780031,-610.517023209579,-690.827896793483,5.22027512244205
"cv",93.9211552611827,0.927400861608216,-33.0602974482955,-3.20345695973076,163.170493831386,9.39813625439727,-2.98435086966605
