"","","par1","par2","par3","par4"
"cv",86.0892486816628,0.80459012248369,-46.1522661807051,-3.10472122555096,232.8561252924
"cv",84.3202472157926,0.856067569939872,-5.90006185040168,-3.1697255318392,248.631688411718
"cv",81.9855890808387,0.849340555588673,-40.3413061217912,-3.07050268323393,236.374391749131
"cv",94.6660216888582,-0.280600161833296,-0.891490430077951,-3.46684519176112,-154.394451314489
"cv",87.7009375956742,-1.23918691829931,3.8872652919963,-8.35410975299275,46.7553596033216
"cv",89.78406284158,0.787848207754345,-5.62119137394468,-3.18557770725863,241.192520323302
"cv",99.2796073092136,-0.413126679908138,-0.580821799027436,-3.84001204044123,-223.972854082717
