"","","par1","par2","par3","par4"
"cv",92.5842431138655,0.378469736623413,-3.15988691537848,-2.71331219020454,99.6732353277152
"cv",92.9932817711338,0.339610185824756,-3.09239053364954,-2.70116413578789,102.488347410378
"cv",110.847260328797,0.527592308740758,-3.17342124470717,-2.79420725507536,38.9088794107648
"cv",99.1602471614378,0.575322036444169,-3.13166210683111,-2.85270725592157,73.7166291720387
"cv",57.4684026577076,0.477497676752852,-2.942397977586,-2.70675128994291,86.8746397155918
"cv",78.2238022533453,0.631283094475674,-13.1017126763522,-2.62273683659472,73.7487870819136
"cv",46.4033179485603,0.575879345470213,-2.41430654419004,-2.75785996200525,77.8423224414839
