"","","par1","par2","par3","par4"
"cv",131.513780444097,0.443899599676523,-9.53998362265258,-3.39494085721345,206.961610291752
"cv",54.9227760040294,0.320038140788942,-10.7850160091158,-3.02612608810089,214.410233236765
"cv",66.9137418027961,0.449308397604866,-12.0685134606336,-3.20244639666842,217.224825860835
"cv",41.5665432896368,0.407340464317049,-9.70096764247392,-2.99831588404838,217.291183505006
"cv",50.0598362429693,0.336174718527453,-10.8381617868526,-3.0133817665327,215.877209333052
"cv",95.2082843009876,0.225612375796714,-9.11981230601668,-2.92574816695724,220.941512590315
"cv",58.8360383137091,0.327361861834044,-10.518566203285,-3.02749019000003,218.125822597113
