"","","par1","par2","par3","par4"
"cv",94.9986283815195,0.995394972485231,-4.11980502902832,-3.12208591967501,246.337177431176
"cv",98.4049844064214,0.781073429776002,-3.04926032991452,-3.19127140119489,242.433876818317
"cv",76.3180387994592,0.946487577605955,-5.59664513262819,-2.9631097890163,237.931664142445
"cv",99.7821414642599,0.998634993657732,-5.01281637700388,-3.07085469738438,236.682657835795
"cv",86.4278898792258,1.05185950253086,-40.4282703762874,-3.05599612919471,238.230487002491
"cv",93.3007510886919,0.98860757740818,-41.1489480072736,-3.03160929399481,241.405857650896
"cv",133.026766340707,-1.2852655945314,1.14161996519245,-8.55960916466485,12.3448504678126
