"","","par1","par2","par3","par4"
"cv",99.3283816784228,1.75819102456294,-44.3643143803764,-4.98336887515886,277.380266778552
"cv",98.1493482121285,1.46381402096487,-44.8064811453668,-4.69177899528838,268.759866212244
"cv",104.713555424744,1.74939840682967,-34.1133007130529,-4.94520284114996,269.435360591543
"cv",76.2521467907186,1.73843188564351,-45.812246230342,-4.74374927432873,267.989027260473
"cv",105.148677711259,1.68425428274948,-25.8117874459069,-4.79120130469957,268.705433340084
"cv",92.1295783459349,1.6867664707775,-38.2584739884641,-4.64194772353401,266.423358025303
"cv",79.1265082644415,1.59531770925294,-44.6201034298669,-4.71840187687695,263.114051597201
