"","","par1","par2","par3","par4"
"cv",41.890072772698,0.208990106383312,-38.1419744032135,-3.15664298549929,101.520677552379
"cv",4.24895528620468,0.365505176678876,-16.9773303326232,-3.28581553250632,207.400659745669
"cv",38.2292047852398,0.306898042259091,-25.8830508726766,-3.29943922038824,212.42812852941
"cv",50.7725397795192,0.233842315685431,-27.1401201313749,-3.14253431007527,115.13061065328
"cv",77.7797779202585,0.189741759790722,-26.1077123086525,-3.05639150926531,107.37125003903
"cv",15.0147052764167,0.338850543027204,-17.9302478518358,-3.32569272142145,211.867604260439
"cv",77.2444770075618,0.246270631710522,-23.502591924434,-3.23746876925434,211.158301158166
