"","","par1","par2","par3","par4"
"cv",86.5357376705003,1.26575466538374,-15.7180627742948,-3.86535868608064,230.144068809035
"cv",54.9959071750532,-0.963774963621835,-0.115176133140312,-5.9192243452191,-158.973340109128
"cv",93.2820957713366,1.2335872499083,-43.0631250972651,-3.76614313343304,227.48882460076
"cv",118.84067865806,-1.34092987214704,2.89540754969199,-9.7267811615354,-739.439692414714
"cv",86.4502870676074,1.14852284764959,-19.2817159898166,-3.53056478487261,226.172447409897
"cv",81.4706337705185,1.16502820756781,-43.8751302550096,-3.72662902035807,224.629264186683
"cv",76.6388555414333,-1.32890688885199,1.35940394390303,-9.73769381460465,-13.7219983812943
