"","","par1","par2","par3","par4"
"cv",90.6566024695231,0.548696857766206,-3.40361621135824,-2.82262013622363,94.9665747975258
"cv",83.2550158908977,0.520509070957898,-2.98978645165039,-2.74305441660945,74.2066216467829
"cv",77.1331516178385,0.56174320593587,-3.07193798837305,-2.78455850666778,70.0213827887474
"cv",79.3624463693002,0.630591357963763,-3.03376640192299,-3.14170192757434,231.157207244828
"cv",77.1999751094676,0.641847444576818,-2.93817465855103,-2.84498197354333,62.5114084943091
"cv",75.1766637786081,0.619442759268745,-3.75554015372386,-2.74935646515964,80.1058568002336
"cv",77.250564710244,0.610854606075907,-3.23865823851688,-2.80172120779405,98.6210819136067
