"","","par1","par2","par3","par4"
"cv",80.7732953233657,1.47748737361088,-49.022467939284,-4.26684418476856,269.460701383519
"cv",77.6029472849087,1.54769367972772,-30.6106881430375,-4.41097922375308,268.080740366279
"cv",77.1991670994506,4.3875589989914,-12.4578796086829,-9.8976406779308,324.979625337699
"cv",90.402235505183,-1.01323040538579,-0.45308691478521,-6.38479367270993,-463.014135283367
"cv",96.3110930613304,4.40794291617335,-41.5045522480826,-9.995883908547,286.204967264363
"cv",73.5837588929959,-1.13169771742905,-0.348359450428114,-7.78196753491319,-535.152356408534
"cv",77.704212681477,4.43075803215809,-40.0982577397485,-9.99218692523008,275.789488756972
