"","","par1","par2","par3","par4"
"cv",73.9502606080785,-1.01244491519349,2.09038460373903,-7.14763246468377,57.1077344621331
"cv",87.4268449856253,0.849955486703609,-33.7904936945806,-3.29112324341832,203.14369735015
"cv",90.7664710196525,0.962235778069041,-9.77011318242664,-3.3869133389038,216.441788686448
"cv",88.6833472715689,1.01210031634632,-5.86375720306365,-3.67565092206967,224.102040456277
"cv",66.9411858070233,-1.33817444622142,0.312619123625711,-9.81898836132744,40.0365323529092
"cv",76.5427407390585,0.822981687856865,-4.40473669980259,-3.31673827034235,208.111642625128
"cv",74.4384184661744,0.949233765720969,-25.7257669560076,-3.42257099097136,218.098669722012
