"","","par1","par2","par3","par4"
"cv",36.2159167686527,0.372282459991778,-11.4623265019864,-2.97879812687166,82.394011612671
"cv",53.3531347517009,0.275017642544973,-10.6999892505915,-2.96938469100931,75.7995566575872
"cv",55.0005358299012,0.337099513161283,-13.8539792701287,-3.02025640011537,83.4220425318322
"cv",41.2815761479344,0.378134446127397,-13.302549813904,-3.00521516526864,82.0450870587127
"cv",56.6032944670626,0.522447320346074,-14.5402753604736,-3.20754764520082,73.7389807591345
"cv",62.943926385569,0.492431561297657,-11.9694575350783,-3.21100935763576,78.1551959709684
"cv",51.4523943439619,0.440697375888608,-12.3226964008769,-3.09801338715069,79.4052445978584
