"","","par1","par2","par3","par4"
"cv",107.360651813359,0.522386881968021,-21.757249217127,-3.34861542445845,216.415477303482
"cv",77.9169976809115,0.401337960841366,-34.134750517171,-3.2101436854781,72.3341894673652
"cv",62.9720584265084,0.450696857585805,-13.2893833306662,-3.20615782645255,217.652911217138
"cv",70.3488704211583,0.524810317659768,-11.9972542657696,-3.4111052638359,215.981731821867
"cv",36.144262302081,0.569460863157504,-10.6248615907563,-3.35997682219681,211.84818588234
"cv",35.7177909721719,0.438728769868071,-13.2418766677738,-3.18136210079775,74.8963641175428
"cv",64.9134819032681,0.38691283397574,-11.3423684146255,-3.21776333916924,72.266720438401
