"","","par1","par2","par3","par4"
"cv",147.176677741115,-0.118393974052405,-1.16344345288932,-3.47846697556879,-561.103707724054
"cv",47.3850426999238,0.590895685781739,-6.79839975071052,-2.62238279204922,75.8191362788961
"cv",92.5634544667878,0.594720936427479,-7.81232517354828,-2.67122953088846,76.1098205277893
"cv",93.0569041841853,0.633519423852616,-8.40994716258568,-2.7263506411386,48.000740825108
"cv",73.6269853202061,0.569041862271697,-8.57919836226209,-2.68983113718662,76.2530318021037
"cv",79.3845888795647,0.584884976686187,-7.01686933335288,-2.69686204534704,80.652899800762
"cv",80.7700047144156,0.577471428891687,-8.16833654761012,-2.66706745566391,42.2382333868193
