"","","par1","par2","par3","par4"
"cv",62.2030001399955,-0.714335727137118,-0.461848115897421,-4.64210267090974,-161.100177438346
"cv",78.5549975677684,1.87165219140444,-7.08028011317032,-4.89864892620669,255.375620716114
"cv",91.1443607674482,1.88375890509295,-40.74787712989,-4.9384147929091,258.49638083135
"cv",56.940839948226,-1.26278741308361,1.05974807250645,-8.72292036532925,-763.071321416646
"cv",84.382666480381,-1.28358443029986,1.49667443432318,-8.83108431315593,-231.84007841296
"cv",69.1600874186988,-1.1911796950012,1.07974935398595,-8.22980582546516,-15.5072416742354
"cv",63.6754932638766,-1.27589201554656,-0.0720354449019922,-8.83083009999397,-324.350064504612
