"","","par1","par2","par3","par4"
"cv",87.6112802091446,0.560348154350606,-9.87843702006625,-2.83994695771735,221.991214379176
"cv",88.8915411832952,0.212129336141218,-1.96932951174284,-2.9545692900595,73.7170639329284
"cv",86.5244838007106,0.556835414337828,-10.604696387091,-2.82742841413544,215.743580846685
"cv",97.4719301079505,0.518993477836184,-11.1012570640425,-2.77268089619122,208.823456002981
"cv",79.8521309838867,-0.0279063545348072,-1.36225049838678,-3.23193194013522,-59.0983635728854
"cv",96.073999325993,0.211025265669523,-1.03108543690272,-3.26459110149552,-408.142745406728
"cv",80.7779505967709,-0.0795571466509099,-1.2463234795487,-3.10692124565155,-38.3305974271675
