"","","par1","par2","par3","par4"
"cv",103.248205194218,0.553777263467986,-1.99741828019587,-2.94270308271576,21.6815365645628
"cv",89.4635617203667,0.161801369285229,-1.58512058331819,-3.20588117956307,-2.80579469677372
"cv",67.8078028298696,0.448211616952846,-1.7715072157141,-2.9704874777425,21.5320960430586
"cv",60.8425251914649,0.4540573934634,-2.01444490353004,-2.94925189751176,28.3807288158655
"cv",67.2762727851205,0.441326471715864,-1.89545466821614,-2.98353345494861,29.775243621139
"cv",69.534495028702,0.153153766542704,-1.5952048978111,-3.12560962273102,-440.80733967147
"cv",75.2927728548521,0.446885651684213,-1.85696320872063,-3.02258280721279,19.6292398907951
