"","","par1","par2","par3","par4"
"cv",59.4972854882942,0.419460009117352,-6.01468080658304,-2.82616157282804,70.2080810056222
"cv",46.9361397495141,0.406949198919836,-12.557356867959,-2.87568265743689,68.2354851995756
"cv",49.0607382691102,0.39999752393445,-28.9105410473197,-2.88137865512301,61.47401900962
"cv",59.2286921619289,0.424349034443541,-12.327735566881,-2.93413624254673,61.0004524152387
"cv",48.9623169305779,0.432608372741697,-12.0492442325511,-2.83940842376404,60.3808086102824
"cv",105.910607183037,0.460438199284041,-11.6641001088604,-3.01602262801657,60.0261899851352
"cv",114.752157872804,0.490858959678518,-11.6188250404193,-2.98165512583081,39.3710799426491
