"","","par1","par2","par3","par4"
"cv",91.3056147030521,0.849176765959007,-6.31237361957685,-3.23668292707257,226.966084241421
"cv",72.7207556719998,0.861768421661741,-39.8305216105655,-3.27528534409494,228.997977199909
"cv",67.8548329514146,0.916580704752742,-22.2243779975446,-3.28303375352552,224.3784372538
"cv",71.9215182247302,0.877035909539288,-37.1087105905872,-3.32802439373274,225.130652461737
"cv",92.7434628457202,0.989343671708561,-26.9370304251012,-3.49297145883192,220.127134768051
"cv",72.3263713358782,0.883894718172529,-31.0241083071745,-3.31748525858082,233.738934278362
"cv",67.7672807808211,0.956233003967814,-8.54527457554922,-3.30516497672845,225.335906707218
