"","","par1","par2","par3","par4"
"cv",86.7438602031608,-0.774462526030838,-0.124170250631136,-4.66644553150621,-463.836649068442
"cv",101.336731897079,1.043373875993,-49.2725035070668,-3.39721597922472,253.752436011495
"cv",96.1990372217289,0.644995743468295,-2.44691946813895,-3.33638682492111,254.141915444944
"cv",94.5267597362096,-1.04591988819403,3.00417959303553,-6.93334220364092,-459.226755101892
"cv",83.1433307524294,0.751443175062103,-3.19453286492207,-3.24510608365838,256.265367904621
"cv",92.2562596935434,0.863313036314038,-4.03865589847375,-3.17890622871254,252.070219949389
"cv",72.5883147511609,-0.559261522150362,-0.706682029251198,-4.00414430262062,-43.2539350614977
