"","","par1","par2","par3","par4"
"cv",55.4282691784491,-1.339305811681,-0.0883032782057374,-9.51654797725338,-671.070094165951
"cv",84.3702382519557,1.73288488005257,-6.41075819131989,-5.03273655184618,251.703474951106
"cv",70.4821188340535,-0.589404531217012,-0.578464460406601,-4.45152677982834,-220.747461591472
"cv",73.5934291684082,1.77137631219479,-5.04733479051665,-5.2274099121253,253.29969385404
"cv",100.44143513041,1.74366738653824,-4.7103769387779,-5.14460215368493,248.806663265284
"cv",80.8661629687249,-0.793093437645126,-0.102036073690538,-5.17864899172119,16.2712999106381
"cv",58.9937164191064,1.679062386391,-5.29158348006483,-4.8573007584087,250.779310249237
