"","","par1","par2","par3","par4"
"cv",97.4553940971943,0.436177395685959,-1.45229751346393,-3.31272323956801,201.668852043759
"cv",79.969144125712,0.530490873836204,-1.49819489624713,-3.34744837809254,227.374785511259
"cv",84.8301348959191,0.499947907534388,-1.54832271927771,-3.31426041581635,221.218256771864
"cv",97.6707010867164,-0.868866003546879,1.48415514267981,-5.3012991533571,21.8620934176464
"cv",108.262001954172,-1.01274445979404,2.71714547007877,-6.22057530920892,-862.622891002477
"cv",94.4259315370626,0.591343623693223,-1.66685290677645,-3.26854357441054,209.550313869616
"cv",90.9760679758537,0.572134017792813,-1.59534133704632,-3.26810594638637,222.993602187449
