"","","par1","par2","par3","par4"
"cv",91.4783896835641,0.842530317130835,-6.24416763754515,-3.2247680157329,227.473132093095
"cv",83.9556645663365,0.846295152808105,-6.20455522455242,-3.26746101340246,224.293334614103
"cv",81.6978619564149,0.792413023720652,-6.53557919316745,-3.1693110463897,217.863754010495
"cv",94.4431420580417,0.863166996496933,-12.535157052296,-3.30227226872412,222.972572471848
"cv",91.4916626020958,0.805479240678629,-4.66201240689761,-3.20907042844981,222.078517692999
"cv",74.5276618579126,0.851444186807349,-11.6457953462265,-3.30232401853702,232.105051205133
"cv",69.3494373758218,0.897400416519215,-11.4379972469474,-3.25074326948721,227.971126671149
