"","","par1","par2","par3","par4"
"cv",99.5057173885836,0.781531247019601,-3.60458470287894,-3.0772806640463,206.713262629523
"cv",91.0101004226496,0.863515123883685,-11.9576860921325,-3.00925321065165,204.094433362985
"cv",86.3128487690164,-0.99526683805066,1.78511329510707,-6.2657418627846,51.6744497372079
"cv",76.6533739409334,-1.16406792309135,0.439806600978935,-7.37166935901546,103.187977284242
"cv",68.7040887903858,-1.20374569794447,0.745467296801507,-7.71605914803218,53.5900297205748
"cv",98.2335532779651,0.829393755422969,-30.6663081250478,-3.12042105263086,204.198781792734
"cv",80.672591742205,0.793977911089793,-8.23232796905418,-2.99007762809049,199.455163767294
