"","","par1","par2","par3","par4"
"cv",68.6955619923868,0.0959549941525519,-1.39826504342611,-3.09948266412204,-220.223491167363
"cv",86.6267503188851,-0.135500001761004,-1.25328133629311,-3.33562451201435,-827.366417368568
"cv",91.1011445407903,-0.0607957064621079,-1.42335061922277,-3.31650072594617,-113.287626895561
"cv",90.1230395110303,0.459640433508815,-2.96710674496176,-3.00135286906175,198.744021430711
"cv",112.456966693114,-0.177738359774183,-1.20831673029861,-3.43672757672759,-280.71426334919
"cv",69.0866838211818,-0.125275318218892,-1.29044292447195,-3.2712019924228,-634.401362495944
"cv",44.5382560191098,-0.108973270810612,-1.31828736947082,-3.23261120719205,7.81137096620461
