"","","par1","par2","par3","par4"
"cv",79.7396226626085,-0.144457427659359,-0.946328632555598,-3.36823221632809,-909.591555567697
"cv",79.7408141515215,0.768974565871157,-40.4058798249099,-2.77349310245051,94.986330728323
"cv",91.9138960028654,0.760491948417216,-3.3562509646104,-2.9326335120195,95.1744112199457
"cv",75.0881331768018,-0.315921250566,-0.841804221272469,-3.93405933494217,-792.428852524328
"cv",89.6223449414155,0.792455135959881,-3.56228588525415,-2.89509445586789,97.1508886328927
"cv",70.3780455823533,-0.992824980057776,2.57891716901213,-6.36764996067278,-500.812403300839
"cv",88.0964690496203,-0.864111917953668,1.62548474375605,-5.61973048862119,-75.0254155360412
