"","","par1","par2","par3","par4"
"cv",89.5383390148029,1.70526947096347,-45.211448902808,-4.7910714722295,274.799047070703
"cv",94.299365487467,1.57145471795256,-36.1456509492052,-4.5613917153646,281.057343932545
"cv",83.9647401545581,4.25703993290649,-26.8727799525541,-9.848437984474,956.600743723062
"cv",88.5509938659488,1.72023391722675,-44.0888443259851,-4.8247259193207,304.501075038831
"cv",75.8419909981444,1.61850781418083,-41.2589955916645,-4.60813379728725,283.87656644627
"cv",91.1042705952906,-1.23995195142925,2.04841705474936,-8.1498350175852,-56.7252926101355
"cv",85.1571649641992,4.0865437399589,-26.4937439387434,-9.40873136541798,812.699325061278
