"","","par1","par2","par3","par4"
"cv",94.1390517736489,0.378557237256125,-1.7717688553039,-3.31452599067419,252.703804443889
"cv",88.7842139745376,-1.16738055752218,3.19398739933968,-7.05714594922018,-979.334722895759
"cv",83.5924446989906,0.374315541079712,-1.52630393076176,-3.38163852286766,255.047145912458
"cv",97.5458568458199,0.359006212200755,-1.45153608972732,-3.46061141854328,266.18604718954
"cv",103.081592877782,0.291167797475724,-1.49008988417159,-3.52265161708307,258.112552444579
"cv",95.4655307286554,-0.510563241124154,-0.794308516196907,-3.56454538169389,-672.733978222763
"cv",93.1076495608016,0.384439911614978,-1.57953326897266,-3.42553406068977,260.931051258867
