"","","par1","par2","par3","par4"
"cv",86.7181399872786,1.8884426599299,-18.4770296120508,-5.46607318812213,291.418423023861
"cv",83.3072261290395,2.44396593192164,-17.954807578888,-6.45007294798152,299.81484803048
"cv",74.9218220657156,4.00302778134146,-24.8420297924603,-9.6497053073401,926.752808802957
"cv",74.0390617313329,2.44472144740242,-18.013053458484,-6.4168517833119,304.395911103478
"cv",64.3947700275408,-0.911531185179949,-0.402236860245466,-5.46093383897096,-22.1274063080065
"cv",95.977744720121,2.67839564328836,-20.4054104715055,-6.94257025778742,309.366651076634
"cv",87.6527189685763,2.36337356639549,-40.0520569644868,-6.28574252682181,298.445357036545
