"","","par1","par2","par3","par4"
"cv",88.0508813750622,0.740103487225375,-38.9539336184683,-3.50716956300546,204.994011752413
"cv",90.8498222595525,0.623659061152378,-11.5298856831419,-3.30649688377812,96.7176361608086
"cv",61.943227414021,0.843774454010003,-32.8101060541077,-3.61893895208924,197.932736982907
"cv",60.4237175005167,0.788225841936202,-10.900458744586,-3.77768146303171,203.016414659686
"cv",69.9177240496378,0.61378652485623,-35.1229445991668,-3.21393687676583,70.1360468965847
"cv",73.0843420849437,0.506214386789585,-11.4240634013505,-3.3511426995983,69.0841415556136
"cv",99.9695529751162,0.803290621809164,-13.2795871015532,-3.63452331017012,201.557467353643
