"","","par1","par2","par3","par4"
"cv",91.2398080744135,0.909276122116862,-16.0728290114279,-3.17388022236601,217.141428033307
"cv",75.2792033504384,0.923468696504687,-12.532354422378,-3.07219758658064,222.671802443581
"cv",69.9129472828156,0.878298494198988,-5.10128838497028,-3.05956031732521,222.501934391968
"cv",118.196356595834,1.05311561493976,-4.25023338799316,-3.40113303007167,227.61067972903
"cv",75.3126947869587,0.850004914539196,-3.88908659652208,-3.09237194210437,232.59027901738
"cv",87.7331703039544,0.782003071691433,-2.9528370013042,-3.18004597194629,224.162109218249
"cv",65.0848335783841,0.957787680894095,-33.7271550938154,-3.11732164678565,225.336536736356
