"","","par1","par2","par3","par4"
"cv",58.7966383624123,0.11118697320743,-1.38416295171467,-3.18057151205587,-828.60979001065
"cv",61.3880439011884,0.136471168989471,-1.30430562252489,-3.25695723267107,-575.081824617748
"cv",63.4645244185684,-0.0128150070826262,-1.28359555333391,-3.29831839609202,-4.26607695001373
"cv",52.8687302562087,0.0329396108347392,-1.31043588844543,-3.25399653739993,-125.391684160194
"cv",79.0509278564898,0.216992899130979,-3.32670877052673,-2.70280661847851,40.1604954244903
"cv",54.5067973308499,0.0227270901777027,-1.26834796625252,-3.25834277746739,-215.279942699672
"cv",66.3731026906684,0.294158115868536,-3.09174487989338,-2.76669238251458,42.4769593088
