"","","par1","par2","par3","par4"
"cv",87.9812985114731,0.429818186508692,-4.44938571694671,-3.36421945141181,239.828110196873
"cv",69.8659520083144,-0.168425474237741,-1.63202968855742,-3.74628367300767,316.692127141525
"cv",47.1097045468255,0.337233040168703,-2.54771222871083,-3.70452805995743,258.877819574565
"cv",21.7266217752423,-0.168988704252094,-1.5923138343371,-3.78296016231701,362.917594411986
"cv",25.2942933526453,-0.206043745034122,-1.59736108481624,-3.67939220899983,365.59467412736
"cv",28.3652324486641,0.385676034324962,-2.95958440707615,-3.48995804463465,254.933720762673
"cv",88.3412646139451,-0.26548658755663,-1.40134324412727,-3.94726012978992,639.438386241819
