"","","par1","par2","par3","par4"
"cv",83.0127377728018,0.522087444723869,-3.06765535921714,-2.82080929009457,112.618343074121
"cv",83.6889453993546,0.536383354694229,-2.87315884864696,-2.8700818454942,113.8589496799
"cv",78.0116748189659,0.54755952676162,-3.07031004358154,-2.78906581415692,108.231995526485
"cv",90.0725637964457,0.525407386052094,-3.487048970852,-2.84869134793783,113.895988705042
"cv",100.418196161106,0.634877465986555,-4.24558722633506,-2.80633319843581,110.47575631266
"cv",79.183478604374,0.600896506771749,-3.46428340211281,-2.86415077032581,108.336381192301
"cv",56.9461750242826,0.655694605114263,-3.66520110519029,-2.79378174574078,109.973703981278
