"","","par1","par2","par3","par4"
"cv",71.1842686382614,0.95094275023553,-45.1354754212275,-3.54442231590875,224.456722366133
"cv",77.6831212228634,0.893297239961507,-43.6117712038349,-3.46918201140688,218.220428343429
"cv",80.9254545156932,0.817907769888432,-18.318151186508,-3.45769757618538,216.891462830984
"cv",84.3200671295939,0.936385032770437,-10.4326668643709,-3.53322388630416,218.104713579361
"cv",76.5135701203099,0.915971376122084,-19.2176340028283,-3.46177164810861,211.707601518505
"cv",69.9112614872558,0.908987066211289,-8.43506519833464,-3.54211792158507,225.473129407807
"cv",68.2247653603609,0.965266789877908,-48.6860932962507,-3.57316623449651,223.47875259011
