"","","par1","par2","par3","par4"
"cv",82.4636817502922,1.18790401763134,-46.9003347169669,-3.37187046559727,247.700019895563
"cv",98.2159705014634,0.885226624453653,-14.1215130637303,-3.12859509876658,227.772933196181
"cv",81.4959256341984,0.938552890217587,-10.0732922725756,-3.07704541310429,226.586898410599
"cv",80.2189078365759,0.975164020257153,-42.4314607167616,-3.16491027635851,237.992000503469
"cv",95.8251001041883,0.958141553994511,-10.9320173409415,-3.24614363724802,240.348552749965
"cv",110.915359315155,-0.702604625384585,-0.798818010301471,-4.80775259261251,-516.242823994974
"cv",86.8207573692118,1.01184477409238,-41.4207409985777,-3.19073653416134,237.304725781755
