"","","par1","par2","par3","par4"
"cv",140.245253078252,0.775556665677087,-3.09529128650548,-3.09832673285461,2.83482781958989
"cv",29.4163036350344,0.533279213006639,-9.07868623048852,-3.07552546411081,98.7304372381816
"cv",41.776448821739,0.513697374608111,-10.2817601239842,-3.08490444972184,100.226218275029
"cv",49.4617625108604,0.527980913256678,-8.8208820358127,-3.05383111228805,74.7664218780252
"cv",41.6180229510281,0.558623394401499,-9.05967427841595,-3.10129551322724,96.7111399796925
"cv",103.590927332846,0.564397288472375,-10.6545549566431,-3.13269085354543,85.6230807227557
"cv",69.456692215834,0.49327676661118,-10.017634605718,-3.05552971171459,109.020683872486
