"","","par1","par2","par3","par4"
"cv",81.4047849729208,4.38437395281412,-49.8171213567853,-9.84002158511891,361.778314661683
"cv",100.820326411543,1.11163367445389,-18.2028278009966,-3.6370121956895,265.542655850518
"cv",73.7085887004699,1.12970478780559,-49.4540338559028,-3.58089101950919,263.27930751727
"cv",82.8192492765321,1.18756796876159,-30.0830396077483,-3.69171300806428,266.556835414888
"cv",86.3845051388352,-0.932380656144541,-0.433410962028677,-5.81869307084168,-204.304863641339
"cv",75.8635406021964,-1.19293301237196,0.417103041894363,-7.68904493044666,-256.861437886679
"cv",89.8141620245183,-1.18474066523991,2.57703639007656,-7.71795206431675,4.3320057232565
