"","","par1","par2","par3","par4"
"cv",103.505692250553,0.72732543480906,-5.68416588843846,-2.92192170780544,207.825518333272
"cv",87.7669670504246,0.666292344621378,-18.6928405253362,-2.78628605659852,209.665359471525
"cv",88.7447175669527,0.695337510564212,-16.4885166407177,-2.73175883546849,198.449460160901
"cv",96.6459904266793,0.705535855841543,-15.7658602307384,-2.79523651498625,210.279283499918
"cv",92.8703980539637,0.715542926677622,-6.53129426769094,-2.83667874569029,210.262369041098
"cv",120.097705556004,0.735903630064371,-4.82726733187772,-2.93563992698412,205.508244654128
"cv",96.3669963323148,0.741644190022802,-5.2341930268149,-2.82641613520949,206.338297156249
