"","","par1","par2","par3","par4"
"cv",98.5401492690731,-0.965685662297068,0.245230329651022,-5.2504231692365,-327.535165084347
"cv",82.453684888965,1.0883220377676,-37.5905814019646,-3.4128822075049,223.889773789409
"cv",81.6540241025759,1.05432274712815,-20.3598602872105,-3.34846443919427,216.854704712312
"cv",86.6293505837366,1.03753204016483,-5.12790774118669,-3.35209897669265,222.078737359616
"cv",93.5546520901808,-0.461278438025975,-0.71012176843338,-3.69410929805426,-253.292088276152
"cv",95.8281043042718,1.01850481256123,-5.06520127657793,-3.29465415457894,218.261992448853
"cv",82.4536304229432,1.0507236888971,-5.52459113115534,-3.347927478248,218.27965291374
