"","","par1","par2","par3","par4"
"cv",101.382597050096,0.658189129083062,-2.9046552102991,-3.11883176388566,217.317941543978
"cv",91.0672775707925,0.616602715309616,-12.1450972644937,-2.58968146548538,63.782948204576
"cv",96.4551104699091,0.492224469038474,-2.16099511876346,-3.25993015403259,228.673529708228
"cv",106.400999320645,0.539457154435683,-2.51670589358775,-3.25199076401722,228.598271397447
"cv",72.9187084016562,0.55132131531106,-5.69979612641152,-2.52916238271181,63.8342447743064
"cv",99.7756030489125,0.414606315956081,-2.13135918822784,-3.30840959317885,224.720004148744
"cv",90.8689043291157,0.599649814515331,-2.83929533527611,-3.03283247808912,216.818479319353
