"","","par1","par2","par3","par4"
"cv",93.5830913646007,0.752287808964412,-29.9460075439749,-3.14059520311632,222.208181341394
"cv",85.4281903532259,0.888150548847902,-42.5755034453777,-3.28380680851535,232.568497503128
"cv",96.5601875883253,0.827436013867964,-15.7684521885479,-3.30267528172722,229.139651481562
"cv",97.6466380414302,0.684137779173976,-3.56741304645795,-3.1783575568305,220.10475721199
"cv",91.5712671208916,0.772895595967346,-5.02283624996079,-3.18119278025602,223.303039416683
"cv",80.4657555972539,0.773104863140007,-46.2723564918498,-3.13484181996856,222.567562407042
"cv",189.531121790273,-1.10153176666241,0.466692619865562,-6.67245393358218,22.8368047319112
