"","","par1","par2","par3","par4"
"cv",69.44553858026,0.279963185753271,-14.6259680661052,-2.85541325202384,204.9085276148
"cv",94.4677065928636,0.359600620465613,-12.7680328671264,-2.9778518894814,217.64629712828
"cv",38.1990507070344,0.423776554140642,-11.7636293203067,-2.87837729482001,221.908686089804
"cv",80.1248611134166,0.415965680361555,-11.6748480135184,-2.9494289283384,206.584092903749
"cv",81.881293597644,0.395600197988622,-12.0150323421467,-2.86721606246903,204.774548045981
"cv",71.439357785098,0.386381054443629,-12.0125826069756,-2.85626351617266,209.030530942613
"cv",60.0247770004529,0.406458484780651,-11.8426782691629,-2.79155648969811,203.765967286484
