"","","par1","par2","par3","par4"
"cv",114.516491304126,1.00678658862193,-25.8678319909631,-3.28081876173208,207.540630002173
"cv",104.986501982809,1.00152054002101,-10.8189951989432,-3.23497814407013,208.475300147783
"cv",103.386969104462,-1.15579808315276,1.05130092985928,-7.0487324546448,-628.654448690471
"cv",61.4967924514709,-1.32976949549745,1.0858331267368,-9.15975513228931,5.42102051302334
"cv",83.4876781879621,0.962022996525144,-45.9988141081529,-3.33444261589617,209.698472166415
"cv",86.0928232201381,-1.17447705079435,-0.609837568638722,-7.20072124580443,-584.751314949244
"cv",93.5685414318437,1.06316080656499,-39.6834372124623,-3.37773281850723,209.916931756903
