"","","par1","par2","par3","par4"
"cv",92.9664568525338,0.132336495019906,-3.7088083865051,-3.02783619686779,89.2887876096588
"cv",61.4277120720637,0.0462255774221752,-3.68289630168534,-2.96049838482379,94.7357333286656
"cv",46.8934650504228,0.0363781955302603,-3.35117055234127,-2.98034570319836,88.9033705751386
"cv",36.2436976168665,0.0852789554233146,-3.30980374351003,-2.98699759942154,86.2699849708549
"cv",39.5912393498713,0.105743852965584,-3.59668306040297,-2.9705455947924,84.4849387389445
"cv",76.7316954323161,0.133277091003826,-34.5266689540673,-2.8567301299355,89.4031379426788
"cv",73.3166392809141,0.154509241601647,-4.23626408756911,-2.95740741574629,83.7369869486016
