"","","par1","par2","par3","par4"
"cv",47.8037752542401,0.694222220569565,-7.91741494712826,-3.31795708387747,222.771885983689
"cv",69.0456217925144,0.715319118434539,-7.80712992287741,-3.39293022164216,219.843370167923
"cv",95.6673727232317,0.63208265684561,-4.49563181188661,-3.334816198741,218.360408856548
"cv",51.3733400027152,0.695010764655365,-6.6183395486085,-3.48510105834364,234.941749394343
"cv",80.0190330258511,0.759815109424057,-8.19775951184959,-3.50374074652319,226.636895459018
"cv",77.9231200258125,0.788236780099824,-7.70363183155787,-3.58603112781328,233.026019887764
"cv",71.6083720611138,0.634230292436119,-12.2959250534436,-3.28643665516259,224.70512917588
