"","","par1","par2","par3","par4"
"cv",78.6173122563314,0.858044791760448,-4.27985417897196,-3.0607572530166,235.918353188731
"cv",101.225875277348,0.866534274155905,-3.66228545429315,-3.18150029168726,230.505251539471
"cv",52.840751496582,-0.986966909480027,-0.499694399013396,-5.62551225759446,-68.9219377015412
"cv",89.3565573152626,0.982547130950247,-35.706973529424,-3.12201100164334,236.966954011044
"cv",96.84496539869,0.794668471548774,-2.99523687437626,-3.21064367704768,241.438514766885
"cv",116.684480153888,-1.20146289402885,3.14405621200436,-7.93596543202687,-338.954026711851
"cv",93.0009491642447,-1.23526131246239,3.84997459191445,-8.13013799022883,-500.98494163618
