"","","par1","par2","par3","par4"
"cv",118.106967910151,0.836069147507535,-5.49011902312557,-3.03467899673416,226.799502304606
"cv",80.5647842428911,0.815560258294848,-45.1633048231348,-3.02563592581686,233.140902804336
"cv",95.7580305353542,0.82677910087067,-15.7331056753519,-2.9899350637365,226.576711454341
"cv",85.8222515608638,0.923090713588336,-14.0255430987158,-3.1426805286855,231.212327821573
"cv",89.7843273015899,0.849566622005028,-19.8107664362341,-2.96397152434127,215.606271966947
"cv",91.053759907444,0.889581215090217,-15.0104566426474,-3.13578836640871,228.782993578853
"cv",90.6833498058049,0.832040005224202,-9.24917870951758,-3.04381936589344,217.563545199705
