"","","par1","par2","par3","par4"
"cv",90.515251521067,0.156230938168799,-13.4197228397267,-3.29750248801639,73.5574781368357
"cv",128.807088683031,2.25830782474621,-4.53718798804045,-7.68156699283472,754.653681818208
"cv",52.2188123310047,0.679776945592232,-10.236998666556,-3.89816439758516,228.977628772684
"cv",20.8065556561096,0.656772814416589,-11.332956421896,-3.89462801731471,228.8510105176
"cv",7.25330032131891,0.666428340900753,-17.9526956401297,-3.83667110260269,223.956513576599
"cv",53.393945986021,0.606820121446715,-11.8980911756843,-3.91403467956487,229.448516696233
"cv",13.8915916337255,0.673381028753467,-15.4268850857571,-3.79308254604212,217.323333792693
