"","","par1","par2","par3","par4"
"cv",43.1473550613895,0.527236148463553,-14.9579833536922,-3.29682015619115,225.983239875764
"cv",71.3482055144472,0.467717326446544,-15.5430294598804,-3.38748589707602,220.606011746389
"cv",114.549198118536,0.74519731756506,-11.6915262078709,-3.73481390077349,233.117794468014
"cv",50.0769577362533,0.477179861817019,-15.2254492587404,-3.36282775304336,225.494647140623
"cv",95.3952897252601,0.408561578574482,-3.4548378513629,-3.29428708979,228.053561709675
"cv",63.2157827082855,0.525008159677733,-14.0730273950443,-3.31466325024496,225.398211144034
"cv",42.4501441052431,0.522700739364291,-13.1830843734689,-3.32734969381198,221.073469407197
