"","","par1","par2","par3","par4"
"cv",65.9663790841298,0.193723884315384,-3.69668606703171,-2.84365369624514,109.488224499753
"cv",71.2457607906979,0.408544452701,-11.9416407883757,-2.88159504859554,64.0514069219813
"cv",94.7718926974361,0.297319826316558,-15.649515059713,-2.82153864512055,91.8966887272535
"cv",55.1793730229695,0.227920020604671,-3.11928621055454,-2.90075460479793,101.15860106129
"cv",33.2485145372827,0.363726415590542,-14.6645841644227,-2.7899227964854,93.5723106762265
"cv",62.0049717155941,0.43867382509115,-1.66701024892992,-3.13478089771174,-30.2686333083418
"cv",62.10196716479,0.463873662041287,-1.8056433360771,-3.16727264670083,-27.1502610250623
