"","","par1","par2","par3","par4"
"cv",90.3937382276697,0.872642085354299,-37.4674181632329,-3.74287571872908,232.859114652091
"cv",64.2570302132232,0.867458949538047,-37.6622230118267,-3.71868131776833,219.380821189075
"cv",72.6083335769292,0.994090017458597,-34.5681541895581,-3.9251085765693,220.655942384871
"cv",44.4831249994233,1.19400598104185,-37.5613182449214,-4.2276488658797,235.892720888013
"cv",56.5554418793232,0.954547935582824,-27.7705167767689,-3.76573398519429,227.510171381186
"cv",58.7383576033966,1.05081588950511,-6.33257153496357,-3.86529433780154,230.074443336314
"cv",26.5105196577651,1.10779367757131,-39.4250195063841,-3.99322905716746,234.572603571733
