"","","par1","par2","par3","par4"
"cv",73.211441978216,0.640707121488159,-31.3154843403026,-3.53296258994416,235.780978876606
"cv",83.5599591268533,0.796342330792892,-11.3514021014851,-3.80279134467496,232.182622004923
"cv",85.8152552678991,1.08566288603294,-7.72691059465129,-4.40030261355815,247.908152909548
"cv",51.5166298305328,0.695513259075831,-10.0636085426078,-3.65338722755613,238.486089402797
"cv",48.5254211629826,0.714999290379211,-4.88813550264879,-3.609262734767,230.585126288541
"cv",19.5043994153624,0.875806408943661,-35.9363741803012,-3.73552596180179,240.058227436723
"cv",35.5312801725114,0.772786999867347,-11.7255097654224,-3.70776116779238,232.331717629138
