"","","par1","par2","par3","par4"
"cv",85.2938501366936,0.974698185041698,-5.12861141743348,-3.42667022848062,229.147894692926
"cv",103.027317995799,1.01925543041073,-8.81674238164467,-3.46070904907732,230.058086954109
"cv",115.482138802315,-1.09298778319891,2.52522319493097,-7.01217368582458,-900.45704540419
"cv",93.2528708769579,1.04363319887616,-5.80074383330619,-3.47960995261752,232.65132808218
"cv",82.3599123115556,1.05908111628224,-5.62493298376785,-3.61364474278802,237.327901872349
"cv",77.1702112025204,0.990430610273439,-26.9853284250552,-3.42563532308592,223.988792015037
"cv",72.5032842508952,-0.730860486664252,-0.602956597209575,-4.89988247501635,-75.2393121185093
