"","","par1","par2","par3","par4","par5","par6"
"cv",132.004679860981,-0.33065052108466,3.9546253999278,0.066160076255442,-335.179864602742,954.537335733253,-8.55451334806481
"cv",119.532417897643,9.55369646195322,-28.9060496940118,-5.65080927397444,594.792432888178,-32.8997319191694,9.63301567219781
"cv",119.655140202262,4.52929533168957,-39.9776599848037,-0.415145658256506,936.993165796729,-119.802155170279,-0.408997688092508
"cv",119.765160918434,3.69252150379121,0.623706681653857,0.437242631145703,490.331090043485,-79.0519394353032,0.236116326872796
"cv",119.007996550606,4.29652642571269,-33.8833002132984,0.0227283826858744,752.019178764643,-93.4267221018672,-0.321824995426896
"cv",119.670290265811,3.63792280554175,-36.5458945181989,0.32464528851778,632.976976355387,-80.3750555635327,-1.52135266548461
"cv",119.099810972297,4.99052587371235,-26.4042840188384,-0.193984842708395,531.529248040169,-76.6087551824345,-0.239748126855221
