"","","par1","par2","par3","par4","par5","par6"
"cv",120.687047994472,1.66622606758028,-1.09014304820448,-2.41482851002365,170.915148173241,15.6559693170487,-2.72555817850136
"cv",119.799474082579,6.00256534318179,-5.46977924187189,-9.24466746859252,43.058195802206,119.903315084219,0.616112947526117
"cv",119.49563429737,2.48362042196095,-1.99988603591919,-3.84892461355776,729.721174083385,42.1646568698289,-3.03464753553271
"cv",119.585367871789,1.70545764984786,-0.974957448645487,-1.89687512758033,80.534846037326,81.4337958381358,-3.92284197267145
"cv",120.255229647256,3.6500481603415,-25.3352023620444,-4.80801145250733,25.0371840634492,941.304013206988,0.0378899518883311
"cv",119.758747098802,-0.698058087179581,-10.262134425756,-1.36791541747817,841.260492845068,-219.594088343484,4.65259819715299
"cv",119.883385814034,0.348113100902494,-44.9961986206472,-1.51674266612976,848.798587392914,-786.406502034597,-0.897922110319203
