"","","par1","par2","par3","par4","par5"
"cv",132.440773779683,-7.33410296753582,3.8456793529224,-9.61152387933002,60.0651009904129,0.548352063359276
"cv",119.532071440372,7.08105300746845,-0.729859583302915,-6.81128497499222,196.304902947755,3.09387200997173
"cv",119.544966231422,-4.04964624038069,4.1125441638909,-6.04182498890858,38.4089048848756,0.494358170879212
"cv",119.34149076203,-4.00300728654209,4.80089987070216,-6.28763319150436,29.1132476647145,0.481146933321799
"cv",123.784689213277,0.917711877450347,4.03727528928549,2.73394968360662,690.12578337394,-3.41112067226641
"cv",120.459616039124,6.15843208592385,-3.53545707277954,-8.05285693146288,443.31289362269,1.7130562895909
"cv",119.265396941618,-0.607525692715299,7.20793313036577,-6.2044207814837,9.33106175489171,2.5760338814223
