"","","par1","par2","par3","par4"
"cv",116.807424353611,-0.793442147342762,3.91490445919397,-0.996729209759094,-508.454234592884
"cv",117.613766312183,-1.16484384872813,3.66055423852361,-5.3336704076108,-985.925640846456
"cv",116.853005657134,0.13129039724742,4.71914160502524,-8.42948076315224,-320.769629325522
"cv",116.835403584932,0.142223093411818,4.74396087431566,-2.38661267428311,-276.573925948688
"cv",116.559955035568,-1.12531851045622,3.56016170414671,-4.59004769938793,-775.975918562204
"cv",116.985720308985,-1.0656532082263,1.91429448066225,-4.15924162653602,-428.517715804827
"cv",119.717402389298,-1.05985649138603,3.0057474026621,-4.57279563134528,-938.734133962407
