"","","par1","par2","par3","par4"
"cv",119.34665934977,-1.4324688813848,3.51069833173958,-9.10480416240999,152.070248941477
"cv",119.053705578203,0.624241986496678,5.05594820369094,-8.39488976169378,51.3910214619664
"cv",124.215098202509,1.78731211584558,5.76429617092541,3.32179073180538,-401.856625526667
"cv",119.01922359004,1.10039328053818,6.09351486795184,-5.77403962130841,33.5535793386675
"cv",125.213722812697,-8.54294580133772,-0.73243322006889,-3.04986807222794,34.1675831933624
"cv",119.181466883113,-1.48054282806603,2.94529735051782,-9.95545383383454,161.738182909694
"cv",118.997052607558,-1.47195984445196,3.33787289793905,-9.41483084266019,160.018665536692
