"","","par1","par2","par3","par4"
"cv",0.029982014387056,-9.93588873853917,-46.9733888114922,-9.99999539988998,222.356141797101
"cv",118.687959133564,-2.03023346681999,-48.767823446542,-6.21389631557364,219.174370301705
"cv",115.147243858335,-2.47415400042341,-48.4886713779423,-9.99999999527697,-115.358690991104
"cv",0.029982014387056,-3.48447672165941,-49.4825997807672,-9.99999076173201,221.963698940484
"cv",0.029982014387056,-3.7249911970985,-43.6256347199237,-9.999996300171,222.376694583842
"cv",0.029982014387056,-5.54138126511508,-34.660325544085,-9.99999257223512,222.323247989063
"cv",0.029982014387056,-7.09413818862533,-42.9355182532815,-9.9999859674374,222.331849534818
