"","","par1","par2","par3","par4"
"cv",126.65697855163,-1.47488225602982,-0.145105565355271,-9.96568364134515,901.869824213672
"cv",120.607820320813,3.74909614542004,-3.04542603874084,-4.98208539103835,416.821947539707
"cv",120.652456415215,2.85244934353034,-1.6708537529472,-2.77723945010771,304.903683754061
"cv",119.614747258064,7.14339008141433,1.52906768993948,-3.78926657127385,318.264553668261
