"","","par1","par2","par3","par4"
"cv",120.192025037389,0.995087755762761,-1.91488197333082,-1.21165336449822,859.984682673853
"cv",119.645697849607,3.22687431552062,10.5414854092523,-9.15383155415128,-235.053407817325
"cv",122.736452244314,2.3967501334371,-1.19786938028446,0.321225648413326,-855.424937326461
"cv",121.213293843625,0.793336952424556,-1.75113935804829,-1.41934732177613,868.43666652747
"cv",132.792932177456,3.89708130160224,7.70143148521521,-4.48402271637952,228.937508986598
"cv",119.414726083761,0.999593867209556,-1.75207544669046,-0.958553810188722,661.350527992242
"cv",121.061993228387,0.391215127782457,-3.07216055390838,-0.637235549292304,-331.954810235262
