"","","par1","par2","par3","par4"
"cv",120.499261432382,5.64573477363913,9.6502451846975,3.46222374679725,-818.227764223756
"cv",125.926901643398,2.8730024756643,7.99301276493689,-7.32889735152511,28.4778109048258
"cv",121.50911808415,5.11318073025778,9.60774282435027,3.4688888330912,-817.249262902985
"cv",119.619178424538,5.45049507230411,9.62086111463371,3.80169209192497,-457.88351545651
"cv",120.63698923213,0.155178556252076,-14.0593435732592,-0.289906272943032,30.3371794519203
"cv",119.57155984961,2.33104917875209,10.187410304989,-5.95796787151014,-541.232514933246
"cv",121.04812874222,5.68637012734926,9.64840940310535,3.4944777457473,-254.797154550719
