"","","par1","par2","par3","par4"
"cv",109.108999015495,5.05728754272528,-40.0627805372996,-9.99998132768746,774.073566242073
"cv",119.894763639919,2.57742739054455,-34.3154947238894,-5.25023962760911,917.700488488051
"cv",93.7062427024046,3.47830816336279,-40.2058772361992,-6.66743942170242,793.736753905569
"cv",127.859419958574,1.99010928900029,-40.3038095299708,-4.60769893561855,851.397691826962
"cv",117.505728507486,1.92357683569277,-39.4785269124303,-4.18276512384272,282.997628482308
"cv",120.101725936874,4.84187616262296,-42.0922019239575,-9.93183891966908,825.762938233409
"cv",115.36884843224,4.98678821468207,-35.3395980317146,-9.92706470267272,806.988920066534
