"","","par1","par2","par3","par4"
"cv",113.402389257913,-6.96548286081775,-38.5164623257886,-2.91370586070492,27.6617797429964
"cv",83.3379318135659,-4.008909505899,-47.1058858765245,-2.88871327322167,9.4211181321744
"cv",91.2759516125643,-5.04598985700261,-48.6359396692351,-2.90627537433173,13.6767113299866
"cv",117.4814306016,-8.92583504067202,-47.7241194058645,-2.90475557331547,12.7547183082071
"cv",76.8441932265518,-5.74332609579057,-48.4879436379472,-2.83350541699452,12.1538765911609
"cv",53.7018071288926,-9.42178385041192,-41.8706844845298,-2.75320204436767,-731.892528876171
"cv",139.526272041404,-7.23329520318657,-40.9239176787438,-3.04159216274081,-629.285502585381
