"","","par1","par2","par3","par4"
"cv",115.461907444882,-0.483598120030386,3.26001091091437,0.913116256645778,-137.324000661595
"cv",116.690990224252,-0.408980904692642,3.86473814133606,1.73862297453625,-939.194745105088
"cv",118.104058773547,-0.3372989703849,3.70477781104446,1.70580074347407,-622.107472622824
"cv",116.350921561482,-0.41255466190802,3.80506524170119,1.64968718038259,-84.9608865540498
"cv",116.232667380145,-0.359237979189727,2.79177234680438,0.915618157717431,-705.555782005564
"cv",115.779247371553,-0.377960688801358,3.29850281740354,1.39489942180503,-341.677392847699
"cv",117.686517529476,-1.01253720768175,3.89088570623333,-3.54285122970512,-287.573057746329
