"","","par1","par2","par3","par4"
"cv",121.946343544267,2.55413429919332,-3.2068462512213,-2.89215042984664,268.264807833961
"cv",119.915698074417,6.32565152282033,-41.0516149897679,-9.95484829582227,810.758345415177
"cv",120.250483677705,1.35792405747312,-1.97789304996716,-1.47563320396632,813.298093155026
"cv",120.126038562728,2.29688258401232,-2.87199351174308,-2.7964398805205,994.323054358417
"cv",119.661253392776,1.47412824774679,-1.64474194110364,-1.11546124669267,845.694402552836
"cv",119.503055603879,6.4162716143144,-19.8101054952754,-9.99730022875947,930.576250273096
"cv",120.090730617442,2.14578322579497,-2.27179308049688,-2.51357115464674,926.859404881755
