"","","par1","par2","par3","par4"
"cv",119.484518601652,5.67918635142082,7.41845747055781,2.21792600125793,-20.7466063438345
"cv",122.122079585536,4.63717788726162,6.62977290378428,1.9851903057405,-862.186994566298
"cv",118.837787394503,5.60844210578386,7.51622568449831,2.30606944447052,-25.4163535569079
"cv",118.802490761643,5.77591371407951,7.74772925093441,2.37939412505258,-717.180596464873
"cv",119.944047250026,1.05171766256975,5.04460500087118,3.67774864034028,-281.696435717687
"cv",119.29204492744,5.63388248232296,7.36128020806304,2.30071155298906,-26.5609777360884
"cv",118.692530292701,1.16432973144943,5.31345101568114,3.85277768945188,-843.123581981416
