"","","par1","par2","par3","par4"
"cv",119.49206212377,7.37587234806812,-7.00484217849986,-2.13586640795471,8.17724040299555
"cv",120.167856751059,-1.63201902894199,-25.0877448135004,-1.81622385665685,491.750375169161
"cv",120.441902624246,-1.93530410540741,-25.0249557252742,-1.88255687868608,786.229702945536
"cv",119.060888788511,-1.9300128994502,-25.1084217129162,-1.66597843089227,791.631599706636
"cv",119.971594391438,-5.56662655521544,-25.0212288029911,-1.78208678469674,801.317941345376
"cv",119.798151409631,-1.92671911541723,-25.2203320529904,-1.7672589312431,871.240879897255
"cv",120.365436955766,-9.24308391308943,-24.9533007753947,-1.86449107686494,799.332416368858
