"","","par1","par2","par3","par4"
"cv",0.029982014387056,-9.49166352284029,-48.5944520975677,-9.99999999932341,335.110102890034
"cv",66.4386265455646,-3.99049144630953,-48.141549936358,-9.99999999889199,-386.058932896261
"cv",66.4386265237791,-2.15775501887024,-37.0061272240568,-9.99999999931829,570.665280119516
"cv",0.029982014387056,-4.86046318430454,-40.9335821880889,-9.99999999839534,-91.3842317910263
"cv",66.4386265504164,-5.02795433973997,-49.2923771076354,-9.99999999879723,-474.422205479676
"cv",0.029982014387056,-4.65583725770568,-47.5923118104305,-9.99999999872007,435.286290047281
"cv",0.029982014387056,-4.04479339825369,-46.4964734464279,-9.99999998481426,-173.450635481243
