"","","par1","par2","par3","par4"
"cv",121.243753004629,-6.93338452542986,-2.44101427364386,-1.57976569499706,7.71243474521373
"cv",120.159121335218,-0.745773001162084,-2.80939168085351,-1.44045522807793,8.47517640748893
"cv",123.657431904094,2.17653972921436,-0.646968855650261,-0.213706445228292,-27.8943308384326
"cv",120.461402819884,-2.14133557295784,-2.63367780078301,-1.48913294836094,7.43458425212908
"cv",119.056447450461,-1.04998406980589,-3.72265216297072,-1.30994513174162,-802.000016661718
"cv",118.007120579725,-0.70923544358111,-2.58467584045549,-1.33905163806358,-244.881470738921
"cv",121.656271616629,-5.55465226992836,-3.36539288655522,-1.46781337105492,-439.319079047903
