"","","par1","par2","par3"
"cv",127.96950684154,-0.994120104307236,-0.105943092189028,-5.86749567279727
"cv",74.3824310260713,-1.02166463282856,0.198757835288549,-5.78970280390714
"cv",93.2963037147778,-0.727958500907818,-0.63616485072274,-4.22116217008148
"cv",89.0042215511918,-0.990100559270785,0.00666508586304565,-5.48734993470233
"cv",130.275511810031,-0.573053203493785,-0.754174221526221,-3.81962028330329
"cv",88.2592732174945,-0.62888019057006,-0.744646924532833,-3.84267752109765
"cv",103.792678147972,-0.709437650712778,-0.579684217818613,-4.17241876991053
