"","","par1","par2","par3"
"cv",96.7446553305829,0.418784351835875,-3.80007525820051,-2.17485431877204
"cv",66.9704430582641,-1.07765873616287,0.292557211326589,-6.37679200505772
"cv",46.2398184823566,-0.906162394658441,-0.616136166590577,-5.15678818439475
"cv",110.979085786847,0.439937131904819,-3.63534270974989,-2.24800221599079
"cv",105.070532467135,-0.564589308089902,-0.61891783556936,-3.89592673757544
"cv",124.687160680471,0.48031563097675,-3.85836407042047,-2.34579787616707
"cv",99.4571372988733,0.517107668763539,-4.5303910646509,-2.15550124482478
