"","","par1","par2","par3"
"cv",87.1640078969658,-0.127379146035789,-1.49712972666431,-3.16892777829613
"cv",125.431065011897,0.557351010017027,-27.865778204151,-2.73727971750026
"cv",52.3674040831105,-0.210838918157059,-1.36922642666117,-3.28463720005066
"cv",75.417838782005,-0.161207301412391,-1.37811045961377,-3.25575044847895
"cv",50.6983463143164,-0.200028470153892,-1.39344016084419,-3.20058323454332
"cv",50.8058326698511,-0.176100115784818,-1.36718099211089,-3.19725198790983
"cv",71.9006389166315,-0.266580768733055,-1.26433200119152,-3.39388641064577
