"","","par1","par2","par3"
"cv",73.5992322014673,0.182541715183703,-1.92723977310168,-3.20498708223988
"cv",85.5365805459118,0.131271650787085,-1.68526063971274,-3.28902605223755
"cv",90.0943241258453,0.137804594783399,-1.90736620796647,-3.2426094496107
"cv",49.8231862973946,0.119551312256153,-1.91724801249278,-3.22307764602107
"cv",79.6443417342561,0.131275061635197,-1.82796058211573,-3.22483337625438
"cv",107.768048089304,0.198521218511349,-1.88098880933439,-3.3102984637748
"cv",66.7982284635435,-0.0354091402953927,-1.66912005572947,-3.4392037463242
