"","","par1","par2","par3"
"cv",92.3915610090219,-0.258360733577339,-0.76590961694544,-3.48831044698962
"cv",125.652993502693,-0.456254282760835,-0.748677592659002,-3.81134603790279
"cv",77.3778436482674,-0.269822320461771,-0.784053595945019,-3.51404906515611
"cv",97.9139745282971,-0.285506389087229,-0.804998784651987,-3.56652444118658
"cv",77.8402841858314,-1.15207040011752,3.64527461202548,-7.20789513653499
"cv",89.0738096573005,-0.234241554596971,-0.771717330219819,-3.47182755739979
"cv",92.8504961241349,-0.220150342912432,-0.815403312419951,-3.51336401366712
