"","","par1","par2","par3"
"cv",36.3732579714464,0.302880293586733,-1.7165261781101,-3.74714517530934
"cv",56.7869302789104,0.302743890958264,-1.76639480832598,-4.00947509403967
"cv",31.3989752654324,0.203450606033236,-1.72127283947749,-3.82067003508476
"cv",31.3082288376439,0.239581492642062,-1.73834396994644,-3.85042554498153
"cv",37.4543788768526,0.327543756317975,-1.72918904468511,-3.90434448982285
"cv",65.0084946726772,0.352642318878741,-1.74655623762133,-3.92037192740634
"cv",26.6104440601858,0.299462249021553,-1.69634648550053,-3.83600747942404
