"","","par1","par2","par3"
"cv",117.663307244201,0.502427160827872,-5.54028093920594,-2.0851624955513
"cv",105.670813807665,0.545455534899603,-9.75689082171301,-2.09760603524567
"cv",102.285539993846,0.505875041088327,-10.1569358381308,-2.09035040803774
"cv",84.1670454104248,0.516396287679519,-8.42307399409121,-2.01098775818886
"cv",110.916391745149,0.466270908746094,-5.99642240488212,-2.18042936693941
"cv",105.820712014479,7.13670979692137,-23.6812814031609,-3.21572149140559
"cv",107.879177066158,0.496602419303372,-9.14561590680273,-2.08868248448806
