"","","par1","par2","par3"
"cv",96.5086431398864,0.411024253972506,-7.61363219759262,-2.07786748196987
"cv",103.763587614538,0.443599041431015,-10.2195079218033,-2.14646258795819
"cv",105.105716884521,0.422378310475533,-5.98262058083905,-2.11964482157848
"cv",99.0510431228518,0.412554000655611,-6.23998212227206,-2.18266740660237
"cv",98.4349254796989,0.399119285260221,-5.92716114191101,-2.12899898195414
"cv",94.0251123002131,0.407513678402209,-7.57254855748957,-2.10318802179163
"cv",112.821945969286,0.399189301745368,-6.13495147370691,-2.2067681413159
