"","","par1","par2","par3"
"cv",98.876734778411,0.359265892304744,-3.70113122010093,-2.25352593623744
"cv",105.187657906918,0.341841125076472,-4.99001413462817,-2.27667614981607
"cv",95.6150838769032,0.399015587331577,-4.94165226202899,-2.20142155191204
"cv",94.438145312734,0.373601497729835,-8.15050191308636,-2.21671129890564
"cv",85.4133513170072,0.373877171303224,-3.58989062337049,-2.23897872600537
"cv",107.926187012743,0.434593388345199,-3.66405805643899,-2.25408463462894
"cv",75.4071561317879,0.349519656152828,-4.37566066468559,-2.18129433069442
