"","","par1","par2","par3"
"cv",105.690580678782,0.547019876887693,-3.07566393106112,-2.30741579379622
"cv",109.792525575053,0.0309439495441169,-1.38550381687201,-2.80505763445865
"cv",95.3027042499822,-0.117456009154129,-1.24332175237457,-2.82550720319478
"cv",107.423569571873,0.501226735103146,-3.14775772462201,-2.26967825162717
"cv",102.087164981492,0.565231571498092,-2.99186420325471,-2.23798191367868
"cv",74.1315425325978,0.524321074247162,-3.59546117790681,-2.1323641300309
"cv",121.079075869025,-0.283827419218245,-1.04636742597161,-3.06305352212601
