"","","par1","par2","par3"
"cv",91.4224488871534,-0.689474676117362,-0.569588680110249,-4.40571233171841
"cv",105.017710989848,0.476283781728306,-3.52182529035274,-2.13654756692533
"cv",108.820161182082,0.449229396647077,-2.96403670690679,-2.19002520391207
"cv",73.2070976701998,-0.750037042937946,-0.637577466274874,-4.54687519249694
"cv",94.9945864667475,0.405787322346958,-2.6229196804522,-2.16085202037932
"cv",93.6199832919237,-1.25719382319735,0.175381798141842,-8.41952531669718
"cv",101.95445931411,0.510388159867096,-26.8552352308446,-2.11171150978099
