"","","par1","par2","par3"
"cv",100.284202145133,0.440564951454439,-6.6061205910629,-2.16617599119504
"cv",102.603531518187,0.392591809766271,-8.88986127213342,-2.14364356542223
"cv",91.1578274685754,0.402859869399045,-6.99124468760492,-2.1617972446355
"cv",110.700380345714,0.408064480835886,-5.76148271974425,-2.24558741012268
"cv",103.851459210244,0.472172345821151,-8.60526009811154,-2.13688439640264
"cv",92.1122880780411,0.410350170413478,-6.08246018119748,-2.15548347188417
"cv",94.5011390228141,0.398751263072283,-5.174543318317,-2.18077618142495
