"","","par1","par2","par3"
"cv",92.2844349943516,-0.00686829264924172,-2.27611100472689,-3.11670418032244
"cv",74.4094284662557,0.0480023489326048,-2.97754588182524,-2.92877930121014
"cv",85.8569334089676,0.0938631202878933,-3.14670541976992,-2.92563945194023
"cv",57.7807876170377,0.0743023423642588,-2.96805601775567,-2.90589562176583
"cv",29.6828100996653,0.161621475952035,-2.63002248483117,-2.82869576278
"cv",26.2277535513885,0.117763248773339,-2.81774624422625,-2.88760303747571
"cv",93.5268934476731,0.115658655293712,-2.05753461320745,-3.10713174871357
