"","","par1","par2","par3"
"cv",61.4124438459063,0.356439608487514,-19.910207154258,-3.0172291261701
"cv",83.518994061958,0.368671481578723,-23.6140004839406,-3.00386920374825
"cv",50.6353263883548,0.353589142894385,-24.3926636017029,-2.9764489460627
"cv",185.235820113467,0.404477091411722,-4.59209307998029,-3.43594624010068
"cv",60.0640218580251,0.384715404674708,-22.8773464285863,-2.88548364894637
"cv",74.4969592594856,0.421800210920397,-5.98772073487655,-2.88231038851496
"cv",38.0932890595285,0.441871183008333,-5.3410804081261,-2.92523785244947
