"","","par1","par2","par3"
"cv",74.0884425827792,-0.372964409269658,-0.823220254449756,-3.7276243963193
"cv",107.298303925255,-0.474506802493246,-0.712723598269327,-4.02956105390151
"cv",90.1886666008312,-0.515695825892158,-0.686282466657211,-4.03444546544318
"cv",71.455549311155,-0.418476588267278,-0.840215476155242,-3.68648876955556
"cv",83.8402559103022,-0.558527796769762,-0.760381050537717,-4.04980518710095
"cv",84.9885799245193,-0.309779961559821,-1.02834548749161,-3.22726089396404
"cv",71.5562275948024,-0.420410221873958,-0.775517077557244,-3.81095300380827
