"","","par1","par2","par3"
"cv",57.9160097382765,0.200251914578151,-12.2129197290166,-3.11348595106789
"cv",90.0883148002391,0.19113741182246,-12.376152658468,-3.08389262577067
"cv",62.920331089749,0.143259367050885,-29.0757145910844,-2.93958288007088
"cv",70.1934704711036,0.16161888589822,-11.4827895034127,-2.95741888227329
"cv",72.1473950063376,0.137858825499088,-29.480964343988,-3.11330676268667
"cv",75.9307970729079,0.18192465345527,-12.5395464889353,-3.02298818637119
"cv",19.971529438011,0.129996268923442,-13.7032782343539,-3.02656855458758
