"","","par1","par2","par3"
"cv",48.076969546889,-0.598168800814958,-1.47156334262238,-3.75359012975301
"cv",82.3440514555053,-0.580130042987939,-1.40119761828604,-3.72685164618369
"cv",15.7786264598827,0.374665973738661,-2.82495154466313,-2.96874784856507
"cv",35.8278930344702,-0.457675937535124,-1.60982399867105,-3.49638632461258
"cv",146.612124865766,-0.331246661206103,-1.57887834787435,-3.75236036924386
"cv",62.0543065726148,0.778390732991108,-13.4310080846096,-3.00266579343763
"cv",50.2080578431786,-0.503224316717971,-1.52212604727203,-3.51330816535139
