"","","par1","par2","par3"
"cv",119.90887340416,-0.208446169591988,-0.930145100829063,-3.20755734410319
"cv",89.1918528887765,-0.205986747502403,-1.02876803533894,-3.02770669919295
"cv",85.3493762362506,-0.253325525826094,-0.99569053747293,-3.1172574516313
"cv",112.454954316035,-0.245816468568236,-0.993710892729944,-3.19560030249836
"cv",93.7387921320807,-0.2334634094224,-1.04884537433571,-3.08967167080652
"cv",103.30117579766,-0.205105224161349,-1.10940776334943,-3.09715213272941
"cv",115.17635073588,-0.306652662198133,-1.0143479875958,-3.27588230899144
