"","","par1","par2","par3"
"cv",70.6006675751614,-0.609410862790333,-0.664438851372194,-4.25197314414258
"cv",81.1098145708937,-1.01392310872226,1.92281946074218,-6.30071297753602
"cv",100.289622519094,0.488524281254391,-20.0930947042843,-2.14069893488603
"cv",117.971670099233,0.481295645981448,-3.88963423196044,-2.19467524044428
"cv",49.8639412468906,-0.805609634959209,-0.0433851991290421,-4.92287922885655
"cv",98.7082846226676,-0.66074588046302,-0.357956619260538,-4.48165888080626
"cv",56.3192419438102,-0.605444371091787,-0.549322515162458,-4.33540999140279
