"","","par1","par2","par3"
"cv",62.7582480088456,-1.13331982364031,-0.198858814595399,-7.47609164906251
"cv",101.593270313195,-0.570656495419381,-0.620665905942435,-4.3132516367286
"cv",98.8220691658149,0.508894039759775,-5.99190375578686,-2.42083188454681
"cv",85.8937600174252,-1.11688331700861,0.999034970560674,-7.23839356175296
"cv",33.945590132939,-0.93127892176131,-0.556422214264753,-5.86319130491513
"cv",110.404960413894,0.486883039136235,-7.11933569767177,-2.42960182707033
"cv",98.951942181005,0.506359780330182,-7.28064384971643,-2.33890823151075
