"","","par1","par2","par3"
"cv",105.326108120041,0.389215501678604,-9.76535775753045,-2.09574983876489
"cv",97.5535251842842,-1.02057238634127,-0.356229299137806,-6.02978224816524
"cv",73.1711704611782,-1.37922866356954,0.0461163227360445,-9.97240721388388
"cv",118.277210618802,-1.21548521956897,0.260576190764251,-7.70934563961545
"cv",90.9107570175057,-1.04016432506632,-0.652852458306949,-6.08303772918914
"cv",108.817625503697,0.452926657205561,-9.38025339258298,-2.15742800591287
"cv",93.951199740612,-0.0828635464725101,-1.27121781658505,-2.96768064451927
