"","","par1","par2","par3"
"cv",100.393421837406,0.411375444917879,-3.92216959951838,-2.29317893224014
"cv",103.10949779107,0.390618736379213,-6.1557171006617,-2.25504551650954
"cv",108.486649717981,0.394731886193223,-8.54148881668747,-2.31993870259604
"cv",108.534233193909,0.398465217552097,-10.6160774193691,-2.31831964544021
"cv",88.277820695245,0.404978469547673,-24.6570904042953,-2.26173134499979
"cv",114.652950188259,0.414258806675446,-24.3067319585573,-2.28999514472257
"cv",59.6540274405754,0.4280172487813,-6.41167010801598,-2.15856967109784
