"","","par1","par2","par3"
"cv",103.352716192849,-0.491625141400837,-0.708401041388725,-3.84664617198307
"cv",78.3540174506595,-0.607308531686862,-0.707431966356143,-4.02413769550748
"cv",74.0321509979713,-0.574891903307741,-0.709243777416508,-4.02792402337427
"cv",104.347142974035,0.483591766663854,-4.46520940616398,-2.0097583357808
"cv",111.571703208047,-0.631907699711371,-0.729980222165052,-4.3006207777855
"cv",84.8867406712584,-0.596346917880216,-0.713049706126276,-4.0178568656122
"cv",86.3266965949448,-0.563962557715921,-0.630609581608299,-3.96469835455807
