"","","par1","par2","par3"
"cv",90.7101957949702,-0.534014250919699,-0.655824693241573,-4.03043667104515
"cv",88.1443155241336,-0.576517183247528,-0.663330827989098,-4.09502855815069
"cv",89.968191896899,-0.675103351297006,-0.486634333693319,-4.38911844106811
"cv",98.8806098150779,-0.504683939631104,-0.728927055377798,-4.06522402450505
"cv",97.7337919192923,-0.597319091867442,-0.753809347311438,-4.20483819556617
"cv",72.476638524291,-0.522595486543386,-0.772197131603229,-3.9310166937315
"cv",72.0114158221036,-0.46843311458303,-0.784690061055755,-3.78703169632074
