"","","par1","par2","par3"
"cv",122.191920364282,0.295505931732064,-11.7767263183015,-1.88949144395524
"cv",113.408177010299,0.298232234808919,-11.7753778027386,-1.83453044101711
"cv",105.379844591026,0.293294567685212,-11.3056971875783,-1.73904416048039
"cv",109.052897209897,0.267608316331012,-11.1374507952476,-1.75807747677665
"cv",115.170861438825,0.303248846846514,-11.54742002785,-1.75459621191196
"cv",120.238390474137,0.354637741265531,-11.5862211853051,-1.82932054600236
"cv",116.423350205781,0.311117049522953,-11.453953834209,-1.77687504883561
