"","","par1","par2","par3"
"cv",41.9125239752917,0.18073608609005,-2.45161170070277,-3.30664154090218
"cv",17.6904384867174,0.226750162821546,-2.48308452686654,-3.23354915332134
"cv",45.5229452000416,0.0325203880957967,-2.06458707929175,-3.31899754811643
"cv",20.8050528808999,0.273445450453118,-2.23952700822437,-3.32318704850947
"cv",119.629030852667,0.140716613326237,-2.27371980583485,-3.60717813277766
"cv",51.5121699656039,0.109844821007701,-2.33500906441236,-3.29413648307482
"cv",53.7560679165365,0.0851484427784158,-2.34361668717094,-3.22515812445728
