"","","par1","par2","par3"
"cv",82.9546364274196,-0.272970642448427,-0.72798011018028,-3.85438354610386
"cv",67.5714473121605,-0.294835583606577,-0.719633570559631,-3.87714110528552
"cv",80.3986073920759,-0.282619026329165,-0.735864213937226,-3.90978784688431
"cv",86.4250360384033,-0.2718320536881,-0.722182319754392,-3.95698472638699
"cv",76.169348146879,-0.289751366831776,-0.718737896621203,-3.83901740602454
"cv",76.817813636562,-0.259083915363081,-0.731447706663318,-3.62132332319892
"cv",60.6655851557656,-0.338698407819291,-0.698974627297495,-3.85863293098347
