"","","par1","par2","par3"
"cv",82.6092272427531,-0.957034698455468,0.278520357096146,-5.39526963580732
"cv",110.331344678333,-0.961546175082378,-0.463644176865849,-5.51406971239515
"cv",95.1175782916965,-0.942262744189604,0.295204412187588,-5.37021161204634
"cv",100.33139371267,0.362997197394418,-2.53606369709221,-2.15637565651502
"cv",103.433088409577,-0.890285711068751,-0.554748785878231,-5.05757083326124
"cv",103.11011678026,-0.957350962582142,0.60912415351201,-5.57760008840186
"cv",87.4968345360993,-1.017601584533,0.986207569180032,-5.87176902677671
