"","","par1","par2","par3"
"cv",128.361086908339,-0.0665075623794947,-11.3067791640464,-2.64842347268021
"cv",126.697567890532,0.0985955735238736,-11.9637680227292,-2.55342632311336
"cv",118.832378380592,0.0676219352610428,-11.8635499138421,-2.53197536617956
"cv",115.721404676807,0.0641989338404469,-11.9613969397953,-2.47035926365963
"cv",104.857824713818,0.100120039303064,-11.8325923421494,-2.42181898025047
"cv",56.2765514138479,0.0966220409183531,-11.2711883138694,-2.32399713774731
"cv",68.258801280446,0.139687604858204,-11.6227363940229,-2.32276100682033
