"","","par1","par2","par3"
"cv",89.6876160628267,-0.684988319548696,-0.743836522334177,-4.50908546741314
"cv",86.5616743885212,-0.923341004668891,0.256119169496574,-5.53794822734678
"cv",97.339833966325,0.449459677859071,-3.75015938661101,-2.1558105868147
"cv",102.719837680491,0.434944096338475,-3.79494556807955,-2.15945469139217
"cv",100.154644799624,0.380863846069499,-2.89592842546087,-2.18960760423693
"cv",80.4612439610713,-0.932258412966275,-0.554893627846491,-5.59791437312534
"cv",116.710669357054,0.417796742068397,-3.11044317207391,-2.30399052984127
