"","","par1","par2","par3"
"cv",89.9686315783118,-0.386647940177517,-0.715318808012933,-3.47077287432992
"cv",83.6106738161581,-0.422427134344796,-0.687435824277348,-3.49461440850986
"cv",69.7849705645284,-0.419168595198082,-0.67069500927597,-3.46660994055548
"cv",120.24927172241,-0.38676822081898,-0.623841750170772,-3.64437930807424
"cv",103.120425612114,-0.419358975238856,-0.677043439428004,-3.54889357830096
"cv",101.774865262653,-0.396554888046808,-0.66653073067139,-3.44317389163672
"cv",92.1820798795219,-0.473960338708218,-0.648222090372661,-3.5508153458902
