"","","par1","par2","par3"
"cv",103.001581091647,0.469562582672037,-4.93465419201897,-2.19800422694054
"cv",105.714047044923,0.475090932265287,-5.31829536036772,-2.19999342874754
"cv",111.545001056691,0.486070059257053,-7.29337563887417,-2.16476340040156
"cv",100.502526112635,0.486439796464607,-5.04171054282798,-2.12646907604891
"cv",104.129967899914,-0.933705835899211,0.995251797685032,-5.13079405534448
"cv",105.702143207975,0.463653102388724,-6.45218226494032,-2.22814124617785
"cv",97.6783782792372,0.524757130972238,-5.0273353161365,-2.18127108559569
