"","","par1","par2","par3"
"cv",97.5358967428852,-0.397996405271122,-0.87869990982097,-3.7755986070518
"cv",88.0665429040755,-0.388931894735814,-0.984529385080894,-3.36487433946547
"cv",86.202811322136,-0.379155461149165,-0.885040327369866,-3.71244139213357
"cv",61.8741342921469,-0.519242305707686,-0.844296295535649,-3.87266822041557
"cv",99.0414167100627,-0.566409176357763,-0.73233681656436,-4.05228853900716
"cv",95.9717408344689,-0.444502437406925,-0.852443294498875,-3.85543320832085
"cv",79.259891484307,-0.452014737454705,-0.867848313230802,-3.78396547624451
