"","","par1","par2","par3"
"cv",102.031326554296,0.41643919157679,-3.03994387128324,-2.20828789486026
"cv",116.1754616252,-0.461002100716227,-0.715350001442916,-3.75914098596774
"cv",92.3691122463809,0.502843806085637,-3.16827502136896,-2.18585706952422
"cv",105.805970586228,0.548128998034494,-4.00266744400475,-2.15614389001423
"cv",80.1137398583342,-0.414201310761849,-0.739006867068653,-3.79623952583971
"cv",84.4393826238204,-0.463434588201614,-0.641218193997179,-3.76495761758144
"cv",76.9402911043276,-0.495841386472171,-0.746812227517205,-3.81984826693071
