"","","par1","par2","par3"
"cv",96.9382730003027,0.476995717873616,-5.0260474793347,-2.00659524110681
"cv",104.218186160515,0.508703979604437,-6.25874432805285,-2.05045052557105
"cv",51.7751161903338,-0.756828977564829,-0.637746313416141,-4.59270884560539
"cv",66.316603614353,-0.745746629903724,-0.217025489730359,-4.67654159073739
"cv",98.9275070879108,0.477613610822333,-5.10145132701935,-2.00812044873008
"cv",108.886005137003,0.518933163503702,-5.53858226559628,-2.06074028740325
"cv",102.778848574681,0.567181426895366,-5.71098215781232,-1.98915799694969
