"","","par1","par2","par3"
"cv",104.667036761605,-0.457098311341161,-0.769853073760316,-3.44519985736414
"cv",107.773716623735,0.486947560350949,-5.37483743052597,-2.21359273013172
"cv",86.6164325280265,-0.864534758157401,-0.673503448402868,-4.63399924473171
"cv",107.617651829915,0.408535776727411,-3.17636143964691,-2.24828098833443
"cv",107.400809851099,0.481980847660664,-4.71070481476843,-2.19109414273006
"cv",87.286826827106,-0.628154675897595,-0.798241267963542,-3.81432096261048
"cv",91.8014219488186,0.505441063995727,-7.41657104172512,-2.12724266126022
