"","","par1","par2","par3"
"cv",99.9798002935443,0.483001067582475,-10.1902016774754,-2.37615128074099
"cv",109.451246081309,0.465924300386572,-10.5737159298649,-2.30428842517525
"cv",119.875554178413,0.484683738840104,-9.97648835979153,-2.33351458243497
"cv",95.2110869682583,0.471888713970477,-11.2386275613928,-2.26916274033866
"cv",90.7814121912098,0.44865464217736,-10.3097528026412,-2.32516452754648
"cv",84.8425969483287,0.471766358840563,-10.2214626654895,-2.33629155382361
"cv",102.392807371707,0.539108807583592,-10.5496372736999,-2.4129597260529
