"","","par1","par2","par3"
"cv",90.8500299885364,0.209156472300098,-1.43966211524495,-3.19635403714017
"cv",77.0440324189143,0.170182827928811,-1.61894717182547,-3.05966574616028
"cv",82.4354195942849,0.170863827200838,-1.55656020543597,-3.13176633567754
"cv",79.2367460104443,0.218498579710978,-1.43486901224242,-3.15626318986184
"cv",62.4463885270407,0.125844715223666,-1.61345973090096,-3.0260704604184
"cv",74.842703590717,0.137881797218562,-1.54962462616524,-3.11604549522271
"cv",75.0509118391871,0.0634896609316634,-1.53542641143141,-3.19962788085954
