"","","par1","par2","par3"
"cv",94.0853683787499,-0.452856099634862,-0.752356970037541,-3.765589984552
"cv",73.5246470165686,-0.413797617809599,-0.733533514866208,-3.68847832907241
"cv",116.614959137523,-0.706880775153373,-0.666882659241432,-4.43013857588432
"cv",64.8007289314759,-0.49778578637811,-0.682705509065462,-3.74288760132369
"cv",106.021668788009,0.509803922345319,-3.18339997703419,-2.14914320587377
"cv",90.4619111012339,-0.469180699879408,-0.763676924888043,-3.80881608236122
"cv",103.985472155723,0.645646084965823,-5.60556226340284,-2.11386142716156
