"","","par1","par2","par3"
"cv",6.2956643831215,-0.311608374263663,-2.17146806005242,-3.27904702362427
"cv",19.227662140046,-0.333686045091498,-2.28236583673666,-3.27015690737006
"cv",153.157988091687,-0.258376478874457,-1.85716098211279,-3.73852761943296
"cv",26.9132124617426,-0.322970716779207,-2.18696446413417,-3.29803348786305
"cv",78.2415221843765,-0.415921697369866,-2.23090477382894,-3.35691045474348
"cv",40.4053011865415,-0.410433031281682,-2.21433673960223,-3.32894155695557
"cv",79.6403370417732,-0.407376979941651,-2.20942564091774,-3.33061549704355
