"","","par1","par2","par3"
"cv",64.3319494818957,0.294306537887907,-2.44725473995433,-3.43490729637575
"cv",40.6735448418826,0.395042580629398,-2.86312670476984,-3.39599018022391
"cv",48.5305852125119,0.311710959759918,-2.57450780161306,-3.53051237329996
"cv",47.1259768674349,0.271668532990943,-2.47905089398019,-3.53463161771124
"cv",67.8613278189197,0.453155657993582,-3.04831400180943,-3.44459957323667
"cv",39.9484207210125,0.345008084104164,-2.72780650128706,-3.42955647617846
"cv",28.1923761615468,0.582951057343593,-2.69698460160485,-3.3836355068223
