"","","par1","par2","par3"
"cv",101.293614259732,0.0691468096425564,-1.7647129543457,-3.31035482620452
"cv",60.4490461646546,0.0213752330435151,-1.79778903548515,-3.11645635176122
"cv",88.599666143979,0.0886107145323665,-1.97288419138251,-3.23439187008825
"cv",66.0934119155562,0.0641198730525343,-1.88764911938344,-3.17063206832699
"cv",81.2850772768649,0.015124587094087,-1.69732899339866,-3.22961079682176
"cv",54.4830971270972,0.10255013455763,-1.94685521623809,-3.13055199134628
"cv",32.9214565922239,0.257015446001983,-1.95573931407627,-3.10011688470141
