"","","par1","par2","par3"
"cv",91.8914453052432,-0.86207934697032,-0.676337509044541,-4.98877604750977
"cv",79.194985691991,-0.993488120444055,-0.57628150502844,-5.59959583843788
"cv",102.332138619622,-0.138679740690867,-1.07684965597943,-2.60100418833757
"cv",79.5947544413329,-1.21576862177632,1.09282777694883,-7.75385595162867
"cv",69.181026819402,-0.895825081582249,-0.731617008089353,-4.96205944900676
"cv",96.7800214721982,-1.19825740713922,0.341173241308365,-7.57916308633056
"cv",117.366181064999,2.82392899985099,0.00817943904225038,-1.89237720252583
