"","","par1","par2","par3"
"cv",109.324911973199,0.524700313058735,-4.60903525353908,-2.10015317915186
"cv",73.0184211135541,-0.966497181630441,0.0289367944250475,-5.44396397338709
"cv",110.497341951205,0.41465592710995,-10.0560296446135,-2.1054232466652
"cv",100.893641589785,0.405262420905857,-4.63122450207946,-2.1037177535096
"cv",113.539632365583,0.395679253635432,-4.31925355489422,-2.23505058440069
"cv",97.0661505164343,0.453888349874297,-5.54398437567613,-2.12727202729228
"cv",111.561386120722,0.393583695149881,-4.85754383404238,-2.13331149201913
