"","","par1","par2","par3"
"cv",105.908084946569,0.461915245770537,-5.55983154312284,-2.0939246954284
"cv",93.6206889153902,0.454168620009263,-7.0233848801228,-2.02553447257357
"cv",61.6831821649459,-0.662634101367401,-0.558319051855557,-4.65334169104636
"cv",107.963939670269,0.464995510370797,-6.22257894095025,-2.12153431399579
"cv",100.49522773155,-0.360471296352434,-1.20853305059251,-2.98749376526673
"cv",105.227535973623,0.448768949025654,-5.75411377559136,-2.10232517276058
"cv",103.492843046906,0.462521814676375,-5.52264129425025,-2.05600707083428
