"","","par1","par2","par3"
"cv",90.5470291840151,0.250998911039399,-2.7609317345219,-2.77538120681001
"cv",44.5709339031055,0.384628778369412,-2.0832454251901,-2.74461374143708
"cv",89.0865393741904,0.486460867429506,-12.4924352574591,-2.57891469833807
"cv",66.1397390667314,0.114558357913821,-2.09162031260947,-2.80664078732272
"cv",185.71850677368,0.269591288514409,-2.44656761143624,-3.08354140953019
"cv",82.9249619590417,0.143755801254157,-2.25624031499517,-2.79492883727638
"cv",46.5625701334758,0.221744686269781,-2.52933485194411,-2.68565797141827
