"","","par1","par2","par3"
"cv",147.122049319799,-0.436634760481555,-0.984118073108179,-3.5459074536994
"cv",111.65196993154,0.421080422632422,-2.63983741842867,-2.42447571809375
"cv",95.0753964963682,0.396077069238144,-2.76071235490454,-2.40596936495621
"cv",90.3074666164961,0.396537781172873,-2.98216092343713,-2.35592679107545
"cv",105.14783891679,0.338468443501844,-2.71391309590589,-2.45626573917904
"cv",84.0626435686853,0.406397183258446,-2.77130495994452,-2.35876111867121
"cv",97.8664143133446,0.414009201820818,-2.74516667422042,-2.37925224054906
