"","","par1","par2","par3"
"cv",109.179298116401,-0.658688379989785,-0.64535517116424,-4.31192795988775
"cv",97.8165927204041,-0.807187214421203,-0.647077505622966,-4.86802689127847
"cv",105.927491100731,0.524008690434761,-4.09794638981571,-2.15951068757456
"cv",98.625198289502,0.536506225885687,-4.10093710352991,-2.08748291279849
"cv",67.1552706217821,-0.762418619058338,-0.636077567186599,-4.60474783931462
"cv",76.8082784149741,-0.754108488727499,-0.656353048068518,-4.5666591237516
"cv",82.4567205420792,-0.69171346599508,-0.630490217705261,-4.37910547145562
