"","","par1","par2","par3"
"cv",57.9960408964199,0.444426537257411,-11.9502930996474,-3.26189662750917
"cv",74.9494158775813,0.524478961794507,-10.3368135635754,-3.33225582721983
"cv",40.8717201105019,0.471052424715903,-9.83451871888412,-3.2930206718428
"cv",41.1085183568045,0.506433737985776,-10.6877006243203,-3.2910255479319
"cv",38.990073146559,0.448267664291826,-10.2435196801122,-3.30484678046479
"cv",74.8186506372361,0.42610855744788,-11.3939485739275,-3.39800796670301
"cv",45.667043192512,0.414754047869077,-11.5854343587488,-3.27652587214074
