"","","par1","par2","par3"
"cv",112.529938934539,0.374236241319389,-3.25713256804959,-2.84999178213116
"cv",96.7089874634681,0.472387850843488,-3.20640763620064,-2.84604843226851
"cv",78.3742547528245,0.506927689818975,-3.61773116656137,-2.67910902851156
"cv",62.0637279267409,0.492721664994169,-3.34367283205437,-2.71202183123131
"cv",25.3487704107962,0.516317779587817,-2.89477150259345,-2.67126239547998
"cv",93.6465386783817,0.404105285881217,-2.49337964743557,-2.76548818798512
"cv",69.0064436185156,0.569289972578743,-3.1298824068632,-2.72658038217077
