"","","par1","par2","par3"
"cv",84.5042339044994,-0.299035777958038,-1.07803658167079,-3.120090732965
"cv",108.104275148139,-0.226162081679318,-1.18829828973399,-3.12933797606778
"cv",97.6454003410391,-0.231449176269664,-1.20479968268538,-3.06139083655515
"cv",94.6994753281177,-0.235940819247146,-1.22060744256636,-3.06451662444283
"cv",118.216585572848,-0.305815531078161,-1.16901908028951,-3.19438325433184
"cv",69.4033243640926,-0.206941079039836,-1.2329012602655,-2.96111714358844
"cv",98.8734426867451,-0.285814074299013,-1.09600617596827,-3.14961344196921
