"","","par1","par2","par3"
"cv",98.6734387927567,-0.500458147719382,-1.58925150119525,-3.25648421421699
"cv",62.0012022530206,-0.484943777606816,-1.62735041962403,-3.13838641036673
"cv",135.062472101398,-0.43349936326098,-1.79641608740599,-3.21050023423252
"cv",78.0248850753983,-0.624475374190667,-1.51168116047464,-3.40227074739317
"cv",121.594664577622,-0.674202974918141,-1.26487851736102,-3.6211846859888
"cv",114.537471719876,-0.530534403878231,-1.5793647886991,-3.25316932298401
"cv",36.7822072515778,-0.500502141514668,-1.61352557578424,-3.1105162717433
