"","","par1","par2","par3"
"cv",98.7081563979557,0.462560607195888,-3.20967460825263,-2.17025240551911
"cv",110.980049339961,0.451831976960643,-3.14913370454677,-2.23685790731009
"cv",99.7746796953364,0.487485239068437,-3.34261886032321,-2.13220510160912
"cv",102.974101953206,0.470855696255054,-3.08857626672062,-2.17743436591416
"cv",110.971408970709,0.495106144745886,-3.51274132358592,-2.19595462367719
"cv",92.9510985803741,0.474864242630106,-3.02766692698495,-2.16650175003839
"cv",141.676651656488,-0.860661862756383,-0.702632780413732,-4.86539838652177
