"","","par1","par2","par3"
"cv",115.859801114684,0.261627703238943,-6.20325433208404,-2.68586708856966
"cv",74.0061101040542,0.31936127616306,-6.87716465639873,-2.54272913513322
"cv",69.0836812878936,0.264809803927898,-13.4063792357601,-2.59175365031714
"cv",87.4808935386581,0.27144103983282,-13.2413196971733,-2.6188821320698
"cv",66.973766478671,0.30464220710719,-11.5134135425325,-2.54225037020795
"cv",59.0160989613936,0.31273371215325,-12.3334720707916,-2.56388265282142
"cv",75.4851783113979,0.295851328987857,-12.6896798963382,-2.5987487857206
