"","","par1","par2","par3"
"cv",96.9587380288204,0.473423649134261,-6.28591241740125,-2.00246427592445
"cv",105.152131930521,0.473394241946308,-6.33897643731114,-2.01851803084394
"cv",102.099277251771,0.509018499000425,-6.26354606249279,-2.03991260735036
"cv",111.976743574259,-0.821607756448322,-0.645087639915948,-4.82374217668315
"cv",101.483511348952,0.507356358982737,-10.7130196603122,-1.97690718510587
"cv",90.755956611425,-0.993181782566012,0.727115582935511,-5.82513464583306
"cv",99.0026072659728,0.481302139785971,-6.45938922711817,-2.02350482773574
