"","","par1","par2","par3"
"cv",104.239571595687,0.391309284213064,-7.31586319334226,-2.06196084108537
"cv",110.820987731295,0.443865563805512,-8.0133398870363,-2.12649871922989
"cv",114.646917030071,0.429922325420767,-8.2056186046089,-2.12980290643112
"cv",105.200136984473,0.461270650891347,-8.35423908578353,-2.11571556227191
"cv",109.052829026647,0.43772474390804,-7.57190717238023,-2.12360092444309
"cv",85.9654276160656,0.464677376420337,-7.05951263184197,-2.02102578496206
"cv",95.6177213492042,0.447672425694815,-7.75224707032615,-2.03720013970174
