"","","par1","par2","par3"
"cv",110.684902643241,-1.23717157833873,-0.359830786455891,-7.51832087366721
"cv",113.848409782385,-0.373083931014753,-1.07858714551826,-2.5453479213309
"cv",99.5683387704397,-0.735516250573876,-0.627655635459022,-3.74573517248208
"cv",108.830782087609,0.533770102642803,-4.82679496015618,-1.90777805102862
"cv",100.281481221026,-1.13778437436102,-0.41714331375778,-6.52421663051463
"cv",136.417922228352,-0.834820266685266,-0.640056711637449,-4.53573510434053
"cv",88.4303850411798,-0.758833706024292,-0.595988837986562,-3.886806963362
