"","","par1","par2","par3"
"cv",106.165821527527,0.570158223370754,-1.86421395289019,-3.26123596754494
"cv",18.8776740894618,0.46584706132692,-2.39293370212296,-3.11788228199781
"cv",41.3326016986043,0.398756219974222,-2.1718220401501,-3.09911287636156
"cv",93.072593330106,0.456509798384623,-2.36203691011136,-3.23472838600533
"cv",53.5761032116792,0.56785353759078,-3.64965319753993,-2.99257766089238
"cv",89.0418434477137,0.499142605535708,-2.43129857601219,-3.25048875215968
"cv",38.9951029417008,0.526287933355582,-2.66346417511448,-3.10871754650232
