"","","par1","par2","par3"
"cv",119.891985108086,0.14960300380911,-18.7691763663922,-2.82283040180875
"cv",75.2780587297911,0.109418092620056,-11.6301157226745,-2.73955716885263
"cv",70.0271643664723,0.156710606199483,-12.1612013283002,-2.8353535553094
"cv",89.8997138249738,0.15359066632806,-12.2210072714406,-2.87146627251163
"cv",56.0273710154436,0.121215177113729,-11.3959001148274,-2.78251348479835
"cv",76.8433832284677,0.208113802109292,-11.1487452100351,-2.92927050525623
"cv",60.6961592435012,0.138724615139249,-11.0583242840142,-2.79201264381486
