"","","par1","par2","par3"
"cv",101.793795720561,0.0145319597602093,-1.76706305152037,-2.33539087781898
"cv",97.6242596971949,-0.377031529197293,-1.10804056180804,-3.04878555566558
"cv",127.590712041676,-0.332939403187993,-1.07789228311413,-3.05842535367996
"cv",103.814871136764,0.161006365862919,-2.34462602358839,-2.05216030577299
"cv",116.987524049472,-0.502137164660004,-0.903799004157224,-3.36232018506978
"cv",113.700064012213,0.00376627070446691,-1.81921996042783,-2.38748719738191
"cv",88.1202176551675,-0.00413219232973579,-1.84730260072863,-1.99504243409891
