"","","par1","par2","par3"
"cv",93.7444554563095,-1.14276925848631,0.0428232607109157,-6.75672454315022
"cv",111.4038786143,0.463633728465769,-7.37737168834783,-2.11549780081964
"cv",112.315253561326,-0.649521277437488,-0.672851858191977,-3.78067133962504
"cv",90.7983963320437,-1.20723405015741,-0.591020592300876,-7.26315552596569
"cv",108.15234480169,-1.10215876103093,-0.276285530575283,-6.25573294430745
"cv",110.345809461082,-0.797770230568891,-0.557457009223129,-4.36668969575669
"cv",97.8941243601411,0.468154914094417,-7.88589776683614,-2.1531559947546
