"","","par1","par2","par3"
"cv",74.542546604343,0.495552229510797,-9.80468514260383,-2.93110417372644
"cv",38.0762876166092,0.48393215179282,-11.7113289222045,-2.89881932146852
"cv",80.8072100619161,0.551172219232248,-7.05721019054072,-3.0750312179282
"cv",42.8514907318858,0.466785921491923,-4.23827825423522,-2.88137255172945
"cv",155.812354127371,0.684744510017055,-7.73766178804701,-3.50294625300422
"cv",78.3320778478773,0.231706379974763,-2.07531151122356,-3.4116892645719
"cv",45.961105447023,0.425658719364787,-4.88262467317824,-2.8972768431504
