"","","par1","par2","par3"
"cv",105.678772821628,0.513629332388994,-10.0460669723709,-2.00744311740542
"cv",99.695688814023,0.48640798264056,-9.18055687725719,-1.9634303896038
"cv",69.8787000240284,-0.848768724917644,-0.611641897471655,-4.97150380863942
"cv",104.398420342827,0.484614952982865,-10.0803508569081,-1.97787130376568
"cv",109.042400747757,0.515723443715851,-11.6256889030207,-2.01274559000466
"cv",115.39495327353,0.517298444200756,-9.76471199999455,-2.0336015407014
"cv",110.806006288232,7.18581997061151,-27.7861513153168,-2.71141801288014
