"","","par1","par2","par3"
"cv",114.112942505596,0.443477187353333,-2.91835824646868,-2.42154344039571
"cv",46.3267163802168,-0.613194332524933,-0.855756251911567,-4.32497157641754
"cv",69.1471121631235,-0.63236025949589,-0.872633051524081,-4.36155126183698
"cv",102.385410088493,0.423198676733223,-3.37355866826807,-2.41038330183962
"cv",90.1356911547309,0.433068527850234,-3.41414803629138,-2.3339807875242
"cv",107.763249970976,-0.745017330497066,-0.819309974848665,-4.8210434601808
"cv",169.407143190762,-0.626238933267289,-0.697405503839462,-4.53779960160581
