"","","par1","par2","par3"
"cv",92.6221568733106,0.464883946281177,-10.4494897364075,-2.1718030466543
"cv",88.4248757601113,0.464002383787582,-10.8515471543249,-2.17711944980582
"cv",101.215454856608,0.479847765523178,-11.1837890298246,-2.19375055069583
"cv",92.958958038527,0.488323309441944,-10.6972118210567,-2.18330834480366
"cv",101.791992656909,0.500913120330353,-10.6007165786193,-2.2421515726547
"cv",119.306158446281,0.470918558491919,-9.85143682618295,-2.34970894156838
"cv",109.969385978207,0.490627059486687,-10.5328944316878,-2.31267207882346
