"","","par1","par2","par3"
"cv",96.2642506145529,-0.936895080544645,0.434986066532524,-4.90169049726503
"cv",127.268060372498,-1.1128456991098,-0.0730296695323623,-6.35266160200342
"cv",119.679752765955,-0.992243388898522,-0.292203247956266,-5.26963206349437
"cv",76.9447597259099,-0.678530270944591,-0.741139518305114,-3.51311308584917
"cv",116.478494099698,-1.00061500267313,-0.368875391374603,-5.33652216926875
"cv",92.8329693241377,-1.12343279901258,-0.496164196864429,-6.23031343139006
"cv",99.400938018824,-1.13182417621387,2.14327108005318,-6.39625169424499
