"","","par1","par2","par3"
"cv",90.4444970527115,-1.00313145552233,-0.613985400057036,-5.98728519558206
"cv",98.4214789741748,-0.675506368535843,-0.771880284048928,-4.44885785536471
"cv",81.1669712018798,-0.939625220222112,-0.655662703814213,-5.39428713378578
"cv",66.5641671977645,-0.837172780733829,-0.530396777224698,-4.98956290548104
"cv",99.4608439318859,0.47700804096457,-9.12822205437026,-2.16847678526338
"cv",60.396285448735,-0.840365043047836,-0.609984629911208,-4.86902922287336
"cv",59.6590418630723,-0.77056843298489,-0.683999309447329,-4.60695636717665
