"","","par1","par2","par3"
"cv",106.556317336113,-0.665157269159585,-0.673825226180113,-3.99223583776803
"cv",136.728768411134,-0.697763532787261,-0.40287333498837,-4.25387141702163
"cv",79.224255776644,-0.648076100504728,-0.557207578544595,-3.84392271755568
"cv",103.743570775535,0.149824157324151,-1.62950302900844,-2.22121906230981
"cv",87.4912742947922,-0.582603445480766,-0.641251876721901,-3.72656436114605
"cv",94.6153451328252,-0.606804432136315,-0.706703246448642,-3.94375337263828
"cv",92.794814436124,-0.599190653684878,-0.658623400331513,-3.77436217974988
