"","","par1","par2","par3"
"cv",117.11842557263,0.299836966158449,-2.55109937101902,-2.36110586420276
"cv",93.5535814135511,-0.664834164618034,-0.447629333702492,-4.40773211473972
"cv",94.4822051087318,0.389126726889436,-4.52059038007773,-2.18086668525972
"cv",103.329414807232,0.388095223492371,-4.68524212461551,-2.17493641696223
"cv",104.385588100627,0.416876606135364,-4.96263418144053,-2.13709453954418
"cv",102.011754827144,0.472337444077893,-3.99310548275584,-2.15508079708905
"cv",104.107606959139,-0.512122682048693,-0.719823819495507,-4.03249084834791
