"","","par1","par2","par3"
"cv",132.978754436595,0.394599570463388,-3.20668270885129,-2.8475016719777
"cv",72.4629690407401,0.461905539768879,-3.90953296285539,-2.62895365649199
"cv",82.4562111221935,0.438928382121904,-3.64128510293805,-2.60366457671707
"cv",89.4713220294163,0.430167284779041,-4.30039310987317,-2.64238020733009
"cv",49.5247589625745,0.41686351464523,-3.83892634907411,-2.63267113414855
"cv",57.8456049047574,0.406932155716301,-3.53824696408828,-2.54927689260457
"cv",58.8281797773584,0.411645037825276,-4.01547904442822,-2.60998157108256
