"","","par1","par2","par3"
"cv",45.2367036866458,0.901478363425366,-5.78095597101039,-3.21430928125549
"cv",24.7855036244891,0.825339801282848,-4.05274153347142,-3.17304254284515
"cv",63.5336504700811,0.826824119669729,-5.99675352911583,-3.28294524513737
"cv",41.3853720056884,0.888594555680784,-5.00577528735536,-3.20754131005911
"cv",53.2745186153754,0.8982083947987,-5.36374813127248,-3.39447705487266
"cv",50.7107693210202,0.878766275781514,-5.85725305168229,-3.18721770787104
"cv",32.3878564203914,0.832930985071075,-4.15033606627832,-3.18064888039315
