"","","par1","par2","par3"
"cv",107.46236708086,0.494925060378771,-11.3944474864167,-2.19949291065689
"cv",99.0911243690714,0.430114666973744,-3.74558126493673,-2.09505979685457
"cv",112.990764228993,0.46500953630238,-7.79440234846715,-2.13279322757438
"cv",101.624985063525,0.481685861710489,-7.9519548165158,-2.20407478369642
"cv",67.5163441089074,-1.16135248773246,-0.00676862302985348,-7.26743783674558
"cv",118.58337439017,0.466147214055171,-8.55021369125566,-2.15878050441033
"cv",92.6651425839618,0.458621890630284,-6.70907301347629,-2.12027354154159
