"","","par1","par2","par3"
"cv",89.5277244933743,-1.32365527183795,-0.518780953960657,-9.35942941376823
"cv",99.2685077419134,0.326226334893905,-6.97821755284946,-2.12037358402803
"cv",67.0779898432407,-1.20544780489887,0.181416286137574,-7.8339270756327
"cv",121.508078178077,-1.22319442606188,-0.690171486289559,-8.08772474080192
"cv",74.9542124278762,-1.08927506087785,-0.289691399734739,-6.76344109260335
"cv",75.4279362906333,-1.09213233768952,-0.646106762835205,-6.71837902388206
"cv",103.31136498356,-1.33944418486899,-0.473718851450708,-9.56405802114023
