"","","par1","par2","par3"
"cv",58.5511215796393,-0.669078685489414,-0.687543083422601,-4.20765506940667
"cv",64.2173569413187,-0.691852441650981,-0.683898097389615,-4.36932049166276
"cv",96.7075142472504,-0.767451856201155,-0.693844784590733,-4.7129086009181
"cv",87.2753547672874,-0.637160706603478,-0.451088266840157,-4.16150281539265
"cv",98.0150835908671,-0.57504262715938,-0.694545744786433,-4.21346465993101
"cv",72.8686449737674,-0.667021691812642,-0.678475528543663,-4.2636599380874
"cv",88.3220851224747,-0.616934791371457,-0.680678839594473,-4.24161356017164
