"","","par1","par2","par3","par4","par5","par6"
"cv",101.39662884469,0.526325879732723,-2.32550722151305,-3.05394038630167,631.431325286126,-208.571001285877,-2.32004530681339
"cv",73.3149495621919,0.660988310054249,-21.6831608697693,-2.79975426784768,228.57482190191,-12.0451869491421,-2.20644650049508
"cv",69.8169260549838,0.376880656244648,-1.89817532042509,-2.80745236618003,488.342784405211,-402.314320749981,-6.72502478035435
"cv",84.9229683690129,0.552388485660703,-2.97176326344648,-2.72295437060507,967.236692989469,-663.433923358442,-5.5251099789691
"cv",88.5913933224816,0.557260804471309,-2.42041351522615,-3.00492613021416,235.330310851558,-22.05505480028,-3.38612059299659
"cv",98.500789872036,0.378876990544001,-2.39445427291146,-2.85098977506125,912.403046312435,-544.836642261445,-4.97542476195425
"cv",102.023510965034,0.0485263353213917,-1.43085016875862,-3.16620633998699,750.869366711493,-392.120199482215,-6.15736904718469
