"","","par1","par2","par3","par4","par5","par6"
"cv",107.637404046448,0.913874265767635,-8.73041606520898,-4.1265858575806,235.344942342876,0.761753481278463,-0.714048494659365
"cv",52.9897001733717,1.94046092040016,-35.9356354960912,-5.88074843342007,654.392508646114,-17.7875052631546,1.5758178113778
"cv",71.706375003464,1.60081843563562,-14.1114647280772,-5.45733069579842,298.742999608967,-0.739750804051861,0.598538212103568
"cv",72.3568485395256,1.59353998048198,-6.75793893382666,-5.30621582254877,542.865318723388,-13.27927605932,1.32702536030906
"cv",49.6846716285775,2.56583353264136,-38.8454792437104,-7.25908869808105,599.59421884589,-16.7036206892662,0.724225092106733
"cv",51.7339066741299,1.75961287595332,-19.5443155049523,-5.56490721601527,359.970349164171,-2.64884526778321,9.4332415403737
"cv",53.3995493675685,2.56354159139298,-10.9487462179284,-7.21659194874027,481.778747120456,-7.45364065380309,2.79733711823712
