"","","par1","par2","par3","par4","par5","par6"
"cv",62.3609045372907,0.00297866751024587,-2.25661294027669,-3.12517960673108,-21.1436805344447,877.061083917992,-1.28405454761463
"cv",63.6098401164808,0.193673015117053,-4.01663757147528,-2.96338241893469,952.851158023905,-866.017058044999,-0.0799292057641459
"cv",32.0533682359541,0.140786384630463,-26.7116134667154,-2.73819282887604,8.6996573846659,993.464409373701,-3.31524682696909
"cv",60.3951778173089,0.136639032796636,-3.4442029497657,-2.86624041158794,7.12374657032802,970.038523936245,-3.8435583079542
"cv",24.1261235666557,-0.0583963957804489,-2.17448634476758,-2.95549015209853,2.01477722279803,700.19605546602,-2.43929804302752
"cv",48.82114646558,0.170026732280627,-21.345833321274,-2.77285377628666,9.50778356970791,771.174407925875,-8.7306107153354
"cv",59.2753208032695,0.14370339054717,-5.61673635113512,-2.78251591040929,-9.48815244779036,890.284079510009,-0.670212334953249
