"","","par1","par2","par3","par4","par5","par6"
"cv",92.9830899555763,0.648217353648305,-12.9319192067859,-3.20199611689188,83.3617512636262,4.08978839726191,0.827126163224347
"cv",95.8883280273716,0.720608356645418,-10.5683776438368,-3.33242969331789,181.524282100065,1.34329304434007,1.1175205917632
"cv",85.6474446908587,0.677459181768794,-15.9589981514598,-3.29659249819332,218.263626300892,-3.05569634539012,-7.11555956875739
"cv",81.1197375185921,0.593247104897331,-4.26162055867794,-3.07527660881103,442.070802477767,-42.7858852663552,-1.78613772457269
"cv",64.5112105322376,0.662832533134547,-7.29510775797458,-3.15343282259786,196.507876593566,-0.631741451530246,-2.1987166603468
"cv",43.7915068056892,0.778952474261225,-25.3585210084722,-3.18276097997144,92.0973567695268,24.6961033990415,-1.03183172560648
"cv",92.2989924028143,0.742441827669675,-39.4031443707348,-3.29468645436444,188.5389556605,1.26592800982663,-2.26104712555
