"","","par1","par2","par3","par4","par5","par6"
"cv",75.7144831364884,1.12718617576123,-22.9748244988346,-3.27836307570768,212.405280675739,9.3261726229298,-6.44085685097849
"cv",93.7939170655217,0.7241969672084,-21.695365217779,-2.8440937034052,429.425525803744,-97.1578267389754,0.460699829211871
"cv",84.9429046092816,0.879154128454521,-38.9914491963163,-2.76604614870936,705.541113907283,-185.535845822901,0.320395482220051
"cv",90.28783333525,0.77749206851428,-14.0183020476327,-2.84395913088391,252.632910385728,-50.9999248311663,0.283494975474605
"cv",95.330953521276,0.79532204790802,-19.2655494882307,-2.8833061906085,362.88282123787,-25.9968195197059,2.18246420719253
"cv",99.4689198538569,0.939765454208387,-48.337607603111,-3.07693633519266,194.048278377386,1.83047719728078,-3.50241236962506
"cv",177.60262996443,-0.581760833914799,0.218005259823851,-4.2748350040482,-878.194602575444,-872.745094355196,-0.245026061311364
