"","","par1","par2","par3","par4","par5","par6"
"cv",114.493475752283,0.213795692141373,-17.4296997953206,-2.98003403031468,16.2833723511085,152.113701379966,-2.19091114845467
"cv",73.7757181886933,0.0808419194389938,-25.7365501393244,-2.85565858486786,21.3599910282015,251.60438407703,-1.96892124064451
"cv",24.6587810444157,0.276936343180329,-39.3091404780748,-3.12790456477599,16.0916817198359,204.739783324648,-3.73483021035802
"cv",56.4523632627467,0.424592285565838,-43.4388063487331,-3.32858656528253,705.552872736007,-272.799969257352,0.786356028936716
"cv",35.7218703314531,0.652475896139721,-3.38851150590926,-3.32838643762676,-432.330489434391,162.310702726245,-3.83769552538843
"cv",49.425243737927,0.332828549025191,-8.48971837801019,-3.17474456718937,8.60677157323335,245.810568697089,-7.37141031360639
"cv",106.716555051336,0.581017089709038,-12.5692986755573,-3.74442101342207,19.0488918250438,929.465117349862,-5.30015248862268
