"","","par1","par2","par3","par4","par5","par6"
"cv",85.1052164621514,-1.27611271828383,3.76028700578958,-9.22601437170542,92.5454576073667,18.587778246795,-0.743068995825009
"cv",83.1285492945885,0.67429074887178,-11.4314608010861,-3.13786341222214,513.742801267654,-16.6662273252616,-4.97492491189595
"cv",71.4378961648965,3.80890031448327,-21.3520302009912,-9.44567502982147,968.918399869593,-28.2532464489586,-2.14655628231615
"cv",97.3913813173306,2.60068310406059,-9.54144986116684,-6.87311351663124,496.278124954551,-8.48294182912115,1.11318898534861
"cv",78.2072772648553,1.27276621750486,-47.2486117389053,-4.40443852566598,910.136715043336,-13.5052735592289,5.17199188308534
"cv",75.1177322217105,2.11294576187055,-34.1833970276639,-5.99132061598283,409.802984446287,-5.85859957352955,2.40328970855256
"cv",56.0428539820401,-1.32378200576108,2.98385011497885,-9.93766455290372,139.596895761262,17.7457420403812,-7.69485503192201
