"","","par1","par2","par3","par4","par5","par6"
"cv",78.955843231955,1.12221079136221,-22.030478538312,-3.7633610491569,226.210306783986,0.012983313957033,-9.20276971271844
"cv",79.7862391071194,0.793193238308933,-13.2136320998539,-3.15892172982743,350.580061267655,-33.757697973381,-4.31163992419928
"cv",90.4291621426839,-1.22642506458634,3.73457143312613,-8.15988982927362,-125.45354687695,-411.102801669549,6.44012401541605
"cv",79.0599645826848,0.900175422996669,-26.8465934681261,-3.41427196293434,226.46677886478,-0.0773236202895191,3.10339450731924
"cv",83.9967603939148,1.00479103351479,-3.67590198298418,-3.79542566067159,198.987429116345,3.62555357418361,-2.30366743219214
"cv",88.3174204389949,1.10605328602379,-7.07901975016015,-3.99762571236626,241.231393704614,-1.14688334244951,-1.96599445483239
"cv",69.5649113448111,0.685608025905297,-24.9278858071193,-3.11667000309382,465.216834015972,-68.3545158824799,0.188659265734941
