"","","par1","par2","par3","par4","par5","par6"
"cv",89.6113480005477,2.62817920155415,-45.3609438208239,-6.37151162978262,253.064454285101,11.9027059861139,-3.40560272753699
"cv",87.4895995259285,2.71531878081959,-12.9592211814183,-6.34153298747381,575.527070555836,-7.40194953078301,-2.52765131175235
"cv",100.815465706038,3.83361968366761,-20.7158932142079,-8.85890628043611,986.003677581544,-13.9240647985287,-5.3822301717763
"cv",81.1608043961917,2.46561919557541,-48.6123783063113,-5.84010220656729,578.428641306038,-5.34734228982063,-4.72443665288647
"cv",81.0722409693798,2.28018700302784,-42.1680326651536,-5.35171191043563,493.544515560457,-4.20255178688148,-1.65851167460629
"cv",72.9782275431153,2.68051209773123,-42.0157439141668,-6.24991686524135,685.850339897842,-8.78097522949503,-9.46257424035607
"cv",81.4394752235637,2.70286263432354,-20.0959517154843,-6.43595498520881,666.042545984739,-13.1901926877022,9.53769674059004
