"","","par1","par2","par3","par4","par5","par6"
"cv",84.0814823375063,3.36523335957769,-46.9870878595891,-7.88243902874509,231.300542596728,14.4686958693928,-0.19669686909765
"cv",72.4872392088672,2.04832617844792,-24.0328528077636,-5.42236937911743,502.487665816063,-11.259775394431,-0.237887043166548
"cv",84.8388256285577,1.35144457081407,-12.7687341548849,-4.21663458632114,243.162881797927,5.8157307954525,0.601409716292363
"cv",98.6399793509872,1.3145480145681,-36.5934794070199,-4.02561322872967,229.540995845497,12.8424640724257,-0.700088287305772
"cv",90.2014379799778,1.73253126747527,-23.2541885295754,-4.75864039793112,243.427030205628,4.4522408233453,1.04406493100034
"cv",93.6663727329324,2.79520557296073,-10.3774981137052,-6.79138460834966,272.991952951998,10.2960972815846,-6.9981152154905
"cv",91.2774001447898,2.34364824990377,-8.99082625384775,-6.06382714467302,827.082029959886,-13.6819815880573,-2.13960445859576
