"","","par1","par2","par3","par4","par5","par6"
"cv",80.3189979678984,-1.26956293434859,2.82321081031114,-8.61313215761778,-909.528701737973,-266.905405591667,-6.0267813945274
"cv",69.5460915644498,-0.985891185084612,2.07271025403916,-6.29282731428855,-475.837715221215,-61.5609229225554,2.7013267013054
"cv",73.0422998618694,-0.358427466815807,-0.501492371023841,-4.13209128802651,18.6368237717424,-179.865863814604,1.0774965226283
"cv",107.686619890925,-0.868744494205069,1.44390232843118,-5.70244237966835,-69.5644894863208,-776.849052630701,3.69547450605934
"cv",63.1858099424773,-1.00621596567243,2.1958652419195,-6.27491880297053,-258.802911266685,-728.799068346875,6.51752727962548
"cv",53.1935228851277,-0.493315174040368,-0.503438578604218,-4.15234837787448,-880.560875481797,-687.084535424848,9.96118310844503
"cv",78.7959324341486,-0.427180639867366,-0.700661591504073,-4.06482432419705,-41.3373368792236,-400.591958985649,1.05988005176187
