"","","par1","par2","par3","par4","par5","par6"
"cv",87.2255752917349,0.779812610009654,-14.2493410957185,-2.88299911950165,944.309192709625,-91.5552961971483,0.590624724577442
"cv",84.1160442785416,0.7750976660478,-36.7638463591235,-2.90370373428075,626.725442245169,-75.2011577707997,0.595607244438358
"cv",87.2459772010881,0.720020699099671,-45.3997709047206,-2.81981724106286,327.098351517767,-16.3600415091586,6.05689656254309
"cv",87.4661898645227,0.583581670391388,-43.3308626543966,-2.84389672597263,266.550983468913,-40.5971586264473,0.29884135350585
"cv",107.810669016363,0.732215742778591,-29.8517241789704,-3.03373311239841,457.239787993706,-48.0313428093039,0.285250912601866
"cv",92.3043523104683,-0.572491843391479,-0.341992001384504,-4.02816448074098,-867.724036838801,1.74028044206025,2.72891137873289
"cv",108.995336703895,0.639260918726501,-42.7159582693026,-2.87594752106816,489.755934446441,-50.7325280543957,0.722169120275573
