"","","par1","par2","par3","par4","par5","par6"
"cv",40.2516996594859,0.34495596457723,-3.72184146124274,-3.26595806119515,242.481126447016,-34.7059719180725,-3.30192991266951
"cv",48.672051267785,0.337092814335004,-3.56901597771386,-3.25897560202898,210.507643278372,-32.8509410903449,-4.77435203398423
"cv",119.141803012167,0.310677607993757,-2.98141834533789,-3.36377545445278,201.058212416388,-52.7743812854681,-6.73392888597019
"cv",39.7037180160814,0.149990949646422,-2.73138690649392,-3.18386986699094,258.570297320468,-58.5406665152803,-2.00822225508376
"cv",90.2280373141321,0.309504457145075,-2.94450682073664,-3.42095888591828,811.721071239791,-179.43116508283,-3.52746452916325
"cv",36.5581859714152,0.319829672439547,-3.28109556558196,-3.24951753947352,241.055293016294,-64.90983902812,-9.2640474075385
"cv",77.3464587862098,0.303078094914489,-4.24253368250377,-3.27082602683734,225.342277678949,-68.3029412948655,-4.17084634750826
