"","","par1","par2","par3","par4","par5","par6"
"cv",116.178275282557,3.02905296825546,-19.9580038939892,-7.94691013319339,244.599511835028,11.3137060147489,-8.68913055342711
"cv",95.5790468342552,2.2902345192258,-15.9537719757432,-6.04692751768372,523.110481368807,1.80816804584507,-9.87901455720858
"cv",95.9675493410341,2.5836872319358,-35.2214575760344,-6.63378174899453,229.310853685465,15.773042017786,-7.6707156652961
"cv",58.7580077738933,3.03352651957756,-30.5334468220541,-7.51592782187323,757.070335064589,3.20063262619303,-7.55267759959092
"cv",80.9207311470962,3.83187570243871,-40.086368959501,-9.14050517280568,315.806319005787,4.85164799223612,-1.49389227596921
"cv",94.9996776054866,3.30010362358697,-25.1364540475617,-7.99003006605954,266.22464841,17.8498194928465,-8.12534879184606
"cv",82.2457351492372,3.34559521770138,-43.2127010600612,-8.09900554173524,539.692474994808,-3.29748806238085,-9.1578680852005
