"","","par1","par2","par3","par4","par5","par6"
"cv",55.0769412618655,0.321779104960866,-5.37466329814172,-3.47147647617322,75.9358022792579,153.161550985075,-2.31040894996011
"cv",40.0302828431522,0.342027448635943,-8.74010039562394,-3.44962636674232,81.0496207263641,130.347231485857,-5.25200409823455
"cv",16.0936076252768,0.401801602490826,-4.51428337347714,-3.54506735378018,81.2633967772502,126.286917042463,-5.12011457295578
"cv",53.8689963979323,0.381991684262796,-11.35712822419,-3.40514377193948,74.4552689298658,126.189991254241,-5.67243652849607
"cv",47.4678073034177,0.417650018188182,-47.6228725397959,-3.49976634281069,72.2143335202726,141.138738627728,-3.66870666948553
"cv",34.275413782148,0.345645371156623,-18.4506033308767,-3.39549909893147,81.1858393105475,83.3019756262273,-2.34154855959143
"cv",40.8827812474784,1.87482002709945,-18.6199381057046,-6.16044609671749,87.1512678007672,140.780821373766,-0.855993256495303
