"","","par1","par2","par3","par4","par5","par6"
"cv",81.1958507787417,0.575139989547319,-14.2071236642351,-2.99342581513832,49.7419580596115,6.80351543795962,0.547574513989056
"cv",78.8584702153282,0.451373731409865,-14.7128524832352,-2.926395998357,66.4403216280125,5.30787594183905,0.490545969869281
"cv",105.691094578381,0.529547087992174,-25.8803599079624,-3.1122475185034,217.984091274486,-17.9842744461251,4.46235128619051
"cv",78.7111489524512,0.431390218048801,-38.3386331377551,-2.97824142632656,54.3307272844564,4.38568292641297,1.98327269014514
"cv",81.4001564317011,0.543978801539325,-25.853576735645,-3.17515333638422,227.799852835526,-11.9655911176923,-0.620002651559656
"cv",27.0437901399035,0.46494029232579,-19.1187392095528,-3.03941619571359,57.327352006871,9.16957350092845,0.515028936519654
"cv",36.5948793448733,0.652553183792704,-22.107590384202,-2.99345691556332,82.9135434543401,3.55390534989739,0.842372685544583
