"","","par1","par2","par3","par4","par5","par6"
"cv",79.1659559530837,0.759870207902795,-10.2442188825987,-3.13304397814024,642.539325902579,-43.4313946790871,-7.67766550206327
"cv",108.582295949306,-0.425925293745181,-0.738655992251967,-4.28471128028763,-209.73301273871,-513.431270141155,2.49427901904758
"cv",70.3235495068673,0.877503913194238,-19.2092923601817,-3.01010904696492,684.49979620265,-49.466907082302,-7.79010433238
"cv",93.2250601493099,0.897113643458712,-13.7572937937652,-3.22304680353858,878.432039425884,-66.7936823766217,-8.88755396099116
"cv",101.907063757719,0.632378262721311,-2.83106777893868,-3.17607022012921,631.561912098276,-42.4660342880151,-5.00942191371494
"cv",76.1257161029677,0.931618486782666,-17.9140541607793,-3.21169705034825,969.884089093362,-76.4606942364196,-5.85057178762114
"cv",70.5434921310383,0.811067975124274,-9.66748454643443,-3.15534554905265,929.233257193118,-69.5809975768865,-8.5762940812856
