"","","par1","par2","par3","par4","par5","par6"
"cv",89.7394789740646,1.59524637347666,-8.23108158066277,-4.02209201046083,305.915157219708,3.56508780953053,-7.18028859633379
"cv",93.9416146184226,2.51423022891891,-12.1025138001375,-5.91674647570468,523.742644421021,-13.1002860279492,0.644158956017731
"cv",97.2375886077909,-1.13530510235578,1.44332572817802,-6.70796251065189,-317.740211661679,-283.868423658754,3.72241579956305
"cv",98.4328500326669,2.3615337280161,-15.6074257298316,-5.68903191599673,479.718683705695,-10.5402091710473,2.05814478591451
"cv",73.2598819790534,-1.09956667641796,0.40036079961639,-6.8791597061878,210.542617742823,-927.539350633977,3.6432582307858
"cv",73.7052980136734,3.62831736804509,-34.9766231875458,-8.15797037258744,445.971059444451,-6.86133799324952,1.70421897653045
"cv",96.4570959860523,2.35010264974688,-29.7873717431186,-5.67795053400268,589.727537380652,-13.1129425330232,4.43694188166874
