"","","par1","par2","par3","par4","par5","par6"
"cv",92.5029115867316,0.408806198803929,-21.6397259978473,-3.035651725593,715.453799770787,-86.2638553501825,1.5195162360715
"cv",91.7533991499363,0.422838131366077,-12.2369770974013,-3.09162185863801,781.320088077337,-54.6508340485408,6.7107677369909
"cv",87.9043932219757,0.696352960570261,-22.7468461417046,-3.51202271269615,203.347831069481,12.3028039748503,-5.74849610048729
"cv",39.9553209193978,0.672548413670179,-25.6046333880046,-3.19122981192652,184.554258871217,11.6215360270804,-1.3970691473932
"cv",43.4327068112173,0.918745723417402,-13.3734491397231,-3.6272238498763,231.874594464898,12.1369055068166,-9.30655866861343
"cv",47.6015909224988,0.816480887211968,-38.9067278532779,-3.43527270858477,705.820115428911,-29.8414066138963,0.466472862961716
"cv",78.6058293422289,0.786725106540565,-6.33997610564053,-3.53718921357555,218.816031936728,17.6970907987518,-5.98047117279805
