"","","par1","par2","par3","par4","par5","par6"
"cv",87.5980255087278,0.674606837758099,-39.4577868449332,-3.33374880805038,230.767219234121,11.9441651651039,-6.73186816740781
"cv",108.710250168061,1.00397479871777,-11.9583833307901,-4.00098772134534,240.260106289317,0.845020497068682,-6.64025059251333
"cv",78.8675405170015,0.636756308558917,-30.0175336636846,-3.34576392909633,814.420822503857,-30.7573233297642,-8.69301379912835
"cv",69.2810293681395,0.878809904286072,-21.7574976388702,-3.73062466668924,835.226323004169,-25.9347243609648,-4.20748153837738
"cv",80.3731924985877,1.01142808208463,-15.5771617596837,-4.60514569661857,831.947544936085,9.30568917244676,7.0636787262528
"cv",78.7869479584619,1.00937487185646,-15.9505170818078,-3.76797722260969,328.280268861254,-4.94065599915574,-0.946487940533962
"cv",38.7106608135016,0.931379746229518,-32.0974558969049,-3.57182843361941,673.588399380778,-18.7084643140615,-2.44209918563634
