"","","par1","par2","par3","par4","par5","par6"
"cv",80.6539269080969,3.94668375515402,-40.9580187529546,-9.38488351018354,211.812657252745,9.69174172336659,-4.8154384886392
"cv",89.0890001735244,-1.27084842301689,1.18427131004292,-8.51671718510621,-658.31319086595,22.5517701863124,-4.00383479861258
"cv",143.807232987651,-1.02607476059347,-0.446937046945095,-6.14421829115599,-969.794114817541,-112.157863637426,7.38397279577548
"cv",67.7822136324364,-1.25496041779616,0.657275521018511,-8.41691808156424,-782.746574430624,-116.866494790808,7.79001892601418
"cv",95.2665833432986,-1.10230011880304,1.42279942519963,-6.93965819631251,-373.98989405483,20.7776008077823,-6.53176039948801
"cv",98.0211717128844,-1.11301800174918,-0.663335740740728,-7.1641417543379,-978.991571813822,-585.613819494259,7.23040076248628
"cv",70.981714397417,4.07304954194445,-24.7438982407055,-9.63683000531246,875.706180359824,8.96635202857302,-4.15636967991832
