"","","par1","par2","par3","par4","par5","par6"
"cv",96.4280140776144,0.849437588786392,-25.4521972577296,-3.30230406108936,198.602507292796,2.03404601816788,-5.14297710492709
"cv",67.6600947047324,0.7880360582472,-37.1056368892871,-3.14618564578406,186.624783556908,10.1562991827317,-3.73480459209532
"cv",120.801391287213,1.52819819913938,-12.1182675386548,-4.50002077721418,745.486358123489,-20.8336941165923,4.38412627725807
"cv",97.9785990767192,1.26620570613967,-38.5276947488028,-3.81323976946007,221.823921212407,6.93022506311536,-4.30310482663586
"cv",98.2879474219892,1.39669512034818,-42.5337555963155,-3.94091477779209,220.73747000284,5.04812288175213,-2.39150754476775
"cv",73.3981713129543,1.26774770176865,-11.849254710428,-4.00396009264462,230.416568057099,5.16444591316393,-5.63544414937496
"cv",64.6616677374137,1.42952966912709,-39.8146210630787,-4.12737433037974,219.302190278794,11.2877798487605,-5.79223556437079
