"","","par1","par2","par3","par4","par5","par6"
"cv",79.5373245028138,0.252534762138822,-7.63296480732104,-2.65553878695666,81.4697338624096,20.5009820024126,-0.304210591124362
"cv",80.7448989379028,0.16276991648836,-2.48672897781426,-2.80998197834377,100.692193529444,-43.3717654271624,-9.32330838404596
"cv",80.1665753835655,0.235675412004639,-2.70387980025754,-2.76825080781534,89.9650379670247,-9.79426134486192,-4.46552459847466
"cv",64.0138113100806,0.278235960083875,-20.5230921939298,-2.59852279111333,70.7643598413084,27.4051121692192,-1.81547849003839
"cv",49.8840606535758,0.195912838405844,-2.46112978591024,-2.85318810357635,116.065208766337,-55.9914974583204,-2.98423406110743
"cv",81.3227360596793,0.321579209322226,-11.3101765829265,-2.82954056966237,899.988456575339,-168.213242683927,0.468602862146298
"cv",94.6468016882425,0.184128883924374,-3.0075148399873,-2.70676527954496,109.701803219657,-23.6118669629327,-9.93142243474722
