"","","par1","par2","par3","par4","par5","par6"
"cv",88.657771399341,-1.3423042350363,1.15871271925882,-9.65699147000436,-687.021740712225,-614.082933289827,2.03807458083376
"cv",102.654375491515,-1.10901624632809,-0.0114694302901626,-7.20836795729541,-633.386594596157,-937.062698279076,6.76871317684924
"cv",62.7399915032322,-1.18499361447678,0.895431124297598,-7.64022977327377,-808.087584841996,-626.397440425292,6.28137668107195
"cv",76.4751783596741,-1.02725847512797,-0.269896969916589,-6.21175894375391,-11.5690227643054,-162.71181046231,8.73560559935868
"cv",100.089778778268,-0.867074564592181,0.699465479283035,-4.97166878733251,-688.624123619529,-197.637181555562,4.82616551204371
"cv",85.2376442968963,1.0148149836534,-37.4767221999733,-3.49188241355771,589.547426045474,-14.6088634075697,2.71004090364665
"cv",68.2858191837966,-1.12754948054685,0.718359017486861,-6.99572424404323,-998.399392345717,-607.982176568662,6.05973119949334
