"","","par1","par2","par3","par4","par5","par6"
"cv",64.9187758115799,-1.35088498204392,0.381211983039975,-9.90112575898097,-506.724637926765,-850.529823259427,3.99645367155962
"cv",94.4271706528084,-1.31024014178189,2.59603481605999,-9.27863710987868,-917.7281036973,-695.898191072047,7.80468654353172
"cv",78.1589261905734,3.08449528399436,-34.7549607502893,-7.48637883108192,328.425715211779,-3.1638788463449,8.56690660852765
"cv",45.4502998899902,-1.24599132480238,1.45885565414942,-8.28375352319885,-90.7794238560033,-167.875784282011,9.61857533696979
"cv",100.199879965907,-1.31915427853459,-0.500689152075104,-9.54173740930855,-215.308109182858,-395.204440818888,-0.476919912533329
"cv",72.2003840333773,2.36339286567759,-47.7798484979144,-5.96758067715251,725.508495214524,1.22158079614568,-3.6541740406023
"cv",88.2414153724654,-1.32129551711396,-0.618651927527206,-9.3468606519372,-145.716260878515,-393.230343628994,5.85230598042665
