"","","par1","par2","par3","par4","par5","par6"
"cv",88.8908910225694,1.05458929401995,-15.1764827162651,-3.83286802486925,413.153614439853,11.4862145367406,-0.649896694972442
"cv",85.0827553494175,3.36660556851109,-16.7451862249146,-8.27377370791971,828.147236232712,-9.32443183605791,-0.746695791312482
"cv",92.6281978898825,1.4901021397874,-7.94504015246691,-4.7831218057527,232.721872879903,12.222409248394,-8.0439924892466
"cv",89.7782910231374,1.90609974205504,-16.4910472930714,-5.35370159176819,631.148444843664,-3.79566653958798,1.6055080168019
"cv",111.565078636471,-1.2874527255619,3.37496226718269,-8.93255336185655,-952.986248318887,-822.997008915991,3.27958218970196
"cv",87.6481435778539,1.10693175557367,-23.118041890281,-4.13692271959449,305.35861969136,3.70386360120605,1.21639163695617
"cv",76.8832613210982,-1.29664894204212,2.44307907342911,-8.95705143183307,14.7183132940901,-981.000508573421,-3.5939881997183
