"","","par1","par2","par3","par4","par5","par6"
"cv",135.481360409063,1.40263942615375,-3.86200323297745,-6.16584587919168,96.5499935143271,153.4195825825,-5.47614686231369
"cv",26.39951564364,1.72475338332835,-24.4388221064582,-6.08104851984072,219.329558727982,34.6353779612508,-2.8422590353736
"cv",33.9050227124671,1.04037483659738,-6.04634139579846,-4.60815950854061,212.691771954568,18.7806105247441,-2.30203434354825
"cv",39.894260387028,1.56670529959725,-5.68813240604333,-5.77127360560578,96.3025444550647,83.0133083397404,-2.28574811041269
"cv",14.0550840322759,1.00849847477475,-15.855648845061,-4.55575919191822,186.488199863284,31.3148151328402,-1.76867886749606
"cv",52.9273633687039,1.41240606262125,-44.2041287405512,-5.44817769899964,208.684416878585,32.0780997935543,-3.83664096962778
"cv",37.1952687726275,0.675710753011708,-16.8846831263306,-4.00862460943031,212.526228001346,17.3612895212165,-8.84828572895
