"","","par1","par2","par3","par4","par5","par6"
"cv",80.0801663436274,-1.0191824820928,-0.584247640473066,-5.99134498661461,-618.800586937979,-900.362973147643,4.33733151466609
"cv",98.1074227111381,-0.97297022260351,0.277223487384617,-5.84346934517014,-379.172046700545,-419.371758601357,5.19780826882745
"cv",86.0611552229989,2.346816249379,-49.7644248119655,-6.05058108281505,882.944620533948,0.826213974505663,-0.724171888370728
"cv",79.3203278049393,-1.04287316447306,0.625121083806085,-6.25902026013781,-452.026555034874,-687.202940635403,2.52654088419347
"cv",71.5307290016188,-1.12700304601396,-0.19949264779784,-6.70229335165257,-74.0284743142774,-545.427125214212,1.99820556875426
"cv",92.3307152759357,1.49519356575872,-34.534784969577,-4.46666412677856,580.715510994196,-4.48054447770119,9.76669910431755
"cv",82.4526375465311,-0.657344836144773,-0.538632256132367,-4.50737910929585,-693.610850255936,-295.709087415896,0.622086102004248
