"","","par1","par2","par3","par4","par5","par6"
"cv",94.6464766458289,0.596027082011007,-23.5480580474295,-3.42523210846861,150.660700408065,-48.6612764219993,0.254510262913003
"cv",94.9983763247153,0.492858990282438,-16.164880257114,-3.2748926934963,127.113782800734,-13.0569318724968,1.1800729848786
"cv",38.9250296036344,0.614339791202668,-13.2134487707963,-3.51047897435254,232.511691971386,2.01817702858902,-8.42489481211826
"cv",47.849144982416,0.645247924581719,-16.6941144544771,-3.53508398991646,190.912173823421,9.23530981807875,-2.87635431955303
"cv",50.4042648718462,0.391842326037789,-3.59552251524491,-3.2203208434171,813.812364892765,-276.971171254047,0.571910192859273
"cv",14.4320068877175,0.554189144541437,-4.85458328241938,-3.26761037616031,900.525092090175,-262.488647878848,0.476182980199388
"cv",32.7270842453641,0.492399515995896,-6.53652729803178,-3.14810895487038,54.611842947817,2.55164613082211,-3.92622732606331
