"","","par1","par2","par3","par4","par5","par6"
"cv",86.0515315140611,0.870849129370924,-7.84162719776529,-3.04964028979104,212.697547492039,0.961447381148957,4.38836335440607
"cv",85.9530341218484,0.690807005822726,-29.9214492909804,-2.78693163827815,940.508690519772,-273.223007488584,0.26267581351101
"cv",116.921365143683,-0.944615270910225,1.72694253269583,-6.13456885392299,-576.695059426129,-209.51396833101,-3.35635828554029
"cv",80.2740162264823,-1.28398618741799,2.49184596445884,-8.6246718156147,-460.680969059467,-460.806898107045,1.66016538039233
"cv",88.395920128072,-1.16994722721113,3.67825604551267,-7.5401866881033,-712.92262012139,-530.070090750816,1.30301155629858
"cv",81.6798172838959,-1.34033715344505,3.28549385069168,-9.42623325831535,-118.787500111025,-530.453054674475,5.09268851527133
"cv",81.2724529860837,-1.17382560632366,3.38515052985262,-7.5878815973944,-927.671192159237,-305.754216685229,1.11160031305397
