"","","par1","par2","par3","par4","par5","par6"
"cv",70.7022827630455,0.356583216836256,-39.2551938354084,-3.64714488411118,218.654949715719,-7.75596234674246,-9.31626743272476
"cv",87.4910032145114,0.405793720950844,-41.0782728768833,-3.67373105827162,410.047395813658,-44.5721628385623,0.632787254740131
"cv",42.6333858646376,0.33163295691381,-25.5831900918105,-3.58149527195863,219.736758222926,-3.15967704481897,-9.10571901416245
"cv",89.8365629595091,0.341151257213999,-37.625485519263,-3.50475032480098,185.142949333733,-159.144646205444,-4.96386167735536
"cv",43.3953627037324,0.420992022827414,-33.4251666422288,-3.42772332395531,216.638944736725,-91.5822735022222,-8.00749868717306
"cv",61.4815836114362,0.375560071537614,-10.4492063745532,-3.4393974516584,206.069089264365,-28.5701392259976,-0.84838927441314
"cv",21.1203820225001,0.37733378584118,-18.8849278792882,-3.54904607429598,210.309851341609,-7.63030730525239,-3.48827243409034
