"","","par1","par2","par3","par4","par5","par6"
"cv",91.0314500650964,3.50856376111708,-17.5728320730881,-9.75183344691055,199.031765471114,30.53935320013,-3.2196897848121
"cv",114.18999314157,2.96495707840499,-25.2638412548753,-8.60371613596737,225.254130163471,38.2683780505934,-2.07897482905537
"cv",57.7914717265385,3.2655224714304,-36.8063001194969,-9.1127795130694,230.423890973438,35.7336321398004,-8.63357063784874
"cv",51.645426021714,3.54928900343719,-22.5389732536148,-9.55809324069082,219.905211957458,39.2662776426091,-4.89620841474411
"cv",30.9628518208419,2.82887470395981,-24.4018487425146,-8.08744604135896,230.646512697866,32.9637406649496,-3.68403937828502
"cv",46.2835142056909,2.60064876401068,-29.6087506492857,-7.77885234127766,212.152355559352,39.0428682553709,-4.26858236375913
"cv",19.0071059945813,2.99974352008199,-7.24785356185588,-8.42299164499224,217.19326923843,30.6674917185815,-9.09987963957356
