"","","par1","par2","par3","par4","par5","par6"
"cv",75.2443701296835,0.677676511185059,-42.377325574082,-2.68867946263158,229.749486801752,-2.38165041634063,-3.16158279975744
"cv",82.4167609485448,0.710726507388209,-47.6599867683086,-2.9186145385484,182.594973626616,9.79484910425743,0.089022864438477
"cv",75.5515353696645,0.706774260679682,-37.163779421897,-2.63729707215738,25.4989368542805,93.6593159167359,-6.41641600416605
"cv",102.477439664084,0.608083659289435,-46.6083404840901,-2.53983798519191,76.4186993349567,-11.0018371019047,2.90159133251486
"cv",86.5721002601526,0.710990633655414,-21.9345875833823,-2.82837203651959,206.639871118113,-4.63837049353348,-9.70646397768197
"cv",71.2408704597386,0.592173879992924,-22.0053402132466,-2.74519478777783,138.945195940168,14.3714840139284,0.0665478588449542
"cv",113.198587123261,0.947779218702108,-45.3325518776021,-3.19720316996423,211.74276470724,0.662504513216269,-6.03681020928229
