"","","par1","par2","par3","par4","par5","par6"
"cv",47.772582611932,0.335241109006884,-7.52683442615216,-2.80664527401188,75.212155668268,103.533252507414,-8.44514935387892
"cv",48.5995802361228,0.238348879674758,-28.6821975026484,-2.84333228472115,94.1581741479026,109.022701983319,-3.79934864387217
"cv",45.1531562799186,0.314292547692896,-18.5470307264184,-2.83230089701396,70.1252565346024,110.147860412657,-0.303556922782231
"cv",83.0694058483266,0.480944313666725,-8.45608470258263,-2.98268698360751,69.3922152513836,89.1358232048327,-0.25516561125064
"cv",67.2231674257848,0.383805575781507,-37.5474810885629,-2.86393457283962,68.2192738483224,84.9957654379069,-7.73750147070197
"cv",94.1241400831155,0.259953979782904,-17.4877181187101,-2.81188984445974,60.1691382256778,213.280647430881,-5.28613158293386
"cv",84.647930097409,0.268479330892995,-12.5791832905006,-2.81981040089144,69.6707369976172,110.323155405271,-9.93272657750554
