"","","par1","par2","par3","par4","par5","par6"
"cv",101.43684383839,0.261695071632929,-32.1207480346513,-2.72674584131496,184.144356556221,30.2269462880413,-5.32799718300719
"cv",54.2281121453473,0.411053486621296,-7.61934355221658,-2.75341911018476,197.895598647653,38.8151558117435,-0.277084667504383
"cv",94.9039922208224,0.216771132727329,-3.4103927523688,-2.89659156955896,155.20380763337,40.048658061355,-0.160270303780901
"cv",90.3700017191829,0.307177407870017,-4.28899479995708,-2.7968729426644,216.953272196745,35.5426630137337,-0.03376972861588
"cv",29.3080640233619,0.321856547113686,-3.84107483759457,-2.76510144526644,227.220262058979,8.2612243840568,-3.54046213657929
"cv",115.434390296253,0.251749036530663,-18.7791914394623,-2.7063430021045,91.3875956195406,30.1971703997159,0.100800447458306
"cv",88.168962511564,0.243346605750366,-17.1135320309616,-2.66412708673676,54.4642663818264,65.6909262930228,-8.02933610831301
