"","","par1","par2","par3","par4","par5","par6"
"cv",79.9444535671544,0.607153410950169,-27.4402475363277,-3.74426057320088,84.7540944052089,144.002703567238,-7.94971518557006
"cv",13.1625888374218,0.461801071885139,-34.4897030563922,-3.31979109395474,89.5553651411232,155.071596616486,-1.26698274165392
"cv",45.3212072136197,0.365958343583881,-29.9761702628688,-3.29627000691529,80.2700387839981,137.670505786322,-2.19811959749529
"cv",22.2551175997656,0.316394459441006,-42.1626565046608,-3.16856950440163,85.3321899496019,146.618582320358,-0.498391769798459
"cv",21.1553214917457,0.395151078116018,-26.691073721537,-3.26209535879365,82.1655608505675,142.811081412812,-6.08953554972252
"cv",58.5318803009962,0.496747999660693,-15.2858617662665,-3.52789170828307,111.33198641966,141.921046528114,-6.07818648072265
"cv",74.5838585167142,0.300677402066659,-43.734638587115,-3.20851139563477,68.361610935237,156.44852214157,-3.2758563439371
