"","","par1","par2","par3","par4","par5","par6"
"cv",95.2751192812982,0.93019820966071,-11.1493736073895,-2.97561621863384,191.845080839393,12.8669156441518,-9.52681132592261
"cv",134.377832708704,-1.10692176335256,1.46402960307569,-6.56511145620491,-334.157729800036,-856.995641926159,6.10874269179566
"cv",96.4036821116772,0.795157463361882,-47.3349538063622,-3.00790434149293,919.099850458796,-28.7593864714262,4.60399777635116
"cv",70.7365914306588,0.963733545472625,-42.933134972089,-3.08343779688945,691.559799515313,-20.6558822593537,2.98403110871751
"cv",96.798037800649,0.738872850094474,-34.2779181857789,-2.81381213731152,269.319884944707,-3.1589084948481,4.72475017784428
"cv",88.5018150432686,0.6786366521095,-14.3597053680462,-3.02200163946553,612.501611451443,-18.8055183031554,2.64613134428903
"cv",96.9610214023333,0.929351335714714,-39.6673410415845,-3.00180369050585,644.099064657954,-15.9751499215617,6.71163002828575
