"","","par1","par2","par3","par4","par5","par6"
"cv",93.5549951008733,-0.891726777429874,-0.205292080660788,-4.76243681926236,-985.24474989711,-758.151160623333,8.48303965487628
"cv",91.3118940618014,0.710563798082274,-22.8683382199018,-3.08509932459677,972.359828410348,-39.7383280468881,-7.76443564807785
"cv",103.329911888596,0.964967914012756,-18.6183286697058,-3.34705848578296,677.751503838938,-4.53616194925332,-4.32943026406721
"cv",101.842719923,0.856925588828844,-22.4115122237437,-3.10433909431947,224.527574445098,11.0486336738433,-1.20105045536536
"cv",82.9085222765542,-1.13920748341889,2.07649902828698,-6.67730932916792,-682.794278953224,-831.447118537069,2.44610943365842
"cv",89.391848132093,0.77930236702505,-3.50198380183429,-3.13822406560735,232.716789118997,13.7233780921328,-5.79293956522068
"cv",82.4736384687103,-1.08863770339316,2.61870627300857,-6.41686826870842,-204.297919686304,-243.38560488777,0.633274506840728
