"","","par1","par2","par3","par4","par5","par6"
"cv",39.1364070439218,0.0116637261003423,-2.71131518471744,-3.24753832686619,68.0208818300535,166.561173362888,-3.83147395215929
"cv",13.5673657288984,0.135597373427239,-4.52700695106074,-3.10654035528464,65.4758088532819,166.725204049244,-1.46756245271714
"cv",35.4689573273845,-0.0900442944839597,-2.74824709459957,-3.04721633962812,65.5966105611105,172.37729588388,-2.66739448157728
"cv",7.36161712517612,0.055838372684112,-2.45502995136444,-3.40663163489566,80.7267561292903,147.085514195705,-2.92337869061176
"cv",123.58438312238,0.0768390884662835,-2.9117669958912,-3.29357001460883,5.09097204381457,795.018194369749,-4.06675029921317
"cv",44.0841087884448,0.160816473528191,-3.76367301815357,-3.20160985318492,71.5285452829777,160.978758697422,-3.03696354920353
"cv",72.6740518006647,0.0526384366607259,-10.5768901849062,-2.95711549547765,97.0324494968148,127.324422370964,0.0284050464992673
