"","","par1","par2","par3","par4","par5","par6"
"cv",74.9996158892473,0.808491998894285,-22.6717749245245,-3.89996646998291,224.749442231822,32.5992215279032,-4.81722747976325
"cv",100.48928792366,0.732264505773754,-14.2310002074078,-3.82518408074639,228.042879465459,-0.801872659958723,-6.4637459933729
"cv",23.1360342886046,0.656516651652798,-4.22781901121721,-3.55148112940294,252.818196037178,-2.0614940122597,1.86090466779136
"cv",53.127722193773,0.677029428224312,-39.4996886309757,-3.63802411666417,215.297863737919,1.31658330241907,-0.767740437287483
"cv",33.5547043326872,2.26722124352403,-26.2544175055025,-6.55400814805091,222.730262943819,33.1048358358861,-0.151142839062556
"cv",75.1952462998296,3.86827913242265,-17.177053527515,-9.97064289986128,215.427727060175,35.516539264913,-1.35830460506232
"cv",73.2941692679879,0.351823573750793,-2.5331897838202,-3.59809124648086,967.044504334349,-71.0064417149758,0.40740873733964
