"","","par1","par2","par3","par4","par5","par6"
"cv",86.0550201282743,0.744588990678084,-2.58312150463324,-2.86891599160798,202.295837794345,12.4559564208876,-4.13629424524457
"cv",118.050634947063,0.816856517736618,-21.5863647023314,-2.60966236724367,102.249026524467,24.301957319713,-5.37641221184449
"cv",122.286015901219,0.781141319610192,-2.71243176108304,-3.01536986254702,230.818201518898,-1.24351176172495,4.74805116589291
"cv",83.4861948145585,0.723136733278473,-47.9460759321228,-2.65484555827463,118.664418584831,22.0922644836603,-9.85789963456078
"cv",88.7259067794197,0.698394203463263,-9.6768685597887,-2.64636541926932,591.894677824542,-14.2795566628427,4.92513481390353
"cv",100.640546970735,0.75082749510751,-4.14417557925806,-2.87070273701313,207.920616921411,13.4099100608216,-5.05112935112564
"cv",107.340198618779,0.90320316923116,-5.57727612962129,-2.8918060656298,237.97171461355,17.9712116063997,-8.04965593859716
