"","","par1","par2","par3","par4","par5","par6"
"cv",108.972832429778,0.917557802993921,-27.7111574364123,-3.29055510991253,248.086240462473,-2.67058815974888,-3.99612561333925
"cv",86.4434139951222,0.721810189266678,-34.2960535031017,-3.07723752574589,643.400972881292,-16.5779869489288,9.25065886076954
"cv",100.013867090457,0.738813492924418,-3.22969467811315,-3.20828097383655,204.002137599041,1.41868396000625,1.87568436360101
"cv",78.8609438556831,0.733366310648901,-5.17410894287839,-2.97764980390482,251.113605671972,-6.01383542503817,-0.725967478938401
"cv",89.7492956590522,0.781931496571696,-19.7964205773915,-3.06462624945822,284.022582694888,-3.03924765914689,-5.6561568469948
"cv",91.9728170992012,0.584558313841228,-9.12992780038777,-2.89495152254267,701.007057879109,-61.1159415497812,0.189287144273285
"cv",94.3135202505163,0.72615989798786,-8.36725631357785,-3.06265926076583,228.327489586475,-0.534706143695061,-4.94298127667171
