"","","par1","par2","par3","par4","par5","par6"
"cv",67.1861082463708,0.323440536539813,-40.6029638834298,-3.01433139543056,198.34010821995,2.10864440122969,-2.00907057760113
"cv",30.4070864030077,0.277404210757525,-36.1029194476458,-2.86290536771892,98.5471583313273,44.6462353605656,-0.482152829881248
"cv",58.527129884485,0.324143863699258,-16.9860883938333,-2.90555685547366,86.9869881378006,42.0145840374317,-8.15893050748855
"cv",55.6118716127274,0.269326906292306,-14.6961868069074,-2.94721979048784,93.2288042395037,51.7895987631422,-2.5702196332948
"cv",82.224432180678,0.281895107501938,-37.4463439660383,-2.91024524447127,219.348060340156,-35.8935375682745,0.482678130968526
"cv",48.3148177265367,0.257760812357489,-43.2794572386242,-2.83628626706568,956.168363349247,-255.084434909538,0.350165767936904
"cv",84.30655079949,0.279807374714493,-37.5937288589192,-2.94150904181877,210.715568480888,2.23096590451113,-0.684276989513785
