"","","par1","par2","par3","par4","par5","par6"
"cv",78.5453176014307,-1.34771660985925,0.323441811035493,-9.87859352558777,-757.053471636027,-722.163356111175,4.38701418821723
"cv",75.1030205216901,2.89790376493894,-12.04135520266,-7.39418997427966,898.758802840211,-16.9478451658019,-2.13641092768378
"cv",45.4843659892242,-1.31120983078946,1.94185012127924,-9.38908509102653,-809.262434887632,-584.02777579511,1.89270467202541
"cv",90.0409405933202,3.44047618077934,-47.8027256251036,-8.34409293569624,735.947253655642,-19.1358024942733,5.026606119148
"cv",58.301990606537,-1.12125894345468,1.79135211445391,-7.14922157949532,-901.648053088767,-67.2314361961433,4.85063794534653
"cv",70.7713461386044,2.27795375902603,-32.2913385479977,-6.09103031758719,361.104199127589,3.65408789484156,0.471404788486195
"cv",69.6322244523875,-1.28182416760026,0.851295525017502,-9.12411707056955,-977.072860506281,-819.758450318903,6.18963422697695
