"","","par1","par2","par3","par4","par5","par6"
"cv",86.6363251288677,-1.20477903515403,1.80454944614441,-7.87838015313462,-332.2240030393,-557.306774202076,1.66395191994532
"cv",80.1541309172217,-0.954348521842539,0.0819342812432935,-5.39604156687811,-496.720804289863,-475.981481221926,1.27284603193402
"cv",81.3027495190693,0.803468286737654,-5.62145075258044,-3.08621940819543,665.771912783384,-47.595793736259,-8.55015860717786
"cv",69.310477776901,-1.35899624587382,3.08928718546376,-9.79127728481802,-721.756055036648,-185.320356307461,-2.10282576736063
"cv",75.4289768551696,0.840644973653401,-3.49465340948776,-3.35113019969446,715.47251430106,-22.834240102619,2.25847532482379
"cv",89.3818689418971,-1.32353583816439,0.582270861196955,-9.00147325716463,-847.077023873202,-429.419381420354,1.7568662456573
"cv",81.9468739421163,0.838950295110154,-27.0796615523903,-3.27407616656274,911.234331072399,-62.6506096101136,-7.42966688105731
