"","","par1","par2","par3","par4","par5","par6"
"cv",78.3983770097575,-0.612863239273243,-0.816417494657629,-4.072673295647,-524.994556774266,-345.04706481575,-6.70314546917188
"cv",105.634319611679,-0.311544435684329,-0.633630500902131,-3.91904120793208,-224.84374674936,-249.637453152863,0.61441543384572
"cv",103.025720209897,0.857667011844515,-4.74231081716555,-3.42434034162491,230.487745741508,-2.01613988148359,-2.45687810607358
"cv",78.587741318611,0.592678910204919,-2.10773078126325,-3.94110318937545,472.225370973507,15.9799431300435,-7.58576182176846
"cv",73.2320157962625,-1.03427747479875,2.05905758247106,-6.49343395797742,-376.081537253279,-66.9557800789379,5.34418886583513
"cv",82.5515528750848,-0.66056464604597,-0.641043129749598,-4.24003944171188,-518.469057045877,-447.827142153538,5.77988847432348
"cv",85.5455747991221,0.961719160859851,-11.5566569185357,-3.31599917410244,404.214491783878,-7.40090584845237,2.05327140490803
