"","","par1","par2","par3","par4","par5","par6"
"cv",74.2997341513935,0.900278836636478,-3.73315468565429,-3.71871004750105,225.023129712002,4.97581367085571,-6.1868358222499
"cv",63.5586849596175,2.18742978257659,-7.30148337344392,-5.84777551320119,230.337657118651,10.2986691191966,-2.7219338299824
"cv",64.6471797046882,3.78391766726327,-29.8492881324024,-9.10428545143204,620.009629785931,3.51773515711201,-9.3202603570079
"cv",74.7528942078784,0.809406281224752,-15.0060002226382,-3.41212706822061,209.382308040949,7.31327944598033,-1.73295487184078
"cv",63.8383183257406,0.527237396243735,-1.76147806781749,-4.47371111119098,492.534854360705,20.7141124850807,-1.34327607908247
"cv",73.5420605118947,1.51439419050957,-19.0351146396301,-4.68368301311671,267.48298864386,-1.06327610222176,3.45235245397456
"cv",59.9269114918948,2.70246167000646,-12.1024746332892,-6.98796637673855,462.766309515238,-8.73888470274396,6.34235972161123
