"","","par1","par2","par3","par4","par5","par6"
"cv",77.5932054755382,0.806904432638588,-8.86043829375546,-3.35173046695172,842.464318954798,-68.6481601935358,-2.14164803270251
"cv",75.6953030356808,0.758113089635625,-32.2732738276642,-3.3015428336948,627.039505814221,-47.8835573465529,-6.40334116979153
"cv",67.1584707515169,-0.814048679017705,-0.529121120884717,-5.3254926899448,-620.102411437375,-457.331850547622,4.55299458997253
"cv",98.031248486587,0.771353801148479,-29.5871044548826,-3.4943375196274,634.070968040447,-46.2766436715203,-2.03106766474698
"cv",76.4606637024861,-1.19391707273573,1.68976447625756,-8.15016739374915,-547.510685399175,-571.066812027905,2.15197166432058
"cv",86.0574951154365,0.747692875689375,-8.12854942599473,-3.26879617125961,701.590664125366,-55.6598268825879,-5.4080440923761
"cv",75.7021926574989,0.798225747596406,-4.72102603671209,-3.33132479321069,237.239820191883,0.491053644567728,0.373680683361012
