"","","par1","par2","par3","par4","par5","par6"
"cv",96.2011571095836,0.560593338334236,-2.79007643306131,-2.79342299894391,578.984360250338,-851.94194267693,2.97454286817711
"cv",80.6759139264508,0.688472323717567,-23.2093025523781,-3.01837897814564,223.030154498878,-7.68578619740435,-9.32908814840436
"cv",91.9474180580845,0.655110659018456,-10.5491540301839,-2.87837478908209,117.786169878153,-9.36324538583643,-1.04752128190544
"cv",86.4248820420703,0.598073738379124,-47.11924555553,-2.78884072796377,593.59485283494,-39.8603566980227,9.30947248953703
"cv",65.2505232473132,0.656748485982875,-15.6175866750222,-2.58702644024339,74.5801728529979,1.17589952861118,-1.77342151713741
"cv",74.7830976485777,0.588390915137883,-7.5920514590876,-2.71388243528364,97.4818513290249,-4.26546096651623,0.301635130216451
"cv",32.6896043711583,-0.0487734210332273,-1.21828415176553,-3.36244119601416,-317.493165703198,-711.563431585389,2.30105455115006
