"","","par1","par2","par3","par4","par5","par6"
"cv",75.892958407429,2.82876557257882,-36.1664984414074,-7.52094210294282,246.059619511601,18.058335383569,-5.33133811666423
"cv",106.480185511776,3.64506901942569,-37.8343679515077,-9.20942186263307,220.532056132109,14.279273798274,-9.41912315320224
"cv",95.8696749064688,2.83746693730982,-7.06225741848922,-7.71592905923717,243.316615564371,12.0584529024824,-6.07305584009737
"cv",58.8038180008842,1.73187698839327,-21.1082966265805,-5.57482752515616,215.007299766123,17.6006191513221,-9.3308439836385
"cv",74.7730939962413,2.23039270696973,-33.6635165687023,-6.27339611582397,230.036106666775,12.1690013689139,-1.53144061477778
"cv",70.0827832976757,2.40798334999527,-42.7656313961297,-6.76942934054836,773.106659553442,-5.72937113985653,-3.16350262841615
"cv",65.807978906184,1.66229679811752,-42.7163922749176,-5.16921504699656,244.260892974862,3.14471979227031,-1.68155366376459
