"","","par1","par2","par3","par4","par5","par6"
"cv",90.3123925907374,0.722162696032732,-4.25023269503999,-3.1341983021996,757.904806047859,-61.8505569224387,-4.7867887071684
"cv",79.7300799886556,1.03019540853755,-12.7855412955994,-3.24895306678887,210.10255389988,5.75633992578529,-9.95832986002985
"cv",97.5094246996288,-1.25257337015015,1.4865418727696,-9.06868747901171,493.287133813052,-34.7344624565347,-7.96444988034026
"cv",108.438899916871,1.02760757665331,-30.5436877468033,-3.61136964445005,669.439496789945,-19.3665985707866,2.19492865145912
"cv",90.7548295640651,0.916767790526151,-40.9832163482055,-3.34730654424152,808.415031793518,-23.9526120023914,3.23063735865832
"cv",86.6152118672759,0.841729312187192,-46.9608148226437,-3.17783999483528,259.575751227049,-3.71425802300384,-9.9149022187198
"cv",76.7380204917331,0.854495500365338,-12.9669432363967,-3.33149438366569,304.836632855345,-9.24071003244566,-5.62197669600723
