"","","par1","par2","par3","par4","par5","par6"
"cv",73.984957723353,2.7297660643221,-39.0765234927937,-6.84016321357234,748.516110805231,-2.21213143695744,-6.20822444751565
"cv",92.5359546554684,2.20171017749456,-40.2471251535946,-5.82581358016883,695.155122941982,-7.50141638173882,-2.47877988136218
"cv",88.2051245948605,2.47204656417686,-43.7029795925443,-6.28779378973802,453.702861814249,-7.71719469268446,0.547271695230808
"cv",69.3869963156454,3.15120614770709,-31.3216946855387,-7.59399734636203,896.55022301591,-3.19207320485993,-0.745334603611762
"cv",75.9188678236048,4.22305560936739,-29.8546195377408,-9.6170034606103,848.862817870665,-11.5082876174753,-4.64556393188877
"cv",91.5283930089687,4.18654449316656,-37.3524409568766,-9.56948314046381,990.216825243714,-17.0606951512367,-3.38089460313642
"cv",74.3107175272794,3.20238866137362,-35.4330035884376,-7.54278214885232,467.598552065775,-5.76690117149262,-2.89935265667737
