"","","par1","par2","par3","par4","par5","par6"
"cv",96.269819199591,-1.27788121876254,-0.071672744927648,-8.36006573271524,-235.571607302798,-437.722608805235,4.8719579617429
"cv",75.6563946930965,0.942770713335234,-25.5677575998078,-3.03893055442977,864.726899667013,-26.0218079370728,7.63213195804243
"cv",93.5725097938539,1.10723598645375,-17.0915017601163,-3.22851728977349,184.609386842331,11.4975965001336,-2.35957781022332
"cv",72.4977371053592,-1.0823384721444,-0.554725897365266,-6.2216982520001,-963.623032727702,-419.752767325444,1.43533059433103
"cv",95.2869397679028,-1.11447236357712,0.844681148510201,-6.60703731747904,-700.865351927996,-473.203951544564,2.18214433541875
"cv",82.7479943544131,1.22487175596462,-30.3953031278945,-3.76958580936224,215.831702487205,0.960217775790628,-1.42015738867854
"cv",82.2808845558227,-1.22686279889888,2.50857970732434,-7.75858617237136,-595.058027283677,-188.075843564772,-0.119488979606245
