"","","par1","par2","par3","par4","par5","par6"
"cv",80.7990424621245,4.06246523922162,-8.36048878656847,-9.05695039944292,221.559081696079,9.86652906339356,-7.57106312692075
"cv",86.8711422924253,4.24772774644766,-28.8614034590861,-9.43171780393886,231.26547091109,3.51603369547436,-2.40550686656367
"cv",92.1798996804044,1.1288888749428,-28.4905955734901,-3.62103732686043,174.576830609539,11.3293180586398,0.0361161904914402
"cv",115.79910563815,-1.3571545457418,1.02882289000721,-9.06543226200367,-45.7321614703247,-264.477577325074,3.65933162878394
"cv",96.2845428091599,3.13506814649315,-5.03121298380545,-7.61675090785238,243.710134800679,6.55438269548139,-0.56148217885506
"cv",94.9270321798285,0.991673318160564,-5.6257225433835,-3.26079787977323,352.756012696773,-6.41146975307534,1.21852913559812
"cv",92.4442132272106,-1.32427569728345,3.37599010170655,-8.63704560728326,-81.5860979591022,-282.267976691698,7.01170247513801
