"","","par1","par2","par3","par4","par5","par6"
"cv",79.7591238119728,0.557913403085879,-28.5492386542138,-2.839869835581,611.140977796227,-15.5779606042402,9.36487540670674
"cv",94.1397211450667,0.486258967044525,-10.9344970564234,-2.79450404333182,631.17823144421,-18.0898228194356,2.32378504100723
"cv",87.2307848939224,0.51971632663777,-10.8814965204237,-2.81322994127079,212.443399809225,-8.53701079041906,-7.93858435145308
"cv",112.55948092164,0.310618128207571,-3.90628159414253,-2.62186264477167,29.6060902922478,164.991735831298,-2.30554024895011
"cv",56.5021941272435,0.587071646581312,-27.5358396551314,-2.81097342052293,301.480332292093,-3.65427194848506,7.64068543471159
"cv",88.7277377500541,0.416344325147035,-5.20271553340188,-2.72831253414469,236.097839748517,-5.89453196877078,-0.0343614515055299
"cv",76.2825274576216,0.629893968492161,-17.1037005314467,-2.91418955362641,449.599657368375,-9.77043128969303,6.56900082254737
