"","","par1","par2","par3","par4","par5","par6"
"cv",58.5751099055235,1.11648192830734,-6.81874448161649,-4.80943260070725,177.336062926926,13.1366549879545,1.33330827251751
"cv",109.149902113077,0.604311752895241,-49.2134631527749,-3.64111828286729,56.9642590292771,12.9406851243868,-3.29876281883108
"cv",82.5110718923121,0.541061006522635,-10.6011840973496,-3.46474553666168,225.268635849687,-50.0578286231417,-9.20366135231897
"cv",37.1487290732658,0.851223192431949,-12.0581344362114,-3.87734255724907,232.70637121003,12.2143563760504,-8.66638167395776
"cv",70.2371734649248,0.516155161528377,-28.6411200021384,-3.43944692845114,812.256976806156,-431.656990877673,-0.0724715305235603
"cv",42.2104849718766,0.752385129066824,-19.3646006914968,-3.73127785892707,233.909519104661,10.8063778065864,-8.91635285690427
"cv",39.0677988635802,0.866626002255739,-40.6664485165727,-3.95769863285414,735.50621333004,-20.6795298696868,2.98259554740256
