"","","par1","par2","par3","par4","par5","par6"
"cv",95.5238663992383,-1.36088657127943,0.310911596924668,-9.28554973924818,-631.660058828754,-440.129223090576,2.44484949856997
"cv",124.617825361912,-0.94016073281397,1.05612448219595,-5.66647341474227,142.294939997524,-362.879415694315,9.26131085477354
"cv",92.8440450650507,1.75611601119342,-22.7651623563321,-4.61621092224519,235.594093439261,12.5779112916149,-3.36923327315602
"cv",77.3981422312242,1.19538141355965,-29.3050241256787,-3.5552955880259,219.544161111116,2.92079792314801,-0.0934098017791136
"cv",97.8824241652286,-1.11176110325498,2.02401294120914,-6.87330887834133,-18.825832482364,-349.324985841768,5.76410950563851
"cv",83.0831517760181,0.98263669269236,-28.1651459385499,-3.44931439885332,624.449057135515,-30.9233977912895,-6.41019919981471
"cv",92.0681217361597,1.46598923279893,-48.4645548043773,-4.24523657239426,251.842261648518,1.47941984173656,-6.87457684618041
