"","","par1","par2","par3","par4","par5","par6"
"cv",89.2105959136946,2.29631257864075,-43.5320815107095,-5.94842439066118,680.588950554369,-7.63080496138474,-7.56458663047556
"cv",92.7303238738883,3.63241446697962,-10.2967854822055,-8.63725061627703,973.801574690637,-21.4692980239057,2.57836362812668
"cv",73.7211637252603,-0.678444878534621,-0.629647316617672,-4.17726098639686,-395.088689641613,-817.540617910196,5.3123284384741
"cv",73.4289140604782,-0.644630781898457,-0.701135898052848,-4.2577932838981,-471.75753954798,-138.177815753953,6.70905551775745
"cv",74.3138467301921,-1.1350105208401,1.15291711752512,-7.02223446518311,-78.9709483560059,-166.012195342471,1.53619382365128
"cv",100.219295219438,-1.11103439231336,-0.191541176468132,-6.99087482131949,-58.1938252128085,-829.544707134725,0.905812975430305
"cv",99.7797758759494,1.0061649071422,-17.192459940496,-3.45478583256863,780.832281098928,-21.8497344918593,4.51305583119392
