"","","par1","par2","par3","par4","par5","par6"
"cv",91.9723220279968,0.434397390779968,-28.9843732980223,-2.87168938278393,964.435502421111,-108.792537244768,6.32866931537866
"cv",66.2116316867922,0.511421074817597,-17.4156633048947,-3.03083888553874,998.41019253698,-112.408716508825,8.92951632885361
"cv",116.625061647027,0.630372133416529,-8.9264225537372,-3.18150794134168,-780.23970477792,63.5128884262508,-0.262034484185278
"cv",49.8419974660468,0.513784761012048,-22.0906464681237,-3.10833085333752,977.20706880297,-109.475283047548,9.4208370752675
"cv",74.6151242811508,0.65090121135472,-37.8005559000273,-3.28109192516244,0.0351790972525805,36.855144170921,-4.15712497491616
"cv",67.3621140523486,0.622437992683241,-29.3442227539764,-3.04891802945016,-14.8057281425214,60.3853057735015,-3.6246098202795
"cv",56.2054847879633,0.518008091099372,-12.6007863411678,-3.14800608745697,711.511134236597,-80.0840298945995,6.4569749811327
