"","","par1","par2","par3","par4","par5","par6"
"cv",0.029982014387056,-6.75632708333023,-49.9279345040377,-9.99999997321121,-414.992390914456,766.949498094618,6.4022289300321
"cv",0.029982014387056,-9.90753823395964,-49.232679746477,-9.99999893325176,-47.4177584983408,30.6785922927293,4.06634475234437
"cv",119.351049324419,-9.08655780273692,-23.5561204224841,-5.3905238995188,-721.163863278454,-166.028167826299,3.59079748087319
"cv",0.029982014387056,-3.29679112083053,-46.0308294142639,-9.99999975191521,394.913567469628,-795.368983040239,3.64585750736296
"cv",0.029982014387056,-5.22331237175086,-48.3607472008278,-9.99999967440371,549.588100246423,-39.9974930625547,0.238342056982219
"cv",0.029982014387056,-6.81396995303969,-49.1731455082608,-9.99999999574572,-368.642888006815,-681.514526921404,4.92996848447152
"cv",0.029982014387056,-5.45349556116847,-47.4056784943216,-9.99999952786738,-682.732346199737,348.427372518927,-1.67668501786207
