"","","par1","par2","par3","par4","par5","par6"
"cv",70.5853536321705,1.22734007414942,-19.4584097547278,-3.94529827308886,694.721539353782,-17.5965953484353,-4.4430074493747
"cv",78.8078744804452,1.35055972751015,-16.9483877535336,-4.11624928629365,261.76045193807,7.44694203189853,3.88620276004076
"cv",89.0316510444041,4.22402666661,-27.7943715565946,-9.87259065777011,449.502799766477,-5.67475040231621,-5.40053541442756
"cv",57.099912566891,1.25252612915427,-19.7368134030723,-3.98181840495339,825.634262639765,3.59396075156481,-5.11164943288082
"cv",81.3918454161944,3.50362274907529,-48.153795942452,-8.55447965106693,308.677096385509,22.6567603465685,-9.37440865913342
"cv",88.0413166103869,3.49102501005336,-29.2920913842431,-8.36764543352544,834.67098453485,-0.0716042505042083,-6.31117610771616
"cv",76.5681795019713,2.79049372696115,-36.2644858457892,-7.04450078903731,277.853515071912,13.240940157738,0.315470518544316
