"","","par1","par2","par3","par4","par5","par6"
"cv",112.655567248031,1.4225861919819,-15.1756499349568,-5.2826408683782,931.171041778263,7.15001096990122,-3.22611689796929
"cv",111.107734014146,1.02825546980502,-25.651601159106,-4.25339924043287,957.290253492706,-11.9427754268695,9.37123749602954
"cv",119.26319443831,3.11931368135557,-11.547507048356,-8.78190906308092,295.501489837624,55.2606067706657,-5.66191049324203
"cv",107.229167806618,1.00559458600222,-26.6601602636658,-4.22734208124542,344.307684688733,-1.19395790949446,8.51638027234553
"cv",85.6971282510211,1.02989957572852,-44.7239750359938,-3.99885741916127,568.542621399864,-4.00992118638158,-8.77129957079887
"cv",40.4487375270106,1.44206488559452,-11.7341158410231,-4.84261034447567,496.740902774036,-0.920462409971474,0.78795816253578
"cv",52.0644024244179,1.87310058930195,-28.7358446980089,-5.62563842270255,392.060657211214,3.35232030295812,-0.571032440518019
