"","","par1","par2","par3","par4","par5","par6"
"cv",119.354693615428,-0.265781502843924,-1.10261102780934,-3.6442137142423,-998.470288011904,-869.7065744238,7.10348058960789
"cv",87.9237806950248,0.773906431492628,-7.65024486268889,-3.1925986109675,99.9783343838062,5.23198216221908,6.0386349737641
"cv",93.0211642778988,0.838205918905151,-9.40155849289748,-2.9473155144464,554.884312290074,-14.4499233559483,4.09874154254794
"cv",82.1835220215265,0.828228119024398,-16.1205291539748,-3.14804422690079,242.677421942647,-1.4597006693269,1.07947175391018
"cv",82.4751727387158,0.793958326537558,-2.75346717143068,-3.30869081856448,306.897811316857,-3.46012627500632,2.85690844202614
"cv",100.264823824703,0.765109906914054,-11.4177245663609,-3.00114256577321,371.287981508514,-48.2397705001122,-8.35117899118334
"cv",90.8102857994484,0.926795787796257,-41.5811499580741,-3.21106528070795,256.577610503882,1.71910458257366,6.92957553042541
