"","","par1","par2","par3","par4","par5","par6"
"cv",78.0611039890657,0.933108218492847,-20.0973024758115,-3.07372848092904,635.09060643152,-19.2446341837243,1.19368828299082
"cv",85.6556969653092,0.957648376786746,-27.3276322756438,-3.13866089368742,939.359426076111,-19.041797965501,-8.58068026148316
"cv",88.7777002603213,0.921947570721593,-12.0400246184656,-2.94892970630629,993.547758852137,-46.5337908053898,-0.552532685304839
"cv",123.534993768085,1.90766262363055,-20.5509863126493,-4.83090246693068,992.259573657066,-27.306525284082,2.2650351726377
"cv",81.4841563299042,1.42746768467457,-44.4039057122766,-3.88988947813152,299.6301907161,2.29786993365785,1.01580357618445
"cv",76.2788451858848,0.915490718085775,-30.5503637279905,-3.08610598727705,534.663004576974,-10.9593215714522,8.03997375349233
"cv",93.6488446042795,0.995448130403894,-9.80238274429495,-3.00693883819139,850.208254681122,-23.4096935785308,-5.78542732742463
