"","","par1","par2","par3","par4","par5","par6"
"cv",93.7328366234863,1.32561098817132,-18.1220698868537,-4.00603831918044,573.822246314348,-13.7874844798747,-5.00095442520662
"cv",101.033834976798,1.06970993710119,-12.5854354717991,-3.55171374449483,236.518745359783,4.21050312538215,1.71534331336375
"cv",85.1496462555645,0.97381683447768,-36.2935318512101,-3.56071683550049,750.952602663493,-22.0413960854986,-6.55375384259969
"cv",90.7659826202017,0.991908660070955,-32.2211474493167,-3.48399478185028,637.942090360276,-17.5371569094199,-3.13576821341086
"cv",91.6787667148475,0.914102284312267,-43.3359324628358,-3.40303260752869,398.454964183467,-9.68915814529188,0.0365866900717631
"cv",97.2115900032173,0.88005980169381,-5.06589746407894,-3.45238230080865,552.894205342995,-16.9479327949364,-0.455255341793212
"cv",82.3063048177671,0.715606917233169,-47.5226252283733,-2.98454998232413,545.236560378449,-33.2634432918515,-9.84120541815285
