"","","par1","par2","par3","par4","par5","par6"
"cv",111.372480841951,0.772553451851648,-20.0130232715383,-3.17407552899283,39.1002994050096,267.157890999327,-1.55936470086032
"cv",80.1900204689676,0.839994539601998,-28.6507782974522,-3.29092795622424,114.506962670916,22.5511104808096,-9.12506444005252
"cv",72.9105470509405,0.882236757131674,-15.8283463747626,-3.10764235344838,25.2055830407761,85.3239614009636,-3.94991702347583
"cv",94.0036133565868,1.75716539316521,-46.6014469811383,-4.60858805036196,18.2713984626992,599.24837426153,-7.76564538688404
"cv",55.5352586742165,0.877746497976105,-6.7413894617909,-3.34329498297094,191.116819501966,8.34151010386017,-5.38421894265864
"cv",59.8131064889422,0.868044679285013,-27.7536811081948,-3.02476614321897,27.4759884095917,68.1434485903886,-0.893930378711317
"cv",65.2790561097278,0.95391547063793,-36.5143849085967,-3.18908317068129,33.0574657488759,83.8947158483384,-6.84402192017025
