"","","par1","par2","par3","par4","par5","par6"
"cv",60.5016419774724,-1.15575541969391,2.61340286392719,-7.1415853317672,-620.912904500314,-575.118723758061,4.50916441271583
"cv",88.6565755691398,-1.10688316222399,0.496213054284453,-6.6235018919516,-250.502923037857,-339.706220198423,7.07028027580087
"cv",59.7239345778385,-1.34241907885684,-0.496428907925015,-9.28709055864192,-569.834105910389,-179.152579868962,5.17345903124245
"cv",92.8015602296957,2.71350352694674,-43.0824315090995,-6.08963210365558,286.955929077568,18.2000894559614,0.392872719381488
"cv",135.798013161028,-1.26911030669908,0.939730930022565,-8.63529783483381,-797.308253323441,-311.141383138144,7.22124186893874
"cv",73.8365530488304,-1.08412374869475,-0.387239487291253,-6.50406661792994,-862.452447374735,-195.673991460353,8.42552840709686
"cv",101.931131028588,-1.13425635017003,0.101773152558078,-7.04668915572688,-92.4860472484697,-55.9269158093402,-1.73288928132912
