"","","par1","par2","par3","par4","par5","par6"
"cv",89.2535908170954,2.95076868760534,-23.9913031203238,-7.19505074860253,283.298099238544,2.3909051823993,-6.76002483149201
"cv",84.8739385331143,3.91822801765141,-48.7791517011688,-9.18707742633715,671.85078343434,-11.6080556511512,-5.3959575954374
"cv",77.6553672432707,2.72545741004416,-13.497663422358,-6.79512139427677,972.380198036538,-24.8015221696614,2.68653473891865
"cv",82.3162595099807,4.08598964367696,-31.4247684446526,-9.6628793917752,366.452648483183,-1.94190519747314,3.94166817888618
"cv",100.328084910614,2.1304673621018,-22.4861377384886,-5.82089143710803,690.713792165667,-3.722618734935,2.44302432935971
"cv",78.5948616612308,4.25426071618778,-36.8377688634323,-9.90626896007233,788.971055265486,-17.8454433502105,9.2892565648
"cv",94.6827124207641,3.08866610886217,-37.8037651660523,-7.54060716833919,750.916876829618,6.42245218168019,-2.93059578877799
