"","","par1","par2","par3","par4","par5","par6"
"cv",81.8477295064287,0.641548706358413,-28.6334749672018,-2.83642554879915,96.4258882384955,-10.8072078424296,0.355083779306711
"cv",80.4767060369319,0.591176223654234,-2.38788192810069,-2.84980759956001,85.4891163595512,-112.240122405906,-1.35398597432902
"cv",125.905475046449,0.580594869787863,-3.11171817166266,-2.83511374004658,-892.011533527218,22.0366731603807,-4.60008947479025
"cv",69.7149372520308,0.686682413291431,-2.79888043093753,-2.8474489870016,175.642966407653,-164.151883215168,-6.7189995873978
"cv",62.0995792872111,0.63282081624182,-4.17465619377456,-2.77625196083059,98.7309121056313,-11.8737936142751,-2.60297631248558
"cv",77.9776092571518,0.682262134803818,-3.49608245841232,-2.84756468792983,91.7866366311905,-6.00740800282362,-1.69472696480575
"cv",83.140810525921,0.686742818176045,-38.8417482376099,-2.79044785906083,68.5327718035726,13.1094152745365,-0.00922758473797725
