"","","par1","par2","par3","par4","par5","par6"
"cv",90.0563849142305,0.708756011202676,-17.127227044103,-2.98804332077595,217.953613038681,-0.153264758752108,4.32039435155569
"cv",92.0824562817706,0.268916002795794,-1.90158054460154,-3.42037981950633,447.901791493676,-53.4588539337096,-8.74688441125701
"cv",87.1780188127392,0.159186446079728,-1.28740013115442,-3.36407822753341,174.809991091859,24.8702899028026,-2.80368658149521
"cv",71.0664487745661,0.759186782135351,-19.2150940722948,-2.96423124956341,235.480249859393,-0.61357427924483,1.46051235668111
"cv",71.4458716749958,0.065967056476287,-1.36812826813726,-3.44770466459765,658.461320678464,-143.390466527724,-8.78619029904044
"cv",85.1934739492151,0.0331953052190382,-1.30239673424512,-3.7354952816233,754.964185146242,-115.043429082036,-9.65079618362065
"cv",86.9180498048341,0.147609789897851,-1.70209593632779,-3.37504144534683,680.767687792978,-92.1876036829973,-2.756673273741
