"","","par1","par2","par3","par4","par5","par6"
"cv",107.433050911907,0.536157290577628,-28.8534554338577,-2.94265368066855,25.5114808557698,-9.68443021385482,3.13210410359065
"cv",82.3597087798393,0.657014099193051,-12.6784515655447,-3.07832557511592,48.8130993536903,-2.17823416709937,1.9654983702206
"cv",45.7188364773376,0.68398484119938,-23.9308129330142,-2.91955642003112,90.4181890708626,-16.0596796431748,3.13476270920231
"cv",71.3207017768478,0.506282009861972,-24.4398670830592,-2.90484626887317,163.828273787899,-26.8049015139925,8.16910230076226
"cv",55.7199646101682,0.612610119103672,-17.709116192748,-2.89165112850647,80.1481944584462,-9.40856606320322,3.610740782471
"cv",97.1006252849669,0.599642342314112,-23.2067228802755,-3.13574958730359,61.4787504749384,-8.02415257022369,-4.1733744987593
"cv",87.8451075082514,0.733758347242039,-19.3990543759278,-3.02639822529092,49.6221493967616,-2.84454873648711,7.35062465199031
