"","","par1","par2","par3","par4","par5","par6"
"cv",81.7336600739916,-0.350695686985288,-1.23717283699661,-3.94043594558084,-684.488613311597,-554.308829102121,-0.720682923758351
"cv",87.8230976251073,0.536974801406629,-25.0222616509136,-3.27010079447596,640.785468921227,-535.170982355149,0.900251594130522
"cv",85.143123219088,0.474450839092188,-44.1235166603616,-3.18547179177687,222.055833852271,-324.356985728445,-1.48473064997796
"cv",37.7060906516241,0.636711675067236,-28.1225547647421,-3.2978485079822,227.186823760835,-156.19736665013,-1.8789024589171
"cv",23.0405236736237,0.582179042336089,-21.5437785073632,-3.13626696389971,232.924714815905,-159.032452126726,-7.33293093837733
"cv",28.9502285037986,0.688285553115063,-30.2087013801039,-3.25533197529328,245.216038880334,-174.72699234618,-1.38110416471533
"cv",41.1709865958569,0.55031722362651,-49.9760873848572,-3.21157133437726,866.502163664225,-682.170334657141,-1.22973497864712
