"","","par1","par2","par3","par4","par5","par6"
"cv",148.107254205838,1.07707698182197,-3.63626823418939,-4.09642489571609,231.955169401632,19.202045801363,-3.05072874740077
"cv",65.6675100793541,0.674092773441318,-21.8699385519194,-3.00973196791601,160.667880924602,2.59578229143715,5.13241206697577
"cv",79.6351579692355,0.684561382769445,-5.99242005438245,-3.10560374778078,225.346995798387,3.24667996346266,-0.323753049448627
"cv",72.9156698643468,0.610638422055509,-33.6395323345883,-2.9253341755691,171.304240535688,3.05839911790653,7.08236334891064
"cv",68.9138875005085,0.629193286390724,-11.4800454940634,-2.89311179193142,221.533759141789,4.06888709825897,0.27573236752847
"cv",65.1275998747101,0.586559859906606,-23.5257479266212,-2.94302759492016,100.120751993937,5.00913823356455,6.06566496024588
"cv",70.295228521727,0.587590159044441,-10.2832572217669,-2.93163136010756,245.524391177401,-6.19797301927036,-9.27226363796969
