"","","par1","par2","par3","par4","par5","par6"
"cv",82.7361885040606,0.921968789420585,-4.10179682082647,-3.30453901306825,206.441915923251,-0.832957372935141,-6.39498897624379
"cv",95.7771792155116,0.853351054713269,-40.4411344294114,-2.87526855548605,650.337271858007,-148.151958711416,0.266233731293039
"cv",93.9340790864001,0.798341110984877,-17.9811264450898,-3.05085838729137,165.284432633696,-0.952450473942733,-2.36524510535236
"cv",100.041645931144,0.630363992306405,-9.91150276150526,-3.16203292825762,185.638736086179,6.48917358149167,-1.42541461763487
"cv",95.1155286315622,1.03062238212964,-38.8458590488606,-3.33047465577348,199.363443511029,1.53782964464663,-1.09440542994153
"cv",99.5936424053686,0.790606991973587,-44.4521524175861,-2.90221536147783,119.356957635226,23.5439086707987,-9.86854583725121
"cv",69.20312137573,0.891542910364646,-24.6278595624856,-3.30073622963542,169.837604124561,4.30636539763385,-2.23436330296153
