"","","par1","par2","par3","par4","par5","par6"
"cv",95.8477709641591,0.880683305911975,-46.4740535777001,-3.42542822059561,755.868528525934,-21.1326585234533,-9.2307276339022
"cv",95.3708458183551,0.670625021827495,-12.3895386760369,-3.01315326842144,969.695909327661,-83.959645054152,-5.70841826364886
"cv",85.9095008836469,0.608723025183245,-12.199974478704,-3.02494399634614,932.294069186572,-78.7660881252108,-7.14616167199771
"cv",104.821733163562,0.681104348200824,-10.5762079891935,-3.04774479556016,850.629100576043,-71.3404852474421,-4.65292678671058
"cv",84.4937778769743,0.898211787231267,-17.0984708255324,-3.40311474356623,704.135626833886,-20.59984093839,-2.77769326730666
"cv",90.6249709464278,0.659471997069397,-32.9440477301595,-2.95729157825033,925.733687803368,-82.0639642229144,-9.17424001890783
"cv",95.1169331893604,0.638698689380942,-28.4285348156535,-3.07851553754405,806.565756472155,-66.2682948520057,-5.80827119103838
