"","","par1","par2","par3","par4","par5","par6"
"cv",87.2091906189729,1.25575348457901,-13.6507956898475,-3.86068481721975,234.09947813013,2.64307746819539,3.88785246971745
"cv",72.8177945923369,1.16135621793364,-12.946464272313,-3.86258284380676,247.920560969919,10.3360221123491,-7.82605513140899
"cv",95.6530070129518,1.13279412968416,-5.24669615881688,-3.84919408021225,245.778135790127,5.87221368417974,-0.506366577294291
"cv",97.1079964467046,1.0066185226399,-11.3804642679281,-3.60431573143217,230.673189274967,4.38856042037364,0.599161034936297
"cv",94.3822130886009,1.14932750147961,-7.79062648685065,-3.82224769723956,206.164907729094,19.7517943209142,-8.77177645102582
"cv",65.4965495181468,1.15507777793995,-8.39294804540958,-3.80050420932854,248.222033189626,3.09603619687057,-2.43488495386675
"cv",54.6706244668061,1.24721320271114,-21.4837645269529,-3.93515067462372,272.40902825701,0.308952980815384,2.18527989786206
