"","","par1","par2","par3","par4","par5","par6"
"cv",137.875656425843,-0.432823615618033,-0.795555091463029,-3.66989747249568,-233.123114997746,-127.044697292149,7.34731297199366
"cv",108.674523576401,1.27112056606552,-12.9663311718994,-3.40967925755742,336.564121101052,-1.78111227229236,9.01093351345048
"cv",103.188489517554,0.901660508862714,-2.99079335553944,-3.13750861997438,897.589611462362,-68.469216377805,-7.80741133679997
"cv",106.656043587701,0.563353952966019,-1.95400442472592,-3.22233210113769,951.834636434309,-37.9434217701311,1.53026435278961
"cv",90.3203018582116,0.912279030275747,-2.37816340786492,-3.60590517892644,296.041953705205,19.7636330472029,-1.795633727803
"cv",97.8691192502685,1.14450592771745,-9.74976301440849,-3.21955636284238,246.749721751671,0.199122168123722,-9.09166017803066
"cv",97.087123839265,0.477431712720777,-2.0851019432002,-3.13291832547812,953.102278598348,-252.020653099236,-9.82011681802053
