"","","par1","par2","par3","par4","par5","par6"
"cv",69.4811423130415,0.456447337211731,-17.5393329761612,-3.13741173901226,212.062431584314,-47.1183637466644,-1.29668096465975
"cv",24.0671891031974,0.682671413673437,-14.9882901204186,-3.5706576347015,201.22494811907,-30.9560583970884,-0.0539535195295162
"cv",88.0063360532203,0.726916101284451,-16.3759347001137,-3.69272474537854,204.921566260012,-8.67522080684241,-4.20146581976334
"cv",68.4419733815448,0.578245733993423,-23.675320542557,-3.38944037110755,193.505817692822,-38.1383799719132,-1.3079910495126
"cv",49.636391408396,0.560489176861084,-5.68818593788245,-3.3632947241336,209.605259172429,-29.4047092515795,-0.636632600973602
"cv",43.4997717667222,0.653362998156241,-25.1773566077796,-3.38541660102653,207.542986210741,-26.0095362727869,-1.77662099613336
"cv",28.6595734876903,0.660418592121455,-24.1979011782906,-3.48612003673148,189.055625881778,-22.5116533729447,-0.728771556168795
