"","","par1","par2","par3","par4","par5","par6"
"cv",88.6735954296171,0.931812634537548,-37.1088028455624,-3.00271869935216,113.697338126169,5.34839370307896,2.49388439401422
"cv",85.6984819939656,0.795414183238455,-28.4303163498295,-2.96334511254042,114.78883785045,6.15320944289009,3.09044841321891
"cv",81.283288950855,0.797989300014263,-25.2897779733304,-2.87086790557323,55.9827215106711,5.39154873646213,7.99354225936911
"cv",95.7289748742199,0.779224695700346,-46.0515057202429,-3.00838026521169,214.765305712586,6.37393792453159,-1.74973257339878
"cv",92.9656122870448,0.871480081674091,-11.8215467041022,-3.04018548888713,193.327565193723,2.62500540370208,4.05011826384383
"cv",66.3220103215235,0.855336391535893,-11.7709674896835,-2.76949577916289,183.213630849866,6.09751660155181,0.386580634473177
"cv",107.308756075515,0.788534983356474,-17.8248821557862,-2.98034231649919,223.175436497459,4.172398306992,-1.55179247311694
