"","","par1","par2","par3","par4","par5","par6"
"cv",81.7352085107767,0.127096459581302,-14.7021134041376,-2.91701854937485,105.642198185566,185.766187805418,0.0945180805622314
"cv",41.4140962768078,0.181425014258048,-30.1357772236931,-2.97730490589309,89.2080395852042,190.708915129186,0.0222676727663913
"cv",57.0788895498646,0.22277215641603,-19.3150599268835,-3.0649719070964,215.575248922515,79.9810203854065,-4.18185339774936
"cv",41.8615549913307,0.127328337344734,-11.3446333426533,-2.83905122836513,82.9422855963134,237.724191786151,-8.83351567650445
"cv",109.530411061989,0.299816533626656,-11.6152468248766,-3.19146747802587,60.8540067753534,229.643557314166,-7.59464381728321
"cv",71.9481344732646,0.00281062719077272,-2.835646271015,-3.02874020052747,93.8871260826124,220.116594746442,-3.97346337934131
"cv",37.9862607246892,0.0834430868005906,-31.1144822204122,-2.90431186863599,76.2676504356366,201.466033793553,-4.85944617872406
