"","","par1","par2","par3","par4","par5","par6"
"cv",79.5183696294068,0.860848593343122,-30.1354396641947,-3.33252475288264,890.627869656333,-26.1372665185382,6.68129725662641
"cv",84.8992672288544,1.25003424959243,-3.59565290919208,-4.09079790773112,196.78711324777,17.8235175701134,-2.86120437396318
"cv",56.7116108289577,-1.1061475905643,0.259074153393506,-6.88119879969926,22.1283295469102,16.1207041735655,-0.170927413716049
"cv",64.4223762145076,-1.06115513935416,1.74880922140955,-6.5023838579468,-567.547536548572,-288.617520669284,6.39732512928431
"cv",76.1631036795358,-1.18793359409473,1.48017661624711,-7.57443503080741,-671.019517419449,-18.8489197018528,1.96562839564112
"cv",79.3986009874026,-0.963592484898567,0.178125755242418,-5.65964671602742,-454.265120955296,-616.523861104074,3.21990643075713
"cv",82.6325374261206,-1.02342425234248,-0.0132183214393223,-5.83707807632983,-115.42846496315,-4.4216838339261,5.27420196248534
