"","","par1","par2","par3","par4","par5","par6"
"cv",72.7622354417937,-1.17495110923092,1.44793261263085,-7.45678851150495,-925.781381316483,-698.185851378329,2.53877423114485
"cv",80.4540584415461,-1.05057625559839,1.38157138135284,-6.60493765247209,-264.349214029268,-313.12411634544,4.06160796526819
"cv",83.8776462893785,-1.20377321546873,2.51050424130261,-7.9954342386241,-992.854563256835,-846.012007280624,6.69124581973565
"cv",89.8838363900628,-1.04714393859159,2.05020183883607,-6.83388243362775,-255.702404552488,-511.487165086388,1.19993006704844
"cv",34.9946201222917,-0.768850126424965,-0.15056091608627,-4.90559579467715,-837.751752082395,-327.673085568548,0.199721714738208
"cv",87.300650248616,-0.820049280703578,-0.240409688832528,-4.77477348848695,-957.805419256104,-896.178222727031,6.90748379683173
"cv",69.9421431212325,-1.1633803775611,2.87577829383942,-7.54228396632172,-425.713901504538,-457.43598929871,2.57628962093269
