"","","par1","par2","par3","par4","par5","par6"
"cv",112.995819567212,4.31897096936305,-38.0914937548109,-9.89759461022913,957.113541375641,-8.55378261722985,-7.64114743464528
"cv",93.4437829055621,1.23277699563991,-15.6785650677329,-3.86369595936841,623.817402135003,1.16908068971286,-7.41818304355714
"cv",106.053987365446,2.17414932213992,-37.8381857422849,-5.48618181900137,218.267631257228,14.4289977638907,-0.103457192926146
"cv",85.9706968752603,1.33956640213285,-44.0801467460784,-3.88303283036763,632.278305833128,-11.8678677386147,-8.53109194837635
"cv",80.1774561286003,1.24389400132949,-42.011530019299,-3.86807925374233,310.821297436402,9.19005437181489,-1.08496660554421
"cv",78.5450587409632,1.16970721702703,-17.6560735254846,-3.57352889958022,378.141668884032,-7.73537971673793,-0.79078602873383
"cv",74.2179274986372,2.9120620867948,-20.5072826684118,-6.87082396140819,218.258718885291,18.5651530664543,-0.263857521492408
