"","","par1","par2","par3","par4","par5","par6"
"cv",83.9291252694208,0.973799418413279,-35.6859830351922,-3.17745126296123,855.632612016052,-2.76514943730837,-7.6994966737659
"cv",113.331944285225,-1.22524068723604,0.573706532278506,-8.06400479817082,479.378424554508,-725.480500965618,1.76356182020877
"cv",104.229433813833,0.935918424270988,-43.4720777802224,-3.24089594942471,243.26913131023,6.24821209659322,-1.13178802654147
"cv",93.6545052606514,0.962076306350983,-35.1112134987488,-3.24663706413083,630.726026831873,-14.9977905574973,4.07312161607752
"cv",82.2675303505455,-1.04749274191745,2.41070974627204,-6.31913934312872,-344.037924004699,-737.173540517688,5.55199654424751
"cv",78.2476596828989,-1.3439591206011,2.20609872587026,-9.37130292843285,221.927135251462,-812.609968587343,2.10019553129978
"cv",87.5918146577775,-1.22178418924074,2.44589460257301,-7.55513566046076,-52.6808137567776,-253.623572914809,2.96624619054884
