"","","par1","par2","par3","par4","par5","par6"
"cv",80.7935709488106,-0.375157192305828,-0.469197151741982,-3.84668592349927,-375.053429976106,-992.238137242275,6.89859526822389
"cv",126.036011689279,-1.21827997713536,1.47719834845513,-8.12694394471246,-236.326248640747,-210.032072135613,7.31768282596022
"cv",87.9245234568108,-0.400215597679157,-0.647234190701721,-3.69458947630687,-439.970862407574,18.0494235531637,-5.14380711130798
"cv",88.3254320950876,0.909473291575298,-26.6391879516881,-3.01037871288426,739.569395241815,-37.5790495931561,-3.77222600578588
"cv",96.7249370082938,0.910214722403617,-38.6263675461091,-3.05788472447028,828.951252887312,-42.1515415907697,-1.77290692592472
"cv",75.2205579405384,-0.616875486365739,-0.799218994266294,-4.06648448299617,-65.9194711204899,-137.121007847595,6.70171552337706
"cv",76.1970292016105,0.748245542225568,-3.3379347783085,-3.02207079872344,217.559608800315,-0.32790668621324,-9.65475400097828
