"","","par1","par2","par3","par4","par5","par6"
"cv",79.9128413134789,0.259052060104621,-3.74180566992553,-2.9097368218457,159.469959080936,-24.5654945530944,0.835444506153103
"cv",112.560381514615,0.174950822504915,-2.53407866441705,-3.07782664173599,996.516378193357,-204.061501314109,0.984716569773331
"cv",72.0529654236073,0.385043871577121,-8.92760026625851,-3.1093709242534,173.155924232478,61.310573117599,-0.851694575251939
"cv",76.6028653173237,0.502641352249563,-14.0362400971271,-3.1316839036747,177.707646971521,34.4267713147017,-6.16049132874988
"cv",67.6220996595858,0.289123561540027,-3.80143705954951,-2.92041041053292,838.950421095072,-134.870448034962,1.39443920936043
"cv",74.9590505460695,0.595335642193044,-24.6938926169559,-3.45804030016607,202.516413800783,32.2892852533385,-0.31844691704111
"cv",39.2610581637242,0.513099527636373,-19.2426253575832,-3.07382275540649,192.632934099751,22.0702867114543,-0.564353176146488
