"","","par1","par2","par3","par4","par5","par6"
"cv",90.9560960032446,0.943982605875257,-18.7803375704373,-3.17225918501617,204.279303573474,12.3154129014124,-7.17487739160274
"cv",73.4956939657329,0.810437712828934,-17.1561159259664,-3.109131016608,987.983402589193,-72.3926471527436,0.592278588828741
"cv",115.590280405445,-0.822800120555456,0.241086352616549,-4.88894146017138,-731.659514548562,-994.20362059254,4.55241307451908
"cv",71.3448995450756,0.872650339091274,-12.9527434421536,-3.108680130416,418.178306195784,-13.1005793431037,1.21017930327718
"cv",98.6154805174447,-1.30103559941053,1.31363833323121,-8.69716656510414,-415.991648498987,-478.329668459959,2.7302039234311
"cv",93.0906711198459,-0.756152205646649,-0.357512338086963,-4.23719740974289,-884.125924343276,-296.521261879367,0.75135254106304
"cv",77.4562916040686,-0.852904209822638,0.635522188468414,-4.9612899912961,-626.739588580782,-818.428052776735,7.37123751586232
