"","","par1","par2","par3","par4","par5","par6"
"cv",68.3514400555383,1.76088010029081,-8.59325155985395,-5.08366138537443,368.982497023072,-5.16078921507663,5.73314362016635
"cv",82.6421742895774,1.83756961219293,-22.4369473277163,-5.03950316859139,683.586885857886,-18.2710022019268,2.26086159800697
"cv",83.3643007610499,-0.623927606328179,-0.595439489152051,-4.25874079200245,-836.048179661974,-724.179564579267,7.44472806807607
"cv",140.65105563376,-0.965245608240366,2.02476390637457,-6.10430441022008,-111.198261067295,-342.881497948134,7.76304219297692
"cv",79.0511352951225,1.48482277602041,-6.34520483778296,-4.50622600448984,297.157948261609,-2.92041565774679,7.2728784988328
"cv",82.010878564038,1.61292106597016,-5.19774527629315,-5.05668890465716,222.938300594178,12.5906172961455,-8.80456990801033
"cv",77.2833800506072,1.30008757169207,-9.66035323936695,-4.19173330454919,548.26314561069,-11.8474762122609,-3.4768320164539
