"","","par1","par2","par3","par4","par5","par6"
"cv",93.1029149024621,0.421829224770151,-11.6407770948252,-3.1896469941543,227.101060970433,13.2756717937571,-0.104254772886634
"cv",103.052209736512,0.404368666308626,-12.8532078298384,-3.12297688141994,208.493954497584,16.3447987061688,-2.41829707799497
"cv",87.3592694889693,0.457392022443458,-15.1511845528408,-3.13709806514582,222.616956602572,11.0898915009632,-0.150246711608896
"cv",36.7538405514056,0.3881509773329,-9.54490220750487,-3.06327389577472,232.617389743939,13.7991424553997,-5.14458344791283
"cv",40.5905274365101,0.429203746213964,-20.3037538035099,-3.03935354563728,210.915336210605,10.27646685461,-0.0220861268022653
"cv",59.4812598479097,0.397385676562867,-34.9993458267734,-3.00409843989489,237.439549173935,2.66883970192576,-8.07779433123177
"cv",43.5928450433694,0.437495862422558,-12.6639881584091,-3.09151290875472,228.38568125198,14.2123994229007,-0.163516643127093
