"","","par1","par2","par3","par4","par5","par6"
"cv",93.2486326275594,0.775278981106681,-40.4490329120192,-3.25060958544953,444.215574182653,-9.19800313196298,3.5619214444852
"cv",95.8970039715683,0.978993829522986,-19.4388877551303,-3.51414583348945,193.60884437393,13.8074989866327,-7.03132499024781
"cv",87.4827724527812,0.898880459212308,-42.068066059151,-3.44469084809226,195.670507211024,8.6081907325009,-0.466188880504787
"cv",90.5306198984484,1.12422605909558,-21.7899688846609,-3.68287875879814,259.587199583235,-1.77252789925502,0.992544661309018
"cv",88.6002500979471,0.847049513071768,-48.4487687531793,-3.37754451414935,190.580720918975,13.9671527830159,-4.80321387080455
"cv",69.916031036404,0.825955963441309,-8.48493537312957,-3.37756581653137,192.710052440467,15.336349458182,-7.70292118191719
"cv",85.77482311514,0.774699378198236,-7.61061588048389,-3.1747332910775,219.731695018709,12.4813791385293,-4.63237226868635
