"","","par1","par2","par3","par4","par5","par6"
"cv",71.0105078750826,0.456912166547017,-45.8194848382846,-3.19944529551897,160.560569852098,4.00990438715174,1.88061220668741
"cv",185.011082252199,0.706389649970795,-3.17763932552828,-3.64295611322084,-10.9050137577913,38.2656625269387,-4.36148950121224
"cv",33.497751388291,0.522683009304856,-4.792466141509,-3.13981726006365,91.1325670789247,5.71605850306361,2.46441780373285
"cv",31.4027797348453,0.335253606596786,-3.06217557695914,-3.21703327589922,218.928501599185,-92.1113366456439,-4.81435266610019
"cv",50.9512972073549,0.568104492964103,-3.25876141044306,-3.52130444339158,242.935165441173,-4.12755150752359,-6.12964739689653
"cv",72.9020567086772,0.517494376658732,-14.4811196019873,-3.25579260254468,152.102514014072,2.97370149667051,5.57686365132534
"cv",80.299003086154,0.328674388148475,-2.09721183326068,-3.6473233403918,183.485246321358,2.24078469294725,9.97139126993716
