"","","par1","par2","par3","par4","par5","par6"
"cv",91.3747245925221,0.354685989017679,-11.4730799068056,-3.31658177646326,206.64289339337,25.2781593618036,0.271102023792464
"cv",44.5413147883194,0.272052709617057,-31.121114168713,-3.22762431970377,208.470107972453,12.1769086760695,1.10533295364218
"cv",32.0232612111522,0.223941462853592,-16.493419545885,-3.05372970572997,214.925455565679,17.7946292521274,0.254327850190835
"cv",23.0420548541885,0.253718605566004,-26.3451330265381,-3.1954799676898,239.035817780182,9.661603653076,1.9947972940281
"cv",69.1208818333917,0.385371217526008,-28.2763367420508,-3.37904645192082,231.27817559709,8.21789183880121,5.16691147433658
"cv",22.1085144277236,0.216075451200415,-19.122551338002,-3.03838901445565,218.822386384521,20.9009832397477,-3.87791015194525
"cv",109.368786072784,0.162939062667394,-2.89794675429962,-3.27789717618289,232.203545484762,13.5337272896926,-7.4437469517159
