"","","par1","par2","par3","par4","par5","par6"
"cv",103.657370212872,3.28348245791789,-41.5481623960659,-7.96691509397384,417.758003252411,9.03687061184734,-5.28867330713013
"cv",71.5936630003755,3.64519718542701,-35.1374281273866,-8.59046602774919,650.133282065272,-4.50195069508587,-6.46151945295698
"cv",99.5833848329597,2.15632846489241,-33.7219229604423,-5.65179147951746,253.07922600348,10.2912294348012,-3.5477799606339
"cv",75.3329930278484,3.04518878346538,-22.0566440215843,-7.34074372712094,494.07394106371,-6.33840885025225,-2.87864974514226
"cv",82.0361268612856,4.25592033309005,-23.0355066014454,-9.87273218255714,753.157724228897,-5.16879021750044,9.77327124215662
"cv",81.0830685207191,4.09875376928576,-16.2454165123184,-9.85179189824163,685.832568539474,-15.3259918046587,-1.72092334362726
"cv",104.984017407053,2.58435924544743,-23.892986633274,-6.39800732440209,271.374135053888,0.930049527172377,-7.05011582452711
