"","","par1","par2","par3","par4","par5","par6"
"cv",96.5472128768767,-0.762082950801126,-0.464313486682453,-4.47001921021849,-356.327343596386,-126.786616839808,7.27852557086037
"cv",79.4502446707875,-1.13799384795129,0.842287018895149,-6.98466253942932,-152.133386152009,-786.462532831913,-3.3374115829621
"cv",75.6174960784268,-1.09050120209359,1.63440802134573,-6.564377377258,-446.2762627638,-925.622296459193,-3.36995297910782
"cv",97.5493062442177,1.15312618303518,-12.730733923692,-3.58597415812037,210.795053551557,10.0730596747399,-4.47541642772659
"cv",119.496627852616,-0.588936401749606,-0.459116479458228,-4.37265390710539,-745.950484460039,-518.127468078324,7.98190652811101
"cv",104.222710765393,0.658091443283219,-20.77314452018,-3.45259035349516,214.459177672858,3.65581500359083,-0.0984041047319494
"cv",86.5938332995711,-1.38191651077284,2.87584801438517,-9.87190792572021,-866.666753310625,-365.464127982573,3.40647299729363
