"","","par1","par2","par3","par4","par5","par6"
"cv",91.1106653229727,1.48292121319307,-15.4556115798861,-5.92295570295671,795.702306337313,10.1136936266275,9.64688158128411
"cv",91.3823961323969,1.35309008031909,-31.686354373581,-4.27359019712184,734.262225367809,-16.8285535276139,-9.48612735950078
"cv",86.2891270150573,1.16905509607878,-7.93408695895298,-4.50982811395079,413.739969081521,-5.89606639638544,4.65999840536436
"cv",78.4241022070483,1.09245089712209,-47.0165869259851,-3.89956108872848,235.117547374967,12.0858996142938,-5.9012249715119
"cv",106.265380200328,1.22056121388543,-44.078757599177,-4.40243679653901,432.390336071081,-6.27741021633669,7.82572711352259
"cv",79.8328619763963,1.24287750381083,-8.72642341557149,-4.15065180095405,970.100397428366,-13.4326920577285,-4.19271407058176
"cv",89.3644017360512,1.51695850772172,-17.5368844684815,-4.69013453338002,749.701256636411,-17.9852568295809,5.23420027929903
