"","","par1","par2","par3"
"cv",70.8706411103175,-0.0720503135726699,-1.38555095953473,-3.07076100614931
"cv",135.615594643839,-0.10598365719052,-1.21899853366892,-3.42883798949228
