"","","par1","par2","par3"
"cv",83.5231513615045,-1.01030430681643,-0.670683647112144,-6.68315952126537
"cv",61.3599757811253,-1.32495463195748,-0.606640900101067,-9.87268786827627
"cv",55.2977024301661,-1.32753805721929,-0.608471800409437,-9.83451930949743
"cv",68.3396198539571,-1.32294067264546,-0.53166621933141,-9.71538381251342
"cv",35.8695032160112,-1.33076041700632,-0.659438637529309,-9.94879940875522
"cv",72.2731524758737,-1.19890174022209,-0.628161911107502,-8.23489288946544
"cv",37.6147453607518,-1.1358193025465,-0.576900678701126,-7.64977273324685
