"","","par1","par2","par3"
"cv",146.815917511429,-0.29973271923108,-1.63210079940036,-3.77740825025967
"cv",58.3905405185075,0.184668453765774,-3.90233381068535,-3.2522207507257
"cv",26.2491580509368,0.211079088423824,-3.66248527969078,-3.18164165210804
"cv",47.7546070902008,0.110257227422632,-3.51002485275549,-3.21022818905127
"cv",46.6157242321032,0.16133480923246,-3.60801079259185,-3.18482044497777
"cv",31.0382687427973,0.171810343630391,-3.67087490902127,-3.1501121824102
"cv",50.7967376599904,0.309228560800617,-3.44661394610551,-3.2705768989186
