"","","par1","par2","par3"
"cv",83.8483041409527,-0.814080902471877,-0.645675611804522,-5.09719567924998
"cv",94.8580017753244,-1.20326261104094,-0.631858925351251,-7.96647700809706
"cv",82.6089679901094,-1.0474601229168,-0.670057409475513,-6.49701157375653
"cv",61.2244771798483,-0.756708555820449,-0.669418941815199,-4.81816660136995
"cv",56.2511232683542,-0.944199443312053,-0.66768683486445,-5.71110548094982
"cv",64.9929591472725,-1.15516850154827,-0.671161122887633,-7.46405632039811
"cv",99.6836436032158,-1.19476036419264,-0.527289121622289,-7.98101850797994
