"","","par1","par2","par3"
"cv",27.9503566849575,0.208086483248097,-1.88275082795556,-3.64105856966571
"cv",43.7985263503474,0.341502718802011,-1.98036805452678,-3.59321392387415
"cv",68.9157643150969,0.252918216891827,-1.88957506597731,-3.6115871897354
"cv",24.9511222147034,0.247817909307118,-1.86443952642003,-3.5867581074069
"cv",91.076867903877,0.306375831784631,-2.08047599054526,-3.77245332982978
"cv",51.2405397334919,0.228152951709615,-1.98021115876893,-3.61946594324987
"cv",42.8285667458392,0.289028791141588,-2.09701780266387,-3.52695697024796
