"","","par1","par2","par3"
"cv",70.8915858086489,-0.743133170871495,-0.695231258038182,-4.59614022488973
"cv",98.3391315195241,0.44776139520404,-3.3594716606103,-2.21953528176266
"cv",62.046685220312,-0.54881071343881,-0.728662237046493,-4.21496407073715
"cv",70.9381751111343,-0.799990297421805,-0.675521947928699,-5.00113130190119
"cv",84.2701681527603,-0.683739075488064,-0.706454941583329,-4.50263625008753
"cv",50.7535678684557,-0.616170516663854,-0.691763197800371,-4.30764452320036
"cv",79.616711253907,-0.531088337781177,-0.684962314133463,-4.17192421953261
