"","","par1","par2","par3"
"cv",101.028064766903,0.388719405315156,-9.99999130477236,-2.49847783217881
"cv",94.8898253741838,0.383715498089521,-9.99999857879114,-2.61660937449267
"cv",68.3820336246043,0.387341446610362,-9.9999491581272,-2.49096791815357
"cv",117.11271759903,0.39378435081975,-9.9999812022867,-2.54388906340729
"cv",85.3762552228417,0.381438028426632,-9.99999118892288,-2.57012704932725
"cv",90.0512717651882,0.374161294796969,-9.99999877869806,-2.51175174830604
"cv",105.946739376798,0.36911949436168,-9.99999480225917,-2.6120701199364
