"","","par1","par2","par3"
"cv",87.5441165599621,0.29471921480602,-4.5395495604172,-2.54346609845111
"cv",120.565835872652,0.32114231106913,-4.33642598686321,-2.55899349355958
"cv",56.4903059836866,0.26476952427341,-4.1836081588512,-2.48274149641793
