"","","par1","par2","par3"
"cv",84.2750869761223,-0.636336732201978,-0.677633580165494,-4.13309719398185
"cv",107.31973877116,-0.661631526882974,-0.676701818134102,-4.30586834687451
"cv",90.9691630872675,-0.604226303854969,-0.688916005553719,-4.0840162896411
"cv",87.2691296073962,-0.595375886754955,-0.693672765173433,-3.995576014314
"cv",76.502076088004,-0.500196491106904,-0.742812682477499,-3.85777917995073
"cv",68.066927060431,-0.625357171452756,-0.693240861361718,-4.06702410944604
"cv",58.4389819990979,-0.586121269802955,-0.725030187026543,-3.98991340479829
