"","","par1","par2","par3"
"cv",65.8459900880784,0.370350365389651,-2.42922764303043,-2.75994757807135
"cv",93.5258956674529,0.392855527146918,-2.52318118568409,-2.83197032611234
"cv",42.0946037588452,0.407085664841289,-2.35408759712195,-2.71528093741747
"cv",96.3753377136141,0.47925920050846,-2.48947876328673,-2.82854972269463
"cv",77.2531649521441,0.428747871194608,-2.25026356409184,-2.78281267995434
"cv",68.1409660833811,0.383050655972839,-2.23463817914111,-2.76925401107175
"cv",86.1682738744585,0.346912615729914,-1.64321301561993,-2.97238938566098
