"","","par1","par2","par3"
"cv",10.3285940468167,0.0972217907132356,-2.35929904586624,-3.40792796067708
"cv",84.7013637321641,-0.573247510340707,-1.15517521107104,-4.42610038355292
"cv",84.869280739825,-0.976034238584862,-0.881132994177887,-6.34940114812743
