"","","par1","par2","par3"
"cv",108.420959481687,0.39864470196713,-4.46541910296687,-2.71606635351151
"cv",63.5846252710273,0.416020983171173,-4.43055756675758,-2.53521516582904
"cv",73.0582798719371,0.392866113641233,-3.51191355378237,-2.60738096204535
"cv",68.3455274529829,-0.161877974849607,-1.25625812637551,-3.18794761908024
"cv",74.043789731366,-0.124969611016884,-1.2850918312013,-3.13968613364958
"cv",123.112858494527,-0.104017416023213,-1.23166221632452,-3.2536107623985
"cv",80.2554769922892,0.51871297608732,-4.47898157669127,-2.57655668770135
