"","","par1","par2","par3"
"cv",101.07903435275,0.267175275374306,-2.61512770660008,-2.5533214789207
"cv",104.339189373017,0.330480443562068,-4.18555651311919,-2.47214819433771
"cv",93.2852221805339,0.345592378983094,-4.65158845725099,-2.44130841193195
"cv",100.421713258468,0.350948504478318,-4.15525539707781,-2.47243574438094
"cv",87.0155934082569,0.355829626130137,-6.49327501763657,-2.42340644699534
"cv",46.0095614230027,0.339130868688153,-4.03339122131108,-2.34417505772742
"cv",70.4398743200766,0.430501136603295,-6.4338561053034,-2.35424704008599
