"","","par1","par2","par3"
"cv",38.9267893865485,-1.30212155288959,-0.22150922073374,-9.42645901165667
"cv",102.975320416054,-1.33888917947691,-0.512784324011052,-9.98144482809234
"cv",48.1570198421972,-1.18098445776279,-0.550643919185354,-7.92659815331987
"cv",61.9173009446377,-1.34740214300928,-0.539189466017925,-9.98904645547201
"cv",45.5145372743919,-1.29229171741774,-0.655141852505506,-9.20930236674232
"cv",58.6559858744792,-1.34159509032236,-0.63725001843466,-9.96806266164272
"cv",46.3874634854973,-1.3351269751525,-0.658602767889992,-9.91048939026936
