"","","par1","par2","par3"
"cv",56.4735892242971,0.451928449168131,-3.57670291327296,-2.44327374994921
"cv",74.8101122738759,0.358039012025717,-3.24341164606536,-2.46256410593357
"cv",86.8339125467155,0.396280055825309,-3.70092280106653,-2.54645823172878
"cv",90.4922680707412,0.357078216095779,-3.41223874429873,-2.56391413209468
"cv",92.8584892287171,0.40242475267965,-3.68364337813021,-2.54526564991722
"cv",117.343883387896,0.389972404323295,-3.98864747529781,-2.63608671593032
"cv",76.4825096476617,-0.315162282075583,-1.14091417791212,-3.47509810796582
