"","","par1","par2","par3"
"cv",81.1908443151653,-0.150911762583624,-1.21971415628906,-3.33729954759357
"cv",109.472147454578,-0.283081498826684,-1.05811754201322,-3.61884027892118
"cv",92.1198889566488,-0.303777391045097,-1.00583706771906,-3.56223926840697
"cv",57.6923180109514,-0.134983558796358,-1.22306643747863,-3.28121459025616
"cv",44.2795276979775,-0.165499417917456,-1.1645908190029,-3.33655277283584
"cv",105.692267793289,-0.172000046767145,-1.21992991668769,-3.41118657483114
"cv",106.161143300834,-0.134967116045602,-1.08369020677084,-3.45020404129479
