"","","par1","par2","par3"
"cv",30.513850714074,0.0393444270942038,-1.2886180117387,-3.51394420564954
"cv",35.0303031419535,0.0595652799001723,-1.31557754779294,-3.49205937941709
"cv",71.3401650065485,0.0241586568223825,-1.2341904575347,-3.55331399002291
"cv",65.6607902212003,0.0842138539690416,-1.22321797985951,-3.66309244516078
"cv",74.2283901459857,0.0467615999042339,-1.29890959686646,-3.57738024882372
"cv",38.9163279645556,0.073384674348219,-1.32208130633341,-3.49984923374917
"cv",107.108113460845,0.0195368035621857,-1.34414572493904,-3.66843738953815
