"","","par1","par2","par3"
"cv",112.537699872812,3.26335985139312,-9.99982686917785,-2.23872351548384
"cv",99.1527158828781,-1.27831961049612,-0.418866019929183,-9.07391490050922
