"","","par1","par2","par3"
"cv",102.363945013487,0.421895322372451,-9.99999249085206,-2.58651401549244
"cv",106.979648244336,0.433934168787673,-9.9999962789334,-2.62049283597754
"cv",79.4908644019647,0.437159770108997,-9.99999017900626,-2.47741255682081
"cv",89.5337902364321,0.44888873368568,-9.99999995346116,-2.44231434334207
"cv",102.105545969956,0.45741367229301,-9.99999195875295,-2.48822461166755
"cv",84.6427171418821,0.455611137093785,-9.99834417035518,-2.49940788290406
"cv",94.3789245548655,0.432260003962731,-9.99985409205187,-2.5895371636267
