"","","par1","par2","par3"
"cv",122.315146457018,0.438935341459957,-4.9477944323031,-2.27607594721581
"cv",117.297325585028,-0.426557513955843,-1.00639168657072,-3.44314543795799
"cv",92.7080026065116,-0.471900028491065,-0.995704750985862,-3.39681309252225
"cv",87.8168768009222,-0.430264305648105,-1.03513185800969,-3.326759988653
"cv",116.256571518496,-0.639203290817288,-0.834794575142828,-3.84912708156548
"cv",84.1668177496906,-0.487584530896216,-0.985269700779605,-3.46580132283978
"cv",86.4631927763625,-0.519906050799516,-0.951632307841912,-3.55252778787502
