"","","par1","par2","par3"
"cv",86.2590044439306,-0.570131186990542,-0.586578397917782,-4.32163735609876
"cv",42.8159622375016,-0.869184919750955,-0.52583938644484,-5.20013546978332
