"","","par1","par2","par3"
"cv",36.0070541896098,-0.34197551787268,-1.07509577946513,-3.73381741708029
"cv",73.0008839717759,-0.354217400686315,-1.09254622716068,-3.74509970259247
