"","","par1","par2","par3"
"cv",70.3825922927802,0.136409194403009,-1.24918129918282,-3.10061610325526
"cv",83.7490198791105,0.204328712087999,-1.2622528277521,-3.13219073983383
"cv",59.3284541427605,0.23454738682118,-1.23662892909449,-3.08564584185703
"cv",65.481020296243,0.22094561602256,-1.20255292646287,-3.09399557758379
"cv",64.2484026234996,0.196464606449067,-1.19848024899611,-3.0982062472709
"cv",76.2801947520705,0.218632368908002,-1.19494199415443,-3.14598375898245
"cv",97.5057767281793,0.177673373192247,-1.10970961472391,-3.306430378416
