"","","par1","par2","par3"
"cv",148.546780358451,-0.0949624021429285,-1.47795712422149,-3.41382852164979
"cv",83.5368008558786,0.361259449042999,-2.76885788864708,-2.6877411879059
"cv",94.2482339522441,0.00914481087393638,-1.49859039668143,-3.14791901760804
"cv",62.1605961045965,0.351512638518167,-2.81315083343775,-2.71884074744068
"cv",73.0088602962913,0.285537148229582,-2.48999502719022,-2.71177461009875
"cv",51.0129477217678,-0.169124682877391,-1.50056537880523,-3.16908435366468
"cv",58.7848488184147,0.375862237194107,-2.84239927512638,-2.650965762598
