"","","par1","par2","par3"
"cv",51.7259095381541,0.0285774321069662,-1.23825787553683,-3.26362922697477
"cv",50.0548037173309,0.0200431469142023,-1.3161372659781,-3.17459505415171
