"","","par1","par2","par3"
"cv",95.5904035141781,0.426682422952693,-3.24568166180738,-2.15044335345504
"cv",73.6629562669685,-1.24634956425635,-0.634832850957386,-8.23668608546843
"cv",124.530079743277,-1.37001205796312,-0.631078300458416,-9.96907887188418
"cv",73.7422732907695,-0.972568312286923,-0.532737417854369,-5.81584304321738
"cv",80.8335985723006,-1.17831242703164,-0.610577758335024,-7.53840834288654
"cv",52.0544842410085,-0.882161899563641,-0.444069344720236,-5.23773214073988
"cv",93.1595314920599,-1.2804066554009,0.498596671854789,-8.7586250485095
