"","","par1","par2","par3"
"cv",126.729215075401,-0.55493476095466,-0.720499539253904,-3.36212947997693
"cv",89.1101793990997,-0.770742995160594,-0.743548714797977,-3.88329585385754
"cv",117.845615682274,-1.40674323013133,-0.680171425750506,-9.98884762481347
"cv",75.0026696174928,-1.13251755256426,-0.654914202172633,-6.20517381648716
"cv",130.83668744315,-1.3472513742469,-0.574372472416624,-9.07664030790329
"cv",88.307766042787,-0.970553890270833,-0.456627878002393,-4.91198688627972
"cv",105.449458813231,-1.41081841364701,-0.466467451456175,-9.93172013664807
