"","","par1","par2","par3"
"cv",86.0379824304695,-0.230930593139473,-0.995202310042703,-3.44678546298272
"cv",99.4096812405218,-0.27105522100006,-0.965045892249148,-3.56918451686727
