"","","par1","par2","par3"
"cv",0.029982014387056,0.15682399113223,-4.1243961528116,-9.99999715150494
"cv",50.4092658261032,-0.833055272717621,-3.85898911128885,-4.88684160693435
"cv",0.029982014387056,0.156813784646808,-4.11411907450635,-9.99999817135665
