"","","par1","par2","par3"
"cv",103.747473045067,0.623048979142339,-6.9691503452416,-2.09423519774093
"cv",104.492309414908,0.654555640014644,-5.83218855759885,-2.05508189983825
"cv",68.5494924741915,-1.0309391695373,-0.617526928429038,-5.96210173362936
"cv",99.1414602613432,0.597869952389051,-7.541503178658,-2.07997988572017
"cv",111.090400058301,0.6065747392829,-6.2307791599688,-2.10765244359583
"cv",131.781988114167,-1.22702973173232,-0.162013583549911,-7.84790496954374
"cv",69.8865338180681,-0.822011691545386,-0.36909404721562,-4.7202925218569
