"","","par1","par2","par3"
"cv",60.1346672471549,0.0164625208681562,-9.99998912922904,-2.97702484748783
"cv",54.5470935442012,0.00567519632821678,-9.92022390305417,-2.95434043543771
"cv",52.587607292237,0.0247850245347841,-9.99999985618624,-2.98922814479692
"cv",74.2169658420811,0.0155410518833257,-9.74640725847106,-2.81756616269715
"cv",77.1776119608363,0.0474202723410865,-9.82696690858799,-2.96681626423569
"cv",89.3704570762634,0.0987250527584405,-9.99187358591552,-2.9542640982194
"cv",69.8063167354822,0.0102206743393781,-9.99999900805777,-2.83429316946319
