"","","par1","par2","par3"
"cv",107.737708170435,0.523958194520887,-7.42272581420773,-2.07746548563881
"cv",101.406138852999,0.573258145443849,-8.16911421535546,-2.02730051452335
