"","","par1","par2","par3"
"cv",148.557269741914,0.213030842296313,-2.48708747067835,-3.34278104512838
"cv",80.32127903264,0.340028662055565,-9.99999626397136,-3.1582845849936
"cv",58.4379988757554,0.353090160855596,-9.99999937940484,-3.0442668124134
