"","","par1","par2","par3"
"cv",70.9646344980252,-0.469690401611831,-0.966109972244199,-3.84397694469349
"cv",81.5969342627047,0.321042201429501,-2.99597017065852,-2.55472609800151
"cv",66.2170248564224,-0.471995723422454,-0.95680066810972,-3.81465946398936
"cv",130.271306678191,-0.418416517523649,-0.928818775157337,-3.99113223093658
"cv",37.5672478998916,-0.441833441484078,-0.957988429828749,-3.7956678057177
"cv",86.2905487823512,-0.522737520101523,-0.898491439721685,-4.00037277097056
"cv",76.081348573416,-0.46137449197938,-0.929831165416777,-3.91504706273964
