"","","par1","par2","par3"
"cv",110.721481626624,0.395035534126352,-5.13018560068899,-2.39875505941107
"cv",140.594842847728,0.330253225387886,-4.98352214190031,-2.53302978563605
"cv",112.516526568008,0.299763724177691,-5.93887012237759,-2.4272841776524
