"","","par1","par2","par3"
"cv",127.560541515848,0.13232397632329,-2.79442500179099,-2.99269285949085
"cv",64.1908641186199,0.353952564873821,-6.7558410725266,-2.74598618943483
"cv",68.0136021252595,0.334518993128055,-5.52663139267339,-2.82539320632371
