"","","par1","par2","par3"
"cv",78.7098847325461,-1.30551482691836,-0.635586564595363,-9.08937347272339
"cv",62.5481789294314,-1.14373696602412,-0.376058135602846,-7.21288766449997
"cv",74.4014278127354,-1.24389241695467,-0.630173256303002,-8.3595218986653
