"","","par1","par2","par3"
"cv",117.779391144524,0.213516728914847,-1.6539241652167,-3.76879614473463
"cv",53.217135796007,0.56205626402291,-3.03529820050867,-3.13821861944469
"cv",73.4378211556961,0.443541368247919,-2.53828755397296,-3.50344460453421
