"","","par1","par2","par3"
"cv",108.068699193043,0.419230075880145,-3.07341254739437,-2.05725793811339
"cv",132.176790158237,-1.29084090349945,-0.249905616871303,-8.64708778966827
"cv",77.1476628828627,-0.794225369825651,-0.726957420355546,-4.56711137234609
"cv",126.937519556593,-0.661028435046857,-0.709828893669534,-4.27379917636902
"cv",106.839837050559,-1.00414116916798,-0.690323054541818,-5.59316742658646
"cv",74.0798051145985,-0.728997652991849,-0.74533571334975,-4.27848441674035
"cv",76.3301612485982,-0.586630504332792,-0.824948997017835,-3.83006889984816
