"","","par1","par2","par3"
"cv",65.9932752483352,0.516607838787179,-2.37294158821988,-3.25454572302966
"cv",72.3253292129698,0.411148169255872,-2.54361400818413,-3.22787740546152
"cv",68.0399597802889,0.470626686014998,-2.60518905454092,-3.16805057924263
