"","","par1","par2","par3"
"cv",102.997102099431,0.689382635567362,-8.15343919729511,-2.13026168656502
"cv",105.521778642307,0.696509286598122,-8.76786598801571,-2.09584715942171
"cv",104.85147670594,0.693020566847746,-5.86325120947739,-2.13429190115823
"cv",105.116319290924,0.733790533916279,-9.68012755330326,-2.10066719601144
"cv",99.6290117707882,0.683543779859385,-8.92624612179772,-2.1123081580004
"cv",106.611829891429,0.710636947165094,-9.00623861122214,-2.17123200156694
"cv",90.9801493648668,0.679638472309837,-8.87857306766396,-2.11272809756248
