"","","par1","par2","par3"
"cv",89.6732958334682,-0.112688400907117,-0.854418383416025,-3.09914757740262
"cv",95.6379927306567,-0.164595367244454,-0.860811078587639,-3.13370756080586
"cv",85.3706218656035,-0.161662509014297,-0.850527260356568,-3.1148057560932
"cv",102.365982182306,-0.094104940789181,-0.879525607807156,-3.13419192454782
"cv",118.774364015656,-0.123897074736666,-0.81710441350197,-3.32810407545744
"cv",93.9967232331161,-0.114313834774366,-0.845803384122986,-3.13522386317944
"cv",85.9425188153702,-0.129326908470876,-0.828780733766256,-3.1439405319697
