"","","par1","par2","par3"
"cv",69.4947472251274,-0.43721931806886,-0.732628594384042,-4.00919239056422
"cv",91.3417221724143,-0.571027485924285,-0.658208232773092,-4.35783066047646
"cv",81.6431251130322,-0.489850093477594,-0.697322130734798,-4.06429490027048
"cv",74.6775418420943,-0.476887801393901,-0.736995493282826,-4.08055470993041
"cv",117.987817445801,-0.562543313429205,-0.69316754076504,-4.32663281859896
"cv",57.1174184652062,-0.528864532872014,-0.703858662250522,-4.12813115916434
"cv",101.319323558603,0.563061569109911,-3.04503593093252,-2.20808584382855
