"","","par1","par2","par3"
"cv",98.2794590559835,0.240364828302702,-2.29868218255171,-3.03241099537413
"cv",78.9542765397698,0.236096172810347,-2.15979893473854,-2.98755897631036
"cv",42.2425004577907,0.210387308589133,-2.18803896773946,-2.94982739181735
"cv",75.3273479093747,0.196017856814407,-2.19882969912803,-3.00454634371993
"cv",82.3605075241147,0.165079150917994,-1.67585084536247,-3.23267194311607
"cv",49.2641359382198,0.135624254148328,-2.02020951684335,-3.01889888897244
"cv",54.2912871016185,0.0543299388827343,-1.90567888260024,-3.05574331701639
