"","","par1","par2","par3"
"cv",73.8617201329853,0.39982067713404,-3.33123675397344,-3.00459833386683
"cv",106.391733513678,0.357392914895842,-2.61291752022961,-3.23252143315891
"cv",69.4548406672852,0.0893973622789678,-2.04079736607747,-3.26432955540643
"cv",48.5671531559349,0.0346594922166666,-1.79184016868809,-3.24815823684322
"cv",37.0671120331688,0.142084581782876,-1.80150320494227,-3.23828919357941
"cv",35.3258995813799,0.359101965759738,-2.96403768464966,-2.96190508400407
"cv",76.4773189010062,0.102141079779553,-1.84399273936631,-3.22002015989569
