"","","par1","par2","par3"
"cv",79.3025719340504,0.170182027513743,-1.9799358623646,-3.4513780312686
"cv",39.785621135491,0.0626349702363339,-2.00304587643647,-3.46083787001573
"cv",60.6503506196788,0.0907606647020623,-1.95380359129975,-3.46036957937854
"cv",33.5196450931811,-0.098528033183582,-1.71983770791987,-3.61258759204219
"cv",57.9060037801373,0.0994986227634295,-2.02552944506202,-3.52949743656367
"cv",37.2547934631416,-0.034060169950791,-1.82727945593856,-3.54138018687254
"cv",65.8925697377089,0.181199569284387,-2.05671576965264,-3.53038421867112
