"","","par1","par2","par3"
"cv",105.729014835934,0.539126740274496,-2.36452261993866,-3.26019307650787
"cv",62.6626043352118,0.421527304753026,-2.15687577995954,-3.09960893138535
"cv",53.2754132305617,0.459893284565829,-2.00740009288084,-3.11786212506865
"cv",84.3608054346493,0.402190753719621,-2.08097263882329,-3.22086174704193
"cv",60.7327766851657,0.623983264836567,-1.8316710215522,-3.1632529232228
"cv",32.1004695348814,0.459667804793167,-2.16828328057917,-3.05629152390287
"cv",74.4884935206286,0.34800650509775,-1.87978464159751,-3.1251117608004
