"","","par1","par2","par3"
"cv",67.9825356582234,-0.398490501275923,-0.808054260330014,-4.0258223340373
"cv",93.7311503082693,-0.351108811362495,-0.828044323489359,-4.01934857597543
"cv",68.604770410271,-0.335447223119388,-0.82355786303513,-3.90714481392876
"cv",60.2616662050318,-0.348497734424625,-0.823379030281697,-3.85875396248321
"cv",62.6175158570733,-0.349735439565625,-0.82699216075181,-3.95818250767089
"cv",75.6436710307243,-0.314513693496599,-0.860549862952907,-3.95153042856496
"cv",62.4284302798136,-0.365295868780894,-0.809144914303008,-3.91097278988646
