"","","par1","par2","par3"
"cv",18.9388327579236,0.0183123512989516,-3.24188947960851,-2.96306533898514
"cv",46.8938866778276,0.0232946202014923,-3.36763381462335,-3.00096128827157
"cv",55.7765865719573,-0.0258607902308426,-3.54155951717063,-2.95563128875779
