"","","par1","par2","par3"
"cv",87.4699589469504,-0.41571429396322,-0.828561802160041,-3.94224151083947
"cv",80.5763106889602,-0.450539789522659,-0.835527251874205,-3.96462456447951
"cv",107.884928261487,0.486785599699956,-2.98031616803734,-2.31096422450912
"cv",63.803804016183,-0.472502049305265,-0.821220291888538,-4.04750299223376
"cv",75.7415195801467,-0.476835285138778,-0.837830437007721,-4.07140081764378
"cv",95.4726018029435,-0.461465591434617,-0.819827995236849,-4.04281499257005
"cv",115.359467633532,-0.543785590093837,-0.69328220310636,-4.29903703646718
