"","","par1","par2","par3"
"cv",95.5468537929024,-0.813482426195592,-0.538707025448637,-4.65592499988229
"cv",65.3373674968324,-0.708419694306323,-0.728055053806319,-4.17545132696191
"cv",86.3667074899867,-0.756059745926135,-0.697850551899852,-4.43568255867219
