"","","par1","par2","par3"
"cv",63.0383720189263,0.158940259385833,-2.32923172348138,-3.74757351683013
"cv",60.5108007373257,0.137973571351206,-2.41454612048883,-3.81096073421185
"cv",38.099145316628,0.131827072128218,-2.37672755341982,-3.68083667342143
"cv",62.0836074128871,0.340117915668188,-2.58974983814402,-3.82696048917465
"cv",27.9560415085232,0.120772554382239,-2.40493666280401,-3.69821773799729
"cv",36.2143024067447,0.1307713781665,-2.41554920249337,-3.703939981021
"cv",46.7709354433423,0.224509052575177,-2.59276010861188,-3.68463780375947
