"","","par1","par2","par3"
"cv",99.4820052038872,0.4161956192868,-6.15361430621747,-2.17123100201145
"cv",94.6742966952441,0.443697364001985,-7.12998482373493,-2.13571052220095
"cv",103.441843126778,0.443271500779824,-9.08109690609993,-2.190473170931
