"","","par1","par2","par3"
"cv",76.4944784854947,-0.280610889918618,-1.49316705107125,-3.42669032935351
"cv",112.920751427819,-0.335409873740192,-1.42638407600237,-3.70943590816848
"cv",86.6993148209203,-0.250752815306201,-1.60992854449691,-3.41266506743563
"cv",61.2757186262945,-0.364934562267267,-1.41051867504576,-3.66884591216757
"cv",110.638690512839,-0.559399029287447,-1.10651170075496,-3.93530709930551
"cv",25.8915208987249,0.327671260081926,-3.52258627568702,-2.74909791925733
"cv",65.5339066587272,-0.327538805285493,-1.31516211080071,-3.73169106802878
