"","","par1","par2","par3"
"cv",87.0648366659268,0.486804749855738,-5.9529156055562,-2.81109370159996
"cv",85.9551756048372,0.453377352163379,-6.83091137702735,-2.8119375620111
"cv",70.1344361416253,0.484790961626601,-5.83221776864006,-2.71536718857749
"cv",51.9425171128862,0.466387492162724,-6.65041877620475,-2.73000481000275
"cv",41.7995729495964,0.488337602479417,-5.42887959919348,-2.68254968424774
"cv",80.177612713953,0.481014551005108,-6.52752515315339,-2.75018464017228
"cv",89.9313576028996,0.46494290094735,-5.91871040042077,-2.72303519753721
