"","","par1","par2","par3"
"cv",98.2138526813021,-0.540206956542886,-0.918386436830122,-3.98479870029366
"cv",95.5903908352966,-0.165663178967024,-1.31978369756823,-3.01769987597853
"cv",75.4124493228759,-0.458922556968349,-0.903011093155838,-3.63273040092493
"cv",81.7883956180381,-0.456184925295766,-0.932168914064453,-3.95320178690381
"cv",107.315747479685,0.133216484998597,-2.38701361555836,-2.51942762988275
"cv",87.1145198488595,-0.564048160029936,-0.856368786678534,-4.03447617608229
"cv",87.6557838675598,-0.872654775252545,-0.737577645917593,-4.71293501515485
