"","","par1","par2","par3"
"cv",156.896148000338,-1.35216749850661,-0.527327943015194,-9.3641122394492
"cv",94.9854672568987,-0.539592327999968,-0.855180873151124,-3.47608010807
"cv",99.5370290097924,0.52153099270588,-4.40703661680634,-1.95737807837278
