"","","par1","par2","par3"
"cv",133.662465768107,-0.200219816997284,-1.24224706168138,-3.58618318182649
"cv",60.1421743295819,-0.224931337631305,-1.22607705960828,-3.37829680019249
"cv",59.7625085016255,-0.266625459956662,-1.18814886902643,-3.50443758599497
"cv",110.084608136854,-0.412166093480483,-0.943241677030761,-3.81570140076871
"cv",118.971034920673,0.465978751457287,-2.44491822638276,-2.70151472914504
"cv",75.3520921459914,0.364653833772984,-2.36263671460089,-2.67082090175787
"cv",91.5683399968887,-0.354638125813118,-1.02705779534746,-3.67093360858713
