"","","par1","par2","par3"
"cv",29.983889998532,0.254147015154207,-1.9577765168649,-3.92625424188764
"cv",64.845088530701,0.71198034864472,-3.78830503883588,-3.97168062646866
"cv",35.7075704063661,0.238395612000558,-2.43348054713361,-3.80433541982163
"cv",22.6393906127411,0.30926052605254,-2.55529420472965,-3.79268496288953
"cv",33.7193964927938,0.153977408791541,-2.23209442578446,-3.75696919076387
"cv",34.1938861167285,0.292720268722806,-2.47114784856641,-3.75111066533025
"cv",41.8181901196298,0.575103788573909,-3.57631707467643,-3.86572113262759
