"","","par1","par2","par3"
"cv",39.8643228189995,0.500932864549277,-5.71604769468251,-3.59893897610346
"cv",64.8566846590638,0.449445196945371,-3.90308607035363,-3.57006730427768
"cv",59.9140355135801,0.40487983981983,-3.37273678150932,-3.3765191375954
"cv",16.6432953981309,0.53462295545981,-6.18724837661705,-3.53297179329794
"cv",30.6618093613057,0.489908751812816,-6.06367024686304,-3.53596878591314
"cv",72.9592705769769,0.543423464886968,-5.18367503295824,-3.65807039657257
"cv",84.157429068141,0.514926588418531,-5.28161892379415,-3.67158873567253
