"","","par1","par2","par3"
"cv",50.9380117660903,-0.598235750392438,-8.13105582592019,-3.3651202561506
"cv",31.1721930177622,-0.594574302933423,-8.08134572382847,-3.43735909497402
"cv",104.219579033817,-0.358475955196321,-4.32982226683859,-4.28865939601938
"cv",28.1024758444379,-0.625808458613605,-8.50628158263914,-3.36611583932789
"cv",91.7736030600033,-0.717373874368134,-2.80155337744655,-3.57876449418852
"cv",9.65933744954581,-0.631262638363682,-8.14591482413145,-3.4245925700987
"cv",60.4106081238254,-0.425507751260934,-6.19753767531702,-3.61334160778634
