"","","par1","par2","par3"
"cv",129.501040886903,-0.477271842541261,-1.00695794001039,-3.81269623232561
"cv",94.3275919572882,-0.5085618634793,-1.00525616648889,-3.64677366246998
"cv",105.558782373241,-0.583807513103756,-0.936038894025007,-3.8486050024779
"cv",75.6050817440048,-0.493129577981899,-1.02784912414202,-3.53584004859746
"cv",80.4300116848161,-0.560921930858753,-0.944065886417464,-3.80545932931618
"cv",94.5754530708688,-0.562632307555582,-0.954879892997711,-3.85805631984825
"cv",79.699226924615,-0.53237872539586,-1.0374277027734,-3.74247271577601
