"","","par1","par2","par3"
"cv",58.5417469583951,-0.492178005482598,-0.647571135982078,-4.02378371419172
"cv",82.4684820534259,-0.570643533200404,-0.660561675897117,-4.22750937607903
"cv",82.7983014790686,-0.500408962344546,-0.650842629927536,-4.09882637194349
"cv",64.5920188913161,-0.567698693501216,-0.630279891210476,-4.23678222339811
"cv",48.4827152556246,-0.493942901220021,-0.660254913307071,-4.07296101644707
"cv",77.2303380493126,-0.504898883696521,-0.688844083121684,-4.11674020440519
"cv",86.1790422517247,-0.514959980324666,-0.676253431459269,-4.19961155023222
