"","","par1","par2","par3"
"cv",89.1439559320655,-1.2894655942612,-0.657942118527005,-8.9360193966917
"cv",82.0822398051815,-1.35091530451004,-0.452500436601582,-9.87995742632094
"cv",67.6637642739047,-1.30780757451829,-0.411414169104035,-9.13842988344661
"cv",63.6840367198428,-1.28446551072,-0.475813359926057,-8.92519887347056
"cv",89.2557635030748,-1.35565038636531,-0.537962497456331,-9.88647898984865
"cv",69.6114978900115,-1.36036794447762,-0.653321286904315,-9.99984793183821
"cv",99.5819831193768,-1.12258561354397,-0.478124421940151,-7.04425830965125
