"","","par1","par2","par3"
"cv",94.7379545045828,-0.12304774144974,-1.27269323639876,-2.88811302071229
"cv",93.1830961563509,-0.175426805015979,-1.20865656953607,-2.98950859823556
"cv",102.842831349878,-0.166375726480291,-1.23031342185282,-2.97923740069256
"cv",104.536619698722,-0.197479040759653,-1.18821274741084,-3.01457220733978
"cv",99.9703734793788,-0.153710217982112,-1.18698658045087,-2.95388085858537
"cv",89.3506985747966,-0.174551833042216,-1.17687298019104,-2.98382221866697
"cv",86.4055536015398,-0.138112976856194,-1.24102748924185,-2.89802842854512
