"","","par1","par2","par3"
"cv",162.006671608246,-1.35928018632014,-0.676482937819652,-9.99813611118641
"cv",131.323244221237,-1.36424329755197,-0.677298466091258,-9.99317771342902
"cv",103.124887514121,0.235652035513683,-9.96649964668136,-2.34813662907012
"cv",147.532549588337,-1.37481956143155,-0.816585079385179,-9.89943366128403
"cv",118.672175263565,-1.3720734010943,-0.677706101255464,-9.99961783215482
"cv",94.9084533211941,-1.37962098259114,-0.675389817568176,-9.99146104989042
"cv",103.757300972733,0.230353191758757,-9.8944598225758,-2.42427296334225
