"","","par1","par2","par3"
"cv",73.7050075870954,-1.0200327083752,1.83784443949784,-6.16700792128085
"cv",89.9787072472658,-0.914228346242863,-0.173641474913762,-5.41402490677187
"cv",71.6929395689196,-0.881142615412783,-0.449656995677239,-5.13531923842947
"cv",53.6689218743191,-1.27266808421041,3.56360891449145,-8.55531764606402
"cv",93.8545646151693,-0.642737875467697,-0.640520691145065,-4.26860555089955
"cv",59.5334761841563,-1.22583674070699,3.28723576238315,-8.0645593956836
"cv",71.6371328923902,-0.757586187170565,-0.547808397712145,-4.55672312680511
