"","","par1","par2","par3"
"cv",85.6571467504387,0.00137814237819914,-0.947405666738113,-3.39286865385901
"cv",83.876916728725,-0.0340472759425918,-0.9366934610291,-3.43407859957542
"cv",99.6992186700296,-0.0651499275750064,-0.940514053656707,-3.46449360316544
"cv",90.0563940740364,-0.0494157083266744,-0.937253329501163,-3.40189854342025
"cv",78.5300724737868,-0.042431470864145,-0.90719037365862,-3.40184415929713
"cv",80.0521378591914,-0.0375602349835602,-0.865280424612657,-3.49846905056567
"cv",74.4053333438642,-0.065028933963574,-0.883226843911804,-3.44425062154315
