"","","par1","par2","par3"
"cv",102.887540205982,-0.196813927878858,-1.75145405652635,-3.03331796573165
"cv",99.2745742294288,-0.217935085866391,-1.6695109711937,-3.02159952809034
"cv",117.866203868997,-0.193061354947961,-1.73843052456265,-3.13299757342254
"cv",92.9244176095804,-0.31833245307147,-1.54127451269814,-3.22688633051273
"cv",38.1307446335943,-0.166085983300963,-1.44291709087285,-3.07077865444644
"cv",131.346457103275,-0.462458534879404,-1.15883105541854,-3.56866009906604
"cv",34.1251764252339,-0.215877467692992,-1.51560794991377,-3.05247490639039
