"","","par1","par2","par3"
"cv",89.3802170514064,-1.30138563825292,-0.315771665541143,-8.86134520805721
"cv",106.183120540992,0.564552760382798,-5.0186993795319,-1.93692420538542
"cv",80.7840173771477,-1.15964740486744,-0.190261098313347,-7.19040498920702
"cv",109.484361800455,0.49897756343478,-4.60099409845585,-1.98105059358915
"cv",112.454019287716,0.426160806731594,-3.36885862490249,-1.9445164667115
"cv",95.339547847691,-1.11308165532991,-0.291438399920485,-6.68868727371107
"cv",83.8837714350355,-0.755674775179211,-0.374373430967607,-4.38905703834973
