"","","par1","par2","par3"
"cv",97.1573563403835,-1.05832065292858,-0.606649440949747,-6.15578105998831
"cv",93.7616262072865,-1.25054034305486,-0.281547276995528,-8.0746503134995
"cv",86.2743267487034,0.575119877471701,-6.21672540447822,-2.17043398830397
"cv",103.983140882455,0.566195719461093,-6.83068855117071,-2.25184384880674
"cv",68.1476797751322,-0.913649771087079,-0.54947443153338,-5.04895212466459
"cv",90.6946361678773,-1.03744732598419,-0.506616788625171,-5.9666567734337
"cv",138.83780855726,-1.0080994079903,-0.561254473810707,-6.08505710598418
