"","","par1","par2","par3"
"cv",76.5461416072205,-0.0753424380268642,-1.44469620486813,-3.72622302009338
"cv",66.119352648149,-0.05660868932951,-1.48310060877736,-3.64856375403802
"cv",45.9648237079648,-0.0647516811277066,-1.48434461879326,-3.6937834082857
"cv",28.2549853273307,-0.0184733773023358,-1.42944240892124,-3.71701146893575
"cv",24.9323804493043,-0.0467759828974957,-1.46674739290093,-3.64123190136449
"cv",35.3313816902576,-0.0727567087173959,-1.48813099774684,-3.65219470406534
"cv",99.7630645933876,-0.126253974909254,-1.40693959308775,-3.91797318875492
