"","","par1","par2","par3","par4","par5","par6"
"cv",91.8341559517227,0.915010526054367,-20.1625626069767,-3.14101305501537,563.597761503111,-58.372628533302,0.875099811550081
"cv",99.8882042900126,0.775230427996251,-7.47422455684946,-3.01548188597639,916.545344183569,-155.339648435033,2.27043684947231
"cv",89.9242827581252,0.876911054989001,-9.99343925821158,-3.12812860317528,252.47601600886,-9.10927211581637,-5.39018815544746
"cv",106.26120805426,0.904196521796915,-37.5328033437594,-3.04662811354899,328.142709027021,-22.8075175689586,1.3414174746568
"cv",70.7109593504903,0.884786994740763,-20.8914350187057,-3.18698353858337,459.2908585612,-46.06489198153,-0.817363533633966
"cv",73.5046695991715,0.79193021399891,-10.7241148391044,-3.06320661622877,491.129046879547,-54.4845755405416,1.45016792695969
"cv",93.2057646621269,0.797232411135487,-8.76662257116243,-3.01179125052452,579.637241174166,-83.7704851706569,2.05636955396113
