"","","par1","par2","par3","par4","par5","par6"
"cv",85.5134739521126,0.639948767135585,-38.2044848955314,-3.17240527985707,209.686239627891,0.960326922067463,9.792692529095
"cv",81.1561848888266,0.784905332312841,-15.0352021178852,-3.52415528177784,225.138999082197,0.948299049701092,8.62779675012973
"cv",103.072129684072,0.700962028560723,-26.9667110357307,-3.21113169672425,259.504666627223,-9.85144302960957,-0.367648626871251
"cv",102.616595412129,-0.283500523640644,-1.37981191650033,-3.50150096960407,-869.425302305344,122.702839078859,0.232469924346405
"cv",47.482826112,1.00224310824416,-13.3013456031755,-3.64664072621614,233.808868633767,-0.677429877803661,-9.29173348100736
"cv",44.7306063957827,0.911192682462631,-38.0377046368249,-3.44977987289253,246.264823112521,10.3570616397926,8.64164709113538
"cv",44.7099174566319,1.07784486960449,-22.0928369085164,-3.7192652311205,302.040522277051,-15.322732567536,-8.48330481983709
