"","","par1","par2","par3","par4","par5","par6"
"cv",87.6276379643745,0.56902187640583,-42.9886580058537,-3.181947572479,-37.0789221235374,156.538678254499,-9.13041427970003
"cv",65.4332721567213,0.294701596709947,-17.8950291916281,-2.98330692674694,25.052279251131,4.42298557969882,9.92941648579984
"cv",44.8431503305749,0.452843634439538,-13.3144208705649,-3.17230363341961,-46.1761650661299,166.317619357325,-1.9586647480859
"cv",44.8609609869029,0.611336150149932,-19.1968489756878,-3.3347249308517,-31.3851006713988,188.722107023487,-0.626585139739433
"cv",65.9244841970458,0.502578725335885,-16.7208719803123,-3.15944466638084,-61.0975408926606,199.296843176898,-7.03888198379138
"cv",108.564065836378,0.417194950227139,-12.5760198806795,-3.03246891216156,65.6750767757762,-49.7615717127929,2.71692978054519
"cv",12.7719198768704,0.289732575309789,-10.6981296908339,-2.92758069536433,-21.3150285001893,-3.76703692414196,1.54382943211629
