"","","par1","par2","par3","par4","par5","par6"
"cv",93.0029279852937,0.318887204035333,-1.40803387573455,-3.03257977049544,-426.033093436525,49.4711983152198,2.23972363439138
"cv",95.756679449073,0.180105058455403,-1.30549218911798,-3.0088706879026,-537.338687160764,-396.233457606286,-6.73685138167356
"cv",79.9495346497062,0.23115388482618,-1.33327735041091,-2.96979669454843,-348.051566570686,29.8063792786894,2.46767610625166
"cv",91.6372508628894,0.357722760826857,-1.13965302374829,-3.14761453705128,-121.08556025331,69.6802838996335,-2.44466667529196
"cv",77.6961898751788,0.415709897221385,-1.62107674791015,-2.63708593754194,-739.022515248507,56.2263125262896,3.19190573462798
"cv",81.3816424936608,0.313129341897344,-1.47051033171608,-3.04273867217822,-871.4318504731,57.7180362306535,8.94079831047109
"cv",80.5656172262355,0.178004850227651,-1.41101702309504,-2.91731374248162,-80.5075948806521,-693.423215706632,-3.19462401404557
