"","","par1","par2","par3","par4","par5","par6"
"cv",86.4429084560158,2.2786566809033,-20.9616150193546,-6.05440041433954,422.487143296758,-19.1612275054927,-4.92640688084066
"cv",84.9792878650701,3.32274849667041,-26.9990414882841,-8.09213026504696,314.229939230309,-4.21977453780031,-0.0465105953089875
"cv",77.9288896036075,2.67066850065258,-35.6323563733177,-6.69252834022371,269.791437048034,0.409827143038353,-1.65386941457893
"cv",70.7548086404447,3.44440969421357,-44.4852622207566,-8.31070083876862,313.57726273129,-5.88228744188893,0.176145086552468
"cv",71.6282431536023,3.1127062944636,-31.8210068655084,-7.63091700103276,239.616447543043,6.70976416243667,-1.69147963497418
"cv",66.6108646827444,2.96580298770683,-43.3983161171581,-7.29106195551305,329.543444755195,-2.19912067447353,-0.551920062799308
"cv",68.2817611334135,3.1489923825321,-20.5755038343868,-7.57682782924566,704.836658667773,-0.152046546839323,6.13312137162211
