"","","par1","par2","par3","par4","par5","par6"
"cv",89.577091534659,0.48882662768601,-2.05038985565248,-3.49336247653021,762.313764748466,-1.75630020211457,-3.91105070166012
"cv",85.8486471522766,0.4247769472442,-1.81019033383202,-3.45705900020309,628.665023150771,-82.7919012702149,-8.80682957001233
"cv",98.9134085251647,-1.06446229014546,0.876686988100396,-6.6569226978744,189.511911108204,-37.8451290837993,2.59127386926007
"cv",93.9470106937338,0.500588056503859,-2.33777033235855,-3.12697610408422,861.825753928976,-140.316466778937,-5.41130202127741
"cv",79.8478553164459,0.45325529340341,-2.00476746497495,-3.31110889639555,204.551968787756,6.67631181673025,-3.07514587698426
"cv",65.0013379324723,0.40359107303049,-1.72675400933099,-3.45040288809509,741.917322427868,-84.7942793258438,-8.64090537716598
"cv",78.6361724036943,0.557317513202654,-1.99212524649592,-3.1793234566287,666.082371126417,-73.8816228284577,-7.72125190840402
