"","","par1","par2","par3","par4","par5","par6"
"cv",92.9986457467813,0.130901961747636,-3.81464459925501,-3.03334177467054,108.694039385375,-6.09332488521979,-4.03857080679477
"cv",60.7471443178422,0.150852326271585,-9.70872031004657,-2.92369268974888,79.6706443517898,5.02006415733062,9.89446426024949
"cv",46.8327416597531,0.0675423687698713,-33.522866132911,-2.88888312726148,91.6556727635031,0.66275034264566,2.10283191828898
"cv",42.6358902515066,0.0881309007026367,-3.16375598935222,-2.91860007074185,564.572745909761,-936.469188710003,-6.9692217832839
"cv",39.3156554482102,0.139661621265114,-3.67740991650017,-2.97275334685684,102.846156697439,-5.44081411052065,-3.1967247841871
"cv",75.951048846317,0.117175827668693,-8.76516728666617,-2.87447831490475,73.8070553520196,9.20565233881617,-9.82777909580124
"cv",75.6965694697149,0.228236092597533,-25.2709900382876,-2.99213552082073,66.2235897449235,6.94324626628554,6.24573894776404
