"","","par1","par2","par3","par4","par5","par6"
"cv",130.050380212023,0.461962801757133,-2.15883577721177,-3.25943652180044,93.1445373217063,-514.013202691118,-6.67921523837425
"cv",70.2630123192468,0.381751491060848,-45.9173816708467,-2.87614718935679,74.2858944776821,7.30002392659223,-0.837318750929863
"cv",34.1835022663715,0.411164672049264,-19.6977370250954,-2.78814881028068,50.5648607850131,3.72404276699027,3.36599712986595
"cv",45.806767012609,0.49779398376847,-30.2013930797098,-2.92455105274899,54.8395404277301,32.1692874174494,0.708353724330664
"cv",36.3566994482969,0.474623113264826,-38.8145765071657,-2.8464532167615,50.5884966082673,2.5277091842133,4.15415273594582
"cv",97.1646107577781,0.547228265957104,-41.6485581890954,-3.20235351468212,61.4350445667006,32.2954186269209,-1.25932305148343
"cv",40.0226204046401,0.414954956229858,-6.14125572732783,-2.84228146312024,90.9226362922518,26.072165683064,-7.91083685771277
