"","","par1","par2","par3","par4","par5","par6"
"cv",89.4354129900569,0.598764142539137,-15.8146025049013,-2.7580186506004,77.9796329642386,-5.18403415428463,-9.00563994344925
"cv",86.4053539700506,0.361846456542125,-2.12651736156909,-2.83197303437562,499.154708494967,-357.139540807768,4.4212411420581
"cv",77.6820010429723,0.517408058123876,-3.39864776319059,-2.80829785449893,856.367094926696,-716.583545963034,-8.79462422621928
"cv",72.4398281267124,-0.0761359801586388,-1.25663259908452,-3.17356730715991,-255.419621209492,3.3339103164284,-4.05058528644023
"cv",81.7474536176162,0.552889536443427,-2.34818682277014,-2.94519277989062,857.09686062758,-657.459365904262,5.31312106363831
"cv",76.8130994413951,0.782342204001847,-12.9987867481538,-2.80979713784253,91.8580838715867,6.199883076113,-1.02581776613375
"cv",77.0871969320821,0.652229436864471,-24.5250958469377,-2.74937269624483,96.2347829923588,-9.40171629190445,-2.3625391760137
