"","","par1","par2","par3","par4","par5","par6"
"cv",78.1360961847169,0.8848636111027,-13.9396184496757,-3.44774272643659,232.573225256056,8.88179731085869,-5.20909509874111
"cv",98.541252778133,1.18268640931335,-14.2953992844251,-3.94192887989477,520.091730683579,-11.1175547418397,5.658875037916
"cv",79.495725037134,1.27169002004047,-16.700800922893,-3.90226136991866,491.385359299453,-33.4658605894313,-0.290714877297952
"cv",84.6151116172056,1.55168503745388,-17.4349084329755,-4.59137477255589,595.756006987995,-14.1446922326907,4.2065087286358
"cv",88.5869545811745,1.03193720355236,-27.9574420682956,-3.67628000139628,766.954620350054,-61.5778983186351,-9.38553277371946
"cv",96.7046324048499,1.04379917622805,-44.6798766595979,-3.51974307838558,270.958733376867,0.388889568916322,-0.239080243242618
"cv",115.214172260655,1.08076724344547,-7.19473746963025,-3.70906478358017,435.200777992543,-21.9422439172225,1.82180932257324
