"","","par1","par2","par3","par4","par5","par6"
"cv",62.2116081410419,-1.29233603172386,1.80629984950173,-9.03616538239368,-511.649892030354,-534.411962032613,-2.29164836361296
"cv",90.1656947377295,-1.19400645942416,2.43784671284327,-7.83240353599363,-592.867169381994,-424.77461643366,4.97493944202166
"cv",73.1974558870605,-0.631146516202757,-0.598405940249757,-4.16937686567431,-609.714964205899,-695.284563647923,-8.37043082509508
"cv",52.1261338276145,-0.80630439453652,0.133771886670141,-5.09324153954808,-510.717718501128,-2.60024021419374,8.77484776115639
"cv",46.5165960204977,-1.18803929959957,-0.503503633556793,-7.78485439932493,-493.780699553633,-367.300402442933,-2.93538810504118
"cv",87.8112263420621,-1.17637973743018,-0.291459758176214,-7.90868399832371,-665.628359015663,-266.339255888706,9.02566211702097
"cv",76.2151955539857,-0.797131272939596,-0.415306769001525,-5.25709901550565,-780.854200012982,-518.568751653734,-8.01572781987488
