"","","par1","par2","par3","par4","par5","par6"
"cv",91.7252360026963,0.778219359879534,-49.359221020097,-2.83884728285479,148.858852797796,-32.2425889038801,-5.47247963203557
"cv",83.4404186152787,0.804763271513132,-41.7281156487026,-2.82792326625124,185.267817308157,-56.2537008035996,-4.30684661130543
"cv",97.8868784657239,0.748782029674194,-35.6709757576368,-2.83171406441381,161.174943211702,-35.0979872651029,-4.68306366372371
"cv",76.6544461245789,0.737187648516267,-40.6641002511606,-2.74892218590258,177.06419945225,-40.3072348750748,-7.93770829681307
"cv",83.344940050479,0.710805690115483,-3.4677380037091,-2.88542287765539,148.934588846862,-32.6145325308586,-6.90852523759801
"cv",87.4273903420218,0.681289783934761,-37.4303944878326,-2.77035115618817,149.08186491045,-28.1343905986905,-8.17133477965158
"cv",83.5476160895463,0.809085787052929,-36.4037472289056,-2.75846249209279,141.364758145199,-22.5586347151369,-1.0243816502182
