"","","par1","par2","par3","par4","par5","par6"
"cv",99.9685107278592,1.12327178753437,-45.5730205091945,-3.86643302923058,419.811815652895,-26.1551490748439,-1.34731654927562
"cv",103.864341097562,3.79014744059616,-24.3975428787342,-8.80885930595795,948.544947650856,-49.4014719868102,-0.417408050361536
"cv",79.2433943020327,0.985819072169991,-9.39145574653937,-3.69703664460755,872.988433278241,-85.8817325382729,-6.08933356590569
"cv",74.8372280399459,1.50769233626484,-16.3426357088611,-4.28795705062896,763.686678584698,-48.3716636797831,-1.27921860004661
"cv",87.8245124119792,1.59283627624093,-15.043811453292,-4.43370151333511,427.125205300241,-18.2768390936436,-5.78266095690817
"cv",78.4913842261054,1.13189344937867,-16.9182998937964,-3.55361454714772,766.783737514014,-74.0902450661187,-5.47627524007112
"cv",102.738877232994,1.8060658271279,-32.3915071865062,-4.92254914564946,293.76202018677,0.146366704702402,0.177609962303571
