"","","par1","par2","par3","par4","par5","par6"
"cv",86.0343891810843,-0.111775956943678,-1.25304684575951,-3.11200079559125,-715.59332789364,-611.329799481491,8.4791976084918
"cv",80.4308674627814,0.58520887214417,-19.8006427038558,-2.80112683863661,225.818509292269,1.85857837058541,6.88608092974093
"cv",88.7249262071037,0.517089146259077,-3.82774954322338,-2.8760093663569,246.520509799309,3.71541102398552,8.81715815255693
"cv",84.0078458673944,0.744159140020466,-39.4953227619594,-2.86870451882182,284.021814290686,-13.322739312328,-5.37315502951278
"cv",66.5597225734201,-0.222495509581423,-1.19368145786708,-3.28518130201845,12.620194411084,-750.624988386852,7.42756927293206
"cv",97.8142560130725,0.63474463617874,-3.11863044486446,-3.07182221636026,242.426362033284,0.833182300377239,-5.06449916400015
"cv",115.659791032267,0.670923080739721,-23.7921578229102,-2.8648469333948,188.740073044147,4.69231875257712,1.42483180539301
