"","","par1","par2","par3","par4","par5","par6"
"cv",92.5460189083601,0.648108468624484,-29.5612296766011,-3.07548456908839,78.8921354314854,31.8132882851731,-3.92862202800607
"cv",94.1100807941364,0.647281431175011,-24.8848380001288,-3.0897385101243,204.151638402912,5.19886372238398,-3.26249884528184
"cv",84.7224740570135,0.569651709638558,-12.5601934543359,-2.80231132844249,98.5025286887007,-0.849110137214709,0.785316915733787
"cv",78.1617514072258,0.595357237065764,-14.3604790402767,-3.03703863244828,84.0098301115338,24.2131544453857,-2.25037863985429
"cv",81.1818048968999,0.688461915879807,-26.157178869471,-3.02656940057045,268.565979417345,-14.2771983844771,-4.54052180577303
"cv",83.1473624441473,0.548811967050199,-18.4335916531634,-2.7911870672686,81.6986612019888,12.5096272314449,-3.97172768158887
"cv",52.5558645352382,0.860998231047769,-29.511717809404,-3.09659102669198,63.6651404201984,36.8953017761569,-4.26322483610482
