"","","par1","par2","par3","par4","par5","par6"
"cv",55.2890369744193,0.565791724216972,-12.0072597042948,-2.96981214191366,209.405533256707,4.95053562266884,-7.11353402715299
"cv",85.659524871035,0.447210790812953,-14.7466032314342,-2.78005428038385,216.758034706799,-169.666195873632,1.76923502302716
"cv",57.6723609969764,0.482841820406913,-12.8164576061632,-2.79494208609807,778.827687449524,-482.712692260439,1.65464375104347
"cv",71.3301374618708,0.356389869228382,-3.58021632087605,-2.80532882523661,870.347599350512,-598.574848057628,1.63498170446797
"cv",36.0377263295762,-0.033586061172024,-1.28777516317241,-3.27723780204705,-137.982581276447,-543.164644390345,-9.37669265477035
"cv",69.7376728620177,0.465701602611761,-8.555749632137,-2.73328602054983,226.109364697087,-180.476881169996,1.71112134551955
"cv",97.0544981132035,-0.193113627556563,-1.19778033312244,-3.6200676457443,-29.4195105581038,-976.186505583116,-4.71581779941264
