"","","par1","par2","par3","par4","par5","par6"
"cv",76.4529500531215,0.739951387369388,-4.95819320385331,-2.78016267462395,17.7659407896291,-20.9142682611423,3.84561660995053
"cv",71.8521157731199,0.573264203702551,-12.5916617960276,-3.09752408312739,514.487494639511,-603.373533114791,6.04551523396614
"cv",53.9058562311067,0.458890446818587,-9.52218521262887,-2.94669631398934,604.944258872392,-733.371783270165,6.81993926409632
"cv",71.2566809516476,0.488559799010915,-15.7096897767813,-2.91327698122104,406.409082443856,-485.757643508337,5.1571565139206
"cv",72.7802022305695,0.574835246279854,-13.8954520790065,-2.95311888740696,99.409150891006,-100.03179625508,0.297796807153428
"cv",44.6011969781308,0.494956646646591,-9.86517657284441,-2.95026306648346,609.747124865524,-848.898508326695,6.26139320804663
"cv",122.296841732649,0.66320156772032,-13.9490728955577,-3.1208789593209,30.426409852513,-43.5595823022232,-5.10289886021645
