"","","par1","par2","par3","par4","par5","par6"
"cv",58.3807527188029,0.634205798753063,-2.88005069268035,-3.19910120610023,-16.8298429905712,26.784929728323,-2.59726385120302
"cv",75.4303049568401,0.468214553413148,-15.0080931384507,-3.44147335995797,60.1068677694854,8.90909532971976,5.46572261955589
"cv",74.1844513534711,0.489066500711688,-15.7419048864955,-3.44550559350173,43.4641050131088,5.77864793296752,5.1176037368658
"cv",37.3788045058383,0.581544811317853,-2.54699856674653,-3.2084274478637,-107.339720269384,68.2451709403748,-7.97752046707153
"cv",27.4698781371718,0.592524214566813,-2.8328320765103,-3.1177409762234,-72.7694532552387,53.8813087844833,-6.39795709401369
"cv",89.5090937935103,0.537776586892228,-2.08008260220583,-3.45400730742895,-338.775239763785,134.481163386588,-6.18698419122869
"cv",85.7245116600807,0.513557954477022,-2.64615073976697,-3.149911188345,59.1194244171342,-199.422651580631,1.3630458050862
