"","","par1","par2","par3","par4","par5","par6"
"cv",112.18000263534,2.98347427740153,-20.5565648881183,-7.32067127803709,208.763267060497,64.3877693032219,-1.88670223269127
"cv",78.3882939471797,0.697402587095671,-24.3144022619612,-2.77093130414779,209.58062064783,-9.2386291676948,-4.52441037307402
"cv",101.667120306452,0.630237734752967,-10.1398810422163,-2.64138959282694,90.332709780701,2.29954981785323,3.35652949441735
"cv",83.458822459551,0.672898977514824,-4.62520516442617,-2.73045135206337,420.856877229715,-100.413665295149,-6.89121955999051
"cv",117.028516714366,0.682241297538,-30.1279299906915,-2.82422746195078,294.21923536771,-82.9579211279422,-2.5918844655855
"cv",88.2199515468477,0.743974610288569,-21.7606068458629,-2.73366063312802,183.791807632279,-9.64525051518402,-1.6722337116503
"cv",82.171825734672,0.863641295913167,-31.1075720276843,-2.96388343986889,256.703377558474,-15.0405286947257,-7.9251713549882
