"","","par1","par2","par3","par4","par5","par6"
"cv",95.8952312579073,0.803609260318378,-27.8815992908981,-3.37873227473266,275.67926374835,-5.54518299045625,7.28288103360683
"cv",94.3365250052703,-1.07706937573064,0.950150252139187,-6.52064809539703,-806.451616890407,-971.118755763456,-2.09811511342967
"cv",76.8609984721821,-1.21738374450665,3.11580213718116,-7.90927215105482,-548.202833436991,-429.978347141287,5.31662418735876
"cv",84.9406022555038,0.839814135812201,-14.3853502347241,-3.35148858842245,316.196378243921,-15.5436028819855,-1.89517590464881
"cv",86.5771448799321,0.874736652370887,-48.7437633622117,-3.46169342851532,244.33876854535,6.3065967195669,-1.76487815546335
"cv",75.9782888840283,-1.21266429531691,-0.280244269641221,-8.04796725254215,-307.929497984492,-946.09539067239,9.86505182192082
"cv",94.598615784093,0.917916744194259,-10.7817174566253,-3.46007926317528,264.018101311307,-1.21387202426075,7.21560645130259
