"","","par1","par2","par3","par4","par5","par6"
"cv",61.6688651227282,-0.911988901971601,0.855707353587136,-5.54826689536868,7.65181473779609,-898.190080653876,9.87594586981636
"cv",70.7585904434587,-0.904363506168127,0.363561167341857,-5.59141553497565,-301.899540141428,-733.68034340483,6.61610934615929
"cv",80.5042899218675,1.39922764217421,-43.0168471204616,-4.40650080467623,816.944296918279,-40.8322082640253,-0.35673538222909
"cv",67.5567231468811,-1.05110383878549,1.24110711541371,-6.49351466301814,-464.977402621651,-826.759003730313,2.80670389567349
"cv",92.9737411665201,-1.33306145174434,-0.608439666219056,-9.41551624366641,-801.43589371952,-928.872504300894,7.66692919767766
"cv",67.0172824639776,-1.29007992980816,1.34197998823018,-8.93870990279478,-722.180870082805,-666.051982377263,-5.25519821133645
"cv",58.5382666477237,-1.35189236051062,-0.404715886712072,-9.50372979765109,-298.687795642763,-250.405858054997,9.59439771715552
