"","","par1","par2","par3","par4","par5","par6"
"cv",97.197152060991,0.552533655662407,-2.14063794269036,-3.52790791722564,383.210061983368,-26.3631487765288,-5.26539369020611
"cv",76.5787100324619,0.866476189894015,-42.2227800094778,-3.21624536158019,228.377328591394,-2.5902708310018,-4.97798543813076
"cv",75.6193606405505,1.05661332033057,-3.89294147435655,-3.68889642000187,742.906095925719,-74.9648040946541,-9.02158339004407
"cv",76.738431339971,1.04478375474286,-3.90329806407999,-3.66193436595731,917.415625095582,-103.419876788486,-9.03673019117291
"cv",89.0668880471356,1.17319829575202,-3.80470071747437,-4.03040426318003,405.219026717461,-21.6076408809014,-2.7020455750402
"cv",53.1156601606341,1.11729105305073,-4.17810904073833,-3.66361820593042,962.986613887491,-107.439206923935,-5.4608696632887
"cv",56.9678076847158,1.31932624541667,-5.89447799166549,-3.80077587357464,270.660390466554,-4.74453807461188,-5.14780646655709
