"","","par1","par2","par3","par4","par5","par6"
"cv",118.926848391137,0.329273221640816,-14.5269977029339,-2.94703968231059,-11.007714650628,30.1332996687631,-8.74083423987031
"cv",99.938235862021,0.492025415858162,-10.3851809294645,-3.05236102365036,42.6980272980063,41.1355737240676,0.701468125011869
"cv",91.3713433097026,0.502462322363416,-8.12838124977478,-2.97357754278582,74.1388209318645,24.9866094220851,-6.60266052977074
"cv",72.9702423381549,0.626054037630723,-34.5161869187789,-2.95358554088973,65.0107949414608,33.2930324503747,0.635273380543919
"cv",37.6294667798948,0.373661981023736,-11.0687981027673,-2.94739850801985,36.6017569738212,12.7423927555752,1.40686521132129
"cv",36.5735913631072,0.679596384905596,-33.4278344262599,-3.10662841709013,78.8513173693078,33.8041494176739,-5.90780248335283
"cv",56.7793783273297,0.299433286759542,-18.5553567802322,-2.64892786304628,50.5583676362575,4.80991469560833,3.31999714324585
