"","","par1","par2","par3","par4","par5","par6"
"cv",97.1560456955148,0.516191695828303,-19.1182482281472,-3.50971625455416,40.9915670410425,11.0850083050886,-7.86226545364715
"cv",47.4864314881384,0.4799645873058,-41.6465070816955,-3.42098076546623,611.329039282704,-586.409190772712,0.952447019476767
"cv",54.2669372587659,0.543524674919924,-43.6337991846189,-3.5932570373221,258.819161492148,-96.6087635487831,-0.379736564396155
"cv",42.8677553872675,0.527207204884976,-21.1857459046356,-3.37797467628508,290.755441379424,-119.163688790982,-6.28766711577884
"cv",55.5543113640381,0.607361265191465,-15.1954310176155,-3.59123082156352,247.262784398187,-91.6037065655079,-9.10815780789483
"cv",47.3292235816761,0.569245159646188,-13.3668011659388,-3.56797812748495,253.298281917352,-92.8539080752881,0.636054337956011
"cv",53.8378424585651,0.543540751041344,-12.3092398553901,-3.48963918346141,570.363734383136,-277.697126638162,0.632964330725372
