"","","par1","par2","par3","par4","par5","par6"
"cv",64.9787142197943,0.220665448100133,-3.86019486383269,-3.41164841429933,199.372009374201,-79.2035909639475,6.78345517776914
"cv",53.698023324453,0.221775722082051,-3.62075359108262,-3.41891360543845,922.562365502076,-311.147326673307,6.93942233949604
"cv",56.2976950885849,0.102150666119929,-2.21445160471806,-3.75161513371638,-36.7931417054796,36.4699958470648,-0.1461317224404
"cv",71.8168065737668,0.384154539556107,-9.60852976161452,-3.38069814210699,47.6859919520475,5.55523239651142,5.5531907536705
"cv",20.6686108242843,0.192592338052315,-3.15906084348704,-3.37308715102775,137.282077792823,-91.6802569616859,6.66698904366982
"cv",42.2656096316635,0.138982677508814,-2.04903366847113,-3.71623582139772,-172.874986882213,-438.009543684751,7.64875725663002
"cv",39.5800795673167,0.167240318407371,-3.70543790936777,-3.30087040115762,71.0351955297243,-55.7213556983009,8.35577514112455
