"","","par1","par2","par3","par4","par5","par6"
"cv",95.081110007846,0.473704182355232,-1.92423033144277,-2.86535263774532,-971.214850660063,-252.504961722312,9.1674068954017
"cv",75.2475745711433,0.615728365902708,-3.08701907524395,-2.84502708428061,131.134630666724,-33.0075304709129,9.17599963420498
"cv",101.546075430329,0.612921603459963,-2.27817807013779,-2.94563525582107,970.041879284172,-226.319597456957,7.24701285200621
"cv",70.2485502336308,0.274850679903639,-1.52366313464521,-3.10842773254502,-280.714681531517,-117.108584907627,8.80896932606326
"cv",73.7761267343857,0.616169675461342,-2.92300256236955,-2.6416327674238,100.333233599648,-36.1820353918184,2.02690170622699
"cv",82.6676443717109,0.650978204685926,-18.7135595231278,-2.69237383541929,157.460871825996,-46.6556676482084,2.64115890881467
"cv",73.9835529962566,0.678562830609393,-24.054179958233,-2.65530607060531,120.900603869437,-28.1985754192074,9.82818260610062
