"","","par1","par2","par3","par4","par5","par6"
"cv",107.194560583522,1.04057623742051,-23.7519099101906,-3.49017818088418,313.374715753316,-15.6646570466193,-0.731186599738237
"cv",84.7320064779969,1.22188419574011,-26.7720345455838,-3.61667601788977,533.523127536567,-40.8785166826256,-3.35560625327065
"cv",78.6048724188482,0.980484728930621,-30.5112897742908,-3.42169994663114,363.649948316541,-22.8938171300391,-8.27254470480994
"cv",117.944497178946,1.74047543301658,-39.0908260539329,-4.80588362533883,277.515473775566,10.1559479941842,-3.28756511700935
"cv",99.7001651737995,1.11565008422093,-40.709804697009,-3.45785673351482,320.98655568102,-17.9524984790385,-7.03065502999059
"cv",95.476756033599,1.09303774505006,-24.9938992974006,-3.59835733699302,429.471177598024,-31.639460734545,-9.93615903261315
"cv",63.5321340403732,0.951712573284105,-17.6183104891296,-3.32478650133059,313.101679298141,-16.2348664531023,0.368634556175716
