"","","par1","par2","par3","par4","par5","par6"
"cv",71.9557961159887,-1.20865109398209,1.9440271249041,-8.09842217915789,-331.370557829817,-758.57478838753,2.72459760093512
"cv",54.1276083413219,-1.30476537246555,1.77300583026557,-9.03292950708419,-71.4525601131894,-965.232864818535,8.33157855834822
"cv",60.5060743251666,-1.21502053460926,1.11000255277051,-7.95289152393695,-559.302221018618,-862.971054191041,-3.0681484285742
"cv",68.391482682811,-1.09911824150953,-0.688436035962895,-6.82527413050763,-385.356591609418,-860.438988795293,3.89206497414429
"cv",77.2782411210942,-1.08581131960342,0.968752915805684,-6.50054418596952,-730.323045138793,-920.329206765041,-2.31450209872926
"cv",105.424811657825,-1.30745506903804,0.472164722685703,-9.00603535399189,-891.78171649238,-715.377821288748,8.06238528454832
"cv",83.1528032181799,1.73042882505023,-36.8627247144266,-4.60880649800083,288.397970831682,-2.46837225943455,-3.72534599950214
