"","","par1","par2","par3","par4","par5","par6"
"cv",95.0709526501546,0.715045052550214,-3.28634987605466,-3.09927762782679,284.711347202889,-12.3541300953205,-2.24506430327892
"cv",117.707114858737,1.0213314121626,-24.1751497664467,-3.21358546083597,987.121356446508,-125.815866797173,-7.9105143868484
"cv",83.8338337282087,0.578827444823258,-2.80709548886908,-2.97287731099669,766.9586675978,-139.247210008842,-5.59951985627849
"cv",93.4919698964335,0.78906516961593,-6.90807799139234,-2.98859082588339,233.746239910844,-5.68955521001808,-0.791738037951291
"cv",89.7014737123805,0.737603470537062,-4.39699451981422,-2.92546953391439,649.475385330766,-73.7575404721499,-7.5047647440806
"cv",90.013790439546,0.760117504693012,-3.59082396123522,-2.97164239253786,898.866901610341,-115.217373043981,-9.23998801814797
"cv",73.8056518924204,0.827022869077706,-6.51147078977298,-2.9096003795631,285.776827011425,-14.9603949436492,-9.72730681557875
