"","","par1","par2","par3","par4","par5","par6"
"cv",113.116242948752,0.488606032644774,-12.6685396573668,-2.75967912965315,-1.55620322591684,42.5606660339428,-5.54251146910172
"cv",69.9218560643237,0.751115901782554,-32.1119152948883,-2.86358218546345,18.7037347338333,45.5260231800308,-2.34820220474975
"cv",74.6560239950563,0.599016958305004,-15.7323150359979,-2.71662045931157,56.0644356418293,-33.6118312759128,-9.7926912319752
"cv",68.0225521019846,0.569902683890694,-14.9914073116948,-2.72457417893025,53.9804318983954,0.624317068507366,3.12680075876415
"cv",73.5022698287103,0.500072942916815,-3.82616461658193,-2.70395457899389,60.6487984839553,-2.01970610966359,-2.48735568361927
"cv",99.3455162096893,0.614098854543803,-4.69324770581131,-2.68205026234347,75.3324344223157,-54.6603851404382,-1.70920016875621
"cv",69.2212109366305,0.56308415460716,-10.9619516947805,-2.61806735860003,57.7531777297905,0.423843183209399,4.57202008876131
