"","","par1","par2","par3","par4","par5","par6"
"cv",83.2760458247586,0.372962790405063,-40.8486701816079,-3.23712876958279,106.513484495042,-38.0187969979197,-3.6514665265925
"cv",75.426801596943,0.408924600566943,-12.9636239742029,-3.39218362226388,145.022282832354,-52.7122229941883,-7.4121757294249
"cv",81.0692745750086,0.427110191049118,-10.485333733038,-3.28401942077952,903.058285165635,-665.581949279041,0.80031194758108
"cv",23.8530671325251,0.455463816475987,-14.2660983505428,-3.32126214305162,133.837934774804,-47.2376733164059,-1.1744240824463
"cv",22.6079374146555,0.430501152481597,-41.8964235180447,-3.34140566395386,107.557637077013,-36.9950935428657,-8.76078676432371
"cv",80.3702094386438,0.511452262371779,-17.3746983986348,-3.5391764593965,197.185047197024,-35.3857073176101,-1.77603936296457
"cv",17.2805576347125,0.486563250332739,-12.1198180947563,-3.39758676816727,145.971030989361,-59.1630058577022,0.815495530059265
