"","","par1","par2","par3","par4","par5","par6"
"cv",72.2323385213422,-0.486185362983053,-0.493879804619023,-3.89982436747855,-752.891148609632,-656.504700185113,4.52934750669266
"cv",79.2899480378827,-0.843938634300996,0.904682585765976,-5.03647269090513,4.61600625161952,-34.7611520707129,1.54686743326485
"cv",104.142267261295,0.663665831551399,-2.30649734965436,-3.35622029514394,194.678475015408,4.94842752195016,-0.886530154164051
"cv",76.1231006620781,-1.19535280732853,2.74640588780915,-7.44535948628507,13.6212438852056,-127.947582733017,5.0683621052381
"cv",80.8598943960949,0.573721580092753,-2.07650702834369,-3.38875465565628,504.77696781223,-63.1690259889402,-9.97870470616989
"cv",104.967329363574,-1.08787755814761,2.78799427570138,-6.93434553033958,-312.77054048811,-469.155005196614,3.91055063810199
"cv",78.4452528649702,-1.15626100793339,3.29741474613547,-7.37604551482946,-440.052936403213,-283.907964715691,2.91858132462949
