"","","par1","par2","par3","par4","par5","par6"
"cv",20.7724739820543,0.489819289153317,-3.13812894112956,-3.67366593720684,102.493637119246,-143.799780501895,3.04610353845666
"cv",48.4038590248897,0.49914970189311,-23.9435305670688,-3.48148705091024,108.389882082759,-159.739216455354,8.47274732666938
"cv",34.5564943057699,0.537384910208998,-21.3794862094145,-3.51858422034018,98.5147410760674,-139.445452125254,-8.3801182015838
"cv",35.629479970591,0.460849648397076,-3.7263013594902,-3.57710621939041,109.649362318165,-165.328782730797,6.36253616246613
"cv",68.9905146975924,0.437754858889574,-3.2648547581409,-3.64623892002981,99.5289140688317,-135.835045051538,9.63656698743547
"cv",19.3449072708469,0.597808690363082,-5.7026992142075,-3.48349248160096,99.8455791943093,-142.894178743458,3.27543534538622
"cv",75.3086690391109,0.568391738543129,-17.5047657717766,-3.64738855225426,213.369010410452,-181.736295326685,6.70249537749104
