"","","par1","par2","par3","par4","par5","par6"
"cv",59.8642852872952,-1.09877148297025,2.57843287153096,-6.94765918951847,-733.186630050633,53.60455035181,-9.74517379946225
"cv",68.7035475349544,-1.02637077177957,-0.643141680888672,-6.21176375072443,-775.952138673259,-775.948197742182,9.16186137112305
"cv",76.7440313384367,-1.26056614063886,3.26796286588132,-8.39418085882006,-40.0726306252182,-726.614731934334,4.49810526248269
"cv",93.0435837250548,1.02281383011343,-23.3633900644613,-3.53936963412252,704.664684632214,-74.88530492466,0.0122352689504623
"cv",51.782589053538,-1.07812808826566,-0.224685198521822,-6.70106699894183,-330.427825629903,-487.863462934303,7.67379295849387
"cv",95.0416233401443,1.00692348442542,-19.2687861972467,-3.4599311205043,892.881280833844,-102.210790839719,-3.56203800468203
"cv",52.8898462855982,-1.08708003235555,-0.575983411423434,-6.65811112273728,-359.598271545799,-277.811118714669,5.21054457162009
