"","","par1","par2","par3","par4","par5","par6"
"cv",143.493479525069,0.518772207030372,-2.41228730729571,-3.18616294777973,25.1454113066344,-848.356538763804,3.78856801305366
"cv",30.5076103634579,0.449918037481035,-4.18285686825762,-2.94636145376409,75.2005388880478,-67.1692945104948,5.11505091888121
"cv",42.0317461007559,0.515081120781785,-13.9280903613958,-2.94355904321644,84.5457524390073,5.41154195177432,1.1363301626095
"cv",51.9120021853932,0.609223100990821,-22.058611446369,-3.01918015211787,75.6696842166573,-35.8459152809048,1.56205774284899
"cv",44.6089203227234,0.63950494550836,-12.0475726173629,-3.11354636197271,56.3301027624379,4.23276879849467,4.20999264648095
"cv",102.236926974266,0.527702614422444,-22.7186988308399,-2.98736434904332,74.5031246457032,-43.0307834245292,6.70428799249192
"cv",68.4708000418179,0.453912519454902,-12.0345928142896,-3.04867568051665,99.7042965741563,5.92013250672937,0.196818776554996
