"","","par1","par2","par3","par4","par5","par6"
"cv",112.850982132784,0.399725670339664,-1.45092288072109,-3.11276738068264,-390.521396417171,-856.444598480513,2.32182175852358
"cv",94.0676829713097,0.315855988427192,-3.48482279492033,-2.62463489258883,101.25097705916,1.04907496427853,-1.12981637573353
"cv",110.40715061789,0.578617145542776,-5.36914006643468,-2.76588895048734,37.2664440221416,7.63137474573274,1.98291254430158
"cv",97.0853821419543,0.576076219551002,-3.35713200030808,-2.75058738066844,85.2451285136827,-16.5079433075487,-6.67867018498415
"cv",57.6999354197436,0.629756296016314,-4.15033178405415,-2.64916823743795,96.9773300437686,-9.50906543000957,-7.26938592315189
"cv",78.0417141410454,0.630501096149894,-27.3397243301552,-2.6407666816107,71.7558851160237,4.15093785015659,2.5026091399774
"cv",45.70491638659,0.553028891841498,-2.8664838827858,-2.5771561608682,97.5071889436311,-18.5949815523991,-2.26265522233325
