"","","par1","par2","par3","par4","par5","par6"
"cv",81.7589654383764,-1.15746200905273,1.44753542729397,-7.06058590771288,-604.392255760439,31.853908421584,-4.84501689038133
"cv",83.3929389032576,1.81083881137422,-35.2862988191301,-4.89132374477619,289.958559914654,-1.84213353931525,-5.88329836260527
"cv",91.0580623784788,1.71752670413959,-14.3911928575011,-4.70620534722911,771.358316972512,-36.3205526886625,-2.86041458971906
"cv",68.0596322235018,2.83103049705128,-23.6035231338237,-6.87630876019332,684.149634721549,-40.3045100163294,-7.5214423993508
"cv",89.5121772941578,2.09199096334347,-19.4747242989529,-5.61475018258796,430.88350195489,-15.8873978272021,-8.01277667082101
"cv",79.0884697012503,1.93696191268598,-24.6905173274399,-5.17953324163744,957.207306298464,-57.0898034772848,-5.50488909240812
"cv",86.0691298081196,2.62857656854177,-21.7498362023734,-6.48509988214267,954.644098663967,-62.364042900501,-5.23686776639422
