"","","par1","par2","par3","par4","par5","par6"
"cv",87.8348833106909,0.404144922577068,-3.72205625304278,-2.66210273251156,90.3410267764278,-19.0339284035106,5.11195066148101
"cv",131.638427922089,0.476205117466449,-19.0690716606601,-2.62415043790445,547.688565496666,-805.792420941302,-7.96741213607405
"cv",71.9409895298999,0.405554568635487,-8.90910155471437,-2.62653654749559,67.7250420912054,23.7250683624709,-0.444040345028043
"cv",65.1955010734695,0.539623496398451,-33.763410479439,-2.73702257442252,187.415207410133,3.08291620186888,-6.21567238531139
"cv",76.7808731973983,0.415493320400234,-32.8022925117992,-2.81671742895384,93.2367066770999,19.2777778104229,0.76000994221136
"cv",117.636154634952,0.48691180565366,-14.2216211767457,-2.73988745754613,166.019220736744,-12.8792452578262,-1.7199567144007
"cv",96.7999386761236,0.522895840595492,-5.10022443530648,-2.74733182531653,123.238594373659,-1.58784799061026,7.84955621463943
