"","","par1","par2","par3","par4","par5","par6"
"cv",86.9664656352838,0.839554888769709,-24.0523595620596,-3.06169125729352,504.289346738579,-43.5934253931496,-4.08697582781315
"cv",85.2386329554064,0.828805678106537,-16.1305426701065,-3.23205754085386,525.631025919762,-45.0971637238039,-0.966211978278988
"cv",108.384550863934,-1.09867843022224,0.712578661162608,-6.48915600843211,-866.140258032829,-580.224970271401,4.66754195384395
"cv",83.9140869109947,-1.27329601639632,2.4494739737007,-8.50054405613806,-381.415488992005,-832.147341275862,4.77100493429007
"cv",82.1988567732757,-1.28198119430101,2.86168685867054,-8.65254477827783,25.3093238771427,-10.2962526124749,-5.07952138818613
"cv",103.7514400438,0.842134799549668,-40.6865575054564,-3.01052747574859,308.955609103158,-13.8458058905479,-5.44816771678729
"cv",82.5389618318001,-0.829483496549099,-0.250556577000228,-4.76919971560761,-83.1748976058478,-844.811951383552,6.4356912707515
