"","","par1","par2","par3","par4","par5","par6"
"cv",115.536956757015,-0.193875879699406,-0.835315529296885,-3.5227299071582,-160.381843801588,-281.267393380404,9.49143969467077
"cv",84.2747532378838,0.794583070415379,-3.34546165080533,-2.66066123581639,279.761471269186,-20.1953090537629,7.93319773020423
"cv",106.738685506951,0.758010077631959,-7.2857243876384,-2.53207105140795,770.771365000949,-103.52913232478,8.17059329398645
"cv",90.5059379046347,-0.718757025255038,0.683652264810113,-4.42469443978936,-776.513489407644,-700.686554495465,-7.21458410388955
"cv",90.0195803848429,-0.266470085272411,-0.700885365714551,-3.39937783447953,-269.889600854122,-434.003877004796,5.60031981972475
"cv",115.395312517209,-0.583240983466469,0.683495191197073,-4.70567922727007,-564.059226150668,-708.449458537989,3.00726276456713
"cv",80.7747395603058,-0.669916081861729,0.570045999023315,-4.42286653599398,-514.671875187331,-722.54310117522,-4.94698823810561
