"","","par1","par2","par3","par4","par5","par6"
"cv",65.7347957153404,0.282490380230655,-11.4602161615098,-3.34330043003032,77.8107937858868,-4.67436101704408,-3.2852569084783
"cv",26.9646982352651,0.403035496718094,-33.9951382227298,-3.71031483681042,233.969245778863,-77.2166256684861,9.82017165081077
"cv",52.0736299918234,0.402940918282542,-32.2972744488558,-3.66526166482478,95.1010859571397,31.089666266,-3.38363494903184
"cv",73.4936701812636,0.506299133228773,-29.7319699429013,-3.61411671035692,232.310655136204,-180.938680416833,9.8714817302115
"cv",56.228724387959,0.230257635824266,-3.881254407701,-3.51350858388338,107.568122110909,-473.887871923784,-9.26484271715467
"cv",44.9543477216085,0.339648058763772,-49.7241341533086,-3.52656732709073,76.3017191952718,9.31783091295863,-3.25243837721035
"cv",22.9786000696243,0.379454067547334,-12.7758591156442,-3.46211666787327,19.3308060094932,36.4465783342136,0.0302489558139563
