"","","par1","par2","par3","par4","par5","par6"
"cv",143.805892394537,-0.803705067383287,-0.369687262517345,-4.86101542088465,-613.003997713728,-884.457247050998,3.83751001868632
"cv",97.2848600119982,0.785568210929146,-14.9452061812312,-2.92883728689664,165.365778093445,13.7574124167571,-1.98396845326247
"cv",64.2074347789051,-0.655854838255034,-0.543996020710674,-4.16094081157941,-338.733522551432,-521.991702542998,6.29410768684134
"cv",78.3452305767929,-0.647079439009518,0.0388083720609012,-4.3968479597285,-205.451945147791,-537.243102360051,-4.43873196458732
"cv",78.7492789596736,-0.84277283653904,1.2278646489626,-5.08044553655287,-177.159394024034,-443.416127042756,7.23810306842605
"cv",73.0329093026456,-0.606220008871632,-0.547390258284302,-4.02410371718188,-676.199342630151,-793.545992894367,6.92875580862164
"cv",88.2782015616702,-1.35451562161491,2.448159915125,-9.27112877877732,-622.441487081144,-937.869262157169,9.92467533797026
