"","","par1","par2","par3","par4","par5","par6"
"cv",127.066960541627,0.550060943932791,-21.7777995081833,-3.28601956187863,111.461035836513,-9.23380569825416,-0.6777305369923
"cv",97.9541788008182,0.523716778739678,-4.39273162238214,-3.04043973569287,149.437092591222,-39.2117321605725,-5.37871565815337
"cv",67.9902318768634,0.537945053096455,-10.7259633347956,-2.96442962971999,127.085846126763,-56.994798904996,0.397528726789682
"cv",79.8051780448763,0.493551607374594,-32.8115223099712,-2.95997906711739,107.929555228731,-14.9082480801322,-6.75388867630913
"cv",62.3018425917834,0.534589748929033,-23.1229958767316,-2.98074524827235,104.357017019345,-7.60030650620032,-7.34261228908617
"cv",97.2106030663607,0.56617132960736,-46.7563207079123,-2.97348852278032,100.248793050122,-7.24861315043688,-7.15511758188436
"cv",59.8131479023729,0.720912661337216,-16.1308823377341,-3.27391741451758,53.7807124054847,41.3747041008568,-9.09423050164773
