"","","par1","par2","par3","par4","par5","par6"
"cv",85.9677785198508,0.544234876536349,-27.7937793690434,-2.50901745281364,-814.271134875732,194.772759876614,0.224691689945757
"cv",71.506461537243,1.78682419306593,-33.7039554024561,-4.6828341739975,250.132044047888,3.00288920353818,3.73886534853013
"cv",74.7541940930394,3.80417182248086,-44.0770293171938,-8.62612705677748,353.529844847467,-6.54901351178562,-5.23586073065765
"cv",72.748491064006,3.89029953030733,-47.4019349404838,-8.78703874774038,444.951639469477,-15.6245443899217,0.406059308340575
"cv",84.7871321433459,3.38634763854031,-40.3897254097261,-7.86851614973465,483.849585444947,-11.1651593310913,0.343664839363439
"cv",76.9960260543016,2.31163515832577,-12.1098338250605,-5.78511892918952,566.272373521909,-26.6237883858332,-3.56162585982463
"cv",81.1378855000776,0.554717252383781,-7.09596922703084,-2.5511947682913,-901.904920901062,117.643552745332,0.269938251688606
