"","","par1","par2","par3","par4","par5","par6"
"cv",60.7858438344513,-0.483435636963494,-0.26239122418761,-4.23884219330058,-869.349161294751,-937.862328077148,3.77571586673254
"cv",60.2384058304044,-0.509987343080166,-0.294284486186461,-4.09526754510785,-332.401653552594,-833.6738651723,1.98970702286047
"cv",81.1551038604792,-0.730546340715233,0.108113310411568,-4.83525919069052,6.07399456202984,-338.508115615696,3.60460247195339
"cv",79.5247837849543,-1.06030942417832,2.24486417044996,-6.72400123299113,-263.123065379602,-966.375120421151,-7.53282660152763
"cv",98.1361676296022,-0.540167046300259,0.0707518066808176,-4.64337473469228,-247.748141005984,-203.757249200409,5.9927892227543
"cv",62.6645195844213,-0.548477097562978,0.100830569863319,-4.47940323662934,-916.342647746205,265.575421628361,-0.298613216081599
"cv",60.0634568671278,-1.21376000867489,2.83848936669528,-7.96568617262434,-151.355738111948,-342.412426602095,7.27788504174737
