"","","par1","par2","par3","par4","par5","par6"
"cv",58.0036256622549,0.559130557286113,-7.09921158149463,-3.7772044956242,199.366128664609,7.90529295036188,-2.64458168710681
"cv",51.6630283606444,0.640054184661246,-14.7406351236681,-4.01748016717244,201.640293187939,5.04067925653562,-4.91827388919221
"cv",32.3107839586859,0.588638727164081,-10.4401287622042,-3.85482007969819,199.437649726816,7.79517655799879,6.54936632293662
"cv",85.7939821717611,1.68382179323362,-3.9599666812405,-6.47672140128597,56.0463948806153,377.116680268272,-3.7504805220765
"cv",24.8001636008012,0.486534710697379,-23.9305880186398,-3.7515473074603,207.834571256539,5.45564755395429,-6.10617250119988
"cv",27.1840635430738,0.473403084186515,-11.8232416031558,-3.68573064840514,184.599985611241,10.4539241577116,9.99468767101424
"cv",49.0075969422332,0.35715361927682,-11.8805402803504,-3.49454913460529,71.3378646080961,-8.77729709503863,-3.15155911363006
