"","","par1","par2","par3","par4","par5","par6"
"cv",85.9109184467002,-1.04277091814322,0.188126065201391,-6.42214765772223,-875.269576866864,-701.414499429919,8.24862489118351
"cv",80.628616944755,-1.28361415386651,0.183632239735151,-8.71871282383399,-399.808933034621,-570.428374288206,5.38044408216313
"cv",83.4875062960994,-0.835068407468498,-0.168641019803673,-4.97258588479234,-376.388297077179,27.7628250160009,-4.37219784129411
"cv",102.820945117997,1.02351392255423,-18.551800434499,-3.36297887433751,350.92717152262,-20.7735209665143,0.606419093688528
"cv",56.212072902363,-1.14446442732924,1.99499887634516,-7.44676001696309,-251.815655136961,-864.475762616887,3.96369571110972
"cv",88.0334834746401,1.08361820369263,-19.2482490437927,-3.5179865724437,479.134680957675,-25.8559944104412,-9.04876872528205
"cv",85.3480427268494,-1.08646471615906,-0.0421802452885802,-6.71774779664199,-921.822139061987,-563.942233771639,1.36892425692013
