"","","par1","par2","par3","par4","par5","par6"
"cv",114.533417907351,0.358117101872063,-12.9499441719443,-2.92445870237864,34.5624137499433,22.4113670264928,1.41412123572081
"cv",60.8893375382471,0.347742560986358,-8.57273326495163,-2.8612918554364,839.252022904824,-495.795745148356,2.87180048116188
"cv",34.9218847250669,0.368563332157445,-10.2798806503415,-2.82726913794476,811.761599979804,-485.623427504228,2.90445037423494
"cv",84.1811085694962,0.320866290803963,-27.4504334677398,-2.95550133347819,220.26814013166,-164.375947721324,1.98799640736996
"cv",42.0832389639384,0.371721353129628,-23.8347044011318,-2.86893272832566,907.495012992533,-553.294717549741,2.75657743870642
"cv",36.3429694032372,0.347345376238345,-17.0807594709402,-2.8102964887823,974.754940728682,-579.453321764107,2.90926044713083
"cv",73.7003846931347,0.371720209644883,-11.9054545191059,-2.80903160277483,702.397082839939,-411.874297743098,2.97782116081698
