"","","par1","par2","par3","par4","par5","par6"
"cv",79.6853273723879,0.670005723958508,-20.4795403844518,-3.08680649274062,901.783189736307,-216.567111553908,2.55268250105269
"cv",49.4397998050089,0.603836557297087,-19.9946346054465,-2.91491726260617,517.157393041998,-100.889070680221,3.26332172462888
"cv",85.7907791435638,0.575228745137179,-13.6200236181673,-2.89808001115826,561.046253737869,-110.482888002013,4.61573504293298
"cv",99.7247663871613,0.685001882291257,-30.7155972809452,-3.08856916277427,290.64662381729,-37.980354064828,8.74489897502611
"cv",90.6775846884896,0.631847352684877,-10.6903164602047,-2.97911451213926,958.823508173292,-217.592810642286,4.95309679016614
"cv",81.7502515797022,0.660771953577683,-9.12675979908791,-2.86659606341812,487.847104119328,-81.3407466316862,4.03000596106546
"cv",76.0311171621202,2.85647760883664,-41.8618776624176,-6.97623755729787,255.008915471922,11.0722452277114,-0.3458567502701
