"","","par1","par2","par3","par4","par5","par6"
"cv",74.3637396708857,0.134380571699465,-12.7592694758554,-3.15701858056396,851.785069513566,-976.065945860721,-0.858065120299123
"cv",53.2690768517038,0.116805296237116,-32.9158448028802,-3.08317766450689,242.956511336344,-977.28334160896,-1.28884691523638
"cv",56.9329452985273,0.153118017536099,-13.5980181703027,-3.15023247961368,240.97845740874,-965.271375096193,0.920696269216807
"cv",70.3801440767345,0.131243302592712,-18.3498780045181,-2.93824646692347,240.679140411757,-961.93149705094,-7.21330055765325
"cv",79.8325392895023,0.178753560741481,-24.5913616249226,-3.13268604859367,261.194851833067,-807.78631061191,-5.51403237054363
"cv",77.9472142789789,0.146149533267775,-32.0986231958235,-2.98929826453317,244.967977772086,-948.042636468159,-7.84078044432601
"cv",66.3267788908505,0.121173914819394,-16.2220108804066,-2.95872344743236,215.978917020767,-801.765285227191,1.35370313655585
