"","","par1","par2","par3","par4","par5","par6"
"cv",109.159864151187,0.602863610493075,-2.25434884468223,-3.01674961847717,-311.994903924641,586.745592228677,-8.20878602085716
"cv",69.4410121634042,0.635814780878852,-39.7579446202144,-2.85280394128921,-558.359164502132,950.217137591738,-6.30581380024002
"cv",88.7924886284312,0.639707293826161,-4.85154288629652,-2.88015168057558,-115.576104233077,228.170485289624,-4.90182462540756
"cv",105.806048379159,0.649000798664973,-5.09817371066043,-2.83809416355561,-583.014176275348,990.44906747499,-8.60669392555585
"cv",85.378222251033,0.85987955760815,-18.6884804372929,-3.06032456211163,32.1275414386091,79.6783958386718,-9.08288909122348
"cv",69.1817384753258,0.71495480907378,-28.7772507000989,-2.9122820077479,36.1630725008716,30.8632635014127,-0.075153368272628
"cv",67.1499109205766,3.16927353559577,-46.3483686973846,-7.29158340022415,21.6638070501467,706.964103940297,-3.25488110416582
