"","","par1","par2","par3","par4","par5","par6"
"cv",87.5727972519144,2.04073279293375,-17.6150869203849,-5.23394596228981,292.075482074324,-0.748525017277093,2.08919023029538
"cv",75.5257335682541,4.34621048541555,-26.9448393470517,-9.82894314409792,860.814502206951,-10.6124023622406,9.22117170983552
"cv",90.1597077513958,2.13792222919735,-26.8250129249896,-5.52393324901474,303.694312155552,-1.63228714866751,-7.45747243400827
"cv",81.8400771586685,2.07821905869939,-16.7901769322506,-5.3501663344338,323.758567698655,-5.72979853826832,-2.53568854896806
"cv",90.1865856845158,3.18663624300921,-14.2583130102897,-7.47286689149389,272.412369822141,1.45831386067302,2.82095847970922
"cv",96.8839378693407,3.94356260366451,-26.9912755974232,-9.01190992011388,431.464977204138,-18.4443203590039,-8.44471060133801
"cv",93.9168231559668,2.89849608624487,-15.7600218448758,-6.89046230284827,247.916565276682,5.13332896475958,0.675062625869516
