"","","par1","par2","par3","par4","par5","par6"
"cv",42.7085018659729,-1.04778833327005,1.69431966527218,-6.76237867697533,-265.556472776052,74.1562424487622,-0.564227845466825
"cv",99.4956272374517,-1.0905688510502,-0.362784854084714,-6.92251370956177,-987.528088174396,-768.70631009039,3.78643486176188
"cv",47.3754802519441,-1.12567182218828,-0.101580084848678,-7.51332812077466,-511.515579051524,-57.4993675952827,-5.51142046757006
"cv",57.3385988381245,-1.25481954716292,0.190647739501196,-9.06029733491897,-236.314668621422,-353.585991543864,5.63366134651005
"cv",45.3905970608062,-1.16432446605814,0.164535425266234,-7.7458589854134,-47.3944802808356,-948.994953424314,8.03420206841187
"cv",58.551327384802,-1.30476136884014,-0.274183088036863,-9.42858919538791,-23.4390954783674,-166.982772760093,4.7981827851149
"cv",43.7586885534828,-1.23459228641928,-0.457394086080075,-8.45214329576499,-950.283582640712,-565.400831219628,4.42659645716141
