"","","par1","par2","par3","par4","par5","par6"
"cv",106.119427344777,1.59478068199486,-39.7014814661816,-5.71422392665976,759.720966177108,37.9143688148796,0.653139331154934
"cv",103.699809831395,3.41839106753469,-30.0429737289726,-9.05920367191767,598.951973078208,25.6837581183978,0.534219129879693
"cv",79.6691668312025,2.78542190697044,-23.9117040169236,-7.8519449062925,550.844412937012,-10.0498252348192,-2.68872956279665
"cv",89.611315353696,2.86480911587924,-14.0169739950403,-8.0572800188173,861.861878071381,18.3725136007338,-4.61330972199893
"cv",96.4943748825457,2.94230164202268,-21.0844228530937,-8.36314095006644,877.828057791412,33.9171472155829,0.549811911090733
"cv",91.5837692124106,3.11768738647722,-20.3525686735916,-8.91804314527543,657.620763406157,41.360684983971,0.492859867960438
"cv",78.4318771988499,3.81033843888582,-12.5776141521328,-9.95172953391842,723.987335746664,10.3097385749226,-4.48774415752072
