"","","par1","par2","par3","par4","par5","par6"
"cv",88.9574783037984,-0.745569742500271,-0.356834050655368,-4.79219254526959,-221.689163886066,-335.500145381828,7.4506316808112
"cv",78.3670309580525,-1.06948133083892,0.659340780022188,-6.70875896607281,-174.775137100369,-680.298004547213,7.53425477473625
"cv",93.1954426700131,-1.35005824851414,1.69843376250508,-9.79525447409767,-461.889400418134,-961.036135442555,-3.86292076665384
"cv",60.333193538093,-1.23853537727445,1.50386352557689,-8.1127790614994,6.15192670375109,-291.864001541619,3.44858470372856
"cv",95.854371025485,-0.548417694527831,-0.197458243902894,-4.54936829162236,-448.366261169402,44.637095129849,-0.402966733773289
"cv",97.2726998011237,0.760007803400997,-27.6072115906241,-3.01387957021157,79.9003096371961,42.2656680507888,-5.82757387691369
"cv",69.1720891237914,-0.832218255434931,0.791896869428456,-5.1948916837624,-125.147284453879,-721.664470003201,3.69121066278751
