"","","par1","par2","par3","par4","par5","par6"
"cv",74.4592280880687,2.06772257868193,-42.969534956904,-5.49810562583286,370.227234749199,-3.17717175526267,3.85515699442525
"cv",75.8549830916284,4.17980099137915,-20.4368741100703,-9.64668299100776,257.612762357026,3.6294111737087,-5.19705464597791
"cv",79.8214469015847,1.52155083810561,-28.81271461563,-4.29194606933882,301.492619100474,-3.18933488841194,-6.56689332450146
"cv",72.5084714479772,1.29881278117647,-6.17665620060718,-4.1947892215603,384.881280554246,-5.5962282170301,9.42190874152861
"cv",89.7450471914908,1.3948503649173,-45.6933742459493,-4.12703834933665,226.039336197093,7.2402282722647,0.472735914410365
"cv",109.946979604644,3.02493477705866,-12.7700170821395,-7.48617718256303,736.1492037558,-19.3443861827058,6.05504231409761
"cv",88.0443560759646,3.44072021061336,-18.7180681128653,-8.26847209457829,516.54260879501,-13.4187510202885,2.08875638420683
