"","","par1","par2","par3","par4","par5","par6"
"cv",92.1251162641459,0.815683751695137,-15.3966828170892,-3.03741617499836,183.609254535016,8.82818668059467,0.0834060915741101
"cv",80.113372185108,0.703876939155254,-11.1125049875148,-2.86524127383799,77.3012039744526,6.44856263689402,-3.90720953447045
"cv",73.6642650225821,0.688536320319333,-13.6941258128833,-2.74377156848548,88.0826384907005,0.465986104122109,-1.44142167275622
"cv",120.828608580885,1.29507941104516,-6.86818035725758,-3.75515219771793,245.649733895404,7.11957651896261,0.445490561974215
"cv",79.8879502303564,1.08790206226703,-22.587133049385,-3.10319894221604,744.452636448667,-20.7511239702418,5.31761815309225
"cv",88.1339937702308,3.22145716798491,-7.37528553376413,-7.57139985719267,244.356223837841,70.8515304140747,-6.0686803702265
"cv",66.9417303118937,1.09848886597902,-19.7575209388867,-3.24284238566613,665.838387794793,-18.4845478803422,3.62318563139945
