"","","par1","par2","par3","par4","par5","par6"
"cv",105.737823648572,-1.24601230194291,3.19039665628225,-8.60044848356918,-54.3812807851047,-830.324705077869,-7.4859347823562
"cv",65.0023835897433,-0.65631482348765,0.0506120376492447,-4.5157172292311,-612.671051084807,116.898142516184,-3.27893768609401
"cv",77.8343614142537,-1.2818292406047,1.07789160861535,-9.0169791729041,-809.916006866843,-144.536178746153,-2.79629796508402
"cv",68.141189330722,-0.985716800507878,-0.367170361372225,-6.05813920938456,-10.597712089184,-298.619796546535,-3.63629996584611
"cv",76.8903299926771,-1.21815573369879,3.44970453435183,-7.91488962640735,-377.233452914308,-4.91771503853301,-8.21233040993296
"cv",99.0530665417617,-0.967703659369623,-0.697638795631287,-6.02419938426465,-991.836544403876,-977.261510806168,5.27126350440085
"cv",63.105716219253,-1.25619700311287,0.845804783454043,-8.67053022608161,-455.447898998392,-523.852449744855,-3.18525032532415
