"","","par1","par2","par3","par4","par5","par6"
"cv",75.4094699176866,-0.624045842558667,0.0798872394852053,-4.75214039906859,-833.930034797367,-292.412955085251,3.34988719143158
"cv",52.3294748883931,-0.513521426234015,-0.410770568397641,-4.22182330591572,-491.911762111031,-600.609864300096,5.58142860023697
"cv",50.5284455686216,-1.09519564011627,2.6394672987033,-7.19442063032325,-451.946317262808,-868.764990475029,6.31026762537658
"cv",58.8636843303424,-0.607058715321753,-0.704722001595794,-4.61093009687445,-853.359800451084,-273.721389938146,9.33674354196051
"cv",81.1017994264517,-0.827102001266843,0.631498948666646,-5.3065766297867,-776.189944956082,-922.639736641253,-4.46135860972655
"cv",84.3510071901895,0.563654281136833,-2.12215648045515,-2.88209410948255,278.352608642672,-151.359796636213,1.46438261695649
"cv",76.6195804555173,-0.550692602118029,-0.629604984619365,-4.32565083142378,-931.08795909211,-965.100866778193,3.49480443807883
