"","","par1","par2","par3","par4","par5","par6"
"cv",62.0300715117551,0.365130001693811,-1.33831822828224,-3.22514174611541,-685.001347873178,162.596440422299,-2.28638153137812
"cv",59.6219663370219,0.336496631441738,-1.5119545187767,-3.23120570557825,-459.484072408037,136.577097524338,0.5361148035091
"cv",59.2750237827311,0.39089860777334,-1.60422683635268,-3.13104988329954,-435.433114096522,120.678008588923,-0.959399663836788
"cv",53.8218308674464,0.549390918638746,-1.43259533127201,-3.05190754003408,-814.66570117508,189.362079415169,-1.24274890975744
"cv",72.8968033367644,0.418328736196956,-1.51949980064772,-3.17586555089194,-714.210577757275,171.458355855699,-6.32245458513296
"cv",57.6719834881673,0.416559952600346,-1.43046411754618,-3.1222933470673,-805.276622530073,559.701723466007,-2.4781697249001
"cv",60.9379480347526,0.35011453846489,-1.47996732388901,-3.08340283398592,-924.372151765869,123.24240116607,-3.83857772219926
