"","","par1","par2","par3","par4","par5","par6"
"cv",74.5699988701062,-0.57237716351468,-0.799007224850357,-4.37722216267139,-836.68274590152,-958.160618503913,4.29037946557952
"cv",85.7741518701755,1.0630901254639,-31.29614703828,-3.58779026921176,231.796416541337,9.6373602631698,0.534327067707115
"cv",60.0263477586852,-0.686127122155626,-0.140026700223985,-4.67164141653187,-909.203740039143,-490.588125307113,9.74541015201927
"cv",73.1716603492363,-1.03881956784189,0.40459098572284,-6.34996984331306,-359.060950850591,-894.379515025211,8.41516826301813
"cv",83.9308685881702,-0.662273144598557,-0.0922030844697024,-4.66522793540627,-728.664889943974,-108.479812275618,6.87858842568153
"cv",52.5325382092042,-1.19442849927664,0.0987966834321746,-7.62373376590564,-138.718223578395,-621.905251759135,9.31110877755054
"cv",91.7931838877655,1.18559298529776,-15.801714695929,-3.6407379982429,687.952708885208,-19.1172063080704,9.66134419199079
