"","","par1","par2","par3","par4","par5","par6"
"cv",96.0203960433085,0.939986614578726,-7.82198419665646,-2.97456950398826,475.501950740226,-25.0320928691875,-9.04582693241537
"cv",96.4019054368699,0.836457055777925,-25.7513034023491,-2.98232981625191,247.038762689992,-2.83907816076001,-7.29811490872137
"cv",76.3664883403932,1.18758058544387,-17.0118247516995,-3.21337403074019,299.679006469468,-6.88751906073655,1.10749509272742
"cv",113.557480882214,-1.05762000944813,1.36365636286616,-6.36731786482524,-691.588678796458,-402.918276173837,0.478580564715324
"cv",85.7054243457448,0.925543950046976,-27.0035434367175,-2.93178222113131,310.331266015887,-9.19616806767089,-6.34095117861343
"cv",93.8721839316547,1.02730955677006,-35.658814876684,-3.07249650060549,262.515378247764,1.8965988160272,0.935056306781006
"cv",104.952257247307,-0.627367029890026,-0.673847964113954,-3.69276559523342,-117.106736823916,-953.714562970706,-8.9161267359461
