"","","par1","par2","par3","par4","par5","par6"
"cv",88.2369726705307,0.434486612302133,-2.74949186229174,-2.73851627648322,895.210400421447,-460.816577924149,-8.23677400101307
"cv",88.8250836363924,0.642148737361363,-3.48530494373917,-2.74484126135666,494.925833186551,-190.840917611951,-4.14044239204455
"cv",78.1270975104515,0.5608455165483,-3.32782706249036,-2.74132611384813,140.980809897463,-26.6776179863551,1.00590525423663
"cv",87.9338702799382,0.49898529632018,-12.2572514358374,-2.60285301381559,700.050116504826,-335.819140665965,1.05900002337381
"cv",101.473452389307,0.59538953454785,-3.6196316243898,-2.79675735226086,182.151705142205,-26.9427177648791,1.72028587145731
"cv",79.5723096078572,0.676122600479749,-5.40152636149128,-2.78140730507957,119.857124629089,-8.73779033255406,-7.68179252289101
"cv",56.7762149456298,0.724993419638876,-47.2109539966217,-2.63652609098354,173.539691220944,-42.1268056728276,-8.6580752460603
