"","","par1","par2","par3","par4","par5","par6"
"cv",113.840430809708,0.424016281466122,-8.11759876464341,-3.19220163359037,43.8965099512456,-92.0359555744796,4.47547113803673
"cv",74.903682995214,0.36076587166911,-48.8489647236766,-2.94414764547021,57.320561896008,7.77292420265901,3.48224498797208
"cv",103.232034167378,0.448642950529727,-12.4034616181307,-3.05681802845243,60.7163368306564,-0.545749944597475,-3.65657913032919
"cv",54.1490705357892,0.436815941298252,-12.3850279724258,-3.1322391208853,60.6345589745133,-1.30827505312635,-2.36004379712257
"cv",41.7435104596296,0.508737602553127,-22.4547463322655,-3.11496008010584,68.9093059439836,-0.563360715861507,8.96234513881213
"cv",39.4679077138139,0.487048638373557,-13.6189877255848,-3.18969561764375,67.5374506133263,-3.2807649113189,-4.29015239185978
"cv",37.2665743777516,0.532977147184504,-20.3017553624909,-3.08456482188476,68.2956782949142,1.66231051904827,3.97170423995703
