"","","par1","par2","par3","par4","par5","par6"
"cv",97.2765534731645,0.992433610433897,-17.7305973626606,-3.09036889070084,253.344835300117,-6.31240734619223,-0.403221198302366
"cv",112.404485472613,-1.28520403486576,1.39732146001489,-8.55936566986083,-1.79413174961992,-714.321698496948,4.01971879698164
"cv",86.710206103863,1.07136146609763,-13.9195667133718,-3.27438556833299,189.669154848898,6.61626827440355,1.32798767905572
"cv",75.2825626419243,0.942386050718021,-33.4592631941347,-3.01243200552545,217.622856609523,-6.00950230546121,-7.66542101273193
"cv",77.4117151101957,0.907619214119167,-49.938642742264,-3.00979863848648,183.746183353772,7.30134278109979,-8.83229069411755
"cv",70.4739791656511,-1.07088569860063,0.270389014536096,-6.4916117892313,-343.881619162858,-491.60966090858,8.80245518454867
"cv",83.3490637526001,0.805523051063157,-4.244516023006,-3.06249218185437,230.77508588971,3.48168976695547,-2.46741199910845
