"","","par1","par2","par3","par4","par5","par6"
"cv",109.749873917815,0.517407614431583,-6.68326068244861,-2.7444045437267,358.234669129969,-118.0936131376,-0.786652122624218
"cv",78.7397792974705,0.595952550791289,-31.8393779636847,-2.65923277496549,212.726698011621,-50.146377890512,-6.36991549003349
"cv",87.7586032354038,0.583998791033264,-31.2603550024904,-2.75915553317708,199.478354785307,-49.4977130485116,-3.23926126612043
"cv",112.221645076425,0.628329621782973,-12.2948607988853,-2.75087880792088,475.525834635674,-312.832992708214,0.439359096462476
"cv",78.4016368550504,3.34936519164595,-11.4882634220302,-7.44938766575482,644.461210351437,-24.6989783261841,1.22669337578631
"cv",70.3844355053832,2.92401049140841,-49.8728932983105,-6.5745085850358,280.887969575276,-1.26586027443409,-4.40607965670415
"cv",73.9486572453019,3.6076584803981,-38.5889056738409,-7.90791442909178,283.554124678411,6.0551653431135,-0.639434000477195
