"","","par1","par2","par3","par4","par5","par6"
"cv",51.6521820758728,0.246314188176487,-1.25724292153448,-3.35271565401742,-508.410891445047,-210.690164281741,7.5443778088989
"cv",67.562393801091,0.387596357499875,-9.17441531043045,-2.62557546141324,870.355209965163,-95.6199527781688,8.97932589768813
"cv",87.0938826702871,0.105239629016708,-1.24911830865053,-3.19851153916478,-367.607942090554,16.23239920259,2.76635504691917
"cv",30.1406297502637,0.0723067311349328,-1.28375252500614,-3.06019352266357,-460.237738039123,80.0706786361672,-2.616520508607
"cv",83.6663795023362,0.309646589930957,-45.2005855280529,-2.67959813882979,173.565876266418,8.99467952326829,-4.86054994754049
"cv",130.98145843777,-0.084813922028131,-1.1970887775005,-3.50025445419558,25.0939215527129,-984.28756114371,2.19538627156707
"cv",118.415777057923,0.103040695262147,-1.34119756744235,-3.30634071849091,-264.823142394501,-695.129973894751,8.33885727336911
