"","","par1","par2","par3","par4","par5","par6"
"cv",77.3559550985196,2.16897220367222,-25.5530799262974,-5.81362481792665,275.316877290606,4.1597777651089,3.31086027228132
"cv",63.7873298826045,-0.815475549293264,-0.544043926464197,-5.0266948813667,-237.549010442439,-880.756970291375,-1.48015801794827
"cv",74.7273978220933,-1.29592133086858,1.16707878345316,-9.07798213185215,-55.0782843420216,-792.648507640618,2.56455099369937
"cv",90.0601913573958,-1.05101742840684,2.04711908776314,-6.95424677684969,-134.143479223341,38.4110062936314,-6.40160979434552
"cv",104.72158651714,-1.08798296724723,0.244134418210002,-6.4684650349798,-581.136931665242,-85.5715682113388,-3.10846110868524
"cv",101.195897008399,1.61584006621368,-14.3576800487933,-4.80490851646535,497.122095940936,-35.9512362411895,-5.90099544447694
"cv",81.9652595871469,1.94818487985778,-17.360470981941,-5.38518178276718,321.543803767314,9.16026085733424,3.66821997754692
