"","","par1","par2","par3","par4","par5","par6"
"cv",85.1265236723125,0.648672227037563,-23.8990223718477,-2.79398006880561,416.022044143736,-28.0241833293762,4.07501350145315
"cv",91.8076854555518,1.06467702822696,-12.9286035824146,-2.98729891286801,464.909346848914,-16.58259245923,1.40692710668861
"cv",80.9903121128873,0.677615757530538,-11.2941957006919,-2.93214162523883,721.881079188096,-51.1501484071313,5.77863710982153
"cv",111.742060449293,0.704501756035377,-33.107618012131,-2.88480459620031,486.419078283802,-45.1650144415344,3.42323092771124
"cv",131.963551611111,-0.710037065446036,0.203769691290189,-4.25418341533959,-723.629325242956,-43.5011540398254,6.3146694585421
"cv",107.434316708096,1.07265463968282,-33.9086622668321,-3.35106133345606,725.896569850335,-24.5093918356577,2.45315136519552
"cv",81.9219768759757,0.883147033657206,-10.3952866503099,-2.84604704194413,54.4594150539798,31.9110181801069,-4.1549774616397
