"","","par1","par2","par3","par4","par5","par6"
"cv",91.7346613926326,0.264125151254456,-1.45866502543606,-3.59224834091087,-419.48812882316,-856.681834277188,2.01678684670393
"cv",65.4493195742737,0.237742578320224,-1.36105026772337,-3.60630577549115,-722.125607333211,-536.930043009241,-9.62551006176517
"cv",49.5256422517583,0.125132545373762,-1.35469093262278,-3.58700701912487,-811.724453347717,-13.2662191966936,1.98744745448106
"cv",51.9665047679435,0.185355873648549,-1.48623910766565,-3.52983171666732,-728.937724301451,-947.120765404835,0.274282306748119
"cv",48.4736565243018,0.128523984208596,-1.36229075809635,-3.63806300336385,-225.080123158144,-988.886561310483,4.91766565133585
"cv",77.4424678929708,0.0678362237023556,-1.23637453511579,-3.77044437865174,-728.246734846571,-588.149604256309,-9.1774119483307
"cv",48.98785397809,0.121785850583838,-1.3607567403813,-3.62569371013948,-288.352315140421,-452.598853406993,2.22865368689044
