"","","par1","par2","par3","par4","par5","par6"
"cv",83.5353621315909,0.335337450007051,-3.75676242945914,-2.95255219598705,63.8542031934861,2.661101270208,0.160612802091485
"cv",72.4448941656458,0.391895035888917,-3.61419239222559,-3.03558286262938,105.145100360149,-19.1687507888672,4.62923333842254
"cv",76.0162572976637,0.32867458079919,-2.81440177781542,-3.02841101045895,253.963271506439,-103.301616748307,2.04955317035648
"cv",30.3696478048757,0.437030266752339,-32.3350817197934,-2.9060934987953,99.0091841251547,-11.9515575219546,3.03426191702633
"cv",90.356763518094,0.395475736936154,-8.15470076315047,-3.02309156675811,96.1180940204828,-3.34723164229236,3.26930813823982
"cv",50.9209157463751,0.422771438207767,-5.7958743232662,-2.95443665957545,100.548359421174,-6.44741707710609,7.76597149386336
"cv",69.3650901613692,0.353107297282672,-24.4952030773608,-2.93645176681164,94.3906503674764,-5.31348913233304,6.65647122577205
