"","","par1","par2","par3","par4","par5","par6"
"cv",82.4311789681776,0.630541850579127,-2.40473700939696,-3.10734180704541,536.150916479528,-64.0654051368401,1.69124910014371
"cv",94.7142813550043,0.726235144724018,-12.3965786719462,-2.79286253502964,822.265673217934,-451.722332099587,0.329840358017666
"cv",86.3759869514962,0.818879749061122,-39.3061679323181,-2.67564405323042,116.899828249866,-34.2039369119547,-4.54416817844502
"cv",112.726420710201,0.750881441108646,-3.07500393626821,-2.88368983692563,965.45191236521,-367.223552893847,0.626933572962259
"cv",152.526764596643,-0.913882173029801,1.37233894503116,-5.60489965924602,-87.5005787774353,-267.12303171606,8.90343731734902
"cv",86.2959641655426,0.796112378860615,-3.11153791610741,-2.98181623703768,35.1600320009117,30.117054768178,-5.65274041668042
"cv",98.3098025313141,0.769999022027954,-8.49595948867142,-2.75303431070736,73.0545598583575,0.93203007633138,-3.19679471494427
