"","","par1","par2","par3","par4","par5","par6"
"cv",104.172596293468,1.02967375668675,-41.2005413129867,-3.49005255333463,264.689593006898,6.32795184124144,6.28383346367627
"cv",66.1180260028106,-1.09310249541773,1.83017468303497,-6.88450612883807,-312.934656627476,48.6035330193486,-4.61139736111919
"cv",70.2575945230151,1.10283974303614,-8.60076476418918,-3.54118890953228,567.51077409617,-5.62259939230669,8.14935294289833
"cv",92.247660971591,-0.850196637486202,0.100380537817617,-5.17154517001745,-761.279129888862,124.325323328774,-4.10888238771386
"cv",72.5946934466292,1.05347282620629,-19.4619604577844,-3.47944447782595,825.722506269813,-55.9311799714335,-4.13063714280725
"cv",121.937557609914,-1.27401679824434,3.34006425853409,-8.86144261615333,-878.922595096715,83.23410144935,1.24001651646938
"cv",73.0468597766664,-1.06941995563802,1.71004540409629,-6.96025877535511,-241.394617323589,-683.891329279186,1.36175738730543
