"","","par1","par2","par3","par4","par5","par6"
"cv",87.1205859937159,0.922736178045957,-28.0022467890964,-3.00150452114124,204.825770772987,6.45429136582574,-6.57808704588964
"cv",83.7324607650924,0.831057644924803,-33.4149575138404,-2.85212504923345,137.377626305447,22.766294779831,-0.19166133004054
"cv",88.1110955203226,0.816253019849723,-26.2512636726597,-2.80121543534221,114.948841172059,23.9200708031848,-3.85280550196406
"cv",76.4137165701588,-0.323973899311066,-0.822409521788359,-3.78292808583766,-975.17188281129,42.7348318981765,-7.11133894505355
"cv",118.080184109651,-0.524282539168518,-0.112512521445751,-3.95602272745969,-511.630307453696,-911.982230277413,4.24271831961502
"cv",92.5253379033111,0.543691139339035,-1.92898216840303,-3.15414026008793,766.23605793526,-169.832758173516,-5.54650061290249
"cv",91.5685972589695,-0.499284239447413,-0.851772003807127,-3.69929130138229,-594.073912378196,-866.593021923931,3.18665281869471
