"","","par1","par2","par3","par4","par5","par6"
"cv",112.144904539081,1.2018007113569,-28.8667376680394,-3.50181049363623,699.593652104174,13.6764118563514,-0.249543249646623
"cv",114.955941375564,0.877166094492653,-21.2874130742654,-3.05565102506234,272.062731536697,-4.84682222972558,1.19758278841635
"cv",93.1336851716575,1.02451862558099,-5.64746076162907,-3.21276323693624,412.919809349219,12.7565339274236,-5.86461961076995
"cv",84.621235653793,1.00208404673178,-24.9297157355328,-3.14153302499988,511.9316513693,12.9652602320437,-1.51338410822088
"cv",91.3764080459421,0.906916419921842,-16.7525821442038,-3.11577511323171,374.730143986822,16.4147360628927,-5.04436085726449
"cv",90.8918943857016,0.978180761541695,-49.922825443032,-3.17876317264344,385.047129379933,14.0835831387434,0.347226537508759
"cv",75.3300542863498,0.984091694760539,-38.132187226102,-3.18515158282556,318.952932225369,13.0082301379495,-6.79802514949823
