"","","par1","par2","par3","par4","par5","par6"
"cv",49.1602249104803,0.825805617595235,-9.692397146933,-3.53147051994622,908.963140100241,-27.8489928841414,6.26836612530523
"cv",67.1363904267376,0.792837186231339,-7.13636902078586,-3.46812075613672,388.006750278059,-7.62237414487271,8.03133643738506
"cv",93.3021066109286,0.677055178051593,-33.2062283513128,-3.30326937377454,677.753114905839,-93.3209092295936,1.51396063526701
"cv",48.5474618532013,0.870774870139299,-18.3076364930893,-3.71443917194811,746.676199222782,-22.4203598509275,5.42735721887708
"cv",95.1892629950795,0.637044582579137,-48.7515082291634,-3.30420408655328,307.906495620632,-26.7222779259331,4.27722419049983
"cv",79.5048069760445,0.965468075224423,-41.5175574488327,-3.84844811361955,515.486127417628,-14.8875395480076,2.32215703258307
"cv",73.0761599053545,0.750041755572607,-16.5329484470491,-3.49131239987746,574.109473249301,-24.7810405934363,2.05083412534171
