"","","par1","par2","par3","par4","par5","par6"
"cv",97.1260197230137,1.0839097318645,-11.7491726914144,-3.53722415736701,314.635704914214,-8.34831760819358,-6.25708373041747
"cv",87.0655046273402,1.28552193978308,-48.4503488848691,-3.84481856848947,278.203773419627,-8.51229824870825,-2.91351259269396
"cv",74.290372849524,0.834664303576144,-39.0609796520469,-3.10106434129483,440.887300651154,-37.4967200348176,-0.904285036055966
"cv",97.7367838819953,0.988069398631025,-42.2454331743236,-3.72125900791467,279.579660641227,-10.547776821571,-7.6342402033507
"cv",101.581876443113,1.02437764528819,-28.6974619048743,-3.55541793405257,274.538448826728,-7.34639188979931,-8.33107558544725
"cv",85.4815781970572,0.90255060973313,-12.3695284902932,-3.24789861414157,268.079780514802,-14.0434601490165,-9.01902369689196
"cv",77.9276717054557,-1.33559779974594,-0.483782573810338,-9.11351742342175,-576.711700133513,-670.200375374407,2.39268404520534
