"","","par1","par2","par3","par4","par5","par6"
"cv",76.976865537797,0.299987774229695,-16.391544022875,-3.01709421601326,97.283178807157,4.2789554523385,9.47568783429197
"cv",37.7933310793048,0.331218796898028,-18.1107888155199,-3.11886697882744,85.8010304581801,5.21838094034001,6.11557613157641
"cv",71.7649644619393,0.497323115196342,-34.7145236990136,-3.29530591526524,67.4858602626686,30.6693702556916,-9.13072562264473
"cv",45.4555972700573,3.01886329017797,-19.0850512290887,-8.26550178436488,86.4951083777964,466.756836712725,-6.72776536204798
"cv",51.8198567668811,0.278070638756816,-26.8904803263714,-3.09031043713344,73.0412101498521,33.0498786136812,-0.477946282298108
"cv",88.8699677889215,2.51103297851679,-46.7049630971897,-7.06739448405512,88.0562450549292,469.744438044279,-0.379796302714594
"cv",64.7137950452428,0.433485900107213,-23.4586666487295,-3.27735969710596,197.192343057537,3.73287616168799,6.74870065947678
