"","","par1","par2","par3","par4","par5","par6"
"cv",116.394426337011,-1.32067386954807,3.71686848811805,-9.61293817370498,-702.826165702082,-785.367673628681,-7.10213228440009
"cv",72.123825973521,-0.597204884191449,-0.680569926932077,-4.28434553268325,0.591956189225243,-420.091605269429,-7.11010926403105
"cv",73.6324486255484,-1.06609026093833,1.65889680582218,-6.48997280976825,-225.605990384483,-492.053182795644,-4.23269760313143
"cv",78.9280128825575,1.48585682491747,-4.60487147439822,-4.3647346558495,230.620175370357,2.5093138655693,-0.363717232282481
"cv",56.6566124823135,-1.35885483905194,0.621902119154678,-9.86531550891737,-273.651718084329,-518.939772873148,3.57052565017586
"cv",83.3470120646892,-1.35778084392013,2.19680753797293,-9.96574268486351,-683.863480108584,-423.995302283572,3.95973719225051
"cv",60.7648724066857,-1.12385598153377,-0.108559773901053,-7.07288575099588,-363.915966031344,-971.721525537696,-8.51369591895491
