"","","par1","par2","par3","par4","par5","par6"
"cv",93.0235815981031,0.869513842154199,-16.6157775147347,-3.214740835801,196.951213543699,2.96340360254357,-0.234049715596925
"cv",99.7956223167008,0.788228655833903,-22.1850744194052,-2.99729798732885,286.793145339751,-30.4753345783736,-3.9394231652841
"cv",68.1508591967335,1.16739268283381,-33.8622666972463,-3.52697415463626,199.470649366019,3.8302647515003,-9.41526291936485
"cv",107.732513888084,1.84459376528583,-32.1439996022458,-4.95981639543381,250.455419155953,1.72555267095835,1.75985447514091
"cv",68.1574378653364,1.36019938444894,-40.384085080564,-3.84959637040002,232.661840807167,4.38260289768128,1.82810378260911
"cv",92.5148314227926,1.92642478431329,-44.4903926858852,-4.88665402080294,418.487970486283,-8.07011195441112,3.88697146903723
"cv",148.655832587233,-0.820882177635572,-0.098821221996328,-5.18389418189652,-203.77241068779,66.0405426890422,-1.49021862103248
