"","","par1","par2","par3","par4","par5","par6"
"cv",90.4418736763203,0.797668145288732,-27.9719668857857,-2.99718695053611,247.431694800895,-9.38488673167061,-8.36110031882925
"cv",81.4144187134744,0.768399160473701,-42.3208711079226,-3.03748902180143,222.94826448342,-0.522481535890741,5.86948120895805
"cv",62.2330496604345,0.788448584524154,-20.1239732530021,-3.03076796671367,309.988174457134,-18.910228227135,-9.89109049841312
"cv",82.204117075256,0.75820217748468,-3.13900185016064,-3.16881196451887,370.111578675155,-30.0444161519408,-6.74725094388232
"cv",100.73300538056,0.576607684453684,-2.86429736422303,-3.24824392761785,398.461735285707,-26.9973076771066,1.34178834471027
"cv",90.1453504549698,0.825350959518346,-45.6489784728748,-3.01808443337008,230.470882846612,-5.97694255816682,-1.8306655873221
"cv",102.369976539664,0.944074680671964,-16.3612887419102,-3.22103539838994,344.838573366124,-23.1738751704699,-8.48445756655039
