"","","par1","par2","par3","par4","par5","par6"
"cv",69.586911794496,0.56209099356299,-11.5860643151158,-3.41501333458523,431.472695557192,-70.6487467703536,3.05456928333868
"cv",77.0270795310081,0.537154362182639,-12.1226271711816,-3.33853375304733,991.441752018301,-369.649603376996,-4.46173161339289
"cv",66.6749455684704,0.542333202406293,-34.8781117258322,-3.3271778034727,807.320387252345,-215.066210975785,2.20941710330332
"cv",76.4586227642101,0.496562015512125,-9.24060643838349,-3.28312032906869,775.866948767808,-216.938890769654,3.43991437266229
"cv",64.441845583249,0.625129278508377,-46.2634110307755,-3.46867129904475,372.213658133215,-53.1464819854102,4.38516965766593
"cv",79.7751475904397,0.620990749909516,-11.5394162676649,-3.51034473768442,341.215755079048,-50.0028603206676,5.761342720866
"cv",48.5840962804019,0.463569630460779,-22.762706581263,-3.27386770327581,643.449268891819,-169.383784885219,3.84074195288122
