"","","par1","par2","par3","par4","par5","par6"
"cv",88.1361908552189,-1.24578089744598,2.20624370325357,-8.28316904992049,-654.617348442552,-350.092677914132,3.28238774091005
"cv",116.918550846425,-0.659314095960804,-0.688962427277266,-4.31440301902908,-195.632304992895,54.5121025337511,-4.53768615610898
"cv",94.8939484922332,-0.976817823302423,-0.19116783599493,-5.80694177265149,-610.60469225049,-182.819518752885,4.33078614385856
"cv",90.0453694821197,-0.683431026722343,-0.09152633832752,-4.25672965025947,-88.2161706530469,-426.05823631819,5.80974239902217
"cv",70.1744347237968,-1.19969735046194,-0.164705446558118,-7.59011901515962,-531.730729155242,-393.098969729483,3.77485063771579
"cv",70.3136043195175,-1.02718586015423,0.24533258954388,-5.95652416352152,-841.582865556797,-684.854639922589,7.25945644432285
"cv",58.0081911377675,-0.922160871879065,0.0950755915315042,-5.45335414729524,-330.219278921178,-271.457678312022,9.45352053079857
