"","","par1","par2","par3","par4","par5","par6"
"cv",95.9987628821916,-1.11494260860338,2.02689242600169,-6.71730610291919,-782.050647307187,-194.886866002826,-8.2771868887497
"cv",67.0569369259075,-0.783641495104275,-0.748609104290393,-4.49586105053721,-222.056927934877,49.1477372471785,-3.10304732925402
"cv",87.6065500248826,-1.37515918694898,1.51655446098746,-9.81320530547827,-362.435526537511,-232.349109390548,-2.823645695312
"cv",108.325385401276,-1.25186101221806,-0.578467268496752,-8.09965703168572,-247.199850412291,-253.527019777395,-4.76431467902849
"cv",101.120335544781,2.03018214365792,-19.6158455819042,-4.83237650266783,236.278759561595,24.1609136753765,-2.33079226687551
"cv",87.1135735000439,-0.697013384121482,-0.224907120077853,-4.36669827894474,-307.759133720865,-941.861781044649,0.115432971753771
"cv",94.190835761599,1.09668774714926,-49.3051604171992,-3.1822619585354,233.652968899353,6.37110142297202,7.35620590501759
