"","","par1","par2","par3","par4","par5","par6"
"cv",100.516152000804,1.12519753699136,-47.9995439984818,-3.46686799744788,826.94893096968,9.42248676787068,-8.25523835036152
"cv",71.8901712439724,0.822449273550482,-5.96509576360894,-3.19745900246849,200.617904774845,20.0688605282105,-7.21444211566602
"cv",82.8998928662228,0.98391750504495,-12.3128429298494,-3.13959890415769,455.188204870864,-47.511311021301,-4.25924999087332
"cv",93.9671923817337,-1.03967687835634,1.79969234734193,-6.74147273877524,-855.327581100091,-108.438331744833,6.94060925049291
"cv",91.7155073913922,-0.850478118970238,0.0438794275224232,-5.44928292939814,-453.166847281595,-949.801041652669,3.62398853474253
"cv",51.9994772170416,-1.34846451565621,2.89593733452988,-9.9249453396653,-353.285874960358,-667.16121572218,5.04308317458326
"cv",92.8055503823056,-0.731927742926377,-0.742815119084537,-4.64358461810358,-324.67392362179,-116.934486285568,-3.68877682042778
