"","","par1","par2","par3","par4","par5","par6"
"cv",73.8503097401318,-1.19527975037336,3.23944391217083,-7.72154256763195,-913.188783625518,31.742488824398,0.506647829956975
"cv",81.3127890561513,0.950944657746038,-14.1022037377682,-3.91135956472712,251.067542394871,1.11721130025796,1.67383320135287
"cv",114.946865326609,1.09639567006895,-42.7538315845156,-3.76945049975611,239.263766910881,0.575479310952817,-3.5149902016077
"cv",98.7210146113742,-1.29779080820096,3.00799960718529,-9.30067772378667,-326.404448129789,-985.327596371449,-1.47805753918256
"cv",96.079179428086,1.08563731583484,-23.0878524468357,-3.97583267261083,255.152694820955,-3.01785897831534,0.761929354630411
"cv",90.6983987615495,1.16725286314075,-23.7495152764023,-3.9783920517925,833.363388931214,8.00111751221802,-5.15522142335807
"cv",79.7567238233835,1.47344544374264,-41.5986670189699,-4.17989362139481,257.254624326093,1.08092139469698,-2.89836448540579
