"","","par1","par2","par3","par4","par5","par6"
"cv",83.5865442177909,-0.836649469671277,-0.434183305148274,-5.15327987673854,-316.929524803136,-234.504968363712,-1.27111496051027
"cv",91.0547163555348,1.46705474917974,-13.3059029952703,-4.07335391373548,309.449432061628,-3.13652048387264,8.17475401814956
"cv",81.1146623764248,0.942035543017382,-19.0175071523886,-3.35269632596109,206.817265952326,3.51306064692516,-9.40337911882439
"cv",83.9041226564085,-0.916689165725327,-0.707295031836981,-5.31866210985754,-617.550755057725,-899.938225050505,-1.32861874823974
"cv",49.9350960746351,-1.04969854466617,2.10127619827079,-6.62973530960596,16.499663654013,-250.697666313499,-1.55423429606629
"cv",64.6318708287951,-0.943276378409598,-0.185921301698663,-5.64202923592734,-237.767454579125,-501.720358231783,1.38625387693095
"cv",83.6625829861919,0.980202947808524,-14.7230667531171,-3.33184909637004,160.904887927976,8.38762999967708,1.15122504066676
