"","","par1","par2","par3","par4","par5","par6"
"cv",86.091356796911,1.07018831986289,-26.4708776338112,-3.31715827397007,740.128469629874,-35.7827979602686,1.84334265503709
"cv",86.6652668001752,1.43478956378441,-22.0149946494226,-3.83095043291502,925.224164302796,-49.661731123151,1.7329016776027
"cv",95.3698916358585,1.67700004137491,-20.4312065006591,-4.17542205117462,215.255921674937,42.4501448076002,-5.89530419558287
"cv",113.072610438529,1.37255525251319,-28.5762956010963,-4.04988827324197,237.694115654458,16.4509558487302,-1.89632845304386
"cv",79.2256209885545,0.999734165114409,-30.8763865143658,-3.18772700791245,189.166889264223,11.7014913303928,2.21787888055488
"cv",95.639694348771,1.54699757550074,-27.7456687378604,-4.13616661983454,256.094156656809,0.672680436327596,2.95593986851547
"cv",90.341945661691,3.94217380272306,-45.0256007608795,-8.96730277555574,254.18853529773,38.1187755899227,-2.93190884869546
