"","","par1","par2","par3","par4","par5","par6"
"cv",48.8213877542923,0.623898647050344,-31.0277029271859,-3.36484500311082,280.319424206622,-8.2073088516214,-0.393449639715945
"cv",57.0968485537727,0.885965929636171,-48.8718591250028,-3.78473145335187,271.643613196988,-3.50719428111971,-5.85601008432956
"cv",93.0179689223571,0.537782038814014,-14.3121918068304,-3.44439867955031,256.087035046582,-3.54008754689765,-4.58140718284994
"cv",66.9994591125382,0.663075663668177,-45.4266489409345,-3.36123868446403,226.340834449101,3.47707717796503,6.35464364420572
"cv",60.8251294857078,2.68335207777493,-36.342366763356,-7.1221277079362,392.305614017193,-6.11894338957584,7.50018833670765
"cv",57.4813077325461,0.827375505691873,-13.812329481025,-3.56544319163725,253.814664846631,-3.07271230144132,-6.55307407298946
"cv",56.5930522465802,0.866030255697346,-15.621793840511,-3.71428805092649,333.252877015746,-14.3229405307683,-3.01410100267527
