"","","par1","par2","par3","par4","par5","par6"
"cv",110.269381014656,0.577945048898946,-24.9257590314851,-3.32449412850752,222.685923775277,9.65524162429335,-1.51100802917228
"cv",105.85747262702,0.442878187263727,-44.4076008678511,-3.14861820029449,226.910491577735,3.75932463678389,-6.2270489368396
"cv",89.6466059053252,0.567171964255436,-25.0799473195593,-3.25751765396991,232.360180052895,4.12871231106216,-8.87623437680304
"cv",83.3635186330926,0.517751106923328,-46.2023548183164,-3.27886527669346,227.084103017538,5.73136966219367,-5.83867788084223
"cv",44.6587496577707,0.516909782734287,-10.7105158876079,-3.19692093398949,233.690098544055,-1.27102759410891,-5.62195002905362
"cv",40.4131533198035,0.717290242968928,-19.7582937847133,-3.27731436476196,962.009193939844,-114.16071526588,-5.74331265498664
"cv",67.9517069582037,0.564041380669159,-27.2645483833148,-3.15146128472214,244.378611564878,1.56243795458241,-0.89962755855951
