"","","par1","par2","par3","par4","par5","par6"
"cv",151.836094587896,-1.26822138845223,2.7519229799509,-8.6571631575509,-495.299526277221,-724.789521050667,-5.26128865678339
"cv",67.3190205912549,2.89800032041967,-38.5316813918149,-6.94143562857062,311.782445286719,2.82525009490453,-9.84505269210786
"cv",96.4932058084939,-1.35050255911177,2.08311376622228,-9.79610657988324,-300.559778097438,-723.091044459652,-4.48972765541249
"cv",90.4899046791815,1.93976209399255,-32.9130957927205,-5.28993094339967,340.264332371745,-2.74349767830689,5.76252833548739
"cv",83.7251988712301,2.40024142275544,-43.0494068573648,-5.98743360173554,292.039111502935,3.65443862749407,-9.18941607026794
"cv",84.9649525431354,4.13639931970434,-11.0373143402795,-9.55239722142146,534.690173757449,7.98143256404764,4.32729115367712
"cv",94.8239586270227,2.1104062545796,-36.2717242583284,-5.17633736940698,233.041808035748,5.32739089019383,0.405559241955367
