"","","par1","par2","par3","par4","par5","par6"
"cv",84.7860804767833,0.66211624371002,-9.87812267714621,-2.90102413379189,608.803368730936,-424.387888446306,-9.2339048268336
"cv",136.312802908991,0.555353004583098,-3.3001862000674,-2.91363700926361,167.301906284269,-349.799050582791,-9.07787288850226
"cv",77.3434407937209,0.540675646394694,-2.87010164483289,-2.94136216652354,500.794284824645,-329.903703177857,-0.949035932995165
"cv",62.5955637874977,0.630437273437251,-11.4963605424015,-2.80520669547605,472.806368223272,-595.782558198396,1.1446348298341
"cv",75.2904085179576,0.637064450093584,-17.5023981695916,-2.81847474239433,364.708498801065,-225.133719574465,-1.51769339557018
"cv",71.4899601644477,0.566227882963565,-15.1970754881709,-2.80962834410991,209.659818449773,-239.007956630537,0.817648625239087
"cv",50.1711806985309,0.649782312710244,-23.185256530498,-2.83827686458604,440.423224906419,-293.039035366238,0.203802499142404
