"","","par1","par2","par3","par4","par5","par6"
"cv",85.3519975422461,-0.334373805206487,-0.904318078861881,-3.48910160377278,-137.481119409622,-30.2012577023726,6.69079002877695
"cv",89.9259751280207,-0.510206489185911,0.0312189587578189,-4.76462955211192,15.0576051494343,-756.853852707061,-8.30075005278868
"cv",68.4008212702743,-0.540120597462221,-0.457493125027554,-4.1624174831139,-747.306287991864,-35.5677863007864,-5.00503478168287
"cv",72.0253678911354,-0.516035740342132,-0.678859045729041,-4.07170239617598,-961.583918953263,-11.8063436821103,6.70830909628421
"cv",65.1966810517008,-0.602367896272897,-0.472897981790126,-4.16183111096604,-605.339406472996,-30.2707393362157,2.35949429217726
"cv",109.105669490668,-1.23113290574434,3.37769665487856,-8.21170652467464,-760.083624812189,-218.306928786624,4.63609913974204
"cv",56.5965167392787,-0.967934699262951,0.0616487134752273,-5.68147073395601,-600.214669603262,-83.3324081664004,-2.5936429714784
