"","","par1","par2","par3","par4","par5","par6"
"cv",99.4925931675803,0.973686542781867,-13.9343359011363,-3.47898334798302,906.167308334261,-102.260670181364,-0.31873164185509
"cv",85.3697692305547,1.35871448424535,-32.7758584220425,-4.19578555405863,316.802694448043,-8.67341147048331,-2.69899783265726
"cv",88.5046277401169,0.864763748074137,-5.90409938308146,-3.41717442851948,220.191143515367,2.97857785135534,-5.36030195614865
"cv",89.9115502021461,0.869487054116127,-12.9869272799571,-3.46992186337681,287.995045926014,-5.00137738701387,-3.23032932542919
"cv",73.0934323587666,0.899834258416336,-17.3797330120578,-3.61500078313625,235.186383528427,2.37173619755496,0.674621547348758
"cv",76.8248131839969,0.701985318190293,-7.94230070480779,-3.25137535543697,205.666725494416,4.49627666744536,7.45018794753913
"cv",55.3574129933574,0.899507058665807,-21.5704993154755,-3.28447483333411,248.114985182598,-6.08387432614102,-0.162721536236832
