"","","par1","par2","par3","par4","par5","par6"
"cv",76.744204866539,-1.28354761936362,2.10681524493927,-8.64192642671118,-203.095843631589,-446.666766385886,5.18516435287893
"cv",72.6009972074453,-1.06765296257276,-0.248976786976092,-6.39183355671765,-367.592148227744,-898.179279675713,4.83508612798099
"cv",46.7287051522399,-1.2076445432275,-0.615741852817942,-7.82167492513458,-564.707888493281,-694.133536004704,4.33482734256853
"cv",65.5322733526678,-1.20378050487489,1.71734490524977,-7.92010750867605,-687.763021980184,-893.889755019567,3.49669839634791
"cv",93.6818412756946,1.33528146067709,-14.3726488380961,-3.86121696024329,497.497196928471,-8.57120182905016,-4.59731949027628
"cv",80.1119955270622,1.33546771444389,-30.0258828094229,-3.78538408627149,267.240298730823,4.18088257743451,-7.40357995903323
"cv",98.2964397283742,-1.27096914708465,2.7711073828116,-8.8980379502909,-734.755874555489,58.0122778200167,-5.01718791475879
