"","","par1","par2","par3","par4","par5","par6"
"cv",101.283931335709,1.05741483884011,-16.6866920715112,-3.3053813332253,644.586683251003,-39.0748491478935,5.07789561688714
"cv",108.390440851062,1.15507012374423,-22.6049583228656,-3.46855643181654,376.608328883677,-8.65753924646641,9.60393874015563
"cv",91.2128287256353,1.11709296607919,-42.79229131602,-3.16151139253013,668.908456633675,-49.944220044549,2.57672156784049
"cv",101.11869020413,1.23421872210734,-17.1417745799273,-3.58541947570834,308.759418852645,-4.0812745206058,-8.4519566678612
"cv",108.000314586391,-1.31510123574316,-0.328071371867311,-8.56323611622088,-369.76805928873,-929.929221201839,3.00825165851162
"cv",90.2520813756183,0.59570319688916,-6.23322876427151,-2.30173352047969,51.258180091005,-10.9463733689648,-9.85658498278868
"cv",95.6784218261589,-1.22801198079792,3.02392957143038,-7.76031658828175,-608.899974611829,-178.388582838949,-4.94588710640379
