"","","par1","par2","par3","par4","par5","par6"
"cv",100.065416035489,0.926387700924338,-24.3700722810272,-2.95520586619018,165.65550982296,14.9877892837052,-4.50556647538357
"cv",90.1961119186599,0.762031567033558,-9.86987215783236,-2.79740184028082,160.006258301101,5.41114141467813,3.55743600690633
"cv",95.5897552907343,0.944353918439206,-49.6327437791991,-3.10496983953141,164.1130376594,6.33819182757696,2.14683572617843
"cv",84.4433822698006,0.781475792071794,-33.8461283747314,-2.81036671077214,205.717652869854,-2.77389400587238,-3.97047229013609
"cv",83.4998806571853,0.748665617768283,-6.6417223253679,-2.88152783237213,187.715434716261,-5.11377569935158,-6.37291623517296
"cv",157.803389355571,-0.468686650432648,-0.560777517966926,-3.91907331979617,-304.204853640204,-694.26661449682,7.98565238714218
"cv",83.735636016525,0.612806807225474,-4.94838579865933,-2.78141344575783,142.207271640201,10.4669177399512,-1.82373020371535
