"","","par1","par2","par3","par4","par5","par6"
"cv",93.8297092071299,0.453848122951748,-3.65825816893428,-3.06120334436993,-960.702454843919,852.546225387445,1.42301175195744
"cv",73.750323660088,0.511232678431798,-3.15564310800909,-2.91341221184785,89.1793924634755,-277.578471236165,2.50661961987048
"cv",48.4560182080862,0.570606626739383,-3.0004329885067,-2.93332373522668,85.5885709292749,-159.8635062168,2.45727894827724
"cv",70.2135684096629,0.358182940248174,-2.47615292202681,-3.18094946574395,-636.362016201019,536.561911087215,1.41840381182575
"cv",41.3450619519648,0.656991019534,-4.69104719316526,-2.97675257501778,25.0957092392579,7.81714894860499,6.52901795172255
"cv",54.9995610357508,0.514075426811455,-3.29109175965606,-2.9544236190665,192.127300961491,-413.767964236718,5.35373238501503
"cv",104.238860207614,0.546787905384467,-3.38188690713915,-3.14627266697978,87.9552953391663,-151.890474230174,-2.73990115423319
