"","","par1","par2","par3","par4","par5","par6"
"cv",74.8678051179464,0.574062621894801,-13.0136240114982,-3.50825683296433,273.520834007786,-6.94372819242174,-5.77957242593217
"cv",87.7482465346611,0.772146422402039,-45.2504404646151,-3.76659395486965,270.379921466375,-10.9836234624684,0.801321337930858
"cv",84.9353958000592,3.65859683727825,-42.0817104133878,-9.47554995905536,268.366483731952,8.00076148993606,4.14296305738389
"cv",53.7711767219934,0.746487226901689,-30.7222249006791,-3.69520710337695,298.27015953229,-2.4044257129937,4.12342431489378
"cv",47.3811756695847,0.713693914067095,-5.52495939591659,-3.58482035188846,248.236774758932,-7.08285310371652,-9.89559458538096
"cv",21.5267041043702,1.75991076537767,-8.18821362039485,-5.38056159917959,342.311199954048,-5.89095309560991,2.05791930936677
"cv",37.8381541001991,1.75665092951845,-36.1291209862504,-5.55342447023168,917.8214218082,-27.6195329934363,7.94428745383203
