"","","par1","par2","par3","par4","par5","par6"
"cv",85.9998792125912,0.0570474630752752,-2.05282011445548,-3.5545924079554,239.5458240062,12.7710455458726,2.77615436167398
"cv",70.8121636143206,0.159785549321136,-2.1564381897174,-3.62044702144561,911.280980058717,-128.680238947932,-5.59590675281625
"cv",47.2718737169136,0.460114232625181,-2.38173588907607,-4.04127701067758,258.839392857556,23.725993749094,-0.172451035691199
"cv",26.1856664416374,0.238129647325226,-2.63701967418383,-3.32257969019299,586.254615907739,-64.8018107571672,-6.14973150962582
"cv",29.7741045924839,0.444682819826637,-3.6063510723912,-3.33258334891884,565.306753595075,-70.5154349590103,-6.9339514886751
"cv",24.6539067964332,0.214222711484154,-1.93930615576672,-4.17168259210543,242.064074237663,45.3923305971864,-5.57420546231597
"cv",84.3596768844842,0.0768234550941281,-2.04139897650952,-3.42797814554407,370.862947776914,1.39807223973438,-0.471438245125478
