"","","par1","par2","par3","par4","par5","par6"
"cv",172.339308531756,-0.968299176812172,1.80343724787235,-5.92034363493253,-180.503516324772,-111.754470793197,2.39742210795639
"cv",116.705367471088,-1.19082376481032,1.27731212926942,-7.89890458901763,56.3257752286339,5.21914740822176,0.0105604338575533
"cv",108.698590727573,-1.30516084574908,0.174161929772083,-8.90020849649085,-39.8392276236503,-745.9120590205,8.45255640772903
"cv",83.0855210669796,1.05830509998601,-38.084622554559,-3.41321674266239,180.654655931847,3.28354844136088,-0.804158770479262
"cv",84.8815047897601,0.988827505099287,-32.8455525145319,-3.4746404455945,204.902083984526,2.10494569988673,-0.474158403902149
"cv",85.9619609875922,-1.24014072154084,-0.426093667805796,-8.04156387690455,-767.899963326257,-970.857438456111,7.30020588729531
"cv",77.7419795484325,-1.28103310119883,2.03924011784345,-8.46458033264407,-914.601220749319,-46.2835484390502,0.202815413220125
