"","","par1","par2","par3","par4","par5","par6"
"cv",76.2822148445826,-0.418909178926928,-0.629500541509685,-4.10831338783144,-788.697016911265,-150.885321144007,7.55703032482415
"cv",102.672937941321,-1.03846088549688,2.59996756692826,-6.46007589560902,-347.861438523978,-746.89638800695,9.33388205600429
"cv",85.2537751347887,-0.58952369002843,-0.627780659142909,-4.33139276823288,-530.767900190377,-768.846477899849,0.592896703284998
"cv",93.3986916310566,-0.7403368827363,0.138438823124676,-4.54459706718076,-859.832826005673,-518.416084976886,8.43386718386207
"cv",75.2335760546603,-0.498869349416269,-0.201745669203849,-4.1332873539754,-132.303520618334,-855.834251725695,5.57165170789277
"cv",53.8828604818984,-1.22755590184911,2.87275363327778,-7.96580814857262,-955.144504085183,-516.545878933675,-6.51437923607081
"cv",102.786510302856,-1.34054859634489,3.73635300876542,-9.61696576297843,133.176656905562,-151.752240024507,-0.77128755112686
