"","","par1","par2","par3","par4","par5","par6"
"cv",79.4228434969529,0.300537562894358,-1.39691133085764,-3.11121726814594,502.048260676746,-224.453940008866,0.499568708406538
"cv",96.3535727170431,0.352910332986189,-1.66993378610205,-3.03646458577742,204.100366429308,-20.7305921701231,-2.26806665605207
"cv",101.253681129358,0.778445591068151,-17.8077585986486,-2.92427462427782,142.305150845596,16.8811556191924,0.842764867510842
"cv",100.719472042127,0.494342751596357,-1.96511498256307,-3.16292365259065,855.065816299072,-210.35435556121,-1.70047228838173
"cv",84.4913933030585,0.784136003941657,-10.9351470643138,-2.91775273308537,196.570982170955,2.07825269946026,3.33693133160287
"cv",73.7260502969028,0.28765856822524,-1.6372004895774,-2.9184089898246,549.540331867049,-376.407386846982,1.02260618824198
"cv",77.9357421496064,0.993427583921011,-44.7689553329325,-3.01533690854966,291.754002078348,10.1395072146532,0.620006330340277
