"","","par1","par2","par3","par4","par5","par6"
"cv",4.8245728862129,-4.19721781425582,-44.2269912728579,-9.99998905175973,-642.886952463584,148.041849394142,-4.09674746636301
"cv",70.0333424058222,-3.92054312484107,-44.2974842526775,-9.99998926522471,-317.511586370731,-213.90315956745,5.47173862112623
"cv",66.438712475152,-8.33020377448515,-48.3216203093008,-9.99999832073969,-258.74237826289,-73.5877520568331,-2.30637105647475
"cv",96.9183824487445,-4.3815918262649,-46.7293099850099,-9.99999939688236,-794.495948508812,80.985799100301,3.81301080370011
"cv",4.82457306096557,-5.17626562287785,-47.9164736287958,-9.99999293909373,-518.221829980173,113.712343434191,4.2504947422823
"cv",66.4386903089512,-8.25936026976964,-47.7143097229977,-9.99999875363227,-77.6835940964965,-652.263198440062,-0.870621100118862
"cv",94.7812525997728,-2.8797158498753,-39.1714238421299,-9.99945533153972,238.386829190648,-141.152528452423,-0.602686290592497
