"","","par1","par2","par3","par4","par5"
"cv",80.2781296277934,-0.340271051429582,-0.769542778775149,-3.60608268608342,-432.749371305039,6.99505605376353
"cv",94.6902442271419,-0.128164913653175,-1.36528278854698,-3.06913352106016,-95.3654848237366,2.94180710454122
"cv",86.9877238797337,-0.554025460639595,-0.635606735385952,-4.16337592473586,-638.760078659133,-8.8210483295994
"cv",76.0876464130403,-1.18619474436021,0.164873490893875,-7.29479871317744,-4.76702871477119,4.77009822314198
"cv",67.0748407594488,-0.478939361513994,-0.620097869609278,-4.09839672151231,-200.42977601395,-1.54179248249305
"cv",112.10359197224,0.509572549585827,-4.38554293289917,-2.30969933109752,-1.85239830964618,-9.27102002315223
"cv",58.208092295133,-0.46137616177307,-0.797196800259458,-3.97232627689608,-130.437549795223,-8.67568566940027
