"","","par1","par2","par3","par4","par5"
"cv",99.1451901117331,-0.23402378736811,-0.971834539035548,-3.544025197893,-962.973711080849,1.53542221362626
"cv",54.1115068209001,-0.121211112303524,-1.21787955013128,-3.18130464671756,4.75293476282809,-1.40598094221878
"cv",85.7103996344643,0.38351772642426,-2.20976672228472,-2.50134038722244,-606.620391223601,8.90500186000048
"cv",69.7933200093837,-0.0977810565488802,-1.11327746730532,-3.30076021932246,-188.974232412875,5.92618730384856
"cv",109.383912421278,0.738995503815428,-3.78264018825135,-2.63398630640503,153.24407118778,-0.558057782685752
"cv",75.482827324717,-0.257994492063879,-1.1136948167613,-3.29814690813805,-776.261569466442,2.45600326909186
"cv",80.5496889793344,0.489109397236342,-2.0855812451061,-2.60783683612233,29.1420485146572,-0.589521153244215
