"","","par1","par2","par3","par4","par5"
"cv",66.3921546540643,1.2193235936946,-40.2679475490004,-4.41768613144836,980.705671754973,-5.85701240749696
"cv",59.1782329212968,0.515926358633752,-47.3791721873621,-3.22540569619403,986.882408567146,-7.11237175644324
"cv",47.7558752113206,0.56218013532699,-24.4274654879431,-3.23939010812037,930.289927792628,-3.42761638100501
"cv",56.4780089321389,0.540549619921258,-46.4484592469859,-3.27403551379355,837.834654663553,-2.99752596968999
"cv",77.7528418822415,3.38852007709474,-24.6281410193969,-8.72013166061898,653.742452868044,-3.93332936321656
"cv",48.711143923419,0.459876836164291,-21.9420276293243,-3.03236121761513,958.201568590661,-1.99089352041861
"cv",23.2474771098755,0.660230064073455,-30.9123663595948,-3.34471504030336,986.985098441365,-5.50248443686892
