"","","par1","par2","par3","par4","par5"
"cv",101.214446477652,1.02978026229183,-34.4122485266286,-2.25953528624249,800.386552247163,-0.391878541558981
"cv",88.7935413786781,-1.07456562446361,3.15239308246968,-7.0526896759818,24.0331562235951,-7.3742537617247
"cv",67.558774414657,-0.46344400047699,-0.43993172455391,-3.84336895642143,-873.749069463115,-5.9211125353583
"cv",117.154168151094,0.648907643342859,-7.33640869576484,-2.2610267724752,30.5295748887181,-0.780994270041243
"cv",50.1128024267314,-0.607892822795107,-0.586968204878671,-4.2751530857623,-915.768145156877,2.43077779911053
"cv",104.648855427882,-0.946059095495863,1.76557383397201,-6.1797112060225,-641.445735555512,2.18248287763593
"cv",85.9067092967662,0.721527367643999,-9.9044588825706,-2.11205632925714,34.464196527981,-3.37234308021799
