"","","par1","par2","par3","par4","par5"
"cv",113.434319219865,-0.0983217357468487,-1.01637188490309,-2.8916277667232,-316.885275547072,-0.801158292364266
"cv",103.164850059318,-0.40279092174248,-0.51380088254028,-3.34426411455608,-754.36922653214,9.58588920080002
"cv",70.9337015989322,-0.291782279344235,-0.973995768658433,-3.36035811792931,-574.543384411666,3.20920412399132
"cv",101.829938521688,-1.08256971514104,3.34880531624735,-6.8749588408675,-662.787155162575,1.64435797466302
"cv",89.0853856892133,-0.336829849019762,-0.938610692562178,-3.5168881929989,-151.247929029349,3.51166501401103
"cv",88.9120749879017,-0.859314810906967,0.917678768746555,-4.68392803292125,-476.007079820331,-2.99020597969063
"cv",106.254144198291,0.637211057245393,-8.1549856210357,-2.16245873484242,13.1905632889917,-3.27437613868164
