"","","par1","par2","par3","par4","par5"
"cv",71.6837382680581,-0.975781709758558,-0.324675045245363,-5.66085007156572,-277.547381486346,3.68276003824379
"cv",90.1384412781122,-1.05817835452296,0.941030630383779,-6.57277941525842,12.2162820535549,-4.59735809242647
"cv",47.7712231948732,-0.890993241036216,-0.0308869197783075,-5.47908462905603,-216.609193530033,-0.100531861444043
"cv",74.8084924715086,-1.34086415478722,1.18600420343899,-9.82279189862311,-36.8553255136486,-6.40770316783897
"cv",97.0308097839451,-1.2668082723394,-0.584212777649555,-8.8134257905817,-8.54845647279888,-6.40663332564437
"cv",99.0073887988931,0.97945233490256,-16.0513463716438,-2.45342837704209,71.0316063806324,-1.56278080772609
"cv",56.5014573424216,-1.20917267853844,3.16882200895947,-8.30319900756939,-857.966808495904,-0.0252415079417567
