"","","par1","par2","par3","par4","par5"
"cv",89.3925024779977,0.703943531936627,-6.23766013981261,-2.79957897905122,14.0666812459942,-0.105738279892232
"cv",66.3948370069562,0.579296320132194,-3.42751174215518,-2.82227380014043,10.5007658712566,-2.0254431938476
"cv",74.2683904674249,0.714487287313415,-5.03870241608475,-2.97396992728036,11.8514736682547,-5.52231510920171
"cv",61.4313052004889,0.655646640534589,-3.31914051463247,-2.90844352253327,10.8423131723274,-3.72275881081135
"cv",94.0342422763752,0.657176770009562,-4.22959016595711,-2.87162948407471,11.4363507857941,-1.54850241507021
"cv",106.228191503019,0.731030808104067,-3.38081349671234,-2.98680206951994,11.8149671494761,-1.25120764383251
"cv",89.1287111910045,0.660012667526146,-7.9688050274915,-2.89598652179945,11.3006961994724,-6.86302497586813
