"","","par1","par2","par3","par4","par5"
"cv",112.042914177661,0.773491793827212,-49.1117574303414,-2.97483206319175,89.4774437457819,-0.988897002774969
"cv",107.403948380275,0.565392581100747,-20.1856784854565,-2.61795387635333,17.2890397669644,-1.69066356819702
"cv",93.3155629590599,0.708415846264988,-35.1730375492857,-2.7636362408131,24.2170312332896,-5.68631258852142
"cv",71.0184968032331,0.578727218515958,-23.2162778190992,-2.62751209994277,25.0087973046967,-3.49579222670287
"cv",109.855881974758,0.372650258615258,-3.21118710730102,-2.56137006735445,-726.765157232644,3.62241952523685
"cv",81.8812921986982,1.15959311523775,-37.1532444495672,-2.9837322006676,984.398867557892,-1.15533587241859
"cv",67.5784702406208,1.08559567852992,-36.2309643640644,-2.9188747100963,79.6571154105739,-1.98730210412989
