"","","par1","par2","par3","par4","par5"
"cv",47.7032986068631,0.190861739567892,-3.97809105394303,-2.76755666613362,303.947174072719,-0.257616724489467
"cv",65.2486181013768,0.167409549520273,-3.11545220906731,-2.86987581919127,426.674434527434,-0.576500087273142
"cv",42.9920498739094,0.182153422410347,-3.88774269387139,-2.7318694936322,309.540922793968,-0.561999335212348
"cv",78.0067025339394,0.216201139224706,-3.08846991162143,-2.85777037680529,299.172267982707,-4.08850224116484
"cv",66.1610624587336,0.189711585737675,-3.72543551219807,-2.82418168702835,303.295968414126,-0.258576148189604
"cv",95.5091094753775,0.159064640303344,-11.6304899974842,-2.68354836992919,301.03115973796,-0.31655217496544
"cv",90.4629647486648,0.203958706406037,-47.1825454453662,-2.73216119902464,306.311428529113,-0.253884751733079
