"","","par1","par2","par3","par4","par5"
"cv",109.160685530967,0.445174645381553,-1.98824423042238,-2.5793449779178,269.440801106121,-0.775715903303813
"cv",111.597235841176,0.0110294518964004,-1.44500314653143,-2.83249768836655,-170.501543812368,-9.92402150756774
"cv",91.5183660345842,-0.123558151618942,-1.37206826003998,-2.79309966229809,17.8894420388624,-2.28521838095763
"cv",101.074225576516,0.296411058000523,-1.34258188287165,-2.85114529149492,26.2681688599898,0.193508067023598
"cv",97.7185037954301,0.120471359503486,-1.47502165287849,-2.86666497021627,27.4436810904014,-4.97090978159738
"cv",93.7932641209674,0.0312022511617006,-1.45932427192477,-2.84072247794443,32.98294916749,-2.9358762654683
"cv",76.8368002422319,0.435105135917807,-2.67432379829021,-2.27394834485891,25.4412830580873,0.267950699779245
