"","","par1","par2","par3","par4","par5"
"cv",103.774686555515,0.685705491853927,-47.2337132662812,-2.36371890354568,23.2793609932088,-0.452214699841165
"cv",99.1146136944948,-0.128620372672467,-1.36535584490939,-2.9402514910142,-498.402240690466,7.81882923666566
"cv",120.444583206204,0.689645550541646,-11.252421850389,-2.54689965934691,25.6644608243609,-9.62776575262336
"cv",107.99313480352,0.596027821795709,-7.43389299477146,-2.41220981215565,22.9196920990944,-6.85179446533353
"cv",113.989571530828,0.618027026675699,-15.7521531202672,-2.53186023546838,24.3029328565158,-8.87966817710549
"cv",85.7947981834309,0.696527208224348,-23.9323092105115,-2.35656043220699,25.0463559425757,-0.444703055545688
"cv",59.4741435615875,0.763050409953548,-24.6346472651977,-2.26286655786995,21.2450599122099,-1.05762878968454
