"","","par1","par2","par3","par4","par5"
"cv",96.6538347518043,1.1807022562382,-31.0858021787179,-2.31514791552539,56.7765717993784,-8.21115649271154
"cv",103.437023246374,4.64199921832082,-48.3356975586991,-8.34201570743322,63.4021832546692,-9.64315498180898
"cv",108.992752524681,2.04467560175623,-26.1897843262526,-3.37883339167651,64.8718208566162,-2.47485123243461
"cv",107.450570016152,1.1063906830555,-43.7776820875165,-2.33765162690321,68.092767683619,-3.50228615268351
"cv",103.689066613548,1.29482647133602,-44.7322315465754,-2.48547206924828,60.4643921144385,-9.16003582636548
"cv",109.857864640893,1.16468947868796,-48.0989346298996,-2.35603469140709,60.4009259001862,-6.88651251657452
"cv",98.6573896848045,1.24239389781065,-43.9100031063622,-2.2122206881979,74.7670988954637,-2.71325428274274
