"","","par1","par2","par3","par4","par5"
"cv",101.944745910863,1.37470541710695,-49.121123171866,-2.64822444896208,88.9015652765984,-4.39631123385675
"cv",91.8431116567631,-1.1652199995111,0.107271839071495,-7.1707910272798,-799.995201610794,8.6506021840692
"cv",94.796818072873,-1.05587284446119,-0.262161173181528,-6.23121560403639,-717.47204517331,3.78743662964553
"cv",115.629454442945,1.28144524835973,-44.7680097443851,-2.56046623518977,67.4864631372766,-7.53418544255869
"cv",97.2166341351993,1.22671474753075,-40.2661549637757,-2.52197903254396,57.830664847426,-3.0451698763896
"cv",95.0224906986555,-1.29031059239244,0.337985734954476,-8.63547098334937,-656.238425921637,8.69484215104221
"cv",83.9207637235778,-1.04977773584753,0.600213955848443,-6.08831923086995,-10.690190458678,3.05388055276126
