"","","par1","par2","par3","par4","par5"
"cv",56.9311148025517,0.532064932554724,-33.6467151527201,-2.56362599014918,7.00179720932101,2.18096901140965
"cv",84.4047497703343,0.379224379678197,-3.48006109667679,-2.81326453338349,35.6376548701369,0.531619217520539
"cv",23.7922319602787,-0.346533237571076,-1.29304394182095,-3.37104418509319,-883.387737594314,6.05735432240748
"cv",119.154117063494,0.127009636871818,-21.177140796983,-2.68580824993071,724.833957923397,0.0698075442432513
"cv",74.9041943346049,0.253371525204092,-4.44180524820139,-2.68880535846163,702.992598499483,0.100811453112613
"cv",43.02048474968,0.29170492514619,-37.3306471304746,-2.55017709954698,960.812611524084,0.0898914315195142
"cv",130.757991717313,0.322867132515947,-4.07288083322184,-2.810378373943,687.927459380807,0.0235785220583937
