"","","par1","par2","par3","par4","par5"
"cv",119.705361549071,-1.01796457766299,2.56636098369211,-5.86201382854761,8.20309884259811,1.53428473521844
"cv",107.680927745668,-1.03982627272158,2.41829956196555,-5.8388436754087,-766.2484487959,-5.75741132566393
"cv",120.040444271616,-0.245335709126729,-0.756716060669724,-3.00928839612316,-6.5774421967429,5.37221989528327
"cv",109.142294810971,-0.593472440194978,-0.291505799496797,-3.46264439810848,-226.082170382142,-6.07581989324063
"cv",102.683239205237,0.695797829885905,-5.60029823750578,-1.87342722430837,79.2756291799015,-0.350032788678792
"cv",108.663965303486,1.07226924465842,-45.3606581180484,-1.9835683971603,8.82866727435302,0.84092872063479
"cv",111.154080449229,1.03495248389202,-12.0415573161894,-1.94856060840862,6.65249655310411,1.13633342628654
