"","","par1","par2","par3","par4","par5"
"cv",98.1904003640167,0.912497317651498,-9.15836968636883,-2.25957944187782,168.259306219606,-0.592839483114471
"cv",104.126012548173,0.946615871952236,-8.25967569853837,-2.2260803768557,142.641676390885,-0.59566409161612
"cv",121.932143910146,1.0891483138446,-37.9238620458669,-2.50322361122759,148.812982490211,-0.646716692614235
"cv",103.345801259901,0.989489563824082,-45.6019132154643,-2.22789982425494,147.57502266633,-8.0542346212283
"cv",115.69620762999,0.992742679491315,-14.4789594643081,-2.17616631325856,59.3548304367088,-0.0980121833754041
"cv",94.4358386174724,-1.02950777458548,-0.301314451078746,-5.92172702855089,-780.623730873555,6.71787974354978
"cv",103.395916305054,0.926155759689975,-15.3981183753487,-2.22909371078224,101.829442675255,-6.02571864657218
