"","","par1","par2","par3","par4","par5"
"cv",77.2458295088122,-0.730360828454154,-0.340804327428372,-4.65407725997164,-474.047861976456,1.24872067456406
"cv",69.2183031750076,-0.616192313879337,-0.278153570182621,-4.34666454994628,-306.157743726407,-3.36572970798775
"cv",69.3693084182099,-0.824476685029334,1.21679798952578,-5.34744097342139,-4.11060925719158,9.11807166660093
"cv",112.635139413894,-0.403786009126542,-0.713124087507704,-4.12112119061268,-178.14325029031,-6.78264882415533
"cv",59.9592412024809,-0.518331539432315,-0.13924845171115,-4.327754747894,-712.113638555285,-9.77217493474255
"cv",55.7555208230341,-0.689612774720159,0.329755875072876,-4.67608915984085,-682.396187655219,-7.72277050473512
"cv",79.9671048922002,-0.523060808284101,-0.495608328191856,-4.10151213993101,12.5526461504043,0.666117975262253
