"","","par1","par2","par3","par4","par5"
"cv",92.135692829383,0.600115142131455,-2.16785651100563,-2.22442330048202,851.571031326338,-1.22921939898478
"cv",122.511799348932,0.506540060494233,-1.73699096872532,-2.43174087625224,936.185244284988,-5.2179513219744
"cv",120.103828576116,0.588093461317,-1.99741480993369,-2.41171811039693,822.302402486781,-1.15590854088946
"cv",106.06230801603,0.73717167815408,-16.4313280503144,-2.17208486627716,976.848532445729,-0.215840628235811
"cv",92.3090009952402,-0.122956081473813,-1.42233857885003,-2.45482786337967,-449.71724753738,-5.4110616305843
"cv",101.356310917858,0.658978054127599,-3.9946237424048,-2.13047427075838,881.794616076132,-0.190701244609986
"cv",105.402913688159,0.676245819749893,-3.50063036458991,-2.09812218541838,881.330334581435,-0.25019676768602
