"","","par1","par2","par3","par4","par5"
"cv",85.9437982388727,0.306156266522733,-5.68639408757932,-2.93063534821571,383.263441813007,0.126100191176846
"cv",70.699052688389,-0.125960532387056,-1.36840235659136,-3.90331928509561,13.5665002637024,0.620366057103513
"cv",100.212813678135,0.182231373656915,-20.5428490176306,-2.81829634040071,957.140259509813,0.191355548110014
"cv",37.1564875013327,0.509404764749814,-6.60220280717068,-3.16224601749178,42.329214482671,0.504143572991965
"cv",22.8760230270201,0.321495195903791,-12.7421648481081,-2.82357531740205,388.258597825348,0.182613531280458
"cv",27.4052584955483,0.664262361081968,-24.542966884353,-3.11757483414985,31.6011415882783,0.492787701875317
"cv",40.9700885147623,0.373691096076204,-14.2646821461579,-2.93320982882972,174.770399409901,0.283518886237625
