"","","par1","par2","par3","par4","par5"
"cv",104.451040389274,0.353498232336038,-1.69201883108232,-2.43175607292652,-15.0878451593538,-2.66162716999415
"cv",94.3020348234283,-0.551781895438596,-0.450072354103179,-3.64910134913708,-568.661837219113,6.53285663048311
"cv",95.8463103274451,0.0108408720982668,-1.16424373004873,-2.67929552288426,-758.054057601839,8.84947367478162
"cv",92.7696397114379,-0.023044779597805,-1.25667204973656,-2.764496515612,-147.289751463659,2.48030671301167
"cv",104.81698418435,0.711688954229202,-40.5557493059348,-2.15286446792281,9.25548948450139,-0.157382414744158
"cv",77.5250196184693,-0.596411636695741,-0.847697003200383,-3.92690977200585,-565.699046241331,-6.31805753402926
"cv",85.7530546799584,-0.210690525220532,-0.94686225660502,-3.11127941513104,-53.4274939712268,7.29054823977825
