"","","par1","par2","par3","par4","par5"
"cv",136.301216388916,1.08000336215863,-6.36982882111309,-3.40524649911284,16.1171481323222,0.31965793840184
"cv",97.218045818327,0.592833700532763,-2.68309755738842,-3.24552692064734,20.048893330344,-0.490802864062927
"cv",29.2447752894676,0.62280260712482,-3.1706698817579,-3.06020600374036,22.6005594204544,-0.219462741380492
"cv",46.9164377661062,0.645859179479422,-3.81749909542669,-3.0995726056603,18.4605994195946,-0.550421259689795
"cv",75.6590465657307,-0.381648934324615,-1.44811040017502,-3.89123111578544,-947.973903056469,9.09180272836238
"cv",16.2182952671196,0.503801091572372,-2.63545192634596,-3.1399233635658,16.8756290973139,-0.0575134517999155
"cv",43.2917794283819,0.3777119918328,-1.93634305747208,-3.29079288547758,15.5522704424934,-0.459692940631187
