"","","par1","par2","par3","par4","par5"
"cv",102.086566429736,0.610766152881152,-25.7915061738243,-2.0721629475863,-1.58381273872637,8.01336525227415
"cv",119.895939267945,0.710281680415654,-27.9390348354355,-2.34718849465101,22.867987493707,3.13000476173721
"cv",106.239270788072,0.592259756206032,-44.8596542708308,-2.09871075959567,-2.23090181037458,1.63692472919837
"cv",100.778972168672,0.606431090306347,-37.0378084113578,-2.02624585940725,-0.592259671447919,5.3019526073973
"cv",107.79401566999,0.599687334150949,-40.8383044058104,-2.11089201977114,-1.09224494520836,2.94303516406528
"cv",112.085579215148,0.596945776793786,-9.57539851586588,-2.13418743898309,-1.17813593083129,2.17934082429357
"cv",95.7749061284952,0.569605390148134,-9.97298084685631,-2.02788381438826,-1.43152101862859,9.24197369229906
