"","","par1","par2","par3","par4","par5"
"cv",135.297632970678,0.104873510875123,-45.8070551404344,-2.67032743620442,563.588949696964,-0.313766008813305
"cv",95.0739735941813,0.563125149305925,-6.68257686449986,-2.85714844351781,10.3188876936349,1.70391188290346
"cv",75.7171315184514,0.252687893322495,-9.0303249095598,-2.98624581886753,9.68345241518188,7.46428633571066
"cv",58.0628889462142,0.496422685303121,-3.75249579514248,-2.71936890517402,10.4568401315298,2.02211016870029
"cv",21.8219936712096,0.667963476663037,-24.5711002054071,-2.68586515991162,9.70968968966999,1.47684198191292
"cv",97.0295229548047,0.0997324197546508,-7.34227603809179,-2.92556691976365,9.17454787269236,9.55270187944405
"cv",58.8399199057611,0.563521955803777,-47.4971579154953,-2.69932088581874,9.70468672921002,1.81264128556483
