"","","par1","par2","par3","par4","par5"
"cv",104.667081385699,0.824180782249377,-24.8521153255526,-2.27620665563038,19.1402981680664,-2.065723381848
"cv",133.935132562487,-0.486110399643178,-0.875202803733478,-3.85159288812773,-649.277082486598,1.85320452810573
"cv",78.4398419483586,-0.233919420748265,-0.743723878106217,-3.44933991885388,-128.54828072509,0.798056610375764
"cv",99.0390895135678,-0.346990909460166,-0.577700391416302,-3.73820643329432,-659.625936152217,3.92717406542762
"cv",74.9987459816234,-0.37615102422373,-0.705876101702841,-3.55032875447395,-606.138461236722,1.29839147861091
"cv",92.9597518498887,-1.32272273757726,-0.425208661512605,-8.72463285794272,26.6600687624746,-1.76374698255327
"cv",94.9565469864293,-1.32693858351558,-0.0829519650921711,-8.80419078748673,17.0478210652415,-6.86868987638611
