"","","par1","par2","par3","par4","par5"
"cv",179.929640084339,0.412143567124406,-11.7591406695692,-3.01607562793778,366.837598983845,-5.77288970059939
"cv",85.0814905961808,0.281586662465804,-11.8010235983212,-2.74421650203039,7.94564081821275,8.97475884663968
"cv",82.7984019976678,0.199414512806008,-18.748631188952,-2.77644016550128,8.24013635771327,8.6294556813422
"cv",71.3798827180129,0.287068894601288,-11.586165613988,-2.69654074397105,19.0594385811726,-2.27274879418712
"cv",67.3142088611938,0.291675895835822,-22.9265440032468,-2.6149705314986,20.429370969172,-9.73961755813599
"cv",59.5914578095894,0.317059784744664,-26.7992680542132,-2.65866825585493,20.1312744630337,-0.861626281270058
"cv",46.409894991828,0.35634608078688,-10.8603231039604,-2.60075044243849,20.8616671945399,-3.5043890939614
