"","","par1","par2","par3","par4","par5"
"cv",114.835641116977,0.199917534663563,-36.9041713334528,-2.96044564455371,479.790002883048,-2.6308653117347
"cv",70.4791034614219,0.121193013759864,-20.9868982870809,-2.85223530820829,486.514661262812,-1.55422057235535
"cv",24.7872163946793,0.217957026378903,-35.1384852144405,-2.97329499002937,479.579526875619,-4.12815169058961
"cv",43.5370328229334,0.240318900264565,-35.1529972986515,-2.97697479699888,481.076085149334,-4.59639309664959
"cv",42.244725952577,0.825056344065228,-28.1032562431473,-3.31527273782577,21.5233752893563,-2.30217083493974
"cv",54.1250259166617,0.290572836468932,-32.0638700995895,-3.0989953395711,222.015776324117,-9.40191668941327
"cv",91.7580147679453,0.377911239503417,-36.5504451218798,-3.31180193174587,856.791059865093,-4.41250902217316
