"","","par1","par2","par3","par4","par5"
"cv",82.0783314787256,0.380196652403337,-13.1936057542826,-3.14165119827758,92.8959744751126,-0.499731104700287
"cv",15.7743725467321,0.392092634665035,-14.7005846522593,-3.01244890439823,102.908631786239,-0.525345125621334
"cv",46.0081119006461,0.314260208249777,-22.9882894633293,-3.02214974941755,105.464290783627,-8.25175043496102
"cv",24.9956461074524,0.277228506830806,-24.2234045239303,-2.93860656776307,105.52642799022,-0.490534532883165
"cv",24.8120976854494,0.327657126066369,-25.8134407296761,-2.95023210828155,227.475002289715,-0.535343286093665
"cv",55.5377789254399,0.131439820218124,-2.85134807520094,-3.17311311538055,100.138003105061,-1.51802129062881
"cv",90.6717874248922,0.141309632912713,-3.30943420888727,-3.1113287562105,252.7603583102,-0.529466944574695
