"","","par1","par2","par3","par4","par5"
"cv",103.61674680514,0.361342626008734,-2.99385876083207,-2.3651143576857,10.3497874918379,-5.03198941418197
"cv",76.9652864106302,0.236987422009807,-2.16921542653743,-2.45653597465929,-653.850774784381,-8.50026222447132
"cv",81.1054342212214,0.214515338371125,-1.97225548655017,-2.45445608542792,6.26556306032645,-7.01249689795077
"cv",82.2462207029662,-0.0459889705558092,-1.43955848339983,-2.82565492856104,-63.8655374617804,-2.91352432481909
"cv",99.5443934747008,-0.0558520290080636,-1.49019378100008,-2.88150217179003,-719.873731372751,-4.77683045375517
"cv",114.738126133966,0.0835723649412887,-1.51375333995154,-2.84163779527079,-149.551796447686,-0.194349687245354
"cv",103.623018574781,-0.0602318988943534,-1.39881952503306,-2.86336432356853,-127.353636488488,0.0813059928740518
