"","","par1","par2","par3","par4","par5"
"cv",90.7148895866349,-0.572057370683064,-0.826620843650523,-3.6835937122038,-961.429553447428,9.59266604092941
"cv",90.3339532233079,-1.04194025900998,0.754168117497576,-6.2347968692176,-126.910184490042,2.99734655858033
"cv",100.257648245111,0.811063460936037,-35.8089964755958,-2.35542594040898,36.1688999383039,0.523273638878646
"cv",64.1185937570805,-1.11156271795345,0.925782041021332,-6.75112973984331,-813.787542622519,3.24725515205357
"cv",96.7758951617411,-0.473017218210819,-0.636628014035523,-3.99130441008431,6.14210196018216,2.39211046655972
"cv",59.552792929933,-1.27807505996141,2.52700210457179,-8.40032277444842,-11.1340284347534,7.25408504760247
"cv",99.8343998511847,-1.28910010047257,1.62367424927652,-8.61076603056574,-12.2923014994301,1.58595216205756
