"","","par1","par2","par3","par4","par5"
"cv",92.9504888428609,2.01584100169538,-48.6060024075216,-4.0896279574258,73.4654982418758,-3.58054416333003
"cv",89.9562578242799,2.02794067013473,-41.8493076522419,-4.00507151468577,75.3316562622786,-3.30743845139239
"cv",88.4913505448917,2.17368545773966,-39.0549566755212,-4.3090138169267,88.5217352770269,-4.85094288578235
"cv",90.5357956276568,2.09981133675087,-40.0816732143804,-4.25754054991271,61.7919013433231,-3.62630157933673
"cv",98.776851697059,4.45898204881857,-48.7352934613105,-8.83639132604003,720.707965549082,-4.85436818717863
"cv",85.8180517487025,4.95482705061276,-48.4628050935094,-9.80353822931647,143.767215524201,-5.63863521534852
"cv",78.9398653886829,4.92206586182332,-35.4035893137581,-9.81846014036821,205.196153838187,-7.51822304440372
