"","","par1","par2","par3","par4","par5"
"cv",111.769689676184,-0.201646578284983,-1.11132226386666,-3.4148844643187,-264.31598550449,6.70014277401499
"cv",94.7396204048163,0.743067817582681,-35.8515148493033,-2.23442722848308,26.8732393672745,-0.677605307785322
"cv",58.5816601459238,-0.670363738062394,-0.51308327820152,-4.22841548449403,-0.413434809709543,4.28481783693565
"cv",104.50061498746,0.645008109396072,-18.8405516072302,-2.27004307950246,27.2912950597572,-1.97958643555964
"cv",102.401472531683,0.707970316763206,-27.4428170238789,-2.2462304933768,25.8498157526212,-0.31598036476368
"cv",99.3779978514758,0.862438062682405,-16.5445658188781,-2.19625913221393,26.367824872325,-0.0781742199333403
"cv",110.463014830023,-0.616706448943033,-0.649625166854122,-3.9713487166373,-487.521713633783,6.13341026008129
