"","","par1","par2","par3","par4","par5"
"cv",84.4225960355219,0.167529636310065,-4.27011858872419,-2.48331999889131,202.144329097919,-0.400378685444593
"cv",47.2962678147214,0.280068961234918,-3.27351173856315,-2.49966367042741,199.186839640144,-0.49640250952546
"cv",135.159841480176,0.351068048544422,-3.77287415084307,-2.67653991943393,172.643663080521,-0.336449647471831
"cv",84.7815660550734,0.229809279708597,-4.4188557171272,-2.51664861612699,188.10919546887,-0.152231232052304
"cv",114.528494659812,0.344032538536407,-8.17510808986485,-2.57802876394898,234.859894394187,-0.00985924815182775
"cv",69.464353263932,0.308753587558996,-6.90320740902117,-2.45499629124363,190.579224891402,-0.330475744363662
"cv",71.2812533258211,0.220689769617672,-2.68882734448532,-2.5089810806558,170.661802690869,-0.242854132660098
