"","","par1","par2","par3","par4","par5"
"cv",113.832196843197,-1.07979081690072,-0.571322197534691,-5.88739495461769,-464.56656775548,2.77692605743252
"cv",88.5609359162718,1.65442465490508,-37.9581115368829,-3.11226887972249,899.022231455283,-0.965684411201608
"cv",93.1867152006022,1.48894422419621,-36.789599453342,-2.89086634276422,805.240755911517,-0.938342649628293
"cv",128.487223852125,2.96557108556592,-44.0801603769162,-6.02163220657844,934.682350333268,-2.15095519559681
"cv",113.594136809143,5.1824099341858,-48.4352258110983,-9.97313926711664,655.648379411262,-8.70263051617219
"cv",95.4794531979412,1.28662362128774,-27.3808623341864,-2.57598577496258,103.806443245014,-7.5095405064748
"cv",84.5992399786204,1.83847691374387,-39.534305098742,-3.31185439074019,952.996404483544,-9.67389263678342
