"","","par1","par2","par3","par4","par5"
"cv",110.674488171423,1.13007101978522,-44.4436313848851,-2.00867706329383,82.7125605385085,-5.45298206729893
"cv",82.9243375642632,-1.32132476767144,1.18917820163352,-9.16015931169193,-858.468889946254,-0.27038886549182
"cv",74.6992298219878,-0.818552799966962,-0.389265865537048,-5.15881650737202,-950.279149742377,-1.73246507987942
"cv",62.6689737793258,-1.22974763410721,0.6091264457466,-8.05786126433006,-433.41849634096,-0.451536081085045
"cv",88.791698756118,-1.08559439228169,1.80196675956249,-6.19370000333816,7.07318235324995,-6.59240709173361
"cv",56.6342251747717,-0.940263482177115,-0.497511368727296,-5.46316644361562,-851.321744788171,-0.362212156000267
"cv",99.4920171306948,-1.23665559191791,-0.0267328887711724,-8.0093900702606,-825.092921171232,-0.659824343586298
