"","","par1","par2","par3","par4","par5"
"cv",108.106229690619,0.817835747304595,-31.1921803757711,-2.29167270646695,14.4501791315459,4.91677566381021e-05
"cv",109.025408530461,0.537820604488675,-2.35513300262672,-2.44621952168468,18.6923068514135,-0.989640502563467
"cv",114.709756388244,0.776237379102675,-2.6192009358136,-2.48073981239351,60.3605124000857,-0.492151423880967
"cv",106.587504974067,0.627435180720252,-10.6432996816478,-2.23096964945888,14.2677817420075,-4.65301029645272
"cv",98.9056347255998,0.694182295704066,-4.1244197255759,-2.20602537318075,13.9085718346056,-0.310274236162276
"cv",73.7202011596619,0.733150751724893,-10.3452564662525,-2.13801708326614,12.5019665669209,-0.168237269714065
"cv",98.7011547632808,0.669243258035953,-22.3204482367368,-2.22461189142072,14.7900970876409,0.295411278372115
