"","","par1","par2","par3","par4","par5"
"cv",108.339108940773,0.687514136438357,-2.13606655170675,-2.35827069712204,8.07322366052425,1.49033386234957
"cv",109.125317531382,0.574023469876089,-2.6266030964222,-2.4029605346239,28.0045395721371,0.103019812389926
"cv",97.1988157820298,0.557074009526964,-3.63601528168591,-2.35574806500553,28.4610430236441,-0.114967349629153
"cv",90.0399841882947,0.491046092461524,-2.74621149801189,-2.37131031912314,25.7273249084761,-0.0929144177082946
"cv",106.460204433073,0.588258457291598,-2.59011026093764,-2.4377829017056,23.6862140228164,0.267387989855598
"cv",86.4091718335196,0.744028645184211,-3.40818732996914,-2.2900981512647,27.3586631712384,-0.3027392746397
"cv",98.5442777083106,0.538151247278213,-3.83656264113956,-2.31424429776076,11.3229687210995,-0.97435106523335
