"","","par1","par2","par3","par4","par5"
"cv",76.0661854398015,0.282973184997238,-24.7345071181569,-2.88777493901341,995.114819947551,-0.882099059374269
"cv",38.4630746219569,0.360025244274093,-12.3556869199101,-2.89136032356651,755.866219607443,-0.853928988030781
"cv",60.5964599287165,0.339702791948399,-26.0157072159284,-2.88010466929036,751.810698725239,-0.645196359699959
"cv",37.6581957374937,0.3281678495052,-12.9187546610968,-2.91104009297286,740.627989303112,-7.94412045566285
"cv",54.0414957083529,0.277589984804178,-14.8382084205333,-2.88578804146863,263.205277989833,-0.878765474768271
"cv",28.8966545559143,0.388326519726937,-18.6145430905006,-2.87749071627011,754.249631000203,-0.886927742353578
"cv",90.3440982631433,0.962004953190239,-23.7633733752496,-3.77814139467272,27.8254616219074,-6.90927906077922
