"","","par1","par2","par3","par4","par5"
"cv",118.613628040388,0.704946703208102,-31.4998641174656,-2.56257984648362,29.1404870256421,1.34263975789611
"cv",92.7338818324373,0.746827915245211,-28.7115526756032,-2.19041337455247,25.3064543940127,0.212392313405871
"cv",98.085483165055,-0.947543365585523,-0.14623410358721,-5.53458836040622,-55.404867096359,1.46348065005016
"cv",110.077980639398,-0.507304778064868,-0.777568005145412,-4.10252262360346,-211.84137051074,9.56589529259047
"cv",112.012363222324,0.748272791591291,-22.8453561215793,-2.29266629289333,37.0669499245414,0.429603033729906
"cv",78.6465850124766,-0.495625177647223,-0.918272278230623,-3.64780766286498,-437.544842482422,6.55144398256719
"cv",114.362589282008,0.76097502428872,-18.366427237956,-2.23313935513907,24.2747374125542,0.159244472834237
