"","","par1","par2","par3","par4","par5"
"cv",111.195231710772,1.07925268893678,-18.9158436116159,-2.78513834758502,258.068681813636,-0.602127440408489
"cv",89.0018257764236,0.556711961717016,-10.7494783389284,-2.47955758929362,58.6461508015114,-3.57275182791859
"cv",91.1618178943865,0.805068814566028,-2.21307310371257,-2.78796912015726,526.701715178178,-1.63421304012561
"cv",77.3496684790032,0.529423795429005,-3.41551107938943,-2.51777860002066,47.3706775209527,-3.2097916288706
"cv",92.6577761343021,0.789739601806958,-2.31068519867637,-2.89073708577099,278.298039012871,-7.79080407228321
"cv",103.829828910363,0.989554598687972,-15.8970634495869,-2.63926523994762,399.92744640119,-0.183552911337401
"cv",89.1001069507198,0.667906090136012,-15.5014244296738,-2.50264652086964,53.4685356926474,-8.08945551829152
