"","","par1","par2","par3","par4","par5"
"cv",90.3026923218643,-1.02861746872174,0.912311456849269,-6.06494687061584,-335.700204969469,-0.888827874529616
"cv",111.711575570722,0.818688178806498,-3.97965342258283,-2.27100525525433,36.2580875860823,-1.11785184744617
"cv",105.773971240406,0.822034154450764,-46.8281956960835,-2.17594756582896,36.8540998214577,-1.353331184946
"cv",76.0837139498845,-0.611452163294067,-0.672472211898019,-4.10406843078202,-836.649984121323,4.7056193899163
"cv",79.6903452734262,-0.358605036999765,-0.635381310488311,-3.2993989521026,-698.440690113713,4.49983084281613
"cv",88.0165820292245,-0.441759478703592,-0.661674674665464,-3.91943429474539,-96.1772426887027,8.87498676397275
"cv",103.188952328746,0.821594260747584,-31.265891563752,-2.21584296226469,36.5882486539123,-1.00834669627247
