"","","par1","par2","par3","par4","par5"
"cv",110.795131498863,-1.38604667037725,-0.479053043734339,-9.63889726469949,-721.906286664307,7.21740090218738
"cv",114.36536427763,-1.18840341162262,-0.229580188170075,-6.93025785523104,14.9679439574546,-9.84412860602347
"cv",99.1338460825058,-0.612863135212384,-0.232794461771846,-3.6317966987847,-826.228757701723,0.00352393509879656
"cv",102.547555046788,0.799928957868112,-14.7707414710358,-1.98628256679892,61.5798380047069,-3.08995207321928
"cv",101.698051670674,0.891815044407799,-36.9542123265476,-1.94212208426559,62.9252404384573,-2.86503444021452
"cv",136.539942345981,-1.25184424875081,0.437137501590249,-7.92427329456985,-807.132237590849,8.96935002560104
"cv",86.9378527228441,-0.886498629224502,0.0165809708828664,-4.56351295670199,-974.055254070305,9.61005500319953
