"","","par1","par2","par3","par4","par5"
"cv",66.4481313346131,0.674082898583374,-24.9460896653489,-3.43898741167078,795.747267726032,-0.591210471707634
"cv",65.19618192617,0.637181607430499,-3.65850464135211,-3.00202875518838,13.7608890077553,-3.03851748378045
"cv",85.6538181998629,0.752055361864544,-3.83985700795088,-3.35193512829422,20.5350210986708,-3.76036683300647
"cv",54.7317461476355,0.506176818281765,-25.5038416171026,-3.03468677151968,887.097914693754,-0.633945757469971
"cv",72.805446556558,0.493394785525192,-35.8689400450969,-3.04257734827944,864.208158991873,-2.19222307280124
"cv",46.8036640456261,0.582953583921819,-2.84024586766529,-3.33333004321882,14.0689218701889,-0.839743084771075
"cv",53.6416152828109,0.693446636796103,-3.63813700182026,-3.12346028418576,8.36788885508709,0.542247159375312
