"","","par1","par2","par3","par4","par5"
"cv",123.320990546607,0.58065056139931,-38.9512803907882,-2.57097495351351,27.3073623406445,-0.429586329304954
"cv",86.0321111471888,0.573852452945063,-18.7209581251383,-2.47283325790333,35.2175479841435,-0.385324674237106
"cv",96.9136706263298,0.53493019543,-39.8090940609023,-2.47315681996593,40.1513812410667,-0.357503867691832
"cv",101.802897052991,0.616393518004271,-14.2981001062628,-2.49935024052481,34.6629800432957,-0.432675537616452
"cv",63.0869569989931,0.568166001771789,-6.85519161944848,-2.35427702257786,34.4231534552756,-0.439556720010595
"cv",58.8928413412898,0.622766625576161,-22.6007827297212,-2.41740130456444,33.4285455552146,-0.490674745834325
"cv",103.782530540266,0.645765491758562,-23.2966615012063,-2.46235920399322,47.2117900488413,-0.461123902568547
