"","","par1","par2","par3","par4","par5"
"cv",81.4745104315592,-0.0018037289318552,-2.96327857037054,-2.93721355353022,811.968088567765,-0.34920118911152
"cv",55.9723817756618,0.0341381469625524,-2.10058234134343,-3.20639503494631,-610.308467329091,1.07218652851588
"cv",49.4919760493328,0.046416375264571,-5.71842833248202,-2.76192483767402,998.480527457567,-0.399991803216129
"cv",57.068689331511,-0.135305218884585,-2.0415109433962,-3.08742163056769,975.289828766554,-6.94198420891279
"cv",90.664485764309,0.0878405732100041,-1.89206085468505,-3.33785777073269,-678.222954738885,6.85013359412551
"cv",42.3770574122167,0.0299621089402262,-3.97508569387547,-2.7779329475245,994.347971293454,-0.325342585527577
"cv",44.8356833516667,0.0397729292172993,-3.42946003628029,-2.8336375326615,991.366072819427,-0.450005453780002
