"","","par1","par2","par3","par4","par5"
"cv",132.91914386426,0.201141881407698,-15.0383051883171,-2.64836061354879,999.425866585499,-6.73072455021986
"cv",82.5425543704865,0.157375988530743,-16.3220077932019,-2.54630031428807,999.920946210332,-7.71219678542294
"cv",100.113963489052,0.189429283670805,-19.5439075946885,-2.57761045467425,505.771418051469,0.171633718938518
"cv",100.474829454232,0.126519550051114,-37.3181158319747,-2.55501374406546,999.877646547038,-4.82911078530796
"cv",36.1561223004889,0.250969568293542,-32.4512442502508,-2.4805856199795,997.577202167936,-0.646246792030484
"cv",49.9920085273512,0.146023193052216,-10.0539800373013,-2.49349986625752,577.955598564179,-0.691223611737213
"cv",44.5402915392969,0.164612046391039,-10.7112070717627,-2.50741792368967,999.356091669317,-1.56501284600649
