"","","par1","par2","par3","par4","par5"
"cv",110.99146068885,0.90707886268086,-13.9792218611517,-2.4315229300389,673.561242451895,-0.24281621919168
"cv",101.475027948494,0.806934584908759,-2.30941990958853,-2.38588671924842,982.694988564153,-1.12771066115116
"cv",117.628986730538,0.937700766003959,-22.4676916598575,-2.40211712124002,866.667161793622,-8.85825181816166
"cv",103.57285557144,0.914879052461555,-14.6212302208845,-2.40754763440849,879.150414688772,-0.24901118046958
"cv",96.2954278186815,0.793443066314498,-9.74271254331548,-2.28938183939684,999.834512060074,-3.72788179665804
"cv",86.7245235700128,0.986671771363507,-28.3469389220201,-2.2594758200009,102.986659526795,-0.187565597936838
"cv",95.6821875257264,0.847063793312592,-6.09953266783807,-2.26492617786696,894.399533506295,-0.226384414857386
