"","","par1","par2","par3","par4","par5"
"cv",96.3994804210278,-1.0093930321766,-0.0150730705628621,-5.6540469967426,-700.53159127059,9.95666329152652
"cv",88.9608265623082,1.009547392066,-24.2163945069477,-2.40502664678135,942.953271927513,-0.721982253966015
"cv",83.48364016577,-0.98730653805709,0.792118854001158,-5.49641951666614,-220.470902471959,1.76187056755764
"cv",108.574841584772,0.741901474133171,-38.661073469271,-2.43701709750148,37.5635413681293,-0.775783283562447
"cv",99.0388455782486,0.923028514442896,-36.4774365420811,-2.51691116719576,40.9681500157715,-1.63149427156895
"cv",103.98769851787,-0.915351837873459,0.378650526753205,-5.1695951591956,-36.9605171213495,4.22736705067103
"cv",90.4448244293077,-1.30327866193246,2.74669933225578,-8.53749772875321,-339.48776367985,1.06977732968097
