"","","par1","par2","par3","par4","par5"
"cv",77.3705961785907,-0.227499413660836,-1.19828618256804,-2.85911228718858,-780.94824789134,0.400334430280626
"cv",140.094777695536,-0.413324760380351,-0.932390215326641,-3.42459359563278,-137.849276124097,4.88460731097919
"cv",98.3115911813718,-0.22212783627264,-1.20627153301585,-2.85475815599071,-943.191796498074,9.41381651975038
"cv",124.477930150007,-0.0936406576108638,-1.17943123658606,-2.96704558472224,-506.040102226996,7.41176069714129
"cv",104.928185272644,0.698299511298605,-2.18121865634796,-2.35289333461511,6.00563536584372,2.91702720180557
"cv",103.060645866006,0.574119342130389,-1.92636590043589,-2.27813387827642,7.83334128790714,1.73528135403925
"cv",112.308548738063,-0.0125560259690615,-1.32358462473882,-2.76937942859565,-604.596587003905,4.44587001607672
