"","","par1","par2","par3","par4","par5"
"cv",100.547935655714,0.834923850281228,-25.5602239175452,-2.10537397774247,16.1177374395075,-2.06934340168078
"cv",93.2543792532846,-1.19514524160034,0.502678661456194,-7.85194840789739,-771.464498713613,7.15382230670539
"cv",161.674017978362,-1.07193428832559,2.1969187380746,-6.54852225045089,-80.4428646678668,4.41533531780074
"cv",112.533686703868,1.30228079737774,-49.797069135092,-2.21918242851815,171.898945428505,-7.93272836533996
"cv",106.418432742104,0.651224860130551,-13.90446215206,-2.10936729196125,20.4285718763214,-2.21567260964784
"cv",101.59043415907,-1.37543029883325,2.11831177565455,-9.90347810089588,-927.226719183579,2.76141404140507
"cv",66.5525028804613,-0.956845880098641,-0.72399037011713,-5.12486518223364,-62.9509371500709,2.53123890987761
