"","","par1","par2","par3","par4","par5"
"cv",254.195486619936,-0.557995168270504,-28.6214410483234,-3.39017736249435,993.106368226058,-3.77218611800717
"cv",22.3671377709079,-3.60488337189039,-23.2469788769163,-2.90720624772554,9.22570367024913,5.05829158204073
"cv",56.2698358297041,-4.14912014079909,-47.5292355953299,-3.70488284369148,10.739179529166,9.76807151278918
"cv",26.2277115411123,-2.45047805830836,-37.7046072646235,-3.01481872692995,10.4476849806951,4.130685873005
"cv",79.390155245782,-1.66417298044102,-34.2009214159833,-3.55456460140719,10.6533283836214,7.74814318169417
"cv",17.1379667063697,-2.4344420471936,-35.4523793896819,-3.01226071776363,9.26496510164583,9.47628948350871
"cv",75.3948287516391,-0.350704159942042,-5.73956794154905,-3.44315587479717,10.4703232056101,5.36017404466415
