"","","par1","par2","par3","par4","par5"
"cv",119.893607470356,0.386156360654881,-13.6491267353343,-2.88511472597774,62.4740061594347,-1.77195553212931
"cv",74.1657523816705,0.333926619207034,-12.4684126962249,-2.77716055645201,59.1612379855233,-0.197270887077163
"cv",76.4191461535928,0.447186238542542,-11.5315633403974,-2.94597466593555,135.653559597562,-0.5268210824579
"cv",89.1637445607645,0.462364717043699,-13.6835737894689,-3.02761979337009,134.857147759726,-2.29865708477239
"cv",53.1879847264902,0.341443550731956,-13.4119478822799,-2.81424984799237,54.06839451701,-0.498074721544981
"cv",78.7849331212575,0.389531057609195,-12.5072684063064,-2.98402245384875,62.2276442445401,-0.793628165328891
"cv",61.6505126025156,0.514904307757865,-12.9039951207175,-2.90104698446585,149.231209553338,-0.69311353709609
