"","","par1","par2","par3","par4","par5"
"cv",44.5909819923832,0.904392670587796,-8.59340942593508,-3.1980226779276,5.29860576768381,1.02416371461004
"cv",28.8296657725015,0.556557127643765,-1.83660545316,-3.37043177662934,-734.891534596229,4.91836030485771
"cv",65.5140759122539,0.840116376373036,-6.21969068888575,-3.38176691862775,4.17890890375898,4.01117594912648
"cv",43.439129106422,0.958580223604148,-18.6989624945003,-3.18600794773239,9.60472078188646,-1.00669096340648
"cv",53.0023058788148,0.95721086715038,-48.9032945707643,-3.40166645667652,9.97847304238022,-0.980016758269204
"cv",50.5910210541863,0.875110417131337,-13.2517367874712,-3.18992489210117,0.543186906725168,3.62442179022661
"cv",33.6344448089645,0.856669417068323,-5.62173113528255,-3.17511793692487,6.17185265686991,1.13062255025863
