"","","par1","par2","par3","par4","par5"
"cv",168.310718490548,0.717356348788004,-24.925346823734,-4.15820076650508,32.092041288117,-0.998572387211043
"cv",26.6374589908025,0.371803502215591,-38.0704277604126,-3.17489146387421,20.1096006377951,-1.01842595695218
"cv",30.5306006311967,0.505830969076869,-21.7974615981802,-3.31050602469062,319.929487283006,-0.655633292511574
"cv",42.7454417966359,0.598523115424505,-12.9504466872005,-3.40438335046479,292.094270724247,-0.654820798350963
"cv",24.1639251466682,0.518272846083838,-36.8628208413196,-3.23275369156405,21.0457175664711,-0.71015018504113
"cv",73.1599479750192,0.30919537659402,-43.3317545960113,-3.09752988293758,600.385808245742,-0.603940332774023
"cv",47.2953396020727,0.367352738723961,-11.0993603345581,-3.20003672598122,28.6824217603437,-0.801971440468511
