"","","par1","par2","par3","par4","par5"
"cv",77.7477384538974,-0.962748591029718,0.189113555199351,-5.62300477761423,-744.545006677864,4.32605289516726
"cv",89.6956626731743,-0.791571209086256,-0.306987898451301,-4.99156467623035,-637.458101064173,2.94899343508739
"cv",73.4716581552755,-0.9666954526705,0.455080388904044,-5.70668269285274,-808.737693414107,9.98414326360238
"cv",81.6913087746362,-0.538684567002074,-0.460913482421213,-4.05038651811495,-129.268983372837,5.18493998014837
"cv",77.2223202243463,-1.37219001575032,3.69856079916116,-9.91423325832251,-865.073602512618,4.6622975585489
"cv",80.5687750774201,-0.593839933098666,-0.691815025026089,-4.027505055697,-777.28373733042,7.93945058854622
"cv",82.5598504194055,-0.796262080018854,-0.323948730543316,-4.78617592726375,-124.910782957659,2.49989599426454
