"","","par1","par2","par3","par4","par5"
"cv",96.7462962952989,1.2626263807549,-4.33694928062762,-2.44808317907155,644.220156943933,-0.477241263269758
"cv",96.5625590482857,1.31296532795477,-20.4616992007342,-2.54314461972118,356.978656472197,-0.85701641529392
"cv",103.335651934755,1.26249988987615,-6.51713108756268,-2.56320163237112,925.737508139158,-0.793464604230847
"cv",89.7734858620508,1.28742170769775,-36.4621419962912,-2.43401194194799,389.447523594363,-0.802741448787389
"cv",112.391872325364,1.48429864013291,-16.4143975218691,-2.7807053521137,328.425481139159,-0.952042153515149
"cv",119.885299603171,1.19509265538723,-42.970325060058,-2.42508338198287,399.621521440199,-0.639829992981293
"cv",100.273934856888,1.51325244720844,-28.14499318751,-2.6710286455724,415.764711596698,-0.963638696369189
