"","","par1","par2","par3","par4","par5"
"cv",119.916628739961,0.237131311097252,-38.2654161641947,-2.99763999415533,392.528609742757,-0.0341363865493527
"cv",49.1338492851762,0.369721222102935,-35.5010831234822,-2.99012284553942,321.874723008056,-1.83182851688074
"cv",28.576698834462,0.290136782731174,-7.37154046317619,-2.89114379633177,338.681769266037,-1.82459969384438
"cv",51.3329617761526,0.361305768443722,-22.9012186471318,-2.96576336068653,290.304405205514,-7.20111457105488
"cv",39.5556318448098,0.293973092668703,-3.55329518722512,-2.93773284800771,322.462206506314,-1.19619587338522
"cv",31.5258626741667,0.352761596689925,-43.7519496090577,-2.92544137671485,323.08379620408,-7.13972769533013
"cv",80.2349044321021,-0.30543763350109,-1.55214587842282,-3.52797515446594,329.96468772664,-1.63494754116982
