"","","par1","par2","par3","par4","par5"
"cv",49.7500560948938,0.0998627292758112,-4.09238926991075,-3.21130978438735,682.50147173668,-0.446336416049233
"cv",23.9826614957163,0.0834744140082668,-5.0718820276533,-3.06541014540833,964.967497396081,-0.335550287466244
"cv",29.4914088867659,0.0945432487184784,-3.75359689819283,-3.21289346579873,899.082802629491,-0.422873260276908
"cv",10.4830366133643,0.0476231925059284,-3.19740289584952,-3.18065468722841,672.110814439361,-0.327782158371001
"cv",81.7715283086293,-0.108264211979933,-2.0803330181536,-3.38440424489063,724.337228818646,-8.01893940940532
"cv",18.3577549761436,0.0705425695621852,-3.16164823183132,-3.19665933972101,671.438958268753,-0.435290482622155
"cv",31.1284376585992,0.0467805922417845,-3.12314536775923,-3.21966030426835,609.716372811455,-0.389160372133944
