"","","par1","par2","par3","par4","par5"
"cv",84.9607919317389,0.65145938176504,-3.22428249633997,-2.77493761566358,20.5267790314843,-2.76085948808096
"cv",83.3779713085152,0.639385986804908,-3.4339973822881,-2.94169393237803,25.4692833809268,-6.59919605585256
"cv",60.3047011274042,0.549759683861891,-3.64445224172876,-2.78293290169241,26.8272202961119,-1.18520325752641
"cv",161.64334988327,0.501010576902921,-15.953812309808,-2.96640320177698,591.307855792618,-0.362451081752685
"cv",69.9696785659237,0.694137930595584,-34.3648200685836,-2.72573671323242,30.633004307436,0.17207375787648
"cv",101.205601538135,0.698715765863634,-3.00054327673488,-2.82432221257283,6.58275556974418,3.52916550000712
"cv",66.1202716741146,0.763582264536295,-14.2782836878547,-2.76471635257146,28.2073817021262,0.249356478900032
