"","","par1","par2","par3","par4","par5"
"cv",71.6368638528055,2.97716525465371,-43.2960491390684,-9.25904728006572,60.5815086330663,-4.18209928727725
"cv",39.4497716130206,3.28991381464193,-21.7887956918794,-9.96835248703793,439.400909459756,-4.80379745767264
"cv",14.1866209754966,3.134346148933,-22.9068664269513,-9.82136742028885,452.970130774427,-6.38981460541147
"cv",14.7666560011979,3.16006741459057,-18.0416680885695,-9.86775099992891,352.753029694512,-4.01278678937581
"cv",26.9605657052903,3.03951554618483,-24.0862357226355,-9.87520531097477,465.209524269674,-4.45433809842689
"cv",26.3072685309902,3.21608414234331,-25.0425510329785,-9.92276135057833,506.360596078971,-6.43009603816432
"cv",27.0838602813399,2.96523125453667,-22.5981510803837,-9.37818891515511,437.952114749849,-8.95048894368667
