"","","par1","par2","par3","par4","par5"
"cv",100.079534279836,0.940208851335917,-43.1221436823081,-2.19195962720075,46.5887077010875,-0.53577854609634
"cv",117.178916696964,0.941924308359713,-45.0283802061673,-2.38610387790685,52.9764344355881,-4.46942186518147
"cv",118.381906927547,0.934521029657007,-24.3926007305767,-2.3352624459714,47.7608839266053,-0.517340239730174
"cv",102.851169241273,0.900787263242513,-26.3675748496746,-2.23184964971061,49.144800442578,-1.80919989691332
"cv",108.452273181204,-1.15454870375215,0.252392888069153,-7.36232643339399,-225.735565061401,-9.37715566600647
"cv",74.2048166399718,-1.12674892691453,-0.199587927722848,-6.92363620526778,-86.7328022597892,5.56168498867945
"cv",97.806506915887,0.867568162191677,-17.7458479940282,-2.18374178671025,46.7359132703914,-8.83140872054002
