"","","par1","par2","par3","par4","par5"
"cv",109.395417594584,0.749839985697694,-16.6125341204988,-2.11610862456271,11.2297634048647,0.997372082620936
"cv",112.839457873451,0.697523709984746,-38.6382839107545,-1.91400170169157,14.7605855125662,0.332186045671606
"cv",114.301842763304,0.638619267035224,-30.0620546060823,-2.00802515448978,17.0071393915862,-4.26436952503645
"cv",119.098426753838,0.85200780269509,-41.5554610697935,-2.13916424342865,188.098488241883,0.585932359664424
"cv",103.455583357508,0.808016080846845,-21.4789278275373,-1.89109258360293,12.189043265121,-6.6118327028276
"cv",82.7403824283486,-0.265967040073086,-0.755876581543687,-3.2461881766356,-139.282685100719,6.92127653118223
"cv",117.346795214395,0.175658735256324,-1.24010527219775,-2.55313371451035,-135.832156196281,4.76050088278214
