"","","par1","par2","par3","par4","par5"
"cv",149.964361943142,1.30730772972238,-36.2997733393274,-2.50516373158636,860.039566687421,-1.68778489605531
"cv",101.95667021474,0.939067537799677,-28.5768198555766,-2.06072542598547,969.697550828448,-1.34293464533618
"cv",103.604921255226,1.120985616291,-40.341756410095,-2.01774243164652,735.335479406584,-1.63026238430089
"cv",111.994728358529,1.05621595768231,-19.7809320856655,-2.00243148800658,813.740918962782,-1.59089216233095
"cv",118.438736096309,1.09531832115833,-48.7001691241618,-2.03173042490095,972.023284802192,-1.01151418367225
"cv",106.037799570352,1.17969429076255,-47.3273549875053,-1.99166607741108,703.448750815314,-0.693619767761676
"cv",101.652481251978,1.61665264505214,-34.352286959287,-2.11392828437805,22.0411703636279,-2.14447806908935
