"","","par1","par2","par3","par4","par5"
"cv",86.9641337009394,-1.3674786593765,0.420084851793945,-9.92186650660464,-445.688019506633,4.88187184954494
"cv",97.9996021807792,-0.954794766079954,0.32967624778408,-5.99773220760504,-27.3678992803959,7.57777277272701
"cv",62.5535516513336,-1.25314584114587,-0.618697766411301,-8.43051609715284,5.26928404035004,-6.55153985061671
"cv",100.024382519472,1.43568666615177,-12.690558818145,-2.48679576686576,128.291356509685,-8.11968632658593
"cv",86.6789869746083,-1.26468440432101,1.55050654010483,-8.64073892123997,-840.368549163004,-7.1768051789303
"cv",85.8266468512257,-0.844153837898067,-0.426684051745133,-4.37442686621758,-612.981219665838,5.36125461413371
"cv",85.9635007004798,-1.16985173405558,0.873264824738442,-6.83816040148495,-198.415312784459,5.9301325874832
