"","","par1","par2","par3","par4","par5"
"cv",61.1392429642013,-0.267704086447094,-0.876438167781925,-3.31275673664643,-459.343623957248,9.44006924966384
"cv",93.6103414367714,-1.04410580891621,2.3152095923321,-6.13852639250307,-675.856077346618,0.545300859864331
"cv",84.8913844250251,-0.325733636136473,-0.879267756940128,-3.21146095291922,-275.583387449541,-5.78803636599332
"cv",79.9092834390565,-1.34651997729461,2.09004969552191,-9.26982624056658,-775.669990891588,0.684599578380585
"cv",112.864511405382,0.619507179963065,-2.92808560902474,-2.2145982668675,7.35803397836321,-1.10801794834087
"cv",94.9282351473051,0.412690365961162,-1.78170732096793,-2.29123856825617,-146.550307335886,1.62719189656451
"cv",108.057918046939,-1.115303350251,2.91878443712871,-6.97010695031319,-119.035435182187,-3.02862614393234
