"","","par1","par2","par3","par4","par5"
"cv",106.425177670332,0.858824694785537,-14.1513832894216,-2.34629543287953,29.1820737730941,-2.19613238971077
"cv",92.4145835894174,0.752907275719035,-9.67324655827624,-2.39057185420821,43.1063042793298,-0.929189445870725
"cv",107.242809180106,0.760407076991609,-27.8253785671102,-2.3580943547994,41.6849869046725,-3.32134240671431
"cv",92.1674494851767,0.742070918310031,-16.0951890050046,-2.37762410571313,34.9796781055804,-6.11898571388877
"cv",88.7188790658252,0.877335267064011,-36.5907268543109,-2.36114416015217,31.8809795098277,-2.90032677545316
"cv",96.3802206568559,0.93911505013944,-38.0951149041362,-2.49882420659452,27.8627523764968,-1.66137931637803
"cv",101.374898008764,1.05768082436137,-42.666467505407,-2.48065332017417,27.8485329160525,-1.98096264809864
