"","","par1","par2","par3","par4","par5"
"cv",68.6453577024606,0.251639550040879,-11.7113530029197,-4.57515528359575,16.7178771796264,-0.641590086658862
"cv",66.5299258807806,-9.58841060353198,-48.7155684157951,-9.99821563410558,96.0113885677182,-0.167849777805981
"cv",126.658970042729,-7.50827881011108,-47.0961339370497,-9.99978923923915,475.472176788984,-0.302496237619462
"cv",0.029982014387056,-6.68456625506078,-44.5084343610612,-9.99926735682333,544.138352622135,-0.306338539639459
"cv",66.4519627094241,-3.37602444388008,-42.8693972945061,-9.99973952326835,97.2550624870335,-0.163640677430314
"cv",66.440585997125,-7.38265134172329,-45.4883182970117,-9.99996173140929,484.53658858042,-0.302611646548277
"cv",76.6157005011865,-9.60639191385644,-46.9567378961485,-9.99998772640016,-31.2801841073596,4.72776440486369
