"","","par1","par2","par3","par4","par5"
"cv",118.568969781528,1.64201094770131,-21.0628464785179,-3.37415742950104,784.997408958049,-0.925666221632463
"cv",91.3126242893002,1.31122822006254,-48.6596931308693,-2.91715550381402,98.6365315338388,-3.06967118774086
"cv",80.5175549067167,1.61755598850697,-32.2232957888445,-3.33038374342261,873.011344858539,-2.56348987015438
"cv",81.8744336944206,2.03898595121504,-21.4684005364866,-4.04132128663848,487.32728230478,-8.78553024178192
"cv",93.9620810913376,4.94821715950758,-29.0458334725683,-9.88167124321744,187.353934451245,-8.50619864952501
"cv",114.383983080522,1.23813963711827,-21.9173885883602,-3.18554958410921,100.125092005502,-9.12541130855301
"cv",92.3978802880528,0.648538699876721,-20.2036191326702,-2.60087890740301,47.3964594870487,-2.47082439533415
