"","","par1","par2","par3","par4","par5"
"cv",59.4558999255167,0.194415384762855,-24.8541012037962,-2.96897505043837,17.3606489458454,0.396554020757591
"cv",80.762600429643,0.166865514269081,-26.8963475995025,-2.96740912980907,54.5402022033206,-1.74050217791084
"cv",55.4155894062868,0.168699006795195,-11.1941237771922,-2.89556882272192,31.5881511216664,0.0865271450924205
"cv",97.361493916846,0.213754015030343,-10.1561091916692,-2.89420875275935,-782.066573732199,1.53909612710285
"cv",79.5982050002371,0.226094660714999,-25.8008699516416,-2.9129337630919,40.3330592405213,-0.000290808898067318
"cv",47.4116271803668,0.319258716933244,-25.466670896916,-2.86767709434838,50.8167132980007,-0.0559599394667126
"cv",37.7687174912619,0.475260581209441,-11.7460910112193,-2.93849048629056,142.526304381216,-2.53714198717901
