"","","par1","par2","par3","par4","par5"
"cv",67.013317125661,0.266731153894765,-3.05453484090692,-2.91070408152698,-0.825843449784259,2.68136612874356
"cv",200.646172572776,0.753031586374133,-3.77811250023169,-3.81541140948026,31.4183238041904,-9.56855428527809
"cv",40.3978913539867,0.366610906098054,-2.72604563490702,-2.94468870329965,-6.52574235573411,4.50000581434411
"cv",34.5932024864878,0.349531670797481,-3.8677833077934,-2.92875343993852,16.8845256173978,-0.433136825372018
"cv",49.8215308028179,0.292365559101678,-2.9608056278699,-2.92069738096282,-518.487464568745,7.09473382215947
"cv",67.1389502250947,0.396690617352889,-3.48200427374824,-2.90728831487036,16.6621255711511,-1.03744578938832
"cv",63.0490484716848,0.34748855667024,-2.94293533573897,-2.99636766494516,12.7845532260835,-0.807478335379833
