"","","par1","par2","par3","par4","par5"
"cv",92.986140110612,0.593683805858012,-2.87216759722854,-2.44357975910968,38.9904526877038,0.0238480599577253
"cv",110.118599743324,0.708156626335677,-12.3829693688397,-2.43930734851263,38.9575268704319,-0.0329446243249295
"cv",93.948382352074,0.699127880391287,-2.92415016946727,-2.40402684908229,36.5020535335675,-0.31530661301881
"cv",90.4862578386701,0.663206774903585,-5.31567892553563,-2.30113794083408,36.3706314912492,0.103321044722216
"cv",78.7793447400757,0.629009990457114,-2.31825238593722,-2.39853165539351,36.7594885349746,-0.0131354336344795
"cv",97.4393886558109,0.658227951716786,-3.24403038743161,-2.35857541094992,38.1310100117688,-0.0290988780731219
"cv",73.4393977758693,0.680116609813249,-3.52222256902266,-2.30448166235691,36.5767413472971,0.0261803728348762
