"","","par1","par2","par3","par4","par5"
"cv",93.255248977964,1.11201749446208,-30.1612495320615,-2.35442634259223,131.352123249326,-4.92835239490359
"cv",107.288733833259,-0.685220349203831,-0.748983985730366,-3.97891655197735,-300.334613550925,7.31050844624185
"cv",103.762541995547,-1.37678638520074,1.77701421688243,-9.61974454885016,-33.0532888170113,9.82052570208907
"cv",101.897907439845,1.24402182790595,-32.8394496001501,-2.47475419349432,150.18855862907,-5.40957472466895
"cv",108.601657624091,-1.26686877344698,-0.415356768210932,-8.09321459910377,-170.09288914298,4.61554715129661
"cv",105.415279813624,1.02947339703165,-14.061055288433,-2.41695257067064,91.2056659978713,-4.76003481357592
"cv",94.7697903571724,1.07217460726528,-38.1889526413019,-2.40374670468727,179.698181714592,-3.26304158790335
