"","","par1","par2","par3","par4","par5"
"cv",64.79382966248,-1.02458831697151,0.0362084014341235,-6.05814930517226,-829.061931137239,4.15590810781748
"cv",67.6318780376555,-1.34233255917287,0.922987970815228,-9.46798017237662,-480.041309337776,9.92177352833737
"cv",100.618644950786,0.318468540813038,-2.35190393454875,-2.19447952155713,-527.98692295454,3.38911876033096
"cv",99.2658230803874,-0.864576676769422,-0.632691208818458,-5.17218631222381,-13.3050323644727,-2.91223715425995
"cv",99.7693449985363,-1.36360053653942,0.654210339200763,-9.78699961341675,-308.207870820676,8.60989040320785
"cv",96.2884850344991,-1.01527283393145,0.253430691830323,-6.02917343447916,-455.301932587459,-7.60479757982278
"cv",82.1520316887937,-0.95645584350814,0.153010301527788,-5.56405518403755,-800.282704178244,-7.59995018672923
