"","","par1","par2","par3","par4","par5"
"cv",112.522504736057,1.30256512257261,-49.5564399602692,-2.92964582904817,209.866565420112,-0.398886073008369
"cv",99.1222118797576,0.966578710469514,-33.3165170369393,-2.71838643201539,50.82369598833,-4.83999241976584
"cv",84.6848015485119,1.13300550241721,-19.5168036342728,-2.87258647406749,128.551917563836,-0.762616146804196
"cv",110.043297213001,1.17158954058416,-38.9870622186967,-2.89892405363595,38.6714111048889,-2.72770179895491
"cv",101.466484700796,0.828809227029439,-33.1343566354722,-2.77802083487131,56.1125867363225,-0.729121348914574
"cv",71.4889766101937,1.1315536927908,-36.3322378443753,-2.79004284031051,123.858974156175,-6.12087653887458
"cv",52.7587505730587,1.17610456037486,-43.0986547564156,-2.76574217793018,122.88641383512,-5.24788547929603
