"","","par1","par2","par3","par4","par5"
"cv",99.6829788880082,1.76949149291257,-11.9099194442871,-2.50690671992941,792.377284384283,-3.43572597659853
"cv",110.353835328722,1.78685699040674,-25.2402102001321,-2.52087124749389,804.964568574721,-3.73021888001795
"cv",101.097910791528,-1.17572361137718,1.80743840057403,-7.22930550580146,-483.892381896624,-3.37025523233499
"cv",92.5820680920324,1.74282244017519,-42.5769933216885,-2.48765554441339,976.051708779693,-0.606887289978154
"cv",108.401576162238,1.8620258353418,-43.7993684783578,-2.71521697801354,911.496884628024,-0.953283097403801
"cv",84.249307134192,-1.09095531742522,-0.592396293388,-5.9494763985612,-682.766652001372,-4.97842598754722
"cv",99.282388388255,1.75001482120911,-25.5961205435903,-2.30229349058275,957.127683815227,-0.616900670133914
