"","","par1","par2","par3","par4","par5"
"cv",62.898749303797,-0.573652942299676,-0.874985373888709,-3.74466811094377,-800.317084200603,3.79487094733729
"cv",96.1062922450054,-0.348509466143165,-0.951313771511205,-3.34867487003444,-622.257828239855,4.15731186050237
"cv",106.572807119126,-0.337332275165776,-1.09885784628891,-3.27213622624095,-431.670178094036,1.15058116406787
"cv",89.605638137206,-0.449815931013995,-0.86694146267933,-3.60105743349784,-373.084944639279,3.19849219173193
"cv",98.6100488523714,-0.339573474374801,-1.05735147006086,-3.35353398284905,-720.882965837954,3.48015276210725
"cv",89.6436957159802,-0.418673374058628,-0.854729844992456,-3.41559740324089,-848.565793250242,0.881852085243849
"cv",170.888458931734,-0.776275458963528,-0.398714304653338,-4.59474813614283,-854.628928733239,7.74868996442998
