"","","par1","par2","par3","par4","par5"
"cv",91.0007578912392,-0.0301173037189495,-2.03706163705742,-2.84773060386589,-115.260953949645,-6.03054770484437
"cv",125.29579677811,0.623819516012732,-30.72980337451,-2.82217341436135,145.868618553305,-0.252952578924907
"cv",74.1665285849778,0.454860037522937,-23.5817450075484,-2.47359737053189,134.017232352308,-0.222435347195714
"cv",61.5768430537084,0.47755975465017,-9.10845556993226,-2.53587262993386,421.867310648117,-0.25839052406768
"cv",76.9884275150622,0.551187230654591,-10.8394979832013,-2.52642356905071,446.621595449016,-0.277344595309808
"cv",110.323046963882,0.488952078307729,-2.49796030906642,-2.74308277062545,442.953979238244,-9.31737709456134
"cv",103.62094995696,0.198769856702468,-3.48757979303764,-2.53390884508276,-117.675537166602,-1.95896122892375
