"","","par1","par2","par3","par4","par5"
"cv",72.1218209976269,-0.150992682305609,-1.97804281637179,-2.98978655149573,339.986885493614,-5.35771768145851
"cv",119.966031537719,0.0496629335068019,-47.5071151353331,-2.63646635758845,239.948128115732,-0.0804161808355476
"cv",78.8355766073684,0.0227954586031532,-31.823787515979,-2.59771177636959,262.460123028425,-1.61592083696667
"cv",177.157846951607,0.260771369713746,-8.30357609484775,-2.98538350142488,259.401856774825,-1.39543332773925
"cv",40.6433570279274,0.0252122615431462,-21.3317234193007,-2.62275321356414,243.19308852795,-1.59830885135382
"cv",23.4440720056885,0.108968351508365,-11.8321624672189,-2.5962667495178,265.039829623216,-1.53768857797262
"cv",52.1076406575326,0.71370592708274,-4.00623835511342,-2.97224945169136,14.5584827536265,-7.1712545297181
