"","","par1","par2","par3","par4","par5"
"cv",116.98359288672,0.706688084643312,-6.54862801723289,-2.30780843363918,56.9658982091757,-0.74075322017875
"cv",92.2774986507597,0.656836058647948,-29.5847719636421,-2.24198696314357,75.6939413482186,-0.352105873310951
"cv",108.249342873785,0.544582087765938,-16.8328057014855,-2.1612839899202,21.8206869205314,0.0073693377946471
"cv",97.6519817081138,0.747735210356512,-33.8358760002724,-2.12194821588475,56.1475282556189,-1.02710796460038
"cv",122.240058916584,0.714360469998308,-34.4554948004048,-2.2167495200227,57.0592552269535,-0.321690841895959
"cv",96.1246401183743,0.656181980193886,-10.886322193717,-2.09832571747026,57.4773042861245,-0.715263799851339
"cv",106.998275106299,0.760353771485268,-5.63777600980405,-2.19557471895826,54.2309439300792,-4.36276272076877
