"","","par1","par2","par3","par4","par5"
"cv",161.214360972055,0.121199183782915,-25.369911176666,-3.31280913505539,480.539119478434,-0.220494247188418
"cv",27.428854273468,0.216055920050819,-16.512764697935,-3.03900932418024,516.956284733028,-0.720411800186181
"cv",45.5182699772884,0.219399156603924,-14.3758835745009,-3.03605736947894,482.727544849523,-0.708164178798
"cv",26.9052547586462,0.215958514487186,-18.2032722035218,-3.07992172036337,478.591549251735,-0.722698458879265
"cv",54.4982578860653,0.195382636245488,-21.7281717282693,-3.06541983360863,492.122155681883,-0.730661759570443
"cv",26.8907836874528,0.1915799525951,-17.6435960297767,-3.06326709125343,477.944779429954,-0.727872510487586
"cv",8.62126716245863,0.152205104966676,-13.4245012224135,-3.3759855187689,9.65279180250843,7.97739903637878
