"","","par1","par2","par3","par4","par5"
"cv",100.17778210958,0.915416786315615,-14.3500940733858,-1.97177631916276,32.8249018639326,-2.37941895597016
"cv",122.796591152379,0.949627101653587,-25.5857750802338,-2.15228646799206,38.160406439765,-1.31398047372696
"cv",73.9112574013445,-1.21105586802609,3.59657667355511,-7.60509845899514,-871.376326489545,1.15395254270257
"cv",86.5344442921133,-0.786210674753725,0.315016551754034,-4.63726697486892,-279.226309951522,6.07067115899277
"cv",69.4540841588238,-1.16069215922339,2.17601335567739,-6.94024925464639,-93.966500548965,5.275582741265
"cv",128.968966518764,1.08645999450956,-45.0982602341761,-2.17026560062418,26.1777120268874,-6.08981663269456
"cv",92.7592713805274,-1.2257591597325,3.84692862976981,-8.01096553009375,-186.058807713201,6.24141813740082
