"","","par1","par2","par3","par4","par5"
"cv",64.3473727404985,0.285956788865108,-2.42946359051543,-3.46549048665259,-372.597643324517,0.0742661925976753
"cv",41.0269616902148,0.392387528780323,-2.90549559191079,-3.409560662308,-699.099857882092,-5.78042325104886
"cv",47.8006567326702,0.331633099750674,-2.58545989350144,-3.53873024590448,-917.193211912655,-3.71778442070498
"cv",48.0337541169504,0.256548080964322,-2.43514003066306,-3.56993600323191,-869.989464780723,-7.11428999651842
"cv",67.8396748845579,0.470123803286166,-3.04235880901577,-3.44367433658993,-811.196448794941,3.10104396757121
"cv",40.0158350606661,0.342918401511407,-2.72252925112451,-3.44782950281404,-363.2709769672,-0.132318504746875
"cv",27.3654342031291,0.573228618731551,-2.70117323927259,-3.4097807188294,-743.211483641685,-5.48653057917616
