"","","par1","par2","par3","par4","par5"
"cv",104.252071965592,-0.95368561137134,-0.184415042999532,-5.4842323558516,1.57995849177547,1.76293814375219
"cv",116.20619890642,4.82863706127053,-47.2180658449473,-9.04706901542199,28.6980622316193,-6.82043326207329
"cv",84.1490154306008,-1.31232712818824,-0.0420906080158784,-8.71686423657736,-337.852741823728,3.83604096086564
"cv",103.097961354714,2.71682622216665,-48.9271101036308,-4.79090702259869,24.4193560823591,-8.72423542307309
"cv",97.2664918790857,-1.09413079925623,0.0469463527095856,-6.50034323738234,-153.568732246925,1.52547663133815
"cv",83.1687156499062,-1.29487312974826,0.352031458169222,-8.55250983498991,-565.148352052294,4.4163857350481
"cv",89.9489392425089,-1.13316272691728,-0.11669149551193,-6.59620597645783,15.232346862093,-4.0599819563667
