"","","par1","par2","par3","par4","par5"
"cv",99.0611542024246,1.19671401994785,-40.2090117021462,-2.36112755463202,113.455670621635,-0.400088024325669
"cv",106.753335119211,1.28778800994693,-38.6736695062118,-2.4707716283091,384.724907510874,-0.491580467763701
"cv",107.268174208699,1.27095406548389,-41.6961079601479,-2.42378825525701,104.442543546147,-1.63032682059095
"cv",75.7894413014173,-1.29852773419991,1.5273657613091,-8.83676331438597,-216.240466132057,8.08854518923908
"cv",51.4228877101165,-0.994810953160358,-0.331759517540054,-5.88401685780654,-958.395727763684,3.04974137028762
"cv",86.5750384856765,-0.917102836686886,-0.540335034200785,-5.57431578648151,-461.897296102831,7.25506022465143
"cv",94.2617534723459,1.17301990099196,-41.2480964984332,-2.32650479725143,94.6365021398112,-0.411002687178552
