"","","par1","par2","par3","par4","par5"
"cv",57.0493880169233,0.13670189598585,-1.76692147641586,-3.26932469971532,-5.88731294317483,7.83770982442592
"cv",50.2083862416051,0.183356942025598,-23.8825251757613,-2.74897229266966,996.423329864621,-0.146348906168412
"cv",69.2605501284886,0.0738487257221365,-15.1524874008814,-2.7277409855834,958.814941259604,0.0352219768885018
"cv",52.4375417726037,0.177527516338849,-41.3791440652435,-2.78087018840258,998.878148361796,-0.0718439227394193
"cv",49.0568848863069,0.233972478245654,-23.4318659839912,-2.77681381862732,993.236366244099,-0.150681968062019
"cv",62.3936598835346,0.107743179017031,-4.64796081712861,-2.71009947189802,969.372470825986,-0.138067558712017
"cv",57.6937867369808,0.177742542397092,-43.2068430977113,-2.75101824885323,988.681744111086,-0.145054924852237
