"","","par1","par2","par3","par4","par5"
"cv",69.6377460095318,-1.12048806618154,-0.137656015343964,-6.82741418873875,-489.388576288887,8.06044488611462
"cv",116.496157214373,-1.11608784832859,-0.287279300391674,-6.83085415562508,-579.274408211158,1.90544143978949
"cv",98.1272459216544,0.994744876582274,-28.4145531750648,-2.15785938816701,32.2411347289381,-0.288178506213807
"cv",106.953500586482,0.801696207732171,-30.0224554068203,-2.2458776175903,29.4457016815111,-0.0996242630993257
"cv",112.764667558338,0.718877950585857,-46.5867934032587,-2.3407107526067,41.0505935577365,-8.43846248816684
"cv",58.1270429573337,-0.983235228777401,-0.165407795990011,-6.09673679600874,-28.796648182707,-2.6187494210535
"cv",83.4142206050006,-1.38489019202034,2.91719157371295,-9.89062147758706,-781.694281846285,1.07377400738976
