"","","par1","par2","par3","par4","par5"
"cv",4.59868904935111,-0.0940421915041148,-3.60644473979091,-3.10246774604242,683.315721603128,-0.305735809535089
"cv",14.3717617078146,-0.0779790216678085,-2.97462097570543,-3.34373761930116,959.056066349149,-0.292222953674118
"cv",117.98927778807,-0.307893297888581,-1.73666500933929,-3.77130497911868,873.791193549059,-0.301995953313033
"cv",27.890847067433,-0.0630466188696161,-2.71723834799794,-3.25382057199645,260.619366653653,-0.28377401544343
"cv",67.9792840640444,-0.274878350859956,-2.15711434853922,-3.53844781433599,826.451112986548,-0.304146794195271
"cv",35.5770980955807,-0.189853955780918,-2.88258348755094,-3.17625293640686,504.624387866206,-0.299895097215628
"cv",81.4601384543921,-0.210592412937445,-2.75441145123846,-3.19278095545052,548.99486962112,-0.303762621567183
