"","","par1","par2","par3","par4","par5"
"cv",98.0757760423845,0.164990688578333,-7.0233283007046,-2.72438389106977,999.90286723275,-3.95709630729787
"cv",59.2189197801651,0.161050539410918,-12.4882705658635,-2.61924239935619,999.969208774157,-8.37857057849634
"cv",92.6340773135049,0.237176789438444,-12.9802343392685,-2.80646027411307,988.691106133832,-3.80170850560545
"cv",67.0629489225119,0.110394002475285,-2.31203217062654,-3.03721356873413,-139.891401318531,2.32150012543195
"cv",86.4551372907104,0.0977398343069331,-17.2700522282171,-2.64895702244588,999.776925133999,-0.729951640699136
"cv",55.0278334694042,0.189114886919198,-13.1908830851182,-2.68009907865546,999.982411243796,-6.94475385693206
"cv",27.4143053272815,0.243536983447874,-12.998173138381,-2.65722731553918,999.752465195646,-8.96890728005064
