"","","par1","par2","par3","par4","par5"
"cv",74.2166914218777,-0.681953784162669,0.168892290293883,-4.56964619987748,-508.616095933259,-9.40737182708081
"cv",93.8033646864411,-1.27136959335901,-0.317675335668028,-8.70566633547533,9.29398521280009,-7.31609785006439
"cv",93.0208873381837,-0.790943399757622,-0.74678985401988,-4.67399405511812,-293.049691321614,5.81067414465527
"cv",45.3133118497727,-1.30406241328773,2.52759960814267,-9.04088799424283,-771.198147196718,0.903754638258813
"cv",108.209678733818,0.850992400579681,-46.8987876083702,-2.26588803139685,22.5956764203845,0.00869122846987214
"cv",115.763098944611,1.29671037919766,-37.8319141236857,-2.73138693399292,508.735441918633,-0.853213316258012
"cv",91.6286522165584,-0.877905101932035,-0.41386253662867,-5.40620037804115,-331.407787116082,8.37928605147741
