"","","par1","par2","par3","par4","par5"
"cv",97.2850353498649,-1.19535395409912,-0.0734820813313444,-7.6967511048823,-70.7829734305203,8.52011761379438
"cv",107.35741544016,1.69428776796323,-14.8362885349288,-2.86019480929732,863.912591126012,-7.27835129744182
"cv",103.65714145696,-0.500455612505439,-1.01271586026996,-3.67066082232588,-591.495268925581,7.59666694711808
"cv",107.534483118386,1.47390290143754,-8.92062719264841,-2.66509269920736,94.061356098464,-0.58991812010539
"cv",93.652593984844,1.40525583490685,-19.7305239013022,-2.47524586973771,76.2592570352198,-6.20506535855053
"cv",95.9188974068923,1.4763292816051,-24.9508707453691,-2.5602382282993,97.9848459442724,-1.29949037013539
"cv",92.6222578187792,1.55856304482493,-45.1565665066504,-2.53466222882063,105.844997699954,-6.80638459267273
