"","","par1","par2","par3","par4","par5"
"cv",67.7268017146992,-1.3231161083248,0.872488477998214,-9.35205726884305,-249.188656259693,-0.507943980680212
"cv",113.253711244903,0.441136021850824,-33.0549257045811,-2.26896625281665,2.41349400866881,7.94525854289532
"cv",113.544860985311,1.01600540619161,-48.5056545308422,-2.23987147127755,57.205818358517,-0.0113268600648762
"cv",110.828103659884,0.867237768876562,-42.176175221313,-2.19234497799452,51.428971812129,0.588731310497163
"cv",87.9591337354543,1.26853809145094,-39.7355045162265,-2.35401232932709,137.860172594505,-0.0497532699208554
"cv",100.125047445529,1.09516265844628,-15.1584916049615,-2.24368729447287,51.3450335711241,0.22303477419544
"cv",114.489284752156,1.10417136190272,-36.2910181044526,-2.30986995175674,76.5813628177346,-0.0784678393610898
