"","","par1","par2","par3","par4","par5"
"cv",107.230848870906,-0.196086678827053,-0.869032008419176,-3.4194536380487,-250.401793979108,7.56186572516624
"cv",84.7937179679879,-1.06403370941353,0.636197843955102,-6.04887403375059,-774.021650664508,4.9540009357844
"cv",78.380382171563,-0.337198888314797,-0.782311095392368,-3.55441024480859,-516.779485402558,9.56462039663043
"cv",99.3876711599719,0.83498075864605,-20.1834748379375,-2.28953953408417,6.36702521172744,4.17504228379773
"cv",88.0069267284497,-0.355152804466038,-0.653381813808777,-3.75007882298229,-317.519367672503,4.78764617349952
"cv",78.8313594449754,-0.288737690881194,-0.868197623640299,-3.60440863418324,-469.99461129225,1.97013054299932
"cv",90.2767138954637,-0.395685491652321,-0.786731758001297,-3.63945332688735,-265.452515277852,5.52881514259381
