"","","par1","par2","par3","par4","par5"
"cv",73.454125993063,0.17225501597366,-1.54525348209772,-3.1186089889481,-786.566006626018,0.242001390727556
"cv",80.758827336936,0.291962914450056,-1.63158164585431,-3.08942227583995,11.6791401420477,-2.81847956785618
"cv",90.9891305018823,0.329199162739708,-2.23906087938429,-2.77612682303271,9.31047772994597,-6.407891040968
"cv",47.2568045947205,0.072897835804522,-2.05280590905359,-2.88098892616356,838.702493763243,-0.341932371812144
"cv",64.1558973075295,0.55974667835203,-1.6817981553763,-3.08127501621775,19.731253378719,-1.07448883613152
"cv",92.6685402076054,0.309406360870235,-1.75068868869692,-2.96261923809845,-647.375860640545,0.276194617035083
"cv",96.8376219215681,0.5908302555444,-2.51623452159153,-2.89413685313766,16.8530979354822,-2.68419251101845
