"","","par1","par2","par3","par4","par5"
"cv",109.375187605807,0.801980606845837,-2.4235056843644,-2.44595197334179,987.506987382223,-4.04245160224687
"cv",116.339764574525,0.920444488139101,-4.2146129097504,-2.45462485723036,98.6490632469078,-9.69190994169878
"cv",96.5415718650898,0.40497299548336,-2.50329900407725,-2.25341195459783,-190.862462179753,6.88726635403405
"cv",112.985514664309,0.799425997995284,-2.76626333032794,-2.5140497499672,974.953904554554,-5.66903275284232
"cv",96.8036844961313,0.627779090229757,-47.0410609075958,-2.1662350436389,4.76849701208184,2.33439502555355
"cv",91.9860130812321,0.431076868404202,-2.87193978451398,-2.27235856306219,-316.288985237143,-5.12148400672187
"cv",103.41398148946,0.423416164941365,-2.92776898860124,-2.30630322686292,-614.409848175693,-7.36137995561836
