"","","par1","par2","par3","par4","par5"
"cv",58.2023533634783,0.0101238483199099,-2.33331624957732,-2.98108685933861,518.349178896767,-0.248442958770212
"cv",20.7360545001216,0.208098731448186,-3.12140948441777,-3.02362687584298,457.279745554097,-0.101153851785075
"cv",44.9406383974964,0.214982267478553,-3.2239355359488,-3.12000180077616,485.068447791361,0.028678248267972
"cv",129.118740698712,0.348762445402905,-32.9463931244392,-3.10943989608117,340.148739535784,-0.224825993833705
"cv",39.6158567546622,0.266401732319554,-5.14235010252785,-2.97597200149247,223.137526410239,-0.0862772457285592
"cv",43.5683671510313,0.135136554884563,-3.2749808501794,-3.05462794888353,318.116634380655,0.0264833453517385
"cv",43.8862393014567,0.252138006891136,-35.3041827213019,-2.95451400376437,369.755358037292,-0.0994019910818029
