"","","par1","par2","par3","par4","par5"
"cv",111.14337770629,-0.369927199737292,-0.739742741126561,-3.49487071025237,-769.439690554387,6.91990207049531
"cv",99.9028993578092,-0.880775092927858,-0.0512311767330476,-4.58550466598033,-606.751435986708,6.90094674759613
"cv",88.0781422236689,-1.23499136795351,0.990512338466942,-7.72274597991783,-488.007198875619,6.07906503651744
"cv",110.285819104001,0.60895515369074,-9.50767082337885,-2.23005299579825,16.6114968977446,-1.69638773488035
"cv",88.6518469913039,-0.880480306884645,-0.38737951389276,-4.90703178489928,-61.9025890175018,1.36497394181788
"cv",94.4867766880417,-0.269926518932773,-0.776841487251225,-3.1950576512085,40.5740996032617,-0.797389650903225
"cv",86.8607161592537,-0.562917852798224,-0.717319880215658,-3.67887494300149,-945.832709867346,-5.68831480147598
