"","","par1","par2","par3","par4","par5"
"cv",96.7375478112995,2.29038771634247,-42.3389776609838,-3.76655044327629,49.8846690013383,-4.06890462182042
"cv",100.004047631941,2.06233402004396,-49.2170365745333,-3.45369044957738,86.3646894540926,-4.80472070528842
"cv",66.8265844869536,-0.896359050038307,0.445468071848154,-5.53596575525533,-428.100520258804,9.52535408522848
"cv",100.396217713859,2.58986552589947,-46.949594667761,-4.4997550547123,33.3390634350263,-2.9436046932495
"cv",97.0422181141728,2.3804454439219,-47.6748999441043,-3.97429202855985,52.2913590545361,-6.10505147055685
"cv",104.341308810247,2.40674592366846,-44.7717004300202,-4.25013340358317,62.4285253402234,-2.68834868371187
"cv",107.333247343114,1.89153322790293,-46.1899896088094,-3.36994289318981,580.151848764875,-1.25281086975429
