"","","par1","par2","par3","par4","par5"
"cv",116.844907485188,0.866324421706541,-45.8115131980758,-2.27390759662419,36.7121736274619,-0.533378709862422
"cv",101.573611478117,0.917852448140519,-48.9284477125634,-2.30873334723539,32.1500153593361,-2.56694066176593
"cv",94.9504224358517,0.856719193263401,-36.4118327447225,-2.24281154124899,33.3299492169993,-0.984937209380461
"cv",112.118587547077,0.937834371905299,-20.892910500222,-2.44816916087105,30.3579576818539,-4.45951773344165
"cv",101.845615586432,0.754293774400124,-13.2468010653873,-2.33991478891239,45.3472964303758,-0.331085428526586
"cv",98.595881637844,0.860550169044925,-15.1660929755287,-2.19634084814159,33.9837032594428,-2.87733359027831
"cv",95.8821777123585,0.873065626624593,-24.4263273245832,-2.13357957760463,30.5035466954428,-6.50890147304432
