"","","par1","par2","par3","par4","par5"
"cv",71.5720078682281,-1.29698387235475,3.54758461160243,-9.08846828122925,-584.247104250145,8.98557885145335
"cv",78.6898716504013,-0.95150494680306,-0.582284665724899,-5.69721817309727,-445.725742758147,3.43424847048149
"cv",87.6436471376575,-1.21835657629254,3.83686745218201,-8.38503756274453,-587.41297852248,-9.54353236687728
"cv",94.0556865379769,-0.918737426032083,-0.256149477620866,-5.61114146784111,-431.794015506844,6.02405124343932
"cv",35.4145270377189,-1.36072612160017,3.28860539333243,-9.90184595416908,-742.703031214891,9.28078420784396
"cv",86.5183552047848,-1.02782582696371,1.35502497581981,-6.37434268145724,-756.151852563666,4.2857379373163
"cv",75.8879561048049,-0.739389638914928,0.305375343344506,-4.86777806772953,-787.425881717354,9.67862015212272
