"","","par1","par2","par3","par4","par5"
"cv",141.248724541976,-0.949333676184197,0.775758151123053,-5.27816142750483,-317.395580723092,-7.30243213940412
"cv",110.160034201419,0.837947171650649,-3.2338119485876,-2.25622972420261,333.703141097278,-0.444586138565993
"cv",108.204603894665,0.649255232180745,-1.92462107818387,-2.47047267112902,231.333276103411,-0.55056223387845
"cv",95.85544741188,-0.298192881601322,-0.930203548029066,-3.12118437721397,-77.6406936548936,7.1033326492944
"cv",100.974648904134,0.663404621937414,-1.68345590196155,-2.59888498959686,219.138021067302,-0.403281286518276
"cv",98.6542827802867,0.855542927032673,-2.23811741505108,-2.42653471223333,228.902127863265,-0.292103998231294
"cv",102.142080096768,0.633497741320444,-1.66124078843474,-2.63260197950491,169.056811082856,-0.426893147408554
