"","","par1","par2","par3","par4","par5"
"cv",114.048073477391,0.526304091537546,-3.27420056272296,-2.38460651089458,2.83569198818447,2.93284781172258
"cv",95.1482582809563,-0.00330299350699889,-1.50618014215614,-2.70470333738171,-821.817055603297,-1.53761028918236
"cv",95.0255676325894,0.498214713227668,-3.05538703504545,-2.40765971996876,4.85754484972019,8.49527223558186
"cv",103.468064331513,0.531423678390278,-9.90615185443628,-2.36912431765303,4.53172717243433,3.14214352983981
"cv",89.9697782090392,0.462692513902769,-3.42018516201828,-2.31720516289477,9.6331480059823,-7.03853211831301
"cv",99.1647678423376,-0.207168578718678,-1.24780867389681,-3.13281573501021,-669.249134238449,8.70212840051074
"cv",60.9739275224177,1.02479839073492,-45.6483872903152,-2.30285411274738,5.04369102418423,5.26847332408248
