"","","par1","par2","par3","par4","par5"
"cv",37.4935497245538,0.479607682760376,-3.58613656758198,-3.79292613897556,22.5624822780267,0.230973716260024
"cv",85.5967284426773,0.548883870835335,-3.99585144526813,-3.77941021759176,22.5586156355935,-0.0032290940455193
"cv",7.20843764706622,0.49634367150852,-5.32244295846456,-3.66643515221919,9.70743100821795,-8.68309651772634
"cv",38.6020606457497,0.458028586981107,-3.74253385721174,-3.80959910566567,9.58567655431146,-8.19836541544646
"cv",14.4737974110012,0.44970563826076,-4.44750814978566,-3.68711018436096,9.54546879176329,-6.22393501950744
"cv",24.8382483199069,0.398918306499806,-4.08111154277172,-3.65463623585602,9.95160646649938,-5.30303180745491
"cv",48.8977871840561,0.538034837167671,-17.4602503462476,-3.8381016345419,10.2285825407333,-8.86303576310745
