"","","par1","par2","par3","par4","par5"
"cv",39.2223795720701,-0.0759948459487357,-2.89339320901166,-2.98772171680626,971.323581968962,-1.25821388518831
"cv",13.5620160864327,-0.0347196338883188,-2.76995077264581,-3.04156342042324,932.057347663481,-1.3832066908995
"cv",33.3420272062831,-0.222466152924094,-1.99866877316518,-3.23090530917807,956.679442088054,-0.750993383497905
"cv",8.67411012796789,-0.0386788345166778,-2.44429896606661,-3.09990116682093,945.711209848059,-1.28047178458622
"cv",132.367106262517,0.0651363412637736,-2.398195913838,-3.50753846374042,943.746372226192,-0.375740569362837
"cv",42.9792196998382,-0.274709005947793,-2.06763091593638,-3.22896174038007,848.442324979363,-8.95546376908221
"cv",64.103647460299,-0.19741860753629,-2.03108001081127,-3.1455389015517,975.679687022008,-1.80366661845329
