"","","par1","par2","par3","par4","par5"
"cv",39.5245047615643,0.307372555492465,-26.5428329861564,-2.58409704673162,32.6856176055826,-0.0548101859421474
"cv",124.166562773382,0.508695640014673,-19.7681028071378,-2.71063080811949,124.935684191208,-0.0726939676402591
"cv",129.861525853312,0.275275250154056,-39.6517422395677,-2.81627305561599,31.9224250705706,-0.0880285609513109
"cv",95.2997058203499,0.126641986318122,-32.9612065217979,-2.72097991320661,-41.2535136282906,-0.182299329643723
"cv",79.1831226738474,0.281046184312209,-23.3852030685616,-2.62414166267098,29.5649827487006,-0.162706858708719
"cv",60.7650757255403,0.255437895388908,-23.8437823801306,-2.61386120951935,30.2743659715368,-0.157651809276645
"cv",88.6452140923225,0.225769250596354,-26.7503688610047,-2.64794892990411,-45.2698322523893,-0.152467086282935
