"","","par1","par2","par3","par4","par5"
"cv",56.6207592006884,0.434120366436567,-1.74124113567404,-3.15423074403931,-229.450196288485,0.540175853981501
"cv",70.7702969981372,0.46662707264057,-1.71513311005223,-3.13345778895841,-628.019827052263,6.84025794587408
"cv",53.2091814664583,0.406783198674916,-1.7179773166098,-3.08099047928731,-557.550029412028,4.5122259654435
"cv",61.5282693106373,0.413556842781139,-1.65530220765256,-3.13976763262736,-413.45268449993,8.79469734160297
"cv",115.859040517963,0.120411196267336,-4.68215932328917,-2.63458337891094,217.042578656697,0.0497897919936164
"cv",48.8774046338277,0.423749457872735,-1.52735935570202,-3.22436775397031,6.16109158123334,-9.61682902183384
"cv",58.7634568601127,0.404508676251419,-1.61360031145405,-3.10969073876075,-977.142857981916,9.55623983105461
