"","","par1","par2","par3","par4","par5"
"cv",98.8085788157463,0.491097100447858,-8.43335063428475,-2.279154361696,10.9879752793207,-3.43055941451929
"cv",102.479425648994,0.458305061346703,-10.8307284295529,-2.27204119571138,11.7998933068588,-9.5291618768912
"cv",108.490258926548,0.444403342410746,-6.47764514116584,-2.3462559837268,11.2116455747581,-8.15565960838903
"cv",108.529139576339,0.457857693357406,-12.0636010749084,-2.34024789006808,11.2580103725211,-6.28907420934171
"cv",86.6928281819017,0.463605710803323,-38.6415577788435,-2.27427606683201,12.6407535368484,-1.93916683104477
"cv",113.582766543394,0.465409566312988,-35.6720884918882,-2.30491303533548,11.7035808141581,-7.01970374738318
"cv",59.0622775183541,0.475308499319837,-29.7971202001413,-2.17709159042593,12.2515289040302,-2.965790303424
