"","","par1","par2","par3","par4","par5"
"cv",93.3087470997465,-0.506338277528162,-0.77943069909032,-3.94291840276448,-30.9926906836508,4.78281630120751
"cv",78.0483437227072,-0.963914735111658,1.66890683704257,-5.54028347600251,-179.839447939514,5.4185673323517
"cv",111.093247137635,0.819685582733054,-14.9329313514274,-2.24305518647479,5.87318377917431,5.28532352365702
"cv",62.9464537453193,-0.632576304182787,-0.209205257107558,-4.1521539302859,-55.5418993927917,8.55964166438894
"cv",99.7898671808329,-1.22665709632709,-0.257604729370486,-7.81622443148265,-255.838892304824,8.94096505088487
"cv",93.3359684378552,-1.38208013240826,0.604626557820092,-9.81191042710912,-387.753517310075,7.7526405753133
"cv",78.1799039540547,-0.675158571117446,-0.44027544132311,-4.12433809875129,-198.807847114817,8.88814103301271
