"","","par1","par2","par3","par4","par5"
"cv",92.2878982871561,-1.1322051171218,0.909377847115782,-6.84277515137915,-44.5766272949559,-5.28209891565384
"cv",66.907635353875,-1.22720912618204,3.6326513679276,-8.25061663240744,-300.620728861863,8.05704639144113
"cv",87.2369048127162,0.569261310217681,-44.8360864493844,-2.19047514216158,7.60623148758104,8.83806720425672
"cv",133.545808696401,-0.959164304845035,1.15858881122533,-5.85885337320703,-548.12613416556,9.42522450111991
"cv",107.665749024188,0.589197311349133,-35.9768354577711,-2.16791425002125,7.2986086608504,6.96675805982619
"cv",94.550710170781,-0.999035210423396,-0.483939316046949,-5.78698742987323,-183.12309259655,-3.82909475389632
"cv",97.3445376259972,0.532321373975499,-4.98899390814206,-2.14116306540375,5.04280679580533,5.92855457010625
