"","","par1","par2","par3","par4","par5"
"cv",66.3108925654425,-1.21386422075033,2.80633454187585,-7.55211377125583,-741.557053860186,9.50175866018981
"cv",92.4478675761603,-0.89925914433319,1.24458416692105,-5.23004876776827,-964.253872815626,-2.58045238305376
"cv",68.3331503153209,-0.351658510781547,-0.65361880405355,-3.56184050132433,-943.768464605939,5.08185582972253
"cv",67.2746050059983,-0.288534233401698,-0.754975859823808,-3.54014313322407,-926.973925066844,1.7466443271981
"cv",89.8229007710824,-0.531416724998204,-0.681410740863807,-3.7941799337717,-10.9500349499285,5.01446093635479
"cv",96.7285717360913,-0.525017309910322,-0.42569517185673,-4.02072002257147,-166.561895798854,5.90550323459062
"cv",119.407847573736,-0.396770632529576,-0.830278456578769,-3.83968494665406,-438.841976327015,0.469421222805977
