"","","par1","par2","par3","par4","par5"
"cv",68.4400440189612,0.665919185535022,-3.16149893204066,-2.82750947025825,18.0855230724709,-1.76999484481041
"cv",98.3177979062344,0.234172222687847,-5.88744096832374,-2.64315961151073,562.982325338495,-0.337288200419537
"cv",39.8144269605514,0.262938055757166,-15.7635380529484,-2.57125166098361,598.066359566992,-0.0757314253188089
"cv",63.0406487458961,0.694557749679611,-2.48509338439421,-3.03789413256047,18.4754918526805,-7.31940266494302
"cv",53.7428160559539,0.385674136557262,-1.81336246580424,-3.19712679035126,25.7355524227023,-0.551028303190406
"cv",70.5832075777614,0.751749127005488,-3.60994208220214,-2.79076087646234,20.6760889466616,-0.717029212001542
"cv",120.915992609504,0.496137968046341,-2.44347533167259,-3.1415757033902,23.28525873221,-5.41584331504463
