"","","par1","par2","par3","par4","par5"
"cv",83.8260417469812,2.09622663689182,-47.8158587265396,-3.96487835111395,111.812244030746,-5.94104821791716
"cv",89.80979643147,1.46755635512124,-33.9170815521148,-3.05175233421893,596.83888587696,-2.68390202345133
"cv",96.2531048132925,1.57258800821384,-37.2251178725202,-3.10877683360493,952.029127930534,-4.44862443647831
"cv",120.273934527118,2.57129300976544,-47.3514768091223,-5.29617165072069,44.3864512588041,-6.01376211670858
"cv",102.633523240204,2.87867379374802,-35.0617178237907,-5.50491642206907,19.4139718078077,-4.1496356960386
"cv",65.3354132539639,-1.00766627583653,-0.24940362200141,-6.07872553588371,-715.734780969015,8.71295544882598
"cv",123.790653262745,-1.16428836935207,0.965194241143763,-7.56334703066631,-110.392745681991,0.196173307284149
