"","","par1","par2","par3","par4","par5"
"cv",103.95816721363,0.6033992229185,-1.24189674552277,-2.65169417850567,350.15592133943,-5.1671906637968
"cv",110.189236743946,1.02889816119557,-2.45625965076103,-2.0284387521814,14.7089325645906,1.0907785662303
"cv",96.1557332329037,0.968070560435323,-25.5385119634331,-2.05469532073664,65.7589714644844,-0.713155011253152
"cv",104.44861518263,0.555729151276432,-1.19924953178368,-2.73527260750231,75.5031644891367,-8.13142116729286
"cv",138.290620619783,-0.68226897560579,-0.520671695048149,-3.84141503704331,-362.874450992041,8.3973832845767
"cv",119.505713345681,0.484605909123153,-1.20148940405035,-2.72672959167179,84.3445236485031,-3.25234095988671
"cv",110.224043615323,0.526301162324238,-0.91168908775242,-2.87263558098388,392.791614894662,-5.15684600479128
