"","","par1","par2","par3","par4","par5"
"cv",51.6238233844865,-0.519616725548733,-0.666910737194121,-4.47480394071102,-669.135548055008,5.85060153156519
"cv",101.789936481972,0.640732393774253,-15.4825639035438,-2.20742509945558,11.9971564609508,-6.55723791709656
"cv",44.5716401513182,-0.800795362635741,-0.118031352758408,-4.9814092573755,-852.050191195764,6.97241817425813
"cv",86.1806636881656,-0.908703201816399,0.623920131925255,-5.73664371335395,-431.026618850506,5.36191957233045
"cv",100.594527859419,-0.944672632524864,0.736666328807918,-5.78750439489992,-916.445480193943,3.92808406148106
"cv",56.9143139921817,-1.10379723815781,1.6424438019559,-7.14155893949893,-189.212214443779,7.41081073804334
"cv",73.2465521097954,-0.882842931238299,-0.13400476676788,-5.44715005620866,3.12394401009394,5.30427475129887
