"","","par1","par2","par3","par4","par5"
"cv",119.164351973363,0.673979092133766,4.8777314981588,-9.38214433265483,36.0007600206006,0.643677937522035
"cv",119.443056869791,0.532728218726249,5.08894155426568,-9.4509326161003,34.0549882777983,0.569836137229822
"cv",119.444195164487,-5.87446382269263,5.41832027177354,-7.19593862223393,33.682467181242,0.256709494178899
"cv",124.124205453876,0.298922366957427,4.42640281737129,-0.937025912336805,38.8782801628761,1.62447300149398
"cv",119.527658920233,0.129192710769689,4.28184095329097,-2.22055508987049,46.5255370866103,2.27102324047488
"cv",123.009938235684,-6.27861177548766,3.53264517560835,-7.62031977081605,95.4534656738713,0.329527140687622
"cv",133.467137948746,-0.877898796334103,3.58583920219028,-6.8972233346847,485.384438289673,-4.84812098665816
