"","","par1","par2","par3","par4","par5"
"cv",92.5140125971795,0.00864374288493542,-1.8728785929432,-3.48376970109629,-44.5512738718715,-2.02280606605171
"cv",64.1957162338824,0.00857351601198787,-1.80744676720481,-3.26475418461489,-430.799123729022,-6.64129917267042
"cv",94.9335664004186,-0.287956639525709,-1.49991428018685,-3.68522986635631,-520.44927551712,3.47679002210498
"cv",29.4653487079254,0.0188732095830569,-1.88128537204872,-3.43500910853455,-53.3920959638545,6.50428408107482
"cv",18.1501243570031,0.318350953480697,-3.04602577834332,-3.00528269875146,51.5997493084209,-8.14231780580236
"cv",50.0062045746838,-0.0578082987831178,-1.63971677854558,-3.32487596506023,-98.1674080896217,2.72749165126791
"cv",63.3264805237611,0.274736823135604,-1.90659374030858,-3.36902069977418,38.7073541242891,-9.19386287145576
