"","","par1","par2","par3","par4","par5"
"cv",104.352793778582,0.865025794698616,-20.620261005412,-2.20720702258077,45.3292111675179,-8.1568663707003
"cv",64.713420996825,-1.16739593922979,0.602605980798238,-7.35135721983276,-129.500568359278,4.99451489861963
"cv",106.055457512817,-1.14036733621993,1.11043251775848,-7.33401251772845,-542.367157991976,5.2950692702877
"cv",115.130084893663,0.896058055995511,-35.5391876959605,-2.27820717963512,44.3148692074313,0.552777557643531
"cv",115.866379277684,0.979621544124814,-33.0249592089581,-2.33533976811507,48.8286088220775,-0.0810174085199833
"cv",99.840714563216,0.99016431135493,-44.3978875781887,-2.25326451906374,47.9442764672587,-7.60178122048032
"cv",54.2632471883486,-1.15378924417384,0.130870519205928,-7.60768805344077,17.1265116833917,1.10755120785193
