"","","par1","par2","par3","par4","par5"
"cv",69.466446565559,-0.0892288650870401,-1.39939168631867,-3.30758307024829,-864.782217533359,6.91153409894732
"cv",69.0877559626934,0.137032560013368,-1.4758160476709,-3.19630027055192,-433.884252790108,0.442350798607735
"cv",77.3855414439479,-0.138957487246251,-1.38065187367569,-3.40106527917691,-592.003043197997,5.22311890013921
"cv",51.4997539625723,-0.144854655126268,-1.40770092077116,-3.28334946756366,-942.078425442,6.83272007518323
"cv",93.4214635200015,-0.0820632874466404,-1.42670136672279,-3.326373011316,-641.647191629963,-2.63961623943044
"cv",55.1273264576046,-0.188320953612821,-1.26633032632775,-3.43686012338633,-992.045676442726,4.69735878331419
"cv",81.2336978016854,0.236443035921612,-1.5031589155807,-3.15048894431122,22.431744501051,0.45864352734347
