"","","par1","par2","par3","par4","par5"
"cv",124.238344597679,-1.13118969639488,2.21568876016059,-6.79286729437695,-474.131282405209,6.61279253602004
"cv",86.1080927638272,-0.922384909795906,0.718337334146186,-5.09914393194603,-979.167676512707,3.41873810006808
"cv",77.6172983226542,-0.977384401980244,0.0144068262284653,-5.32692923471669,-666.980686216661,-8.40536771215396
"cv",85.120457605908,-0.974134392652885,0.034515852681638,-5.31914193372489,-501.301590193683,6.05076114537609
"cv",91.6569536498308,-0.94710982607417,0.0212158531336743,-5.20059140032104,-706.385764759034,5.58956868394472
"cv",92.6958383812417,-1.17388688587114,3.36098049602641,-7.23202499432241,-11.3437295011336,8.77450815244368
"cv",90.5100182628242,-1.03291590500106,0.416396454560148,-5.70960916560225,-848.664746179334,-9.86323368735611
