"","","par1","par2","par3","par4","par5"
"cv",86.052986560877,-1.05874052712629,2.24442158910181,-6.2642288764479,-183.864344924566,-4.14097080300791
"cv",89.5425339163302,-1.31689716242968,-0.565047331398429,-8.75366379727262,-222.32981974047,7.39160679280758
"cv",86.9321852420351,-1.10759757386297,3.19760103244334,-6.92545315177892,-474.874000843672,8.64405335428089
"cv",114.903287320987,-0.63543296240198,-0.236937066765125,-4.1989816434279,-817.080332837439,-8.9551229222839
"cv",89.4466264490669,-1.15305934239096,3.48236157861941,-7.27700208350821,-715.096553576733,-3.26186859579515
"cv",82.1041483789246,-0.890162513887137,1.58912662544072,-5.23103875370248,-276.423937159033,7.04602743013363
"cv",105.911811719,-0.683737931026437,-0.144009753599962,-4.08224534295792,-189.731898918735,3.59571600215612
