"","","par1","par2","par3","par4","par5"
"cv",151.55319968894,0.247227026076993,-2.47169805220868,-3.37879324142973,-54.0006585428989,5.58822120426096
"cv",81.2098294511974,0.488848492204991,-38.0931885890912,-3.26473144752222,56.3601584906913,-8.47797941065844
"cv",60.343544984651,0.559885012893862,-14.1500628880839,-3.18006635290603,53.7323148104771,-6.02678280341873
"cv",72.6998768521746,0.354838637801347,-16.7810533400318,-3.13551390468902,-6.66122715522309,3.32086485233863
"cv",38.3844090204565,0.603855636528651,-11.8621141696162,-3.26077085348007,53.0892973268317,-2.93802715517535
"cv",38.603084795334,0.634817419351717,-22.7218303337274,-3.3120839049657,52.3804835152626,-5.33596333247129
"cv",65.3645305430439,0.571917361921971,-19.9751138794623,-3.35857444639213,54.2320966705783,-0.0304447720629402
