"","","par1","par2","par3","par4","par5"
"cv",94.9541168389051,-0.933109385272206,-0.049594595655801,-5.10510265011349,-794.35185776279,0.529354473706385
"cv",105.362960257249,-0.442651653571915,-0.919248872657484,-3.46555626260736,-846.260511029129,4.42964497118349
"cv",111.080687773196,-1.14965603377342,2.25897165335791,-7.04434877012431,-957.36256980942,-1.11928745638579
"cv",89.0972108357489,0.756501248766194,-14.688766477184,-2.18382756599687,55.2588487955762,-1.52654513784003
"cv",105.110444588229,-0.46359595804665,-0.798317650608276,-3.55304507676749,-462.083768247119,-6.2522725971318
"cv",82.7369856905851,-0.430371192233397,-0.450023637069978,-3.47029398839601,-782.666632905602,-0.956757047966081
"cv",95.5186874679271,-0.725312026821615,-0.726791817256172,-4.14178574471972,-291.43145946684,5.38905131406093
