"","","par1","par2","par3","par4","par5"
"cv",74.4114427323929,-1.31352939488322,1.93757677916437,-9.44239402964224,-775.78248826723,7.81387357606058
"cv",27.7507010268451,-0.642976397811253,-0.589401448360307,-4.59233510057925,-779.705182202418,1.34403609196186
"cv",95.3025106375455,-1.23403321284883,0.042939090632288,-8.492501483856,-774.759195328378,4.69228873495013
"cv",49.2232001081782,-0.657776881721042,-0.614104663192712,-4.40214407414234,-241.19628233435,0.854114714125412
"cv",77.0562995345496,-0.607954320494257,-0.702101250190993,-4.58026150552344,-563.333787739722,-7.86641732720163
"cv",101.452791644663,0.791327053254506,-18.1990047577214,-2.22582762331417,42.8865223063,-3.18113454741064
"cv",60.3648634495257,-1.0919100156894,1.28169018932898,-7.02660254200999,-847.901949716241,5.49734492743695
