"","","par1","par2","par3","par4","par5"
"cv",120.069649566098,-0.149173535661561,-1.08905627439491,-3.53740358817653,-239.810941649927,1.17831832380432
"cv",81.0559567121064,-0.0246330573724458,-1.31396409465876,-3.16539734806811,-656.669915455043,5.65196394823671
"cv",92.0636326273683,0.239860786667248,-2.1129894636226,-2.57664660286159,-725.311944949005,3.88080182346758
"cv",108.645021689165,0.35663610677637,-2.6778906501958,-2.55215444468073,-278.779829554199,8.82861687330893
"cv",72.0171694767792,0.420445499694487,-3.17885324292064,-2.38631979104119,-288.90735840216,-4.18130932952419
"cv",68.0946587888151,0.0130831664158154,-1.72318865602602,-2.7026229427705,-23.1735077686608,7.53416225137153
"cv",62.0966263453374,-0.118524252893066,-1.25283102813222,-3.1444680748565,-764.230745559576,-0.752333828652642
