"","","par1","par2","par3","par4","par5"
"cv",123.88998257029,0.710805695186004,-21.3429932000041,-2.37986924721583,40.0648955169134,-2.27109147402491
"cv",128.764475898307,0.735755170726389,-36.082984537911,-2.34107255713363,39.8799771101018,1.3967415380251
"cv",102.58917318535,0.868761445548906,-34.2539381172959,-2.27856473789276,70.4822325072772,-3.68698470789122
"cv",99.3951052903581,0.755207231106412,-4.45189313123418,-2.28165318595149,39.8992516374966,-9.22570931725204
"cv",100.488270128034,0.849272816461901,-37.9679665255253,-2.3076247115648,72.2337711691075,-9.24879183480434
"cv",93.6019840354483,0.851646523160793,-29.4806481085986,-2.26902346914685,71.2906188604726,-6.06883939527719
"cv",88.1550023138134,0.847199021652493,-35.7289526907837,-2.25153897584812,71.6779742479187,-0.9083984605968
