"","","par1","par2","par3","par4","par5"
"cv",52.6220060640122,-0.114555050423984,-1.49032236077785,-3.57519839437115,-490.5551264728,4.25924911818904
"cv",33.395912966299,-0.0770435899596231,-1.51110701798392,-3.56251274423555,-893.612270822278,-1.72321511075499
"cv",41.8258529845343,-0.0125998100624152,-1.37031877038931,-3.53397159106844,-117.772928904742,1.35282241543264
"cv",56.766877599816,-0.212073027560255,-1.41154150448728,-3.64344974858507,-299.908121777118,2.78570206283653
"cv",111.044186333697,0.00610260498526896,-1.41912843023978,-3.79193990932077,-485.950136757882,2.84785328279331
"cv",60.3712756505965,-0.0775451337418501,-1.55795610277908,-3.54796741303388,58.7634137511576,-6.87730646593177
"cv",45.9234048994918,0.139174933045252,-1.90739162493226,-3.25590937368529,61.1116466122872,-1.13689821046003
