"","","par1","par2","par3","par4","par5"
"cv",110.993964703855,1.08331615154522,-9.30211372602849,-2.15597337307149,33.6620397694904,-6.41214340561149
"cv",73.0226922266633,-1.10594352538671,1.30911966426694,-6.89052012346395,-272.24071091041,1.72502262983471
"cv",44.1607842398386,-0.741488487297946,-0.727977655079466,-4.70185903188484,-918.567042750653,6.97094046047156
"cv",102.451951183406,1.09012769849925,-27.0371558753167,-2.11874087966641,32.9868194162208,-0.0668439207093865
"cv",67.402446557197,-1.01904219370097,0.433044085832198,-6.14478537123912,-959.132997443502,5.12990401655649
"cv",90.1452543223897,-1.23964720000937,1.59350569345559,-8.25589135114642,-775.940744902771,-0.669326494749225
"cv",79.9056846013404,-0.967699166158113,0.667613077883895,-5.60494028216153,14.9329287164556,1.39079150645219
