"","","par1","par2","par3","par4","par5"
"cv",46.6337760061924,0.766865089219787,-13.9938300009817,-3.67669631790449,10.9951858380959,0.0962829144156552
"cv",70.184817419165,-0.18054703631056,-1.3506433506641,-4.20265808229157,-418.151280792431,1.37337526884103
"cv",29.8827272082189,0.126049042109104,-1.68461068208096,-4.0298394637188,-517.381289821172,6.91918165422976
"cv",51.7070254786525,0.106826573461416,-1.50269003151433,-4.20550912163649,-892.18110371092,9.46716537119158
"cv",39.8070765060098,0.0934085228248308,-1.53926896068992,-4.09745854290636,-922.206727685698,6.93323627493278
"cv",32.1403453586931,0.342639902828479,-2.29875579102025,-3.78181405700519,-129.703117525763,4.21594307292253
"cv",16.1824766295517,0.107570701240458,-1.59393772482872,-4.02707672268649,-877.899730694894,6.23344918782286
