"","","par1","par2","par3","par4","par5"
"cv",100.655004420923,0.797010761550852,-15.1114032631556,-2.32355940109705,71.1563434760341,-4.74859866558138
"cv",100.12996743791,0.789490531190396,-48.1649058741399,-2.37214624159555,72.8674871523085,-3.88690883202712
"cv",132.696569410973,2.18670965181402,-45.9898513911125,-4.17639116555743,693.670994680114,0.129793235100806
"cv",104.813126384362,0.754062466796956,-11.1941282634962,-2.39092915298155,330.551668521496,-1.09764377063494
"cv",115.257779884747,0.786392572786494,-26.3008237926575,-2.36471207219435,72.7289443070058,-0.486532365903258
"cv",87.3776076424504,0.657471492256492,-29.7954234581825,-2.21923181613409,76.0974888344744,-4.14240694566381
"cv",95.6456539987577,0.729779582388378,-36.0645583809408,-2.36520590231948,71.1567208586332,-3.63531568822302
