"","","par1","par2","par3","par4","par5"
"cv",68.997125807775,-1.06697176251371,1.78480053286834,-6.89036546139968,-940.015545114875,3.12016057730539
"cv",68.7680630369619,-1.36872401301735,2.43678856855799,-9.91452871813467,-948.293501832236,4.63076828452213
"cv",95.8584061057502,-1.03451903482318,1.65539645294576,-6.26090481913103,-6.52208402660983,7.83470114622927
"cv",91.9074334190096,-1.34797602296925,0.914039214243517,-9.73376504687219,-990.880906255962,6.94717415608466
"cv",59.1354633315227,-1.18890197853277,2.16399620006873,-7.74650167150716,-815.176218832053,0.684692781642686
"cv",91.8563654712698,-1.40948063940299,1.53722483664751,-9.86979471534075,-623.186788600166,-3.0538684172618
"cv",63.1449269823232,-1.13677493133618,1.504865563111,-7.38058209857237,-879.317949955601,3.03420817296455
