"","","par1","par2","par3","par4","par5"
"cv",120.27502542038,-0.81824509093459,-0.734537866536525,-4.3480215038486,-697.379375790311,-2.8808643898569
"cv",103.030261429954,0.826487409806856,-13.4660211785701,-2.20191879298525,60.0766870637277,-2.53841690118616
"cv",96.1325186149856,0.816278779022439,-35.4562109671719,-2.07382871018542,60.0293804108308,-3.02766867728342
"cv",166.973498094978,1.9511321395251,-13.0613755899149,-3.65744909565652,962.37890486794,-5.54257534402064
"cv",115.275299845414,1.21997026663543,-3.13861459872639,-2.39325539344254,177.560346629641,-6.08280497732942
"cv",100.101847644292,0.845976830815794,-28.6160776873564,-2.14200421230498,53.7777338011097,-4.81462251623117
"cv",96.016223181668,0.888723421039804,-19.5660833927319,-2.09548449520858,50.9857810219976,0.958670238744051
