"","","par1","par2","par3","par4","par5"
"cv",87.7562586976316,-0.588891346482095,-0.693031472394555,-4.29507334134954,-20.5095731653273,5.98943410975083
"cv",96.8468811323366,0.796986405586722,-28.113901071119,-2.20356972285214,45.470702545217,-3.25382891676748
"cv",111.462282675272,0.810262153224072,-10.1208635888534,-2.25332177283618,55.0748353826284,0.178582493019305
"cv",96.5072836091557,0.874356922154733,-33.3140885951745,-2.22575909810283,40.7627849636578,-6.82883305935791
"cv",69.2777755288147,-1.06807413392231,-0.0271246089973348,-6.38770942544105,-225.448170647893,8.33059641771035
"cv",95.5062127099661,0.916477219307047,-29.386550700755,-2.24923591492478,43.1139703173308,-9.5289613232188
"cv",90.0518369902571,-0.747908109599608,-0.120208682148545,-4.72370436706132,-138.323468298097,7.39512216876697
