"","","par1","par2","par3","par4","par5"
"cv",89.2505993942416,-0.663619509685194,-0.159483279765094,-4.25181631259978,-516.103236056797,8.60240227218056
"cv",103.821291799107,-0.0950171733606894,-1.1130427975004,-2.7937607450613,-597.417488409612,8.51519302930683
"cv",73.0271078488306,-0.350696625542996,-1.00310852761563,-3.47040595444846,-978.489355375622,2.46837999180544
"cv",62.1179497915978,-0.893182009131669,0.67119986943923,-5.39973277179753,-633.703862136123,7.63205565226392
"cv",104.234621045971,-1.01151437405944,1.9979523151807,-6.37507137015717,-634.379690017315,3.60208956059068
"cv",91.7367771011447,-0.710754747496383,-0.117735320162522,-4.69687448949217,-71.9995805993676,3.46815220415502
"cv",109.969317738752,0.918074515129292,-32.4639649755578,-2.21310117421633,41.806822028702,-5.27174037013309
