"","","par1","par2","par3","par4","par5"
"cv",60.2682967799581,0.630443512454778,-4.52739398644138,-2.49887898220739,50.2157372606827,-4.88266713003936
"cv",105.456932639667,-0.309992354101848,-1.0970233638703,-3.50964299126841,-370.507253702408,3.49616647808557
"cv",78.8614253630413,-0.37667875124618,-1.20632643502248,-3.44869308654241,-978.107428968361,8.60659639444519
"cv",90.2829921030913,0.377741205476469,-3.54825432407223,-2.56233035160248,6.70138942288784,7.64267411789429
"cv",95.3423506684315,0.621829160418286,-5.9236852532554,-2.6277545129293,51.8853077664971,-8.00512576010078
"cv",117.860445389449,0.39785031868127,-4.46412362205832,-2.63202687315001,6.49625705914917,6.32945812665174
"cv",81.29464324809,0.326181286486226,-2.79721017843477,-2.56429439739177,-475.667230282416,7.53139404217505
