"","","par1","par2","par3","par4","par5"
"cv",102.701798830995,0.886023534019968,-40.3685466497406,-2.3110865071023,44.8083107093653,-7.19732297457251
"cv",88.7027806849043,-0.757093667613604,-0.508674351469556,-4.93296897553339,-320.818423641593,-3.89698672265299
"cv",109.654764495279,-1.15238931195621,0.507250784506468,-7.39053730295789,-527.000687236041,9.77446303595613
"cv",106.674071024757,0.731280365712291,-4.97730367701505,-2.27605479151312,9.1346959542465,4.17198079172522
"cv",102.965485522514,0.999817324414689,-44.8706177814424,-2.29815053913147,164.47509129493,-6.93741741828531
"cv",109.724049074808,1.05725373246436,-27.9501383253436,-2.38705535117885,166.072691471293,-0.360836372326964
"cv",97.8582868860232,0.851473919138913,-22.6878757892275,-2.29383590746024,45.5594448768512,-9.32545451326865
