"","","par1","par2","par3","par4","par5"
"cv",114.949389155071,1.85576622856939,-29.0558653573215,-3.31480206738125,929.072441610577,-3.97388653210699
"cv",108.974677113146,1.62138424559326,-19.6803570912194,-2.86101953197592,978.30788930878,-6.84758495275855
"cv",116.755155822546,-0.904268282659214,-0.307283005207244,-5.39143569328094,-240.129785874911,8.31555014777284
"cv",117.559382005124,0.88558292666588,-40.3965515401297,-2.41446018314289,94.8296332680152,-9.27972460370598
"cv",75.7075856672932,-1.35864094313224,1.93794770166278,-9.94376662449178,-463.644577868387,5.61334020873819
"cv",95.5871871845252,-1.19923813325447,-0.56128213187655,-7.8092582736057,-642.495882575025,-5.16509467669218
"cv",69.3249728799473,-1.22512301110388,1.05927051061119,-7.97319686003774,-593.620743975043,3.09069344135001
