"","","par1","par2","par3","par4","par5"
"cv",81.9786999064923,0.176564285164572,-8.10092173955319,-2.74119557974453,10.8490435600497,3.04334423771056
"cv",169.881153884813,0.352380987065047,-3.61824849592924,-3.08515762715069,37.3704382960604,-0.893042111871555
"cv",64.4175283232252,0.212923399514725,-3.82036332533783,-2.86382039414461,19.9559989809529,1.92852132609207
"cv",128.94061151,-0.104934178991181,-1.4117407892102,-3.45577747729818,44.5728656791046,0.145545297519901
"cv",82.4775787746209,0.203173704242675,-4.02035152892506,-2.8840600468968,9.88368115687095,3.75587004344938
"cv",62.8217438101709,0.187861983296276,-3.58106576234388,-2.81797423324954,10.4835253181072,3.28547587424646
"cv",44.7454119061816,0.459201102508585,-36.3543230299372,-2.74959867252831,103.095010288408,-8.9855951729912
