"","","par1","par2","par3","par4","par5"
"cv",95.5354290390523,2.47967768556748,-6.51812850479656,-5.06358239954638,983.623888891564,-4.72879682079659
"cv",71.9319279848232,2.54356358801256,-26.4423031109124,-5.10374675176227,996.233457902355,-7.34214061308482
"cv",90.8203888069244,2.45618916386327,-4.76768357845245,-5.04106450452304,946.283092185132,-4.68253913463622
"cv",77.3043488972688,2.60268748974568,-5.24355612777724,-5.36245419712301,838.726559941748,-0.279331571575067
"cv",117.139576028769,2.53847984963948,-44.4876007289899,-5.31403446739982,879.902483766986,-1.09089850658008
"cv",83.6735349416239,2.87510830229959,-5.20499616217753,-5.86527232475817,965.505266181574,-6.09376114766752
"cv",96.2659724731436,2.9670732157132,-24.8457092653485,-6.02029669500043,886.969554991424,-6.50240951801412
