"","","par1","par2","par3","par4","par5"
"cv",117.19352156685,-0.381187331707029,-0.81834166765423,-3.47733200918841,-615.627526578098,-5.45667404316831
"cv",98.2368363032518,-0.0781345881284283,-0.853431314235475,-3.19011195693237,-855.37118440981,9.72802569216543
"cv",87.6376301975618,-0.168128521099842,-0.987139004044769,-3.17046774465686,-471.77361314356,1.87517140907741
"cv",121.07794549482,-0.199384430092607,-0.756223136578222,-3.46059221267813,-540.919430420304,4.27296096459031
"cv",67.4176940337876,-0.145591767286986,-0.904186415762656,-3.22167283950551,-807.007916169772,5.36172214177634
"cv",110.568226349461,-0.253710031225005,-0.86967114575285,-3.35318848473798,-787.238581850779,1.79686693495678
"cv",73.8979066301633,-0.316741476458873,-0.660200226406838,-3.35483780811075,-582.365993615114,4.29163351798727
