"","","par1","par2","par3","par4","par5"
"cv",81.4187791481861,-0.45451420253911,-0.720845248923081,-4.0701697023171,-399.337261889737,9.93924346652246
"cv",86.7938365468436,-0.90989523472754,-0.416870485059917,-5.54838005667971,25.460388045758,-7.4999493725333
"cv",80.1834562594779,-0.838972415171673,0.397820587196154,-5.22231427706607,-363.238331861794,5.85341315220446
"cv",93.3162191017729,0.0463673374597124,-1.47988858479386,-2.58485972745092,-831.948453910277,-8.64377733354164
"cv",101.705026385039,0.785023492541538,-19.6443115554474,-2.36705468599288,36.1069261115547,-7.10038998325198
"cv",87.2120535172384,-0.530304803253639,-0.483757760375738,-4.39291341693356,-691.265443805605,9.24709513938914
"cv",72.5265836855027,-0.60840990067193,-0.670462982756013,-4.39665956487032,-212.910804026557,-1.86233655103922
