"","","par1","par2","par3","par4","par5"
"cv",55.7057028515898,-0.692430287040603,-0.741095804413335,-4.56772016936108,-462.386175110877,6.10433704219759
"cv",77.7456713405193,-0.526834137543917,-0.745459493415458,-4.33603566521071,-363.591451197863,9.13159974550749
"cv",94.8302604727273,0.584274845316297,-4.63973151202681,-2.10401768576911,5.36022296052462,7.8624106272417
"cv",68.8057741015562,-1.10351964374603,0.840932929924239,-6.9537872682989,-833.595376835321,7.32707101737565
"cv",133.858493181455,1.6766447518934,-26.2119993917333,-2.75391746252328,882.448105720269,-7.67383382218353
"cv",67.5135929025925,-1.31619467400933,0.49304545626044,-9.45314293059674,-339.060927049227,8.45635031512928
"cv",99.6300357493306,0.837353462067034,-3.09281877144713,-2.06285850101923,8.358104862015,4.85994207454628
