"","","par1","par2","par3","par4","par5"
"cv",72.3962147197491,-1.32603789892263,2.80143671769624,-9.80769308697564,24.6257067878099,-1.59256644695605
"cv",91.085059019819,-1.03208293599666,-0.625946548948472,-6.3026629794422,-660.812656431302,0.47004997282982
"cv",105.489159108796,1.41633536629813,-39.9668312368362,-2.67857272826698,499.331905769619,-0.882767134857572
"cv",94.0715850429525,1.46879240280063,-26.0629906136759,-2.87161911464896,933.368047572686,-6.36398253503419
"cv",108.304768333825,0.960024434146784,-32.5335048197452,-2.63776223498475,195.501111913472,-0.100183230824769
"cv",68.340378745277,-0.96385156946229,-0.126294047653676,-5.89254698512002,-791.948251879356,0.509493319706715
"cv",103.992599369924,-0.928103502678593,1.66961670221534,-5.92655668655689,55.7111259240973,4.32944738306105
