"","","par1","par2","par3","par4","par5"
"cv",159.818530779368,-0.384736921767807,-0.689159289260213,-3.91209451488991,-446.061504439851,6.82926068348567
"cv",84.2425729114272,-1.19767316704403,2.25751406238549,-7.30306766046137,-923.007269885979,6.68830265073917
"cv",82.6439729000928,-0.33955170240728,-0.802700192694795,-3.5707629139756,27.3433080874383,-0.832957763782423
"cv",89.0843015554842,-0.427679645734614,-0.738477463253385,-3.60801557139111,-656.512795947492,7.30009357256434
"cv",79.6389261268633,-0.481273732281459,-0.743454281514534,-3.67547655463408,-508.576233236834,2.58340830603953
"cv",74.1366239553062,-0.89130145572599,0.940496628674862,-5.07526417236234,37.9995601517223,-5.15187894297634
"cv",85.8132487448988,-0.995219745199601,0.604130583851436,-5.5613258285826,-458.859496631955,1.71088559819734
