"","","par1","par2","par3","par4","par5"
"cv",44.8466266340574,0.117699986162443,-1.98688902725206,-3.24909658070379,-646.886880309021,7.70844582296596
"cv",34.0393743324602,0.63445986495521,-8.8967200156101,-2.91891558442777,6.65191425879196,1.7992560883931
"cv",60.9208472278694,0.0730344840365187,-1.99904528532398,-3.25770416338126,-982.289508500062,6.71178774825657
"cv",88.7930079868947,0.151603105957248,-1.96752237033846,-3.34148443000807,-778.959189208507,4.06955213557524
"cv",90.7755698944241,0.0295762413587702,-1.68194229077956,-3.35942499640269,-770.455256528602,9.87248446817992
"cv",101.931559291457,0.743297707820168,-5.87729662513873,-3.05063667455389,6.6216420638749,0.919417648790833
"cv",81.815289827734,0.629284855297342,-11.0876176587081,-2.94881472643987,7.57079068613285,-8.22163901098314
