"","","par1","par2","par3","par4","par5"
"cv",70.8324853659138,0.176156019202151,-2.03440288961269,-3.07542004091622,46.171955115862,-5.39230834363468
"cv",67.9737711810892,-0.158852787570327,-1.5156726159387,-3.2097954457972,-374.155426352684,1.68734337750979
"cv",55.308055513541,0.354169613714719,-2.25530161245897,-2.8865047153007,31.224616850277,0.590493559797277
"cv",76.3518911348742,-0.142268631913487,-1.40057594338635,-3.40570984521413,-655.604884514175,9.66732714941687
"cv",51.063452397833,0.191354675085692,-1.91722580561073,-3.07605784539949,29.3974913841398,0.661633640702951
"cv",113.148004347687,0.10824360843242,-1.77036081695324,-3.21204788446918,18.2799593473349,-3.13797734199784
"cv",92.4251160805514,0.198885992026063,-2.08670114876842,-3.02136899349474,59.0271850611239,-1.77822054480517
