"","","par1","par2","par3","par4","par5"
"cv",147.275765348588,-0.0817686246358889,-1.20305624135915,-3.43191799880477,-409.03529821742,1.19102459780229
"cv",44.1180228179261,0.587851734719484,-22.1798851087638,-2.5868597976804,24.5312960998553,-4.46729505547165
"cv",94.4548604319102,0.576461239216885,-10.8693482150931,-2.59504609965401,7.08730168709803,5.53966142736842
"cv",99.3951843523897,0.770987489458641,-49.5973682947928,-2.73882275221134,28.3530534567202,-9.63752352551532
"cv",76.9612800985734,0.597654249281814,-19.4163503823802,-2.64041624831758,7.06707080781265,9.55228723070666
"cv",80.8247335023739,0.626048974265799,-10.536488669498,-2.68400903140767,24.9578144446212,1.13096903082337
"cv",85.6290828186312,0.646033704128956,-6.89878894430201,-2.71526487200978,26.3678044267602,1.15055308211595
