"","","par1","par2","par3","par4","par5"
"cv",104.891364241791,0.712954533836117,-13.3546469254539,-2.33408670511341,30.2665510509345,0.892888209782541
"cv",117.812003481975,0.530884267227719,-3.04000117782125,-2.45966149390198,45.1426088285835,0.753140771644756
"cv",103.844214772029,-0.271682830806991,-1.14112169511787,-3.3328613321508,-956.272330568736,-2.72694753795119
"cv",99.4416991143463,0.593927351560171,-45.5600854729228,-2.29732744519741,38.0250514293077,-9.59794762896668
"cv",90.7676328101335,0.651164779527202,-30.292775086774,-2.27719693844084,31.2887291778123,0.857785404183436
"cv",113.556420409519,-0.78818148467759,-0.764145137416965,-4.59382515412286,-888.683383353055,-2.51797622504789
"cv",80.0500795862407,0.594662221318325,-11.203069238468,-2.24450990117627,39.1196078943954,0.808514613373284
