"","","par1","par2","par3","par4","par5"
"cv",76.8531760241345,0.496668713507664,-1.79341416376904,-3.54428875312629,29.6879996620871,3.27210781833198
"cv",113.468319621121,0.440659601507405,-1.726041057211,-3.45230210368969,27.5054091285488,-7.68606992905969
"cv",89.1320246586554,0.0944770710739374,-1.42557455234605,-3.52602922876935,-492.348728548426,4.59543769296994
"cv",82.1055381603722,0.690282149117588,-2.31883811002773,-3.1659800258529,12.6807861039424,2.05438395711848
"cv",58.3052257532875,0.260576076702988,-1.65001575307989,-3.37325680600926,-262.688635311856,6.64917724152794
"cv",61.1864044552854,0.400038702872381,-1.67135693731324,-3.45992442712876,34.0137527599167,-2.45821038587803
"cv",56.2009265835621,0.528752195045336,-2.26089400451431,-3.11045259414687,11.8749110380472,5.75984278693795
