"","","par1","par2","par3","par4","par5"
"cv",68.4407190715609,-0.252098317007749,-1.27974624908937,-3.13805643949595,-911.257551926503,-6.90583577697667
"cv",75.9782614921211,0.211388230243531,-1.49459968728969,-2.69154065664277,-380.225219083398,-6.36829691644387
"cv",130.430169388181,-0.144090905110355,-1.2416059335545,-3.28717517473463,-383.210119576086,-6.06449950294624
"cv",84.3926533228502,-0.430266676101906,-1.19196883190894,-3.39382023991716,-763.141388586239,0.927023912215732
"cv",128.078145531278,0.042251191604351,-1.29840226160896,-3.23207396476014,-826.619316309357,3.71556798461825
"cv",110.187771583728,-0.454328735775492,-1.04894361089018,-3.63557889560687,-777.094740750445,-4.01003188494803
"cv",67.7729592462848,-0.117086778707245,-1.24818132395825,-3.13712461163411,9.27650761051041,8.71675669492505
