"","","par1","par2","par3","par4","par5"
"cv",96.482762238557,0.953299663992672,-42.652802934092,-2.14183660549976,61.2701107747853,-2.85168708207739
"cv",54.0730344835013,-1.26115148626005,2.03916137600185,-8.47521158208611,-528.063414618373,-2.17995126781166
"cv",61.4836608077474,-1.16436075377791,1.09073512307182,-7.3367173967047,-989.004305147345,-9.4114343369833
"cv",110.91681163672,0.932891357922373,-14.4236480785267,-2.34501434034853,40.4079034549387,3.3893609535581
"cv",75.049974095606,-1.36617286584093,3.54119940904139,-9.91392536254331,-775.762573632325,8.42358281504989
"cv",104.748079653641,-1.23903438277881,-0.660559789614238,-8.21558075875179,-75.5432968545559,-5.38384266117487
"cv",58.2735746085051,-0.864118937671905,-0.525904640741933,-5.23867422307529,-959.213222456062,-7.63986115328069
