"","","par1","par2","par3","par4","par5"
"cv",64.9141953531169,0.0951777971793791,-1.32651825642282,-3.66244745210172,-370.916519123908,5.04783659208007
"cv",84.6826929942135,-0.0506271271169327,-1.30981527056269,-3.64120911982252,-601.47994053902,7.75666706127469
"cv",78.7534823757024,0.0443045908877381,-1.37027576028123,-3.60281860928618,-939.691244714662,2.4466684948191
"cv",32.2722516181071,0.0351886528181812,-1.37066650882852,-3.61021155822272,-414.678213684132,9.01660633994799
"cv",41.8145450731887,0.083532490537353,-1.43294566812697,-3.55449651095165,-613.427815668111,3.1685106118122
"cv",60.073152542621,0.0979163498139376,-1.31910994364971,-3.6419843680024,-852.203233483811,5.62101949222863
"cv",4.97024777411615,-0.0314078483823209,-1.33418525672172,-3.65507516503719,-545.811930857019,9.78851367562039
