"","","par1","par2","par3","par4","par5"
"cv",101.030890009304,0.623432372346224,-10.3953535077906,-3.13636489869477,34.2177301849998,-0.783393058688273
"cv",110.05087896314,2.50474683077549,-42.1223590930409,-6.26018820392347,979.284244568806,-2.61234155740298
"cv",64.4453079989584,4.30913137131824,-28.9569398686315,-9.54121411267862,973.9355212122,-1.12679852004547
"cv",55.3283078702196,1.54691224013797,-29.8648185536129,-4.25617579462753,762.165170088733,-6.48029650147242
"cv",76.5779565790088,1.55320511775896,-32.4286495823577,-4.41626911709767,871.708150720041,0.163093298961903
"cv",79.1862121130709,4.17027720620582,-30.2883185326435,-9.62110963701854,991.046106708278,-7.83879381201162
"cv",97.8351024934956,0.573801419680722,-10.3819610490122,-3.10521889517704,52.4477266737197,-4.31743465312233
