"","","par1","par2","par3","par4","par5"
"cv",4.81489000763525,-0.795071877123892,-2.6324194016372,-5.20145728113735,13.3266201467272,-0.890904588958279
"cv",32.6882901064044,-0.610493087581591,-3.49466894465797,-4.32074254336824,12.1280292884914,0.746667963341356
"cv",154.477013676596,-0.790977929597247,-2.65410254485306,-5.26981640059349,336.728758886376,-3.71817786814465
"cv",54.5830114886315,-0.512076984688424,-2.60443908946625,-5.27527403871798,17.7346561655192,-7.62701577066781
"cv",33.4357164283699,-0.595869092910381,-2.96390523084425,-4.80892943190078,13.2921163311714,-1.65712943897473
"cv",16.3389662373515,-0.786854697030101,-2.62927002181858,-5.2233529204871,14.6311745602085,0.787296141825994
"cv",25.5323269866602,-0.822155359606576,-3.27989117214368,-4.50085622735621,12.1512318242528,-7.0956795549589
