"","","par1","par2","par3","par4","par5"
"cv",98.1751260669099,1.36155838060469,-47.0606744770962,-2.59086883822196,99.6304627218462,-5.84129867552938
"cv",65.4135675780233,-1.13553574426472,0.478954495196655,-7.2879276035665,-584.192034572068,-6.20843528392953
"cv",111.102666627458,1.28187624220343,-31.954255552473,-2.53652917889322,101.56013386499,-9.34432567901439
"cv",94.2344759194464,1.31730422993312,-29.0363177759235,-2.46778803983091,86.2319444245531,-6.51229199958477
"cv",117.70882921888,1.41447627328924,-21.7693012083195,-2.60308283262889,93.6570643648168,-1.93737233165515
"cv",91.5141283014654,1.32198860604473,-45.1380173907802,-2.69865292147746,70.9022466730304,-6.47384820700776
"cv",53.896682812599,-1.33049833122641,-0.273774031911881,-9.33559426130163,-445.874399535671,3.87593200852218
