"","","par1","par2","par3","par4","par5"
"cv",82.8102484284251,-0.310547331947631,-0.992703628247936,-3.36883570650171,-587.965526706997,4.97679103938113
"cv",75.3725968720358,-0.626485160356083,-0.870886231002198,-4.03572433780152,-364.236992467368,0.640837880782783
"cv",77.7147764086463,0.842630815082173,-3.61229545949621,-2.21524981024106,35.5891716707093,-2.73320583626628
"cv",86.9750572124129,0.839170938528931,-33.3275299259838,-2.2080954860207,35.4949914936448,-0.159629592479569
"cv",75.5704312729829,-0.5663379302478,-0.882110545489692,-3.86819415183929,-882.336309627259,3.73699074056652
"cv",101.607742115593,0.838154891845462,-18.1107774628638,-2.32938851195994,32.8901381713249,0.58323297571216
"cv",103.893976367506,-0.413817416567241,-0.916879944266123,-3.56724792214596,-685.284080769773,-0.585408507667623
