"","","par1","par2","par3","par4","par5"
"cv",97.8142097091851,-0.862054761980619,0.958693383907498,-5.29348714897026,-948.865421522194,3.90198841012653
"cv",67.3374682591396,-0.72153832020924,-0.430895702696274,-4.667428825194,-147.450640216272,-1.2160830350088
"cv",88.835722101016,1.54489454554844,-46.762720355764,-2.89588545275158,242.16217936787,-3.96751633932984
"cv",67.5862191278559,-0.766344764082344,-0.550888302339477,-4.74841282448845,-343.424726520306,-1.37775158243491
"cv",110.353662411928,1.1175062470421,-29.0894976131154,-2.46336944046818,126.18413627289,-8.02381717081462
"cv",95.3191886273875,1.61574416916052,-27.7913355617103,-3.13975926418322,479.513491458439,-3.15828812010019
"cv",98.9858892105455,0.956023100668664,-26.7024401921166,-2.43012864640333,931.425327568234,-2.2747256494284
