"","","par1","par2","par3","par4","par5"
"cv",168.386240020346,0.187063967799654,-1.55840795992597,-3.13090002056173,-226.177660421212,-1.09887405737004
"cv",81.8399994039337,0.493023012310057,-3.24766622838963,-2.71363904935168,4.89765535792117,1.49985002209141
"cv",89.2225945092017,0.620188940375047,-17.7197608197911,-2.79551457106368,22.6357553880664,-6.27254667694319
"cv",86.059161886637,0.55943897459276,-4.15530138069896,-2.78284284884455,25.3312566977939,-1.41613046638668
"cv",35.9516248485994,0.507288431030392,-3.90872205610115,-2.62392128856863,6.94756088571539,1.55193448222047
"cv",92.8688283835181,0.54894050700239,-3.41200949215643,-2.71666866718906,6.62767100942399,-6.07749473224833
"cv",72.1623480863277,0.484331783368826,-3.79445798855365,-2.66281026714673,7.54949761825579,0.0268185795852911
