"","","par1","par2","par3","par4","par5"
"cv",94.4157746344274,0.858834166043181,-2.46470808832116,-2.74812963783003,28.5408557881358,0.599761730968488
"cv",105.612581976754,0.748206110874056,-3.41247367177626,-2.66036282869973,33.8579664711713,0.613017229191095
"cv",88.2430750408035,-0.309011277991545,-1.04448594641033,-3.61909776920119,-373.333601214723,2.42903245562449
"cv",56.9276594958705,-0.184902640920978,-1.2279646372102,-3.30823740062386,-85.4665237145379,7.25323962723939
"cv",50.0794235500306,0.750773463830396,-2.55171706900534,-2.62375782576188,27.9834414747289,0.651165560142815
"cv",121.034211324153,0.812815079258306,-18.8326196144373,-2.72283261376664,45.0738019623751,-3.5155521171348
"cv",99.4009737289852,0.677936731460572,-2.09210387460352,-2.79745027115444,33.8641062136813,-2.46128507804436
