"","","par1","par2","par3","par4","par5"
"cv",118.223517638327,0.342307553559192,-13.5419438788345,-2.94486279845602,19.9329809360411,-2.41465419665315
"cv",99.4543000349942,0.379358682027251,-19.1834370377203,-2.88489878349426,18.3979410088287,1.3876767226759
"cv",93.5620772391837,0.265417942564876,-10.5994762572932,-2.74982890173486,15.2628822898776,1.62566198960893
"cv",83.9201701525819,0.433043223581067,-29.3997972273754,-2.86896665547624,10.3830538213598,5.96467835890818
"cv",38.5612398460994,0.374575238826384,-22.4422187180885,-2.66436541952827,18.3699467623056,1.46513169026752
"cv",33.102418814222,0.432170589291288,-22.6468922337517,-2.78222009902315,15.5996340186352,1.51059606272845
"cv",63.7005151146592,0.535186100593338,-15.1732553987507,-2.72813145783283,105.991823937017,0.51928169797472
