"","","par1","par2","par3","par4","par5"
"cv",141.748667142156,0.726818350498737,-3.10228933162644,-3.11670918451452,4.63965461353243,6.27137707546353
"cv",32.396986461256,0.826523451321186,-4.78079649845067,-2.77063355108744,7.47711739027078,-5.46381509083733
"cv",44.0032880544306,0.836715037287773,-4.2438818714585,-2.77479752091466,9.08535446106345,-0.540555752076017
"cv",47.1597169587669,0.763096183039495,-3.70475599829593,-2.82159439846345,6.20225565854904,2.41326280512377
"cv",45.5846314994861,0.716162466758893,-5.01895646413097,-2.74959850959217,5.82180391275523,1.83865173222597
"cv",98.7166527140524,0.689449553130906,-4.19226297072205,-2.8085307410265,8.22322451891159,-3.00228449951985
"cv",70.4373181196389,0.46524409606727,-2.49627584345354,-2.87769109620843,-908.407672743629,9.21480496754795
