"","","par1","par2","par3","par4","par5"
"cv",114.981443034477,4.74093952432511,-38.7687821407487,-8.64449306865158,997.423585804721,-5.96034415304882
"cv",63.1451268789594,-1.28529286477715,1.51841528150721,-8.68436705332029,33.4642327194016,-1.31446793703959
"cv",100.885507705858,4.61635706864652,-42.4474205500117,-8.48707095401487,619.583826413865,-2.75243495858746
"cv",80.7146471938764,-1.16053516552764,-0.285660511441531,-7.13164431566241,-180.227553575589,-0.202630200447685
"cv",58.9003140641029,-1.2008869531411,0.597146501855764,-7.63442487685584,-739.916942548007,0.198392812162638
"cv",78.9571105762043,-0.922324697396159,-0.320606208108364,-5.28723388989369,10.6288501992822,0.57875673159782
"cv",90.4670022226109,-1.06682496813454,-0.155771980597251,-6.25721751286935,-176.800912756577,1.44738863548526
