"","","par1","par2","par3","par4","par5"
"cv",107.163680166261,1.05517768639626,-44.5002033608034,-2.10865659493858,46.7765367019429,-2.70900531881827
"cv",91.8124618884399,1.05716918658532,-35.4103537341026,-2.13438106328706,47.3675966297585,-9.09179825972034
"cv",78.4497208977618,-0.778058835827728,0.121782694026865,-4.74414849421778,-262.495007665894,2.31602393090725
"cv",71.342311131617,-0.689220644025051,0.398671974206417,-4.634389477814,-164.656313027956,9.14144710032973
"cv",59.9131640114921,-0.727291611970722,0.309542659670115,-4.59231708334316,-88.203452713266,0.92910852196581
"cv",76.1832975127597,-0.523274527939813,-0.555147450732411,-4.10255727925873,-22.8573376424026,-3.11920207324882
"cv",73.7095103415873,-0.464704416105968,-0.688532995995353,-3.87444458376936,-564.955470277026,-3.25742832664928
