"","","par1","par2","par3","par4","par5"
"cv",68.428391100445,0.674256131529768,-13.2969050275845,-2.58496872894704,74.7462067414103,-5.13124336819076
"cv",89.4423493346099,-0.0585713308307255,-1.37260949347552,-3.25838459218687,-427.163318698959,-0.0904641010238247
"cv",98.3976151618889,-0.0793273968520807,-1.44095678075677,-3.28849784814944,-130.543548296998,-1.79060001459791
"cv",82.1301434694912,-0.119487232669412,-1.36198426002985,-3.26356257351252,-98.7648179273175,-1.86953028561997
"cv",74.2901529247629,-0.0191369951947825,-1.64112208314361,-3.10951354319382,-356.900563476411,0.602729595839558
"cv",100.246054445081,0.0124625839584423,-1.60675719666355,-3.00979405740106,-339.690590806287,-2.16984379706119
"cv",120.643150876754,0.0916019144713248,-1.79583888207305,-3.18091958773291,-659.800057130219,-4.19746396747017
