"","","par1","par2","par3","par4","par5"
"cv",142.738402003797,0.608466674247096,-4.71307829135073,-3.16343192966577,25.2659493874839,1.29615065502519
"cv",101.633250075348,-0.623141585419921,-11.0912197539137,-2.63029105095604,999.736729823103,-4.17355297231751
"cv",47.8120655106276,0.335628447338074,-10.4920069667131,-2.96233766082098,64.5782046871211,0.860076235895126
"cv",48.2654191752778,0.259254659703715,-3.17016944523503,-2.99352336940368,62.8464175616091,-3.92320983111858
"cv",46.0726296479333,0.461395804979373,-43.0421481251185,-2.97964127064666,62.8153878486522,-6.83301685578073
"cv",84.4078075681116,0.303549368310431,-10.2547811952866,-2.94966124103375,68.6987787788956,-5.79462254716354
"cv",73.42393487525,0.369577433189964,-27.7826044248655,-2.96987539937027,62.88619869897,-5.06555317416572
