"","","par1","par2","par3","par4","par5"
"cv",63.3002673522502,-0.991710251436097,-0.420151547546028,-6.01450326157315,-198.320573949203,4.1663521812594
"cv",100.865090403804,0.766556670299805,-48.797928891575,-2.11149123018998,49.3716321762133,-2.01543455042157
"cv",60.2255721382435,-1.31992757320404,0.429423674941063,-9.44662098049101,-656.008536815847,-1.53414284356288
"cv",102.794243339952,0.840706679299222,-29.2304323920699,-2.14737493672764,74.298477317125,-0.422267614640643
"cv",76.6019002445975,-1.32648705959693,-0.530872287894027,-8.53306582413827,-499.852807201002,-1.16832288675652
"cv",83.0434891833885,-1.28610016815853,-0.176759159955646,-9.09474334997997,-304.90392606359,-7.45651067700237
"cv",71.5231010971998,-1.21173031287391,1.30939298969591,-8.11304774460612,-442.519657444209,-0.327686019432306
