"","","par1","par2","par3","par4","par5"
"cv",122.454004152527,0.0865712102145304,-17.2666458524854,-2.69290119255096,109.800488913839,-7.26717519483908
"cv",45.5964280564865,0.32549873321751,-17.2878656912642,-2.80273492177334,26.1903519887651,-3.47900100420467
"cv",129.751280496017,0.291658930112699,-15.5166813803391,-2.93490309168515,100.878006862621,-9.30175949200237
"cv",55.8828363297728,-0.174411754847241,-1.78918585319098,-3.22530733835255,-248.62761437887,7.12338480603939
"cv",113.789289223772,0.364704783080513,-4.49104874151834,-2.98048949891621,27.2183493473317,-3.13584755934579
"cv",46.7801563301486,-0.0356653778862721,-1.73206707046836,-3.22775247290886,-841.251913489054,7.26209275700554
"cv",63.8983860192537,0.3605135494489,-10.5066081508994,-2.77822223280356,24.0012458226759,-4.14786772718763
