"","","par1","par2","par3","par4","par5"
"cv",146.783014689991,-0.0738103180781036,-1.49800054136164,-3.38710044629408,-810.080658361575,0.312252487637528
"cv",85.5538097686609,0.500964811325938,-13.4090077732895,-2.77639267392111,172.773664971666,-1.85086503479586
"cv",94.4513046926733,0.0495109045206613,-1.55345214555946,-3.08931498174502,-702.931978040358,-2.58751167465687
"cv",65.0232353274272,0.502093564326127,-36.7140454835593,-2.75290514983764,172.781221506841,-3.87889369144563
"cv",83.410929817511,0.477166092700051,-21.2121172339797,-2.72010842472012,146.558359980988,-3.98056812228741
"cv",50.5146918839519,0.511060027012578,-38.5553528478028,-2.76640319647266,174.954978431362,-1.15757954740942
"cv",58.7455873698975,0.507077192507612,-4.07646641253515,-2.7304014275293,174.034940544516,-3.72221332588899
