"","","par1","par2","par3","par4","par5"
"cv",85.2438658261944,-1.12902850620235,-0.352998594986356,-6.89015520010896,-448.082770493824,0.0351487028595878
"cv",73.8506357085823,-0.982055697174827,-0.283342417682405,-5.66055105395351,-960.239545462895,-4.63111375519114
"cv",102.357907925191,0.956896128850773,-15.5746482297573,-2.02583283337251,51.1940452327443,-2.92227411665166
"cv",98.5820199478253,0.898085424993063,-19.9522478159787,-1.97290608416898,53.0917576818165,-3.58463917303693
"cv",96.5313891392051,-1.35777866917323,2.01070004205436,-9.78051508671793,-856.279974772332,3.38312001961418
"cv",73.6081339483857,-1.26538219319983,0.480874607542662,-8.40690902548997,-489.088299812774,3.47294751152383
"cv",110.974998403943,1.08493954775611,-49.1182986770095,-2.14167452092713,39.6996722797983,-0.761495856568217
