"","","par1","par2","par3","par4","par5"
"cv",91.69018087104,-0.239510561120725,-1.20721572068506,-2.92871762493327,-962.222904898226,7.62421219022484
"cv",41.7331182501571,-1.34908352423166,3.73405396854192,-9.90955866969143,-569.56273490771,2.07863294815292
"cv",97.7197762723495,1.44259988903259,-28.1162512486656,-2.76196950463753,272.867643175251,-0.353224202990532
"cv",116.31965010641,1.5958727853967,-32.9299448131437,-3.03544996083387,597.454720876087,-3.76504853626702
"cv",99.2782949239808,1.65127449514685,-6.15936081660569,-3.01495204312809,580.470008118097,-6.10632437859531
"cv",62.7976978728006,-0.731167356032863,-0.0317443152884893,-4.88011287596461,-953.337761956519,7.85812686251982
"cv",88.0309618302253,-1.14482622698761,2.42633735155314,-7.49334900861113,-927.648816630334,2.19900888976701
