"","","par1","par2","par3","par4","par5"
"cv",107.088988583379,0.600531802634632,-2.62405707748127,-2.33080638286472,6.79799155724342,2.70065914102952
"cv",121.20397415926,0.670709005452835,-2.76445985780129,-2.47935241100015,26.6761656509181,0.988092666606291
"cv",77.2990085275474,-0.276924430931909,-1.1977646976328,-2.95827956254286,-525.087576951316,-4.79396700374871
"cv",82.8191707873877,-0.21979893986611,-0.904038752467938,-3.30129608551449,-399.800090373855,1.14868558975815
"cv",91.2781036415207,-0.357522897982572,-0.948344126628526,-3.52753296693429,-301.408313060084,3.05827362844426
"cv",95.3964521146444,0.658070028077131,-3.21823057308435,-2.25506719824062,25.2092982686824,-5.4637651797384
"cv",154.161979628684,-0.482478127783828,-0.508105515475179,-3.73797299432599,-990.688528865576,-4.23831837044755
