"","","par1","par2","par3","par4","par5"
"cv",71.7237088256468,-0.515185548020914,-0.668101801060337,-3.8377026852095,-405.88851136843,5.10335710036857
"cv",94.5569288740567,-0.611499744750384,-0.362642272375524,-3.98626449121365,-380.850460934221,3.07643256681024
"cv",110.738482717067,0.571281498238067,-9.23061550935034,-2.03775424162147,5.81646796889315,9.37452530488372
"cv",87.4356634848064,-1.10016901510932,-0.640025779429571,-6.32205312078729,-398.813551849706,3.57487835192031
"cv",93.9197622593937,0.67315750060577,-5.5567727857387,-1.95257840132593,43.9003687766843,-6.304366562931
"cv",93.1901414077461,-0.606228270730859,-0.392415069284894,-4.02983854084303,-941.024666701947,5.35244258926011
"cv",99.6513636845855,-0.623064514739914,-0.281402956789882,-3.92283471778891,-960.639780387282,5.49904509913176
