"","","par1","par2","par3","par4","par5"
"cv",120.088032813677,0.444206335038737,-4.49519758774286,-3.43390877523877,25.4687983416337,-9.81445068409942
"cv",94.8754351528546,3.71204067658015,-11.8156975164219,-9.81418504727845,975.370335614862,-2.10116652140198
"cv",24.5620872801679,0.508689856029654,-7.89553938934391,-3.42632890570809,29.4138467087617,1.93651083172433
"cv",43.1726026419305,0.425721986092482,-12.25396716464,-3.38242589022995,34.5491993852635,1.86196229131787
"cv",43.5640521927231,0.370574976623908,-9.53806267307472,-3.28636676166446,28.5253526687855,2.01121766843691
"cv",28.8680230022724,0.491278058673278,-20.3205374813004,-3.2429216822857,35.1463640108705,1.84613622788364
"cv",50.8926219308289,0.655884800918081,-41.5343697805755,-3.44230113178536,33.4002433779217,1.56096131060646
