"","","par1","par2","par3","par4","par5"
"cv",61.6665469958769,-1.23945057673702,3.24418089322746,-8.17199959520608,-416.401221881998,3.36222042329609
"cv",73.9272967433263,-1.08122410718586,0.54190698318211,-6.78584095952972,31.3126038514164,0.296271625396589
"cv",62.3718338164176,-1.19015474288337,0.974880941054137,-7.55864459555596,-191.564767180325,6.99978199793987
"cv",91.6917917274555,-1.35265289424079,2.44059838640794,-9.74605133138438,-336.515754628888,1.53066959703947
"cv",121.317275310801,-0.699108168182872,-0.711993662813487,-4.51700601522561,-272.128303120109,4.34874993572856
"cv",111.919808680762,0.771189029908881,-43.7391611048952,-2.18971096529357,57.5790344052097,-5.05245851018904
"cv",95.2499838772055,0.775202808977055,-42.7581399130256,-2.05904532187286,57.6383511579036,-9.95887007257047
