"","","par1","par2","par3","par4","par5"
"cv",109.128092759267,-0.488549692589624,-0.590937566673939,-3.95933206814613,-645.86685587774,4.02583824277615
"cv",89.8143301980668,-0.57771799896055,-0.150180645693226,-4.02238392946843,-435.490921139717,1.7607414702846
"cv",84.3459214290068,-0.561697327608499,0.0435460109338166,-3.9903728429244,-992.709771213127,7.39114274244122
"cv",88.5075042762852,-0.625839079045693,-0.143099381259607,-4.16521094778138,-910.048083402216,6.22181220911443
"cv",53.5667605795583,-0.474332353929722,-0.674336796784888,-3.68279633263069,8.60404130071402,-0.0988489110022783
"cv",96.7144308811664,-0.502201723937482,-0.496184437988983,-3.66317130397926,-557.721441611648,8.19456443799871
"cv",91.8131809293034,-1.31979115231326,2.27302191779017,-8.90896909109511,-279.773253643587,4.17018231885707
