"","","par1","par2","par3","par4","par5"
"cv",87.7270664179494,0.0727060981830955,-1.65751593474566,-3.07854667723945,-209.730548273547,8.63984646686909
"cv",144.251710674757,0.296104455198678,-1.94723390675207,-3.18337202355148,-857.979373999804,4.57178184665159
"cv",79.3491251036825,0.130682787981218,-1.67682874564735,-2.90253043011823,-618.420061347033,3.7133705141508
"cv",63.4329261702392,0.714456630471857,-3.52216150316515,-2.70325701339062,8.34943140040281,4.80140001878949
"cv",87.9036489059389,0.00904338484661223,-1.41357477244443,-3.26869983899368,-137.900084422298,5.6457644411212
"cv",70.0277140096265,0.60809902368335,-9.17406493282698,-2.62824425703803,6.24607990422425,6.16551633606953
"cv",49.0065043925099,0.597230059643418,-4.74681505111089,-2.70692016351547,8.67636316284222,8.71340851985275
