"","","par1","par2","par3","par4","par5"
"cv",113.628198376093,0.803738569018029,-46.8985002769331,-2.33045665709841,71.8642458743593,-1.00120459152432
"cv",81.8565623581208,-0.554725409949973,-0.98248605774288,-3.49893135536858,-377.509583483051,3.82893988260607
"cv",81.3115105150838,-0.939366836458794,0.656841538568878,-5.46808353817278,-867.259340145369,-1.38742910784424
"cv",104.159538097442,0.686249980511915,-4.4943864179668,-2.25744562609451,34.7153529801405,0.736409111560776
"cv",88.6649601591553,-0.701035212484445,-0.474121363833196,-4.61683529574294,-982.861825823373,-3.87093676719815
"cv",99.2383955157071,0.725023576240357,-17.8277593552644,-2.22158137415786,41.6229413775141,-4.4282926779519
"cv",65.8945372662281,-1.23784423642939,-0.265329145234538,-8.21646916797676,-360.20373733784,2.13846717912192
