"","","par1","par2","par3","par4","par5"
"cv",139.398847085283,-0.920285686522384,-0.605339866981568,-5.37164035807409,-278.414211735405,9.97283587697893
"cv",112.868207658148,0.889729705682355,-25.7085513789207,-2.24822488380519,46.0289828994848,-1.76242907776503
"cv",110.799021428914,0.815090198264704,-6.04396590867311,-2.29276804727363,254.850996886761,-1.96567660043277
"cv",105.004781526014,0.779234718833092,-13.265883663344,-2.20159694348183,43.5050334774705,-6.96023430107919
"cv",79.0579033031332,-0.280863508714791,-0.797449505187569,-3.57146112965472,-810.890426082848,8.59897956717759
"cv",77.9429747447584,-0.32720844578752,-0.713069955819148,-3.52342211751182,-201.415687103615,4.09440681229608
"cv",82.4031587766011,-0.562995594863255,-0.540160788133451,-3.95723487664034,-979.257120285183,7.30449251786294
