"","","par1","par2","par3","par4","par5"
"cv",60.8915914981803,-0.619163857509851,-0.499869656682094,-4.0619009522162,-144.158208461342,-5.67555340463423
"cv",101.989812252941,0.839175100338581,-10.4163376614451,-2.25899991534456,56.1737019197073,-0.164096266317829
"cv",97.1333563291378,-0.0885550893238503,-1.2537678211037,-2.37086404043315,-229.847161188984,9.1434532070757
"cv",79.923855962135,-0.606531454745444,-0.111186093281808,-4.30336248663031,-411.356354369696,-0.988956768126122
"cv",150.953050762413,-0.417072222586592,-0.352792638697632,-4.1602812459071,-70.3490115415428,-7.74864035658538
"cv",64.0016091326736,-0.734036850196183,0.338257053516196,-4.60798499170605,-829.313788676592,-6.89726231851718
"cv",112.947531290938,1.08595535033157,-30.1710966110849,-2.25135724636628,20.2793548677643,-0.403352704121432
