"","","par1","par2","par3","par4","par5"
"cv",108.417240025248,0.805035891375447,-43.8700057021934,-2.2121845588293,79.2554568402234,1.43539872979283
"cv",114.411612152654,0.634415191614514,-14.7130679499785,-2.31692198807807,59.3468192531699,7.70428346469998
"cv",100.811797524471,-0.320299488616655,-1.02188745513558,-3.44294368056789,-2.36854356994161,-2.72030642530642
"cv",115.948107875074,0.976521293191932,-32.2975872818127,-2.40369313172593,137.468931921755,-7.43258742710803
"cv",100.618363587836,0.907266388746322,-24.0601094991201,-2.24389217007165,144.591243814225,-2.40112849813135
"cv",87.500695509412,0.729503345559138,-40.1764200008,-2.12917245200434,62.8977114857795,1.46816869152102
"cv",63.754931378378,-0.791246161561096,-0.79564210343575,-4.57266518029805,-403.794249650861,-4.64978300673512
