"","","par1","par2","par3","par4","par5"
"cv",0.029982014387056,-4.12265714984964,-44.4254243248782,-9.99999973368244,-864.484130364797,-1.26712775315797
"cv",70.0328998558029,-9.18454750268908,-43.4538843942288,-9.9999989138073,-220.402859928588,0.0449789302940705
"cv",66.4386284654415,-4.03509481886274,-46.7178510453594,-9.99999996139799,-336.724962021455,3.21993716409925
"cv",92.123791489545,-7.07921054630396,-47.4715993701207,-9.99999979351873,-454.596901671766,4.77382993705002
"cv",0.029982014387056,-5.57026636998884,-49.1768770306397,-9.99999996677858,-339.483893598281,5.74782126349189
"cv",66.4507668769199,-6.73400053403322,-49.8840608902082,-9.99976288204311,0.6206489209438,9.49747039081767
"cv",76.6156773298026,-8.22069446151797,-46.4016619506487,-9.99999996218553,-52.3530119278503,-1.89699330091559
