"","","par1","par2","par3","par4","par5"
"cv",69.910852971097,-0.0344749701512313,-1.23932157063816,-3.2161799559916,-910.161139909178,8.5978444447293
"cv",93.8623683048811,-0.0458052985955436,-1.20979489388116,-3.282403407539,-306.66866103753,2.42329959909724
"cv",74.7107425157405,-0.0406379003355359,-1.22528107526194,-3.22634903788215,-959.382944791312,2.24896128755063
"cv",93.6213219487366,-0.0243382626434557,-1.18691689383441,-3.27338153282577,-606.077268563878,5.48215482666988
"cv",77.3885068773473,-0.0545081803457645,-1.31337779018653,-3.22965400854844,-702.179097656192,1.61519656981003
"cv",88.4601926997478,0.0572443405757704,-1.17957985817745,-3.27478839061213,-638.104267608666,4.80780141616302
"cv",79.2986292903506,-0.0975961038311706,-1.21226223048028,-3.24741820698428,-815.395969215725,6.39958402897481
