"","","par1","par2","par3","par4","par5"
"cv",91.1972285373587,0.830391973275351,-24.9227686571161,-2.60658708070812,75.8997821316913,-8.27274226012882
"cv",110.55662103511,2.00916044505124,-44.4385683062212,-4.40137587161491,998.810453867298,-8.69301245834089
"cv",97.2858900699311,0.924708377162436,-37.5941515610356,-2.49407121657708,61.8911153725653,0.0409264922061077
"cv",118.297375546013,0.728573422873908,-15.8524378929332,-2.46682514363862,82.3099771107108,0.700332365216652
"cv",76.9042505728934,0.746523954823512,-42.4259644618841,-2.48301401500142,76.1595690710652,-5.11728807386924
"cv",75.8586958801855,3.51665048193701,-14.7663146490231,-7.44328011887389,999.567621156348,-3.08006409205362
"cv",109.720318599253,1.91325031075657,-12.6509225673468,-4.18866679593833,932.371514221206,-5.84788186660679
