"","","par1","par2","par3","par4","par5"
"cv",100.002185260024,0.294391152987847,-2.98944016245288,-2.5091438722028,-363.092950545251,-1.1382001452148
"cv",104.106304810569,0.506745549625795,-5.51358336440835,-2.44445866227821,33.4728254333666,-2.65794456111982
"cv",111.122236197365,0.82623315962013,-11.386485186024,-2.58651188795323,111.123740956499,-2.43063934493995
"cv",98.5640821946511,0.488587645312265,-24.5605959099224,-2.49550810245596,35.0844785523932,-1.31825683096031
"cv",86.4500502006112,0.473869321977081,-11.1203637951832,-2.45477776278182,33.6707609159668,-7.14245220539962
"cv",50.7723489217057,0.640580505972824,-14.7872545765072,-2.39005288463511,50.8440804207783,-3.99714380034873
"cv",67.4360580230949,0.555051868512674,-21.3351214678845,-2.344715113825,33.7733424773562,-1.86355426937338
