"","","par1","par2","par3","par4","par5"
"cv",100.682423726805,0.230472452446711,-1.55960837482332,-3.08580558477915,-3.99718959677739,4.29412994656545
"cv",91.1152102256627,0.196321868434626,-1.66110865872007,-3.18691710167216,-8.28423573514482,-5.33409251786938
"cv",70.5232607198206,0.133062314451133,-1.42334949579148,-3.15382072941278,-1.89274664449451,5.39176731370389
"cv",61.615853703125,0.0776379469787261,-1.50225887929497,-3.15239054343842,-26.7477845917926,-0.10329564101994
"cv",67.7053230752648,0.145750884678358,-1.49896419124931,-3.14574698778633,-882.026265985432,9.46334349538952
"cv",69.0931256311831,0.139106327124405,-1.54206271601434,-3.15959175214947,-855.590223576882,1.04319284563292
"cv",73.726013913426,0.24416415192997,-1.66652200321494,-3.08909291171962,-32.0749050441124,1.06580526017582
