"","","par1","par2","par3","par4","par5"
"cv",31.1666909941052,1.00372694817088,-24.7457386601392,-3.24218631346541,17.0660555750483,-8.93170949874661
"cv",50.387534344451,0.790560424615154,-15.2401466350429,-3.17011330159902,22.3434028699401,-1.87408596664038
"cv",59.7444255730631,1.06230487790915,-15.9098368071999,-3.33353726573463,17.1079737260367,-8.5272750177477
"cv",46.8671504922488,1.0360204806847,-15.1322382973214,-3.06544668384753,15.1970234387676,-9.00022399254844
"cv",91.2783294854955,1.08946924579632,-26.6574834706262,-3.57675362546026,30.679374749874,-0.591850253425954
"cv",74.8343105662495,0.911791235227443,-24.0060270412047,-3.34642544633336,17.8998532792094,-3.05087959483609
"cv",55.1017707408493,0.957521194155515,-40.8862440694368,-3.23315103499826,17.7373201058897,-9.65897054087086
