"","","par1","par2","par3","par4","par5"
"cv",60.0749652079034,-1.05511460469844,1.6865531645696,-6.54602726125451,-597.513768474101,6.85038963332772
"cv",72.7829937177436,-1.1627298074477,2.4683499498151,-7.38823586682878,-621.896624257685,7.04741195712097
"cv",87.3390810860206,-0.755927596603173,-0.58253127964285,-4.68244560579062,-695.457250128094,-9.22074854018776
"cv",57.110251012326,-0.936814851731401,1.25980552082521,-5.70041143517843,-355.267634546933,5.2886785050796
"cv",96.5269034125779,0.819978450628919,-33.8702292757139,-2.2487228835649,75.5456128269559,-4.81175650710044
"cv",81.1119554463055,-1.29072457395231,2.33445214164545,-8.8052439444641,-556.933256666022,4.75438251012625
"cv",69.8605898915377,-0.692560752613602,0.165162398479879,-4.5997891921303,-627.754636574537,-4.81792061537149
