"","","par1","par2","par3","par4","par5"
"cv",26.9180678225783,0.31637881617034,-2.30910381819412,-3.82141457424188,28.0539049476891,-0.531453490199069
"cv",48.9241024928592,0.433103696464866,-3.37072503903618,-3.60370171351308,33.5471220396615,-0.740885274237486
"cv",23.6885168408703,0.463378742308617,-3.72113494668156,-3.4981384385298,27.7641419870399,-3.14658833770203
"cv",42.015761730936,0.440884142081842,-3.64560944034953,-3.53130669395686,34.0186770057748,-1.99737788251402
"cv",75.1999542755156,0.401383456083899,-2.54328396036302,-3.92596749945079,33.6016747328686,-2.85190419146138
"cv",21.1595089384475,0.460375368449813,-3.05190939442297,-3.43322954832277,-8.90559529700337,7.74263203609735
"cv",67.0852693490398,0.624171402882243,-36.1682427811931,-3.57584080821965,20.0031655237276,-0.276096705392828
