"","","par1","par2","par3","par4","par5"
"cv",84.0986445997864,-0.179004063409211,-1.09836057096646,-3.2257666113739,14.2690959224503,1.87665738678725
"cv",85.4917391523426,-0.245814531232116,-1.15352817784896,-3.30520825862005,-607.667210487895,9.20625182758829
"cv",84.1258605087223,-0.316263731096351,-1.18906535569141,-3.35646762729024,-415.642618237486,-1.93704577628523
"cv",78.9195765107464,0.0593170296538466,-1.57193793280708,-2.8202663664109,-161.703326305162,5.58649653495375
"cv",67.7329156148209,-0.30759460150482,-1.17980894932849,-3.35513355689994,-192.97765575429,4.83105404394868
"cv",88.134829756249,-0.215969484763634,-1.2538771148853,-3.1611836232017,-683.342613747942,-2.73775991458785
"cv",115.429033794953,-0.251942041762229,-1.0972721112012,-3.46518253900104,-572.31168004167,-1.4022338231861
