"","","par1","par2","par3","par4","par5"
"cv",59.9219729318637,-1.16820188994247,-0.346545263223037,-7.79001067996661,-566.532121516018,-4.62962398771197
"cv",108.639979229586,0.78755761335568,-22.234515623107,-2.27433517410875,100.114373596392,-1.13203725806816
"cv",93.1230624690157,0.915816363989261,-6.62958822283444,-2.14471493709736,78.6260811889271,-4.76923323862065
"cv",66.3077816548522,-1.25718069515377,1.2058767690137,-8.62883033310468,-492.626502112461,-8.17974496347655
"cv",51.093093106492,-1.20496175090243,-0.376547139883035,-7.97840635553038,-424.307958519889,-3.96001564055885
"cv",66.0484877197957,-1.19790261253608,0.12166816860298,-7.98324117404603,-364.520291176951,-1.75273218905098
"cv",84.0030308687831,-1.09919709519944,-0.080918887953465,-7.1111471540114,-158.834358035336,8.59265108716099
