"","","par1","par2","par3","par4","par5"
"cv",104.196948026147,0.888115109985639,-30.9029783828103,-2.58412139466643,157.805261717936,0.5192459754967
"cv",98.3478259891338,0.892748538117965,-40.0459844953841,-2.51369836876404,155.230368964475,-4.04427958081437
"cv",95.2587139868299,0.742881117344936,-15.339347356671,-2.41371069093909,102.733567910081,-7.30374774441722
"cv",94.957373878132,0.879549238881044,-29.5867692028633,-2.66906266061338,149.82389281821,-1.82021669756552
"cv",105.154741887533,0.885882537883854,-38.1106416858632,-2.46311821903749,111.594029034007,0.609333988954992
"cv",90.6075592310991,0.88662134274004,-32.0499381095018,-2.49155588376484,139.784905548386,-8.16366724287964
"cv",111.367591580665,1.31918558088465,-42.055260164103,-2.92409280943492,982.799029898785,-4.05194801313107
