"","","par1","par2","par3","par4","par5"
"cv",31.4772924945566,0.243964829860353,-1.94609949185738,-3.93232935998105,-651.930630812378,-2.74117153241046
"cv",69.95771396659,0.746032242126167,-3.887917898845,-4.00308962926767,-20.703693255444,-4.2784095870056
"cv",35.5614489245232,0.219981300866086,-2.36551885306542,-3.83560267006735,-402.330639986044,0.208244640702456
"cv",22.3342696661451,0.602127830451982,-3.96498051415278,-3.77027158520931,8.54634230209041,4.77102420292795
"cv",33.2580090522734,0.164525306188153,-2.23895078257139,-3.79171472264964,-868.48242190531,0.439014990559877
"cv",33.7586043879429,0.332163383513196,-2.57101842284271,-3.81357947815215,-394.736356993954,-2.28013393569949
"cv",41.6725277527732,0.565535649364537,-3.71668142983743,-3.85756989248007,9.44157991903148,7.25768241853565
