"","","par1","par2","par3","par4","par5"
"cv",19.4347624981709,0.0806838915583704,-42.2396532826058,-2.9024109099616,42.5018997204812,-4.45581327365911
"cv",79.316987035179,2.93991319658086,-21.8333080174375,-8.2700566241701,771.958615864387,-3.75809338826288
"cv",55.9122314143384,-0.00688730011797442,-5.50801064874397,-2.92510418918154,44.8897163689999,0.49836490004333
"cv",104.251050905537,0.0532505741895008,-2.8568005708744,-3.35093440603786,38.5807234168979,-4.50585228390992
"cv",39.0875867591517,0.0108455537300398,-4.47102896072878,-2.93167582184274,45.2336206375309,-4.50134013742745
"cv",18.9652486918558,0.112366632522581,-33.1850331709746,-2.95285026454744,43.5214314184971,-4.04370768874359
"cv",66.9234079016829,-0.0437907093397193,-2.2417532038072,-3.64769635916073,43.4695448116697,-0.717936769785078
