"","","par1","par2","par3","par4","par5"
"cv",90.0049263532298,-0.152415928607941,-1.49463872766561,-3.09616311741165,-943.502333430839,8.80199436193253
"cv",76.8515301099781,-0.15735168841281,-1.32399783373292,-3.17726045991347,-871.203518889997,-1.02495656385509
"cv",76.1062520076354,0.310310643475881,-2.40295998977053,-2.65316884433153,8.29149448175343,1.95845142998162
"cv",74.7680360175472,-0.299873312779403,-1.22369109301808,-3.33080561027785,-150.761780051452,0.350156050784457
"cv",78.9448247482006,-0.132423084723851,-1.41292807109779,-3.08559232526934,-341.488126665354,2.45845124207979
"cv",71.5440551532664,-0.217718506232711,-1.30001958741531,-3.2227850828455,-875.776136588448,4.0861512933096
"cv",68.3729238704822,-0.12358726625283,-1.41573805911095,-3.15587296610445,-55.9920295393935,3.14750509802252
