"","","par1","par2","par3","par4","par5"
"cv",86.1712574019711,0.674612999005252,-9.78960151566307,-2.86929899641604,30.0256290716618,-2.6504572554752
"cv",86.1815791869854,0.448613025331287,-6.68790864502322,-2.81038413214827,-632.411759505863,-8.9123584961176
"cv",70.2816374217519,0.473535093489673,-5.51341723867603,-2.7145311534628,-685.277373008814,1.70394931594633
"cv",51.8173100021078,0.474837397067329,-44.2024512408003,-2.73376171976277,6.54234159016096,8.56430442338896
"cv",49.1862970923506,0.758254111503911,-15.0715796297111,-2.68962860780854,33.8243353312894,-9.47459870456141
"cv",84.4975240237969,0.69884745262432,-22.7611764449995,-2.77695923492663,32.1848517452999,-0.400357425337632
"cv",89.9952586549253,0.455131802279176,-5.5011496904923,-2.72187021045161,-647.166084220023,7.96806302934459
