"","","par1","par2","par3","par4","par5"
"cv",162.668639241813,-0.670440032656233,-0.63776843699462,-4.24217415153426,-868.390626899589,-2.79842367486588
"cv",61.2928185421414,-1.24236416231618,2.52418426611297,-7.94919203634968,21.3419777486708,-2.57354618050158
"cv",114.757324978662,0.544257302948471,-2.48367944341101,-2.16729672521967,-160.08551309284,-4.55777920210116
"cv",68.358251000395,-1.03504323812574,0.76147987972945,-6.04083248595148,-964.363979523423,5.59859925415367
"cv",114.292159667621,0.698094238643944,-4.15095067319864,-2.08510515703044,19.9675545832961,0.961868087761104
"cv",103.576571864826,0.754642970305258,-3.70272170776932,-1.99177103001779,24.5886443402103,-0.0228858815155966
"cv",100.264407719404,0.752686353556603,-6.12374877091497,-2.00280145565342,27.1202567066273,0.701514828630188
