"","","par1","par2","par3","par4","par5"
"cv",90.7823586861502,0.231612405621493,-1.45777446883387,-3.61073047836736,-777.133310122522,8.03267951578283
"cv",66.5507663199335,0.113800269326237,-1.38145530820624,-3.57920462174203,-638.202322710364,1.64241974457163
"cv",49.4490854785084,0.143721336620582,-1.35344997016423,-3.59187914582096,-271.827734159895,-9.65602459851652
"cv",50.0786122436156,0.168637653480433,-1.3883737508994,-3.54127746047083,-424.841793528023,1.2801385437312
"cv",49.0405645128338,0.138317982436274,-1.37704484853045,-3.57585269313018,-988.098166159131,-9.78024999149274
"cv",76.7124954391392,0.150270855513744,-1.24499225737327,-3.76838534336646,-969.252283063124,1.72327339872315
"cv",48.9070742447986,0.124779316361572,-1.33893643286287,-3.69787502836216,-934.91328145277,1.69579803758091
