"","","par1","par2","par3","par4","par5"
"cv",0.603643124600552,0.147284933949296,-7.21575157518173,-9.85771560809507,15.0314745246307,-1.58962098856734
"cv",24.3199274384131,-4.03588429146447,-16.2364390888935,-4.60540478439349,9.15325290771569,1.83538400597695
"cv",0.0314521564160586,0.280310978792733,-6.67341640965395,-9.69235212402071,14.521286071825,9.90772017728436
"cv",7.39964064235169,0.319570655777209,-4.72575073255487,-9.99786691679528,-127.322263775355,-3.65024408290055
"cv",0.0632074544123203,0.234093372710049,-6.98205343388441,-7.82657833723037,12.8528170332365,0.703072666182406
"cv",11.5417081987818,0.208206424227466,-4.40274767223486,-9.882515756251,10.2686332540339,8.27961169799569
"cv",24.8035165074768,-0.493572355345084,-36.6324399110612,-9.99988029161795,-242.559332574186,2.30348473414779
