"","","par1","par2","par3","par4","par5"
"cv",100.809247212284,0.303843947040428,-1.55791968204421,-3.19776158862018,-799.798399502111,1.88513739864261
"cv",69.5752112015643,0.322035717431553,-1.70857511039663,-2.98979280196553,-139.55171625159,-5.05873776795345
"cv",95.3683613791493,0.255458906933781,-1.45183888791586,-3.12444886836166,-693.750548990132,1.80465010378115
"cv",70.4330910559832,0.220520488383914,-1.46992431274113,-3.15694766070231,-539.045435749699,2.53549760380726
"cv",72.1036586978969,0.253484159600146,-1.53598567544346,-3.04667388462923,-976.186626996134,-2.73341511313269
"cv",83.9530451877949,0.142556707924656,-1.49407646419705,-3.15977613211721,-689.81503821612,7.808182892568
"cv",76.5231786574935,0.266551417228102,-1.67545309176042,-2.97934831334408,-326.372467433376,5.15907180442689
