"","","par1","par2","par3","par4","par5"
"cv",77.8931568677151,0.426407251093216,-2.4225758219572,-3.07736492329376,-664.210579948234,-5.3723374280944
"cv",100.954811201269,0.494417376127511,-2.87633314394416,-3.01789409267381,-20.1235459379279,8.03527601542604
"cv",65.1691696752201,0.446307747734638,-2.35284017328922,-3.09656523814653,-631.77274910121,5.33523876696898
"cv",57.9707792653006,0.428150772458313,-2.40197576420211,-2.99105175015353,-22.2937751914055,9.971458350433
"cv",40.7713143534126,0.413396720012031,-2.37300851462247,-2.98763267343708,-841.939219508269,4.57327515554408
"cv",43.5970707860206,0.402400502905137,-2.34490345256746,-2.97653296678461,-19.1205684095621,6.32317964277266
"cv",96.286937378633,0.315506233521144,-1.80528145671813,-3.15128523132007,-22.0567357891998,0.174053906667323
