"","","par1","par2","par3","par4","par5"
"cv",84.0998159435923,0.578487317084048,-1.34066887532038,-3.28476729099026,15.123129811119,-0.963946480208601
"cv",56.4605592537169,0.492377041171372,-1.57685413039143,-3.13601761529089,17.7034922503928,-6.83430406735637
"cv",112.098749321013,0.525920649554964,-1.47313013689544,-3.38258202907475,17.3834956752845,-2.8830932911935
"cv",70.0015659407646,0.548213377064569,-1.70797549404378,-3.06775143435506,17.0758101747613,-1.48020453315529
"cv",32.0455062030361,0.690117049015384,-1.42598262870661,-3.26614572369237,13.1784929575467,-8.74890820486262
"cv",105.011866392338,0.664640099904824,-1.88117327789402,-3.00375198043063,18.0350837055845,-1.13286149919329
"cv",20.8442380611345,0.590377526352864,-1.52664809913323,-3.14722371279812,15.82692174099,-5.93090149518663
