"","","par1","par2","par3","par4","par5"
"cv",73.686665917489,1.65548083940829,-34.9700607147955,-5.06146376558646,982.312763962253,-5.15801138532615
"cv",60.7582251048938,1.64154154478455,-33.7390829759896,-4.9763104957269,961.016791407019,-2.76513637250603
"cv",43.3310363683001,1.66537333688417,-41.1302234181032,-4.95687498136868,983.710760554396,-3.29038535286418
"cv",40.310664871937,1.65198240792682,-23.4937390316599,-4.86700263785591,955.834045464746,-0.0875459359478277
"cv",67.1215811436389,1.63806837695628,-22.6310336859837,-4.95458699334611,946.66431199202,-7.91586469739165
"cv",92.4137194034681,0.542037487434028,-7.50037596409934,-3.19025906983829,79.4926700182259,-7.25313491653651
"cv",16.1370008246708,0.459329114855085,-17.3819310493168,-3.15051383847896,92.9594578011974,0.17651085741818
