"","","par1","par2","par3","par4","par5"
"cv",92.0959493524364,-0.0290987277879978,-0.914123547670701,-3.01775317537486,-645.474498279829,3.08082809695367
"cv",98.5525216983284,-0.223220559063079,-0.807737132534385,-3.23227164428592,-521.640873242165,6.75030875211711
"cv",86.9475184464638,-0.142610992951463,-0.961610258614987,-2.9723994765179,-659.104786347598,2.58366007156721
"cv",100.717282668893,-0.156304747933117,-0.768956081904208,-3.27396860749011,-873.445815750607,-9.6794620252896
"cv",117.7785711682,-0.109990993862262,-0.937264581399225,-3.26582083270104,-548.166373978522,1.56458213223151
"cv",93.5763465901509,-0.148880211094001,-0.876274958285451,-3.06598992259439,-146.88482042402,8.36118960005715
"cv",86.4120128485259,-0.103018889018282,-0.817199956880108,-3.14598820192085,-381.893564955682,5.47716008774146
