"","","par1","par2","par3","par4","par5"
"cv",47.1532640756008,-0.133618022045064,-1.38301114819696,-3.56049599751003,-809.518477650454,5.0020114820988
"cv",81.6817724859415,-0.0992263390233673,-1.4039935758483,-3.56513429426642,-548.661186890608,7.25302444005848
"cv",39.385137982487,-0.127110808809147,-1.36732126491089,-3.56313052471162,-190.753772388967,2.30750596742864
"cv",84.9883978220539,-0.0390917084395763,-1.42226384587544,-3.62031827753792,-184.788649559872,1.71636556866669
"cv",37.9315336467443,-0.0592354905078459,-1.32151216137292,-3.61061378019991,-866.283822548815,5.07078449809812
"cv",71.662175622681,-0.180673539040845,-1.22711279366995,-3.61945050423745,-218.57013505254,6.15560216995698
"cv",62.1738312978167,-0.0687982181940786,-1.40758787398256,-3.49997314718785,-513.634342845179,5.07189241180555
