"","","par1","par2","par3","par4","par5"
"cv",102.217869453561,0.675131089908852,-3.20027400635091,-2.20431742040202,601.323683351596,-0.00482450071202623
"cv",112.520428433989,0.917756087224536,-22.8202813537791,-2.2711398154922,157.149584080966,-0.908932467848468
"cv",91.2945328297972,-1.15418321604254,2.90493245236576,-7.23886401465535,-418.673022650182,1.75946223955302
"cv",103.996920996598,0.843459560157507,-31.6469909636794,-2.30131333368126,804.993248424349,-3.30827998157522
"cv",102.697400984872,-0.580414679159253,-0.732388565423968,-4.09488440218029,-34.1556878526576,-1.01869954151142
"cv",99.6384464521807,1.00857340195053,-38.8808079064577,-2.12678638760063,44.5677748116366,-2.25549010523011
"cv",93.704288580395,0.839192919316172,-10.8807350043207,-2.24347783827243,836.42891225865,-5.88579484537855
