"","","par1","par2","par3","par4","par5"
"cv",80.4562944038921,-1.08305471746278,-0.369617453293025,-7.15560456916447,-996.352575719357,-0.196410795720838
"cv",61.1231621825592,-1.15667268949362,-0.00265301009922747,-7.85569995111117,-882.787191097366,8.43629231937916
"cv",53.8524071564824,-0.742879439536676,-0.157689997856283,-5.27843065144711,18.1547875889379,-1.35901963446903
"cv",77.5318137285531,-1.32139838906916,0.0334844919402753,-9.38629260205078,-891.407459101999,9.57506633363664
"cv",35.3981914597622,-1.21467792528419,0.686859412782194,-8.42416018741827,-740.19954246983,-2.24552977934054
"cv",72.3739859952145,-1.15229631666699,0.380216900184341,-7.79708883058504,-963.27195870423,7.67388293135219
"cv",37.4249631083973,-1.24830455193691,0.102765836774591,-8.81103076452903,-321.874923043073,-8.9141198496715
