"","","par1","par2","par3","par4","par5"
"cv",81.1162621670065,0.13588092942053,-1.33557038696526,-3.21709170924639,-930.765362409878,5.12487191752111
"cv",63.2082811408787,0.144260905309992,-1.31930855927256,-3.19708157597992,-790.516990118877,4.76934361909405
"cv",83.7881968984122,0.180134967833431,-1.37916043745611,-3.20326243059119,-635.719899075742,7.87842470830045
"cv",80.9338438534657,0.0669497873436957,-1.41116258471068,-3.27275178701577,-810.95863953053,4.71544704372797
"cv",65.7030068418223,0.0878278225462904,-1.36203122961034,-3.1856175902356,-62.2751542700803,8.79452519829683
"cv",99.4571106320975,0.0257404252479021,-1.22111059557667,-3.36336985502459,-809.972983756824,3.10258466504466
"cv",58.7522209268044,0.0812662758669549,-1.39346974580385,-3.21531406334943,-953.856496606022,4.98537220913567
