"","","par1","par2","par3","par4","par5"
"cv",75.8489336863019,0.366270367657637,-2.92521100853199,-2.5370424506734,-805.779477057648,5.12984651270892
"cv",64.411574310958,1.63291575508385,-40.91449442491,-3.59455379584057,793.508415532642,-7.13787626525617
"cv",124.978230608636,1.79030174437077,-37.291764391555,-4.30485811506499,986.175595996947,-4.68909234008766
"cv",96.1295978265337,0.330425818460682,-2.64048883116983,-2.64533853774673,-483.759646779112,7.27361755934896
"cv",93.4859788491401,1.86618115781688,-38.6236971682019,-4.07462003878726,775.110455981134,-1.2294603214041
"cv",93.9715389779262,0.724361149066071,-4.7763716668494,-2.68064178823101,9.02313907995361,6.02637761963724
"cv",70.4549484438374,0.482434850573545,-2.79355892787561,-2.4655906333793,7.67694717677261,8.59043391458863
