"","","par1","par2","par3","par4","par5"
"cv",123.72592906762,0.302410683156804,-5.13909380392972,-2.98271185105685,-9.88944061100483,-8.90715488910563
"cv",71.8794703253121,0.188160643907275,-34.0883769061984,-2.65540726947709,6.6208056454697,9.98762754217874
"cv",53.2511977246443,0.282773549795805,-26.3183199434381,-2.72471537190263,5.12629700824618,2.97361890271193
"cv",120.008594271264,0.207358488315563,-3.37203625704093,-2.73398363213104,-157.389250861306,5.82310371885893
"cv",92.6339205887978,0.32925777283999,-5.82065136592666,-2.68001425939921,-986.462367765387,2.69721583905501
"cv",78.1949278315414,0.33080437679223,-6.6036323230746,-2.61083863074014,-972.47990975793,2.93353989782049
"cv",62.3147123656901,0.286926101152359,-5.13465457533279,-2.63344090751478,-8.17012380886658,8.77591897110254
