"","","par1","par2","par3","par4","par5"
"cv",103.297326715088,0.69313391351275,-9.17454121961984,-1.84004107566467,7.36951090815452,2.38094207525429
"cv",107.864500404229,0.659986031509776,-8.31380904880793,-1.92682056415731,3.19465752275495,-0.0600019963065456
"cv",107.083841435522,0.82742657277484,-25.5902063460923,-1.83079076730677,4.61957638788087,0.272277760041801
"cv",117.009070118741,-0.244129446820119,-0.922163540884334,-2.98293192318567,-368.419367219764,3.08118812063539
"cv",125.64993277508,-0.371872458572951,-0.909934909577997,-3.04863636364077,-585.307171102613,0.756653960399346
"cv",104.602717811399,0.632656203903389,-6.73503520190799,-1.85992011268064,8.26092538497179,2.20508257402343
"cv",123.017299538737,0.836369689526762,-13.4610317566067,-1.95044069882564,12.9027021790686,0.895727641813295
