"","","par1","par2","par3","par4","par5"
"cv",39.0960113881392,0.446205185549624,-8.63879926511584,-3.60500585668732,57.7098360960649,-6.35974158059024
"cv",58.3775810220836,2.21898738170947,-35.7632103012688,-6.72277016865428,992.972382808004,-7.11618703900997
"cv",51.9720325586557,0.453542148840617,-28.8568617108158,-3.39867937285998,53.7841021207392,-0.275202823540599
"cv",18.2187065660752,0.463800842209626,-4.67943937763444,-3.69219262272262,55.8741425890523,-5.40773360018248
"cv",30.8444247869128,0.475796902614166,-9.63518855965468,-3.66500532354194,53.077748913212,0.430583125080104
"cv",70.5653457692781,0.547659124875259,-5.44803801857076,-3.68844293393695,8.91360334674313,6.70573978388681
"cv",102.025165571271,3.64001564249695,-12.9235073602729,-9.59209274928844,985.228050550087,-1.23238110354189
