"","","par1","par2","par3","par4","par5"
"cv",99.5492602623303,0.824737974382007,-25.255914201017,-2.10534698773534,45.0605870815293,-4.87851786635473
"cv",80.8794818015327,-0.469470492812375,-0.652016951224523,-3.97067283029922,-559.947922825813,1.76295300688096
"cv",116.295642965942,0.826111307253293,-10.1169478355894,-2.19127612269395,49.5817247697924,0.667381825551339
"cv",81.0902251372628,-0.621071355671644,-0.710379810507266,-3.95648627443006,-947.247163411315,7.3595046838815
"cv",87.647463567576,-0.557470966035818,-0.335816235606534,-3.85453715498723,-86.1512647820595,-5.14882636882789
"cv",82.7822555863304,-0.456192284150333,-0.731480510533664,-3.69877565516126,-826.410279002214,7.8328303687788
"cv",107.183519712984,0.884971023400851,-21.8066011208866,-2.1911474828209,42.2700746064819,-7.90025195846677
