"","","par1","par2","par3","par4","par5"
"cv",77.2926839023784,0.15777088555179,-2.64404606898921,-3.61201695349849,31.5349611327788,-2.12367938699301
"cv",20.7869251823171,0.483225328190737,-25.8510495516881,-3.651257388588,39.1230408016481,0.998185612374212
"cv",59.8358800281227,0.383803285966088,-4.14862949702084,-3.71916981309499,70.4623725878535,-3.36821272672832
"cv",67.4521486457113,0.444242605153161,-4.63541842636423,-3.53903596402279,9.46977689111019,3.36024276036185
"cv",53.0002591718479,0.480723470966899,-46.1326726964736,-3.63862565621791,33.4235628232339,1.45883138179177
"cv",46.9417972646458,0.528881870039615,-41.9324907837998,-3.62972286051512,35.9657099538199,-5.17965362607332
"cv",22.5667663180755,0.492823131570094,-44.2009983444667,-3.63714658142176,34.0151632880951,2.14544230493758
