"","","par1","par2","par3","par4","par5"
"cv",106.32121374646,0.716713647620181,-16.1500426795862,-2.19507826245982,35.221065467029,0.475241495296359
"cv",112.231452912453,0.731006912338002,-15.0299648985739,-2.27369407274541,29.3630273226673,0.598690933137659
"cv",90.4353127582047,0.697395637801306,-40.9821935132237,-2.20956167813088,36.3501451409118,0.473736203162803
"cv",76.9423626424089,-0.466736057425447,-0.832623800476617,-4.05776254629442,-528.403931794138,-2.69654803503607
"cv",105.526767276763,0.709135710343847,-14.9294687519128,-2.24782023191821,34.3737616523824,0.277558254302667
"cv",83.7991272530117,0.728473150376027,-22.6332361272323,-2.16178537971811,34.0340358156113,-0.237142749808796
"cv",145.316695824338,-0.999445691000894,0.244045284212535,-6.05468493426123,-117.351465023795,4.28158426981013
