"","","par1","par2","par3","par4","par5"
"cv",76.9927595145256,-1.03955020099915,2.26853719648673,-6.91820906940848,-940.496509195362,6.19881333783269
"cv",103.450102144791,0.917955291116741,-35.404683323577,-2.50157280060938,60.8519841822978,0.992455757089878
"cv",48.6186881108601,-0.952430872547994,1.24632749171004,-5.94611157772533,-750.800117015543,8.86271853185846
"cv",58.7272293040253,-0.5630953250341,-0.496352780382068,-4.3504571562426,-537.626243494855,0.505758683344125
"cv",80.5978057129474,-0.582291640072365,-0.430272635653981,-4.44287916148586,-23.6432559989841,-7.84709143452346
"cv",64.2506776498114,-1.11095019747439,1.61750447825563,-7.01141287975122,-82.6775171783141,2.74757962070632
"cv",77.7292999385894,-0.733127891938474,-0.605816282316946,-4.82598929509441,-719.731854952442,8.77329319469146
