"","","par1","par2","par3","par4","par5"
"cv",74.7115416597723,-0.856464394911806,0.0957355256101431,-4.92730670728791,-455.02933415951,3.37265870699282
"cv",107.959963117224,-0.465381253222504,-0.704700219582176,-3.94743992225067,-499.564756639302,-4.79879457951431
"cv",82.1685642590913,-0.464581428190783,-0.832456175231983,-3.7505066620095,-602.317753046944,2.15469989467963
"cv",92.0555677723713,-0.228049361164981,-0.966445400380012,-2.87320183088092,-166.712191356029,5.74270469238368
"cv",95.4124563099946,-1.15421763768638,3.29867786957824,-7.37099627964199,-663.092371309303,3.05012153461576
"cv",89.8040827162216,-0.356703254462485,-0.888072108629292,-3.63163876870883,-955.04914937396,2.7939076628536
"cv",98.7328621868325,-0.833650258859107,1.01672304503187,-4.93190706143378,-325.401257237073,2.49208286697496
