"","","par1","par2","par3","par4","par5"
"cv",113.077404400195,1.30900137389125,-41.2229735267001,-2.6619860745006,138.517261589704,-4.06329841833115
"cv",100.429090384006,0.728874764690235,-9.1728771101373,-2.31011360506515,168.846292687071,-3.83835439580565
"cv",82.1925754795506,-0.712591700022331,-0.566058371708634,-4.54705105202328,-339.769168485161,6.64483167906635
"cv",52.8612632621574,-0.681423616785373,-0.684994748669633,-4.421544480474,-961.524075695426,4.85809143498795
"cv",94.8685871403405,-0.472351655809265,-0.390710849314928,-4.06813020555377,-504.209641832858,5.15236903028797
"cv",109.248150068772,0.998811325030642,-13.561747409362,-2.35910967614917,106.860002814897,-3.95745460939939
"cv",92.5310481769748,0.67343782956535,-36.5948437629483,-2.22021816869305,49.7089517231183,-2.92535576581141
