"","","par1","par2","par3","par4","par5"
"cv",92.3075742743664,-0.0612589175723103,-1.61556877504823,-3.47738690649993,11.4468823692909,5.58588348639966
"cv",68.149326591946,0.652079196638957,-3.09927798334027,-3.07104750592292,31.7647858126369,-9.86228211013188
"cv",47.6192215822847,0.717566740513249,-2.9292121121763,-3.1477530724987,30.5194460048322,-5.35828710597216
"cv",68.8946214363844,0.771861190741783,-11.9364494097309,-3.03575874380756,29.6758208835224,-9.6345408041251
"cv",39.1944633629161,0.690044836568146,-3.09605515228484,-3.10745888957471,32.7602552128669,-4.55020614387071
"cv",56.1284496733487,0.778902305277341,-3.51828364153251,-3.11387713539623,30.6785731576383,-7.69801789391482
"cv",88.6787217928542,0.659314764386868,-3.25186083173867,-3.22648093137576,32.530762516666,-5.49523527342134
