"","","par1","par2","par3","par4","par5"
"cv",90.6129087069681,-1.02390852689743,1.83452438096255,-6.31512063193636,-37.9747531470515,3.28932204506355
"cv",94.5184464795846,-0.712409549318239,-0.197745064144206,-4.50002869550037,-305.199136014366,-5.75722421033439
"cv",81.1841442622151,-1.11912807275654,1.74888737692598,-6.83648737855642,-54.0733258239925,5.82665932929888
"cv",83.0896690694108,-0.908086061678829,1.46754096889444,-5.67524697192585,-398.450964386806,-3.27580473541984
"cv",70.9703281690457,-0.951884888992744,1.08401635804443,-5.68161081192279,-968.450129347568,5.78715971513777
"cv",83.7023910715897,-0.881268104511826,0.81855528794024,-5.04222970944371,-649.160490448359,8.29784514274288
"cv",73.925519208064,-1.13254583495172,2.15775475681667,-7.02350702194302,-824.342174193883,5.15623039193433
