"","","par1","par2","par3","par4","par5"
"cv",111.926644917925,0.966235303252238,-37.7156329843167,-2.35852126986727,894.181598618493,-2.3187402931786
"cv",73.9471026183682,-1.32114958858086,0.707120225740938,-9.29875232279301,-231.954665868141,-4.77199849468475
"cv",91.177921632831,0.96186566061258,-13.1865656274966,-2.2243411501904,969.527573805348,-3.71895872191633
"cv",67.1726900184291,-1.11307895709902,1.64042193233967,-7.05352927312268,25.2980155721307,-0.963766935810447
"cv",52.6702659546317,-0.647419917012853,-0.728287627261815,-4.39993758131131,-525.643736838279,7.74936366405933
"cv",76.6685324439064,-1.1303610692954,2.43194728047171,-7.16624428552755,-622.934796598023,1.54241700169604
"cv",48.4916253556393,-0.839445680657179,0.201045274151014,-5.25023120622138,-143.047710331435,-8.06304512366586
