"","","par1","par2","par3","par4","par5"
"cv",37.9946975932253,-0.319718762513592,-1.52290369589871,-3.34609648968372,-552.169869697491,-8.03986803448466
"cv",54.1746509229938,0.155999175952765,-1.47762586394257,-3.21397083799999,-239.227121474264,4.47507755556563
"cv",63.0881654502408,-0.28763033250149,-1.47449147204329,-3.34380125317437,-964.542121666334,6.09978023529427
"cv",49.8250265655359,-0.458343101422944,-1.29250443310758,-3.50512283564337,-759.108493483285,6.71492346438528
"cv",40.9711247839124,-0.2722089244343,-1.50829666915437,-3.31876736370715,-812.85626063224,9.0006417998208
"cv",47.5671534251144,-0.0734479508124924,-1.8583318673141,-3.09108421033806,-931.687009055167,9.0624061804983
"cv",152.571521924296,0.735870836213045,-25.4376468997057,-3.24863562647655,19.833998367609,-7.73863699166853
