"","","par1","par2","par3","par4","par5"
"cv",103.497627800413,0.773823048020083,-40.7207255055168,-2.42382567373464,66.4040543280645,-1.90647096567561
"cv",104.823457922305,0.821908555477086,-22.9150937192769,-2.3140713989087,27.0259888581901,0.907679560842309
"cv",115.52050045183,0.707128167768592,-36.7891333548875,-2.56648545005935,65.436781795672,-0.448627616278827
"cv",79.8975102269877,-0.77542677084779,-0.196182954135888,-4.95036457304455,-747.383386838446,-0.753136509840253
"cv",62.0161243937552,-0.957849615073594,-0.374452988776567,-5.89537444675194,-923.193027994871,0.405165497536311
"cv",96.7993798123993,0.799809196876475,-36.4427808652195,-2.342377498987,66.5565106121276,-9.51181661875322
"cv",95.486434528746,-1.02529121010886,-0.608311267846304,-5.95669541573228,-818.739556872623,-1.30946064660877
