"","","par1","par2","par3","par4","par5"
"cv",119.458939967315,-1.6939198155622,2.99604198413429,-6.95615627927305,85.8505556897245,-0.46054160312663
"cv",119.407612681342,4.2613020497607,6.4975777965039,3.16541450717575,-5.14130006329889,1.93519116202899
"cv",125.99999125733,-4.47032234846896,6.32100441617792,-6.79599911769267,17.0849833175891,-0.664966046549158
"cv",119.468393800348,-2.97706851191189,3.83035454632485,-9.21205280370653,99.1540220436549,-0.412040568693941
"cv",119.603614003518,0.797413349092817,5.61574633991285,-7.04068096600622,17.4290158597709,-7.03122277744114
"cv",119.384115622657,-0.21733389236033,7.42575703350188,-4.84329113425151,12.2370420527172,-0.299201610739514
"cv",121.211680402828,3.9953893609345,6.05209847414581,2.84212223902004,-39.7532874345074,2.28329667170187
