"","","par1","par2","par3","par4","par5"
"cv",108.791522630066,0.858944019948809,-12.9559851896233,-2.40104676070089,62.8624364300135,-8.27786331494123
"cv",105.705889080487,0.796072052216307,-16.8706047198059,-2.38705780943479,33.990533049456,-4.94618455353321
"cv",119.076785790974,1.1611067245535,-32.437373564257,-2.68031367597535,134.315723302917,-1.31822980940342
"cv",93.224663540764,0.878985475633834,-33.9722630248359,-2.33561879475892,57.6295595135063,-6.97248880363739
"cv",118.376386350467,0.776094127320592,-35.4584290279393,-2.33792500704889,51.6133661495836,-0.516353690800767
"cv",87.2222197474404,1.0675606563896,-41.5495632852548,-2.33700697371964,162.046993432568,-2.25180876496108
"cv",97.588084015623,0.700197885521491,-2.70874405429949,-2.46611002588906,78.4430445154723,-0.969337295756467
