"","","par1","par2","par3","par4","par5"
"cv",87.1115710846229,0.914090552512509,-10.0974767705073,-2.42942111004834,38.3215408358711,-2.08086694035099
"cv",77.7938465222524,-1.1393368420236,0.361715997938514,-7.34162789752776,-589.664978645312,0.0621521240100265
"cv",89.1521000638248,0.876118963823141,-21.8358301889202,-2.45659146142289,40.801571708554,-7.38255935504811
"cv",54.6564242294343,-1.08920020739078,0.337941385805607,-6.91700905095786,-907.179684516894,2.54362703657501
"cv",60.5974578085997,-0.890722939363373,0.580602005117497,-5.55275601664375,5.79010984781655,-5.49630457265107
"cv",53.1304265413761,-1.33484126461446,3.6610277025716,-9.61188759635549,-933.186407093354,1.13504391037903
"cv",105.573662151236,-0.986394066436526,0.748681973822414,-6.15301682298193,-731.549525798922,6.07695297774153
