"","","par1","par2","par3","par4","par5"
"cv",97.5914810512755,0.88376298614487,-2.91484211951665,-2.37889729829705,52.1875838585014,-0.225217293480101
"cv",94.8759935355365,-1.10963744444526,-0.246542963504787,-7.0639112283414,-14.1789851441765,6.05559645689734
"cv",69.4197112232839,-0.97740375728724,0.845834851117056,-5.54391038283499,-631.41270387398,8.19199648220092
"cv",89.2540645843437,-0.948874961168497,0.837984351489661,-5.33294944157542,-138.304568151254,3.17453838634007
"cv",51.521577544065,-1.17689273738916,1.78894811900936,-7.7685901100211,-32.6683352413417,6.04087604209781
"cv",101.960361716109,0.825092266087183,-35.6525238078527,-2.19189049926683,21.3541812124109,-0.917383236393722
"cv",99.6989405298164,0.935156860089445,-10.3502294290709,-2.19642866837299,50.6205801699256,-4.57944536080941
