"","","par1","par2","par3","par4","par5"
"cv",156.755190391033,-0.436900118359765,-18.1842771326964,-3.07328058767618,9.40606926502205,7.23927900660783
"cv",119.757000762902,-0.410917152848755,-40.2726757361441,-2.90013426668718,9.64522395892359,8.42201989779989
"cv",102.804025106188,-0.331768204792931,-17.970936458543,-2.66847262105661,9.74300597790801,9.58331074099988
"cv",84.2905261948832,-0.437995264857179,-12.6884065466713,-2.34880697452674,8.48938278775449,9.75764632186108
"cv",125.876383100752,-0.348929572039812,-39.8203367214376,-2.80062175454207,9.06623226069404,9.71424683957626
"cv",109.936725976314,-0.504146472442046,-31.3038740772754,-2.41562995428018,8.7223555802684,6.70303031826509
"cv",109.390169721136,0.226256499250493,-25.511259943129,-3.32763549870447,13.6196405239144,7.17581715807244
