"","","par1","par2","par3","par4","par5"
"cv",66.4370332237456,-0.427228323930645,-0.699558818197897,-4.05951591106111,-463.842690796222,8.13877238681219
"cv",74.6556731935751,-1.13801063978266,2.871433011499,-7.29237844694203,-948.477328313331,1.82328740134835
"cv",60.7702779004339,-0.76078342740379,-0.460743445234665,-4.51804970841122,-423.810534863933,-3.32703386289935
"cv",78.8053756813234,-0.573581310299044,-0.245919899494693,-4.40926168205894,-52.6066843065523,-8.41977293095238
"cv",119.70629630585,-0.740053990137611,0.742016432934999,-5.03021404674254,-335.371858070763,6.23466944634096
"cv",81.7829946675785,-1.24501925746779,0.0152123540721466,-8.01541714126164,-144.969849618213,7.10185880538657
"cv",98.481547972195,0.102530422296341,-1.71016899344696,-2.16336469576805,-227.665921687523,0.857070060008152
