"","","par1","par2","par3","par4","par5"
"cv",103.090320944792,0.962748916742014,-48.0998154298496,-2.43851868720546,64.719310445521,-2.3020710431088
"cv",89.2460340839858,-1.01320930448733,-0.638094091652386,-6.1616682927111,-145.54000018975,0.964344307209426
"cv",83.2570197671609,-1.01291263951144,0.682179431954302,-6.05165978655219,-92.692612076497,6.867889725603
"cv",104.707084103922,0.854752198467594,-13.6929683410054,-2.45211439358753,58.1196664974791,-0.746873758601077
"cv",131.883524222721,-0.985036098715933,0.0177301686594568,-6.30801874218691,-82.0862631672505,6.52073414504377
"cv",116.432904902199,0.981353256783881,-42.0037137010051,-2.39361971813628,726.338099423461,-0.559751584778887
"cv",85.3539040316569,0.960519041070824,-23.8152255802014,-2.30652002305041,76.3946785022526,-3.82528992366875
