"","","par1","par2","par3","par4","par5"
"cv",93.2859845824118,1.8564993262517,-32.5145157026082,-3.36723336461262,75.8958903222249,-6.18829059874728
"cv",141.508041171846,3.82482947583606,-39.9067820805636,-7.59059976765792,61.9223134419524,-3.35082082085544
"cv",101.16033374381,1.67995090181306,-35.1158568418927,-3.24475434454242,95.6137566551428,-4.94027609241062
"cv",101.061039982054,2.45601808268691,-35.1250162489163,-4.63382584323851,37.9596640389432,-9.48009041918845
"cv",87.8375655918938,4.9264157582614,-37.3651871876422,-9.37183271041069,584.249575612399,-4.48051477928996
"cv",101.164870860719,1.78047717453251,-49.3419364106449,-3.32021879814808,97.1018205019961,-2.09386414117962
"cv",99.3285910184425,4.15928844053705,-31.5490463848015,-7.7908243076306,15.8596874001217,-5.31442927941155
