"","","par1","par2","par3","par4","par5"
"cv",68.5739161650707,0.416511758118195,-33.2082253200137,-2.74752300659347,983.186943433779,-0.175794100983169
"cv",63.3952647521989,0.270473956806169,-1.45873242633693,-3.07488423560954,-430.731357709306,9.35251776345273
"cv",58.3216040210957,0.349949819991649,-41.5369250597431,-2.65641801066081,968.66485195602,-0.198961422581649
"cv",59.2431287079404,0.34498522357687,-5.78030820960332,-2.62679890886517,996.729876468943,-0.216670175486667
"cv",78.9487204269866,0.295856952696987,-37.7227868003931,-2.63121870381968,999.883220260086,-1.76413570968804
"cv",50.9593269621109,0.325208093607412,-3.87795424557806,-2.68295214519664,969.55669350217,-0.19819045887718
"cv",61.4395553341726,0.357751629631831,-42.3280300973168,-2.66529499078429,986.185188278863,-0.195283971696048
