"","","par1","par2","par3","par4","par5"
"cv",91.6416260437026,0.573796744634361,-4.04083219761057,-2.77302080763075,7.20967987125746,3.14386767629705
"cv",146.534046597359,0.317295514274703,-1.89186596973099,-3.21837317439005,-124.515888117851,-1.03578301359707
"cv",79.7861057024097,-0.0267277688843222,-1.40507333058565,-3.18789241646399,-157.250084693497,3.14798349514604
"cv",62.2968561313564,0.614877121335385,-3.21822208689231,-2.75513521049219,6.22032057641137,3.33049093772068
"cv",86.4796263425411,0.0250781606001762,-1.49321859396455,-3.10836871712806,-19.1225801663557,5.33612593888757
"cv",64.6622511944242,0.161497517066669,-1.65030785038046,-2.99312408709195,-111.816145750775,8.44706516776746
"cv",52.7425342921587,0.00113329988388619,-1.38572145974799,-3.17715854191892,-310.273316660622,9.68495378736407
