"","","par1","par2","par3","par4","par5"
"cv",96.554161723483,0.455777640909371,-3.5236527762057,-2.50634127650677,17.6152800568778,-0.444454520881197
"cv",104.799664292681,0.472162961736725,-7.64642966694333,-2.50154465266072,18.7703141436908,-1.05216028400642
"cv",96.6749394836085,0.50433530640018,-13.8228622715148,-2.48788203538158,16.7480898329284,-4.26480530074535
"cv",100.06373348601,0.496483896962585,-30.4610270431345,-2.53730910933558,15.3334710810108,-3.2780349573458
"cv",86.375462568174,0.447422234703804,-27.5173076612284,-2.43770035759569,15.3336022975627,-4.62553105669195
"cv",41.2064157470957,0.639921958774408,-23.7241098100732,-2.46702236763476,8.66856268361516,3.76101025908639
"cv",70.8902892086897,0.625277783836615,-21.0285156543895,-2.4022801323512,7.10389986303203,3.99602973678416
