"","","par1","par2","par3","par4","par5"
"cv",110.67903124094,-0.0610361132791431,-1.54893008512109,-3.13631835116671,-956.948861479759,8.93369073322307
"cv",79.9556071196991,0.484606774441735,-8.15265250307051,-2.58575588568213,-820.779336891655,2.57684899092991
"cv",85.1144065502508,0.488026830364535,-8.41359005503449,-2.55988944246347,-4.50431928038597,2.62500831391662
"cv",75.62201015725,0.47618671396831,-12.4232177355364,-2.59848319203194,-821.334842914686,0.0121937462395878
"cv",118.973374658429,0.501079880686033,-7.08888029999337,-2.77149857990638,3.56438281021542,3.79691056365906
"cv",72.5494886001487,0.491202289766757,-9.28139706463985,-2.5749136829861,-675.83947069943,2.95871490599547
"cv",64.2873261350003,0.498338868005282,-13.7273431838826,-2.47392904010338,-725.986799707959,3.66683543177344
