"","","par1","par2","par3","par4","par5"
"cv",146.020922615117,1.03151730522084,-2.88194615509525,-3.58127565664458,20.3122551636937,-4.38793009712716
"cv",76.6602265457861,0.252697625909511,-38.0826020934981,-2.70380076007165,784.867142614481,-3.78561513964087
"cv",34.5705880422798,0.283045644482046,-4.08415637031123,-2.69353261197979,820.592452119968,-5.25892255909362
"cv",46.4114707178671,0.333182215174911,-12.7224566145658,-2.67293398533725,815.008924279152,-8.44761420584269
"cv",33.8820133525897,0.352705433934313,-20.6285764028792,-2.68547936328602,814.689050612711,-6.51532688768448
"cv",123.788572882577,0.350123410454979,-19.0636743591703,-2.82226637259382,767.835851894398,0.247343398373799
"cv",35.4411082158637,0.35445447845854,-27.9374626678858,-2.68904668952502,996.604449369308,-1.64546716504711
