"","","par1","par2","par3","par4","par5"
"cv",91.1395204723073,0.868321068008245,-29.0671004305777,-2.28203888937547,48.3060989921195,-5.40787466180302
"cv",90.8705419470645,0.894828052054255,-23.4337368246767,-2.320672302581,49.2012656870009,-0.988353801604832
"cv",73.8195744645333,-1.12757186988325,-0.157990481419276,-7.08479857193555,-267.697595737148,-5.47730434364323
"cv",92.8561650566147,-1.05299388142586,-0.477913629628899,-6.37350126335646,-860.22983771552,-4.91041859749183
"cv",53.9062609608442,-1.2015196561343,1.26833364001574,-7.76587009816339,-604.590649755902,-2.39780175412713
"cv",89.944648734765,-1.00840703390019,-0.535902839195011,-6.30738937110026,-711.521315854043,8.70557505093005
"cv",92.2610085700566,0.796292392364347,-2.88152907556488,-2.44009843322812,56.983807579089,-9.69429229605803
