"","","par1","par2","par3","par4","par5"
"cv",90.5293821879288,0.861002830161784,-46.3063523975114,-3.09337076039378,66.0167584746199,-5.99178285948869
"cv",67.5440736804063,0.72865370817621,-28.2046810713439,-2.98809531482951,68.96018636451,-0.980978962033987
"cv",87.6214647876955,0.659464926204724,-3.5346978843434,-3.11773195926737,30.5045248281971,-1.0545904785415
"cv",106.091215010946,0.930411377634249,-43.2253725795437,-3.24836905474056,114.239510261965,-3.12050848498456
"cv",68.5395025365802,0.852932261498044,-16.7443586996381,-3.10435854261974,66.9063079076961,-6.67921150064433
"cv",63.9359417164068,0.852966191542621,-34.2375336809922,-3.14293721247996,66.7599643542804,-7.26274268602406
"cv",68.0933721729125,0.927056867764236,-11.6837154939051,-3.22732881893179,52.4837026872773,-5.36385117196988
