"","","par1","par2","par3","par4","par5"
"cv",106.487544173774,1.14201402957687,-22.1861519430441,-2.24094525439099,140.9734144059,-0.437102669341131
"cv",122.565532658683,1.10572839655537,-25.7579101964184,-2.24018273010298,37.131847386537,-4.62861263068507
"cv",109.666463501483,0.572689905236311,-33.5767551010054,-2.08478694944719,15.7663109766272,-0.259129963815212
"cv",109.60593525017,0.99557719899344,-31.9045989932932,-2.00525132330674,36.1960966044801,-6.81913192997597
"cv",75.8073255809861,-0.924830150961102,-0.229041701717774,-5.52796180224756,-638.105914965687,-1.09951542492442
"cv",91.9002700283755,-0.858951264355245,0.79464796371758,-5.16978608562849,-768.037097062916,-8.34087147377808
"cv",95.4940766577336,-0.946745480411911,0.957189991029591,-5.80831747040106,-682.65397897187,-0.347938495806753
