"","","par1","par2","par3","par4","par5"
"cv",54.3477775783723,-0.0759304140117983,-2.13352590817518,-3.09675380689133,995.298215672818,-7.94100178166095
"cv",26.5091163580012,0.0567448132850513,-2.59961845165942,-2.96126416948864,983.933425001233,-0.657668021209569
"cv",33.4186252609406,-0.0148981544288656,-2.41264332585304,-2.88721405640015,983.023220711385,-0.457849781125726
"cv",55.6833210720996,-0.0469146022219682,-2.24754635755066,-3.03426951987555,415.212224532514,-0.836657487246408
"cv",85.5097206148289,0.229310985654852,-3.27451991361003,-3.03893976919582,978.21937386105,-0.446981775090962
"cv",59.8546671759055,0.0382356072704455,-2.54702878807168,-2.96323433406421,952.986238644478,-2.83687050777538
"cv",46.3333448336761,0.0871464743085738,-3.23999175470244,-2.84529595876983,933.919302372421,-0.824410273911687
