"","","par1","par2","par3","par4","par5"
"cv",70.9807211771307,0.571022233320027,-2.01925783407578,-3.13425709243457,30.1320856750525,-8.04858031094616
"cv",88.3496922677489,-0.158793067215105,-1.30730270936616,-3.54660056531151,-717.780575857776,9.79607154131027
"cv",84.1381233846729,0.22948771541869,-5.35744427449439,-2.76567499034022,241.16065258465,-9.30029959684197
"cv",38.941023509027,0.192679736876157,-3.48871395886892,-2.79142630995258,906.409361426319,-1.14335795906597
"cv",44.875741083233,0.197878424625826,-3.73437742066369,-2.79731969992547,261.179551613736,-9.64592884915004
"cv",61.8202226421951,0.1626760030475,-1.52107183255284,-3.55719766154474,-893.307003658265,3.3636518884414
"cv",12.3997559448393,0.275245615969702,-4.52850462851086,-2.74648143597168,239.9665311431,-1.01215475575157
