"","","par1","par2","par3","par4","par5"
"cv",86.320413222771,-0.944788784590574,0.23011973478321,-5.47550328312803,-81.6464086012971,6.72397549264133
"cv",110.630930764752,-0.833331033885705,-0.0717160716050653,-4.99795991836028,-276.441589204668,-8.51760580153408
"cv",92.5383072863651,-0.921279014580226,0.397358454218242,-5.30546930372264,-0.266406333683278,6.1011091438921
"cv",102.807528666277,0.681302327028832,-6.01015784043687,-2.13216610026476,5.86322159070187,9.79988353051909
"cv",71.8169498637026,-1.16186488535761,1.85688243681371,-7.12058356856841,-983.100481919875,-2.23767709386925
"cv",95.2278821081585,0.588836154827571,-3.4145989520961,-2.15447067125679,6.07107331841709,9.74977033405169
"cv",58.7476083779903,-0.478486056450459,-0.383382065713414,-3.96526093129069,16.4979816701234,-6.885013069463
