"","","par1","par2","par3","par4","par5"
"cv",112.172202496713,0.37921027280546,-1.47765843565018,-3.10748518771515,-296.780487188329,8.08802179792222
"cv",98.6073813917095,0.46033211568402,-1.52009927523418,-2.88767960322108,-34.0829338234454,3.02880330106765
"cv",100.860275161399,0.273564759719508,-1.62809145379977,-3.01975454953236,-273.497409094663,5.73601616666104
"cv",93.4985183804904,0.173350028024389,-1.43522833648154,-3.06660058245674,-444.257104455285,8.06834549413339
"cv",66.2984810142128,0.607933523624301,-2.06160720364169,-2.5747722121441,2.34321056182932,4.37266826256615
"cv",68.2314046274407,0.27085346649437,-1.465910490641,-2.93584912698676,-578.577291514103,8.96411544516026
"cv",47.9476272096229,0.252725888954279,-1.39836943262887,-2.96762830773522,-388.348455728162,1.86985918330358
