"","","par1","par2","par3","par4","par5"
"cv",93.0504105991418,3.37761638902608,-40.660907337803,-6.33071772343885,292.47394157699,-6.03412081504836
"cv",91.4406118274037,3.476467945797,-33.621409074564,-6.52453185903758,493.492460964031,-4.02933811907741
"cv",90.9410319223968,5.11515678363983,-29.9418436252746,-9.97564954713309,518.102563910546,-6.44078046173285
"cv",92.2224024813844,3.56194708064433,-42.5222158707014,-6.75246045892674,18.4974272805993,-3.62258992620777
"cv",97.8113336896206,2.62105333452028,-42.568836713809,-4.84375155377917,440.076787568934,-7.0112707235927
"cv",93.1671409596841,3.15098496387929,-27.5067791553803,-5.95568550066682,33.325259200883,-2.9972826952613
"cv",123.694319790685,3.16140877298855,-45.1755641032443,-6.42754731081063,536.26106995585,-8.07989206851503
