"","","par1","par2","par3","par4","par5"
"cv",134.233709377323,-1.00532477630989,0.00974305070101167,-5.75980965081531,-541.92587088798,5.4985405467141
"cv",116.247501744542,-1.27912427316073,0.154115238890098,-8.39818986612126,-622.966286761779,5.68197197089613
"cv",111.195082638335,-1.21633161192493,1.12134990959615,-7.86315554009376,-383.498272392899,3.43743327927026
"cv",67.7629637981606,-1.37913438528776,2.70808488130569,-9.61782976045591,-133.532278063915,3.32889042125442
"cv",56.4587729801088,-1.23351350970557,0.990652373054336,-7.65770519733635,-8.04910470891519,1.97603471756724
"cv",109.837931007315,0.928337895820973,-24.5022367888621,-2.49123170443344,61.3980062506864,-1.14509939963623
"cv",111.666686249825,0.870722913910569,-47.5894867601402,-2.50303610506679,53.4482778420213,-7.52578306875791
