"","","par1","par2","par3","par4","par5"
"cv",105.13891207563,0.895104063201338,-22.6117240028308,-2.39515106743822,7.47957184127608,4.18016070843077
"cv",120.347734744984,0.73915077963129,-15.339557226384,-2.4615723937302,7.98759407291487,6.23064685724379
"cv",115.790371402253,0.494610321716922,-3.58208489158367,-2.59011831984005,22.0831105693074,0.65176567658948
"cv",102.135561467675,0.666142262840943,-4.8767571409191,-2.34829099527826,29.1785232031487,0.0430075108396666
"cv",67.9644058298869,-0.616429900976953,-0.930520045119,-3.81835856147371,-317.77663485095,5.59274260335175
"cv",60.3554904293416,0.73585025786991,-12.1600677771793,-2.25859196546153,39.4079018178291,0.0201905271971398
"cv",86.278142247986,0.608725261225426,-3.73026920344961,-2.58773127880022,10.2006601376897,5.4828773504754
