"","","par1","par2","par3","par4","par5"
"cv",85.6579897563936,0.974184687298024,-16.9668334104199,-2.85486858482426,189.365580301889,-0.280975751469772
"cv",70.6286501145379,-0.468425879900241,-1.12361292435101,-3.65148601207611,-108.65905070132,-9.84204464858503
"cv",71.5322071510978,-0.235880060424442,-1.11653102008597,-3.45503203020792,20.57838032803,0.538951735726275
"cv",100.390973254207,1.15109984469403,-47.0671590206101,-3.01451745733968,217.431054691623,-0.920950534094331
"cv",57.3882915658137,1.10370704062906,-17.3065066991407,-2.88863309949339,212.464228834419,-1.77827803005093
"cv",84.4843173320191,1.06998160570614,-42.5656342878938,-2.82706259157347,202.339949023211,-0.434349539956667
"cv",81.9876862029782,1.11665792696815,-48.1690500133514,-2.92649984842448,217.160889468942,-0.209288106756943
