"","","par1","par2","par3","par4","par5"
"cv",20.3456991982053,0.0677862638993534,-32.6310628792271,-2.82131210473723,979.180185901143,-0.132331810002114
"cv",45.1043136705258,0.0657203532485206,-35.9082361855001,-2.86946092670505,997.093590167868,-7.45848612605514
"cv",57.7521023403423,0.00892810961961073,-9.56562939099967,-2.83167156902316,965.959349722071,-0.125620764364108
"cv",98.2066126899142,0.194774720026058,-4.93999208357726,-3.19868844171011,525.962044927192,-0.157790742092236
"cv",32.8958814564741,0.00967202883192594,-31.9140033789328,-2.8176379114683,981.785819287685,-0.129960562288311
"cv",18.4272994254595,0.0592797607297628,-49.2966066598608,-2.84570078590581,970.261722552105,-0.129473903814225
"cv",53.2263191148142,-0.0214770650047041,-36.890583114606,-2.89708290443505,947.216131724254,-0.192755061677207
