"","","par1","par2","par3","par4","par5"
"cv",86.9643504061513,0.79934312070874,-14.3158594531295,-3.0941937893874,26.5490417774692,-1.97586447619726
"cv",102.894611779091,0.845655989605979,-30.5253440909135,-3.17581105509742,46.2811682086187,-1.63313055556905
"cv",80.2284465173768,0.879684912872586,-28.4914287081545,-3.18128415700727,48.9427892746246,-5.13617665803678
"cv",69.9391563398278,0.847278277685323,-34.1413058745076,-3.12297777344311,52.1908053597874,-1.32142829457004
"cv",64.1083372424238,0.930538589366562,-32.1212261055641,-3.13074011299834,48.8147483219594,-1.05976122357066
"cv",45.9104118618017,0.825776322312767,-28.3345851141429,-3.08561819446112,48.5826492579959,-0.781361478953444
"cv",66.8915752960395,0.862948854089218,-23.3281713214855,-3.09357574921644,49.5057045955767,-0.184124840772897
