"","","par1","par2","par3","par4","par5"
"cv",104.110245248566,-0.188355101152541,-1.31847805844977,-2.64863474778315,-490.71926368136,5.30755425387435
"cv",98.258863144374,0.589025895098808,-13.296646497439,-2.05201901643836,34.2952843339541,-1.03526007203489
"cv",105.01035002671,-0.438514299015811,-0.979331738991956,-3.30032609268835,-769.231235605805,8.71754054233176
"cv",93.1328963183695,-0.378057339065734,-1.03044831315218,-3.08967562907811,-652.525546494871,6.82261067264172
"cv",97.3891949146773,-0.464751311329802,-0.940092289971752,-3.32025875098344,-340.521049799603,6.3475685731407
"cv",127.729717449817,0.696596759302077,-31.3207843467752,-2.19259339139248,34.7475803891529,-1.05791395862384
"cv",140.813709664023,-0.830541390381456,0.597842904554251,-4.47825933464424,-697.230912279338,4.8486063304312
