"","","par1","par2","par3","par4","par5"
"cv",97.302391290358,-1.3607667853643,0.691066154552386,-8.78872296170524,-345.616576150401,4.65395897249306
"cv",130.211218806738,-1.15557298841882,1.27985543930237,-7.4731816817075,-488.741700621793,2.43737751344517
"cv",93.6365373778829,-1.24675010139842,0.0857753418394198,-8.39921388958575,-379.874298063339,-8.81715901670075
"cv",77.3064355924074,-1.36586055940577,0.36832349288937,-9.84305818259347,-810.707369738136,9.53059715610441
"cv",62.3924851097157,-1.12778260818318,-0.0353323542202448,-7.00258097863555,-533.499228256461,-8.54382833000273
"cv",77.5504528939702,-1.12944983614249,-0.619135451696347,-7.10909917664869,-776.37258842906,-7.23642751108855
"cv",83.7378565487726,-1.12244549613154,2.38056932262123,-6.71081485692412,-88.8815695130204,-2.43186563719064
