"","","par1","par2","par3","par4","par5"
"cv",108.962613588101,0.751241004872879,-17.7683104978052,-2.34690203247262,15.0598856855647,-0.432341777055699
"cv",114.368739215087,0.589682099438288,-7.37421771572148,-2.33727682366759,13.7104109963219,-0.634523962981113
"cv",86.8018005886424,-1.2357773755089,1.79524778694166,-7.95837941776026,-518.778671112761,-5.10586739593723
"cv",105.088837059698,0.737041842657657,-27.5765888272849,-2.31445880433732,17.7789604709547,-0.136352538724186
"cv",91.5247532716224,0.684461443328615,-25.1137719023668,-2.27359666514162,10.954480892998,-0.180439475139987
"cv",101.600837991318,0.794528411884774,-32.6193789976226,-2.18947934298237,14.7780272727026,-0.942961502934913
"cv",99.7917812342508,0.791356955362485,-19.6742291392439,-2.21282013216052,13.6933314180888,-0.512714497688492
