"","","par1","par2","par3","par4","par5"
"cv",66.2788389850804,0.183922468770032,-4.10929481013111,-2.75813085272955,840.301595471998,-0.151681349226195
"cv",30.6738644666043,0.356948407232901,-30.2967672330014,-2.72618390395077,861.520851000485,-0.177682403071938
"cv",112.675476954037,0.249175285098879,-44.615970206078,-2.82431277229654,860.808377451559,-0.066575005951017
"cv",33.5486439806383,0.215082999160322,-3.13135599125832,-2.84663593337497,940.158511802421,-0.196246727807133
"cv",83.8142685575345,0.328803895981838,-13.7240806625405,-2.81591662452864,942.281993984966,-0.255064897439256
"cv",49.9440855152709,0.244280629877174,-3.67424989458648,-2.80681839550255,867.318259466922,-0.200716337898835
"cv",25.0806183390895,0.285499824028744,-4.76235996028285,-2.7563939611015,877.699411232859,-0.208021770465989
