"","","par1","par2","par3","par4","par5"
"cv",108.606514104456,-0.512775133132765,-0.489401037272976,-4.34265683332856,-374.2917472487,-5.08614068519686
"cv",92.885494523248,-0.919626662507653,0.115200262516737,-5.54430247627006,-850.559689242993,7.32395146857696
"cv",113.643261597593,0.983145218345428,-12.1146489583968,-2.12615407915174,36.5222601501932,-7.98855111934245
"cv",53.3673031178065,-1.14013689487585,0.233959280963642,-7.44836608784192,-163.640576918501,-3.78997446370122
"cv",101.472020168281,0.785117794471993,-20.0493302233939,-2.21680817344327,30.8162857989282,-2.40612633174906
"cv",62.7732895321424,-0.934259598143399,0.0337839685380459,-5.46358712948859,-499.759254779329,3.50427900440991
"cv",111.098821942931,-0.773326182953981,-0.573785875413349,-5.3027988772825,-473.024047967351,4.45693884568709
