"","","par1","par2","par3","par4","par5"
"cv",114.184772501147,0.733072473880775,-48.173116765573,-3.05017559722761,401.888118035285,-9.07545377888214
"cv",83.6843217373463,0.542172032118718,-42.1612866643097,-2.90323571141949,21.6846066989731,-4.67134372691402
"cv",99.5217119439412,0.556473941725445,-13.4517790104119,-2.88955726051269,31.8918906690884,-1.98246777611961
"cv",99.1174908005777,0.744475292080811,-16.9475070569322,-2.93483851825926,37.0936750431009,-4.76547204903685
"cv",47.2765903333028,0.823854503687385,-26.9862863677222,-2.92785922944026,820.624597669191,-7.52614604446282
"cv",42.1821622943753,0.793798461834042,-33.7035172028329,-2.92616030248715,854.928566600235,-3.9022879033007
"cv",41.5660299316439,0.637903177306826,-17.379466477522,-2.80849423511281,30.7784500171788,-0.9351749442352
