"","","par1","par2","par3","par4","par5"
"cv",105.728510502338,0.612663909701709,-2.59088792214503,-2.15665584761838,3.68836004830007,5.04274023979078
"cv",93.5466154625742,-0.929254390543982,0.74048539781508,-5.15268683248237,2.8920800330782,-1.58793953953963
"cv",79.2455566899759,-0.455612343638279,-0.571374449254582,-3.68067973424892,-641.356601722083,6.80854711215943
"cv",106.997644215444,-1.16446603971838,3.60570075388111,-7.45291478815161,-662.116565725364,1.118128361841
"cv",96.5967742074865,-0.351283474695616,-0.744657061951032,-3.90819262607131,-128.517109406169,5.13969234103559
"cv",69.3826681046888,-0.402531277418184,-0.670281249648447,-3.81998809603572,-730.790690481087,8.07624310866073
"cv",106.204421320951,-0.398953624920412,-0.369273255264324,-3.94841324634619,-446.90937987794,-7.22252738196403
