"","","par1","par2","par3","par4","par5"
"cv",97.2319190072775,-0.00773928995679053,-13.3340848238008,-2.86576707466723,192.542686239115,-5.34637621113001
"cv",240.359005332694,0.632731975298427,-16.4107314390992,-3.99666423512845,40.1934254161826,0.165693227959384
"cv",56.7339919398986,0.0891572625930444,-25.7119149531249,-2.79634401679559,263.685727402657,-5.86365106136766
"cv",26.8801484954133,0.170339005961683,-22.0211272457302,-2.89432365223673,261.935419119999,-9.36115583357849
"cv",12.2521898899942,0.289793118146283,-18.176544233181,-2.91292766228434,261.746616846254,-4.57606142298664
"cv",119.932794125834,0.318790458095435,-13.7722969802372,-3.28182927177517,38.7115787831321,0.871146675850639
"cv",19.0641903474105,0.277582529616952,-17.7202788799909,-2.89590276390297,262.800185385002,-0.822843142972385
