"","","par1","par2","par3","par4","par5"
"cv",54.2388029627804,0.164515639439518,-2.70203747912577,-3.61684436206579,928.593799680998,-0.42447832688831
"cv",52.361765625898,0.368546030812672,-2.98952727911259,-3.96250762567239,763.250887391871,-1.10780313145369
"cv",29.2093008931756,0.349045179270687,-3.04179861545895,-3.8165945967629,929.055626764043,-0.372943691790756
"cv",37.7947654670113,0.407758988121182,-4.4713426107596,-3.59288015927416,961.37553687406,-6.84043482436738
"cv",23.0591619773864,0.400451784694989,-4.6206543568514,-3.58325653132216,919.889499809617,-0.32506858432022
"cv",25.1402935387352,0.230561150356637,-3.16685397010731,-3.58340939454177,977.819619262387,-8.22172741624289
"cv",43.2875711831135,0.27604967491789,-3.41358029031485,-3.58957476753944,992.779094576989,-8.61588182874213
