"","","par1","par2","par3","par4","par5"
"cv",136.951004082036,-0.618154380874364,-0.729333353738682,-4.04398836598445,-427.774854935706,7.19821364153177
"cv",101.10619635807,0.959945242579775,-1.73464409000576,-2.53046181867391,587.520967539824,-0.770759281780228
"cv",77.6879218498779,-0.68820784613755,-0.926566934022281,-3.72778394094855,-113.469907173769,5.2207611484808
"cv",122.60105271108,-0.81414798800382,-0.765970390084391,-4.29375850163794,-129.550003825121,9.75975225968103
"cv",101.04065748701,0.953788275187561,-2.0492266561278,-2.51826663318118,387.432798870018,-2.0941499653213
"cv",94.0775842449967,0.949513376996128,-1.90586507826699,-2.47822952717204,402.882326242538,-1.14706289401889
"cv",90.7020437214862,0.846152578446657,-1.75103625510961,-2.52041485973995,355.728090520736,-7.76306790330949
