"","","par1","par2","par3","par4","par5"
"cv",98.7310257610708,-0.392533121603065,-0.925900437451901,-3.37090183980763,8.85662776751369,-9.73765714681818
"cv",105.340330747587,-0.756576344463438,-0.360690602491353,-4.16004216760841,-714.113108348101,-2.59770960828917
"cv",100.549930703636,0.526676974076969,-33.0742278408349,-2.16486168197792,9.22360180239525,-5.35897893323468
"cv",91.6318916022315,0.517753017471058,-33.7474726033031,-2.11433341655662,5.51366203737041,9.70573009820857
"cv",108.686525571731,-1.14675676659495,2.4149725260213,-6.8871751795277,32.5676882205098,-0.0689030436610065
"cv",70.3878025323322,-1.30312284979317,3.70832633413374,-8.5188238754302,-607.791855931282,2.40382496733218
"cv",99.131743560931,0.566631020733634,-6.03742930342633,-2.15874880622176,7.66651842059926,-0.332075231193626
