"","","par1","par2","par3","par4","par5"
"cv",52.8656435844408,0.549347212966411,-14.7942685231917,-3.0218148917721,999.839934833686,-5.59521699205321
"cv",79.7435019373153,0.461099845155356,-24.5293929842206,-3.0856834832515,395.443745024798,-0.50944371521185
"cv",115.654889120057,0.706776841888316,-48.0002263155924,-3.36997517823756,999.182853888218,-9.96222479736314
"cv",49.9934984123172,0.267341054702493,-3.09462281601564,-3.13386875217076,3.54894928296471,5.39888871866015
"cv",97.3866675301669,0.448510388393029,-3.5763912733905,-3.03787934042785,993.874761181028,-9.11603915393605
"cv",69.9034680194619,0.51917059776049,-13.5511942534758,-3.00476402453534,998.761726584996,-5.51419754234947
"cv",49.8141297904174,0.560330164447349,-10.7411272407199,-3.05995239685288,998.191431002982,-6.3287957654877
