"","","par1","par2","par3","par4","par5"
"cv",123.372552315935,0.275614126211532,-33.7751237009209,-2.48434561724447,999.959197939274,-3.24620504678131
"cv",124.770183865368,0.412531510429148,-4.46426688659407,-2.52058932829119,30.9269523300448,0.256572886499568
"cv",75.4297415642112,0.549902210418695,-48.1183809197912,-2.31783216755709,79.3804428650611,-0.466414550969126
"cv",70.1307713125557,0.584183007283359,-36.1424575659319,-2.32147691749546,73.2022421382122,-0.0906301020567474
"cv",71.3542621492842,0.533489054029988,-48.8562504363755,-2.34448905754442,85.4304286634633,-0.437818896138862
"cv",109.081248208914,0.669553056071839,-20.5192597582936,-2.44897887490132,84.9263269258435,-0.181274721578595
"cv",103.344483036314,0.585778857466006,-32.9892830200242,-2.41299862673533,27.6812566395505,-7.59625746711901
