"","","par1","par2","par3","par4","par5"
"cv",139.093960401928,0.204259202780798,-26.0307505551668,-2.83667937459279,991.382262882927,-3.52759310018814
"cv",39.2502937540627,0.476975972957513,-33.5124933661994,-2.83305680964374,128.315502475736,-1.86354355972777
"cv",111.976524362488,0.469900737081121,-26.5438157740775,-2.98839436560785,135.359132522796,-6.97003797175199
"cv",45.1717464708803,0.442836452144004,-24.0815848314875,-2.79168762480196,129.460328933173,-0.902794995419714
"cv",115.02270294249,0.1041234112657,-5.28714537113619,-2.82345378041612,539.867345621911,-0.0634726572024843
"cv",41.4588417556633,0.585013585557956,-24.0633845664855,-2.82941669953361,124.573295548185,-1.33628771086401
"cv",57.4372583357871,0.466220424277245,-10.7614413189311,-2.78709195219107,136.836913301185,-9.7084528569015
