"","","par1","par2","par3","par4","par5"
"cv",63.2096957772177,0.292174508901398,-13.2431716314396,-2.69564881508054,992.651049427604,-0.21851036237686
"cv",46.797272364542,0.30999488614831,-29.319940618233,-2.75604936526804,995.233299134091,-0.214010713413458
"cv",55.6322480874061,0.701471832686835,-18.3494233556012,-3.26280100760349,19.1764898322721,1.03325913194567
"cv",63.093172706441,0.236080886050822,-38.1999167656277,-2.80196934092294,581.464817187763,-0.136508016350627
"cv",49.1268297843719,0.301942376314028,-16.9894050680891,-2.70735149112284,996.75508422888,-0.189228698697127
"cv",117.042584677269,0.487371930290084,-21.5255648039387,-3.00635953565045,989.819132808132,-0.212466463769231
"cv",119.89451900579,0.401077856719034,-29.1230859566684,-2.91871059824319,983.223464992685,0.185412972683953
