"","","par1","par2","par3","par4","par5"
"cv",93.3169019828149,-1.2931191753069,1.15844309774135,-8.57314857872275,-338.951866471951,6.7179244443461
"cv",98.8650769970461,-0.809465744633639,0.16744767781347,-4.6758869837453,-277.570637862888,-3.42620432842523
"cv",81.972206862119,-0.903162120401846,-0.558247927462918,-4.98559283846711,-335.896957005523,1.32218549005007
"cv",78.4746586037155,-0.51517728961438,-0.76139576442754,-3.71709732895817,-19.5666755575438,2.77441129982056
"cv",105.705308943315,-0.374081070466695,-0.818962461847309,-3.54775152333789,-11.9347552036171,2.09737198741831
"cv",101.741570133719,1.10129670406803,-46.4218307450615,-2.16905063266615,6.72176027623945,9.29936473503313
"cv",124.026621533639,1.01493995638577,-45.4240819492025,-2.29008382336017,94.3703370999767,-1.15620273909042
