"","","par1","par2","par3","par4","par5"
"cv",48.5220660486343,0.370835111335893,-16.6900409287961,-2.87232662297986,23.3842118263746,0.525034458369555
"cv",60.5871916325127,0.538969543823401,-24.6185299357808,-2.97791248162433,20.8316300839603,0.443934269046363
"cv",126.643783060492,0.281785143556072,-3.73912834259193,-3.07367312236284,190.979129949317,-0.360996681265533
"cv",66.2800548650129,0.455461451972952,-28.7717664044822,-2.93994337848583,26.5486690109371,0.441628185458053
"cv",55.2972174049083,0.583278871649315,-8.75801208807743,-3.02506911477233,25.9622211851766,0.545690559475003
"cv",59.29993926326,0.296761796794323,-29.4316390526354,-3.24963602990959,11.3282274824398,2.3495808430016
"cv",59.800565901378,0.400298610212262,-32.6433093537918,-2.9744740472023,22.5023857164559,0.57360835781783
