"","","par1","par2","par3","par4","par5"
"cv",96.9465250682506,0.205888443143637,-19.6910931700758,-3.23424381221393,616.213345887226,-0.501297807902648
"cv",28.6328454834385,0.458133691015766,-40.012294105948,-3.19155838819286,821.498635079152,-0.74717346927532
"cv",81.9351838074199,0.140918892429978,-36.2398549717407,-3.27603017341037,8.45384393204113,5.55728693958372
"cv",38.1473562094104,0.429853780867676,-40.216819978791,-3.11541561899582,826.933228648846,-0.75120205895468
"cv",10.200524076524,0.494583718507165,-49.9470471885856,-3.20116785931984,810.959476211494,-0.454108255712204
"cv",100.473167210833,0.460499169422722,-43.9440841365468,-3.18544669237198,797.206976338866,-0.154413777110007
"cv",20.6223528984749,0.495938804683343,-39.6960978378647,-3.18820784360231,818.427076213268,-0.599092297859904
