"","","par1","par2","par3","par4","par5"
"cv",85.5033625166344,-0.25390087220223,-1.00155286934511,-3.44775594255225,-428.919116188303,8.85870226287346
"cv",98.4781338980279,-0.353433603913697,-0.981736485468089,-3.49477258642655,-948.313786733304,3.70276717217588
"cv",107.828234911255,0.694841758205741,-6.1347722708061,-2.38081413770905,13.0821513875559,0.14906887632224
"cv",128.816810532151,-0.279165402544798,-0.945341265893895,-3.58524029014757,-600.616082690038,8.56229558061726
"cv",70.7962211785812,-0.188754726447162,-0.921393148059607,-3.47429806440802,14.4569897876455,-0.326494772506583
"cv",81.1544804655282,-0.0266089043650167,-1.3568808735578,-2.85146105157186,-146.982528730401,2.33012233033798
"cv",121.16973849138,0.566511880205907,-2.34911298166576,-2.5691709576932,5.7951830055824,0.622648552630769
