"","","par1","par2","par3","par4","par5"
"cv",116.36606344151,0.517568403652833,-44.8255351577456,-2.50907920099414,20.3186164024685,-4.31485119519671
"cv",110.209799940207,0.544387828721427,-32.2320712031992,-2.52356014021932,18.2408996061141,-8.30402814369382
"cv",81.2442688661952,0.553943797881363,-9.91372165129302,-2.40783178070859,18.3503077579621,-1.68668905108109
"cv",174.696168003615,-0.441653501167754,-0.820792103704724,-4.1731233725796,-871.788021032114,4.55276599855317
"cv",67.8789010140194,0.552388906733249,-23.9571392347822,-2.34124388421859,17.7883254424497,-2.20041082664987
"cv",82.8100637312289,0.678373653105496,-30.6743961582222,-2.35940784293569,18.3517549914662,-0.226775914879919
"cv",85.8087687371866,0.561561740130201,-18.1984235121544,-2.41806458094321,18.7781250262432,-2.1678615028438
