"","","par1","par2","par3","par4","par5"
"cv",102.299826929908,1.01004491395776,-48.6551419664529,-3.13126562753596,165.539187780978,-3.10107741504908
"cv",99.7718563772871,2.80500277830712,-34.2919509967043,-6.57566098468373,83.4041015814908,-4.89688213753804
"cv",68.5605429863999,2.72838774156332,-35.9624264208086,-6.25287271009312,44.415317316823,-6.19947130326182
"cv",115.907444226061,2.81233759573787,-38.778827439333,-6.64562613610489,38.8788017544071,-6.68604502056471
"cv",75.9837750989823,2.83284231031295,-35.7809714274481,-6.8852091142488,43.5495208624524,-8.04632035192215
"cv",86.1778554368298,0.993618334006798,-42.2281538498092,-3.06330805568961,113.946370841565,-4.68516106118605
"cv",96.4342099651653,1.12856026233857,-22.294885812447,-3.4054691035642,116.573438211263,-1.31227694931492
