"","","par1","par2","par3","par4","par5"
"cv",123.859966728755,-0.615345127720577,-0.580071188001639,-3.81956749620756,-174.726758397264,2.83085538449309
"cv",86.755470978869,-0.997123291044683,0.616780193819562,-5.50122463368017,-558.640898127565,5.49677900381931
"cv",77.7137916636799,-0.905175032463601,-0.0691995208995626,-4.87676064333699,-230.861566960812,1.03419046849012
"cv",85.1663212170047,-1.14038743093557,1.14778465163769,-6.6580020117699,-894.466840707872,5.0785762082042
"cv",91.1031070614408,-1.01696414369719,-0.302435457706451,-5.63610060687679,-950.176719110459,5.28793990749251
"cv",92.2361517135055,-1.15738721596723,2.5999959920422,-6.89617306048089,-373.788970295882,6.887994220437
"cv",89.5675015267417,-0.786708832319441,-0.200339665724954,-4.34100339388963,-450.479092054285,6.0449743616111
