"","","par1","par2","par3","par4","par5"
"cv",106.607655108933,0.556826017263214,-11.1007726115377,-3.34269841992397,27.3770641250737,-2.91779382742486
"cv",73.3928642884978,0.772820468434892,-36.4879842625681,-3.53481772437592,56.5586495983798,-2.4858495584358
"cv",102.000804468431,0.725988311044203,-29.050830338544,-3.3365453146145,55.2645055560246,-1.2812221892719
"cv",53.5682417109446,0.971193111268185,-44.9673233085049,-3.72724371644944,221.136747569759,-2.73279383592889
"cv",44.1238435747057,0.829423262339924,-47.292994088823,-3.49764668080801,53.2556597622086,-4.54033305541318
"cv",40.2649427663967,0.758880719368738,-31.0919732286972,-3.42308191054314,55.8934792690481,-2.59786458258197
"cv",43.6067056581551,0.949567929507897,-42.4534181136208,-3.62110894123058,50.7071607739606,-5.69292044710374
