"","","par1","par2","par3","par4","par5"
"cv",108.222779235122,0.919028995098135,-35.0233024917543,-2.18111229676547,5.82636705413959,8.58138631097972
"cv",116.900988237804,0.77268271587273,-25.2294425826025,-2.26162795205248,54.7583169110118,-3.36900630878236
"cv",99.6828414855556,-0.386594615305328,-0.863288803062865,-3.59369427563039,-488.386947250388,0.161134967974107
"cv",88.5074290631406,-0.371249574586749,-0.939631661904609,-3.30634890117846,-757.619405628586,0.468253143815003
"cv",96.0616809978832,0.756440370551286,-43.1430868913939,-2.09535805997676,758.539974273307,-0.363800668554215
"cv",74.1224942823918,-0.430725337548293,-0.86577208712697,-3.67440296560526,-743.052630163907,8.75013553816825
"cv",90.9313153369835,0.661209762550883,-5.84854278733508,-2.13693435754863,6.62736419321523,2.88790826444537
