"","","par1","par2","par3","par4","par5"
"cv",94.1810352040982,0.742070204027355,-12.2489076588675,-2.01379224426741,44.6944323272922,-0.553285052295819
"cv",84.8628000029433,-1.11142655532721,3.40846779456969,-7.64306327475222,32.7033795022566,-3.4712178006443
"cv",85.1000657284745,-1.16385438962427,3.78823059664814,-7.2312669247172,-209.044242807917,2.65547705499435
"cv",118.265725921312,0.780181575326622,-42.9726615608832,-2.09615259998699,44.6621544214522,-3.18885995362612
"cv",71.456276941558,-1.22718562728698,1.80040840804019,-7.84304265045492,-324.72615968436,4.65833007435373
"cv",73.072571919464,-0.917656312437968,1.73266379874421,-5.82699198306521,-288.660829552144,4.28153169861201
"cv",76.7812855272917,-0.464794938406313,-0.541262314734255,-4.26098405469771,17.1893848533348,-0.630798574511134
