"","","par1","par2","par3","par4","par5"
"cv",82.7798045458108,-1.36291982360676,0.303237370727421,-9.60444996598273,-12.3642882843748,-9.30686555057514
"cv",101.098117801829,-1.31277696561198,-0.542407127026777,-8.91617466319851,-978.768849476004,5.3204603973909
"cv",111.509542931031,-0.265225846981205,-0.92999267361408,-3.17364638492576,-383.417608879113,3.23089878000916
"cv",102.658947702021,1.57352239042521,-25.1051246224081,-2.66083135254439,147.862477507864,-0.953897109821757
"cv",79.9710261965151,-1.34557648321766,1.73480056594356,-9.70783392898738,-757.534902916966,-2.49064123624703
"cv",76.0664625532849,-1.30221747265875,1.4308265876025,-8.79179401941193,-35.0157741502899,-3.38553634589993
"cv",85.5533678076537,-1.37036565225571,0.402176096104085,-9.83797396852332,-163.897477342011,-5.66703224087082
