"","","par1","par2","par3","par4","par5"
"cv",94.7473243269501,5.18865691102279,-29.2690249378629,-9.87281327304726,117.57219784131,-4.95974658393634
"cv",92.6663300207913,3.80995840075322,-26.3427589246147,-7.10385524951211,108.933825266916,-2.95628849142402
"cv",94.645602749876,5.30025033092947,-27.6671735863628,-9.92616851761466,258.945729905538,-4.84031682179594
"cv",90.4955569645042,-0.942993640944115,-0.522512469490903,-5.97107687552672,-200.831015594304,5.02411801669267
"cv",102.689801341538,4.9348855769445,-19.7675688244551,-9.25737572787884,22.846108302474,-4.97499559681322
"cv",102.027224645817,5.04169644198216,-29.8611467565629,-9.58566517939462,884.098042411444,-8.10622643821545
"cv",98.3443214003729,4.67246987201526,-39.23610721384,-8.95668104467506,467.102934195611,-4.89993791667818
