"","","par1","par2","par3","par4","par5"
"cv",110.317868848284,0.727375724742043,-39.340694792019,-2.08684900085159,30.7224540671033,-2.56258605144894
"cv",72.4921435174272,-0.755058457317184,-0.660930799791434,-4.86961857879915,-941.93340366207,-0.817267439950336
"cv",93.9674194443696,0.731038126981659,-2.59872257858565,-2.04435321458582,11.2173462221133,0.921507369596153
"cv",91.007077909139,-0.483997324945456,-0.827517169080675,-4.05046773905029,-548.564512379975,3.8632523547858
"cv",113.514539825473,1.14598202848767,-2.36051742076032,-2.0740262086792,5.48060770097053,8.10727821163364
"cv",82.5696034284076,-0.583206108492934,-0.469520931921468,-3.88416778112724,-252.750487066805,1.13623934890054
"cv",79.198980862929,-1.20133561395637,-0.364880606882485,-7.75500928222352,-683.47278570056,-1.55528882390529
