"","","par1","par2","par3","par4","par5"
"cv",96.2012178513773,-1.26146520473789,1.30902562488101,-8.7914471409835,-10.0339532830978,-0.695503591559827
"cv",73.1308349523095,-1.32331297027634,2.90914054058433,-9.6627687314787,-25.9340528295486,-4.74728638028823
"cv",54.6249795398239,-1.1914246257107,1.08853296293765,-7.84317388432819,-202.223307011756,4.29316053112364
"cv",63.387792585442,-1.00731956051981,0.749010398891177,-6.29523055095408,-360.139193787857,1.88268167546435
"cv",51.3394978758286,-0.788914284697833,-0.181727035606239,-5.05276643685451,-136.358715732062,-5.89628480968363
"cv",97.5641713299907,-0.736362741788429,0.222824906279198,-5.5219297619737,-174.275181721896,9.22962053676361
"cv",47.7246682420043,-0.84255259127616,-0.693721688297229,-5.1927477952129,-825.140140164926,2.5062997395442
