"","","par1","par2","par3","par4","par5"
"cv",31.2627706246611,0.0468057638804629,-5.30263869353794,-2.70490121293165,499.571491696673,-0.0909435720032084
"cv",101.427701054942,0.0282684690511489,-2.96724246301996,-3.00926783035272,527.744305107633,-0.0734478437343359
"cv",71.3944371047718,0.0599405705445339,-17.4746025525374,-2.71108676767002,537.625532360559,-0.606873150225617
"cv",60.0432736295693,-0.0103350410455504,-4.30440715347804,-2.70179494756321,693.964494439627,-0.405138574065592
"cv",47.2331482246572,0.084300458519491,-4.08624035784162,-2.81802047547338,502.348499773387,-0.0819509827121623
"cv",40.1318720462924,0.0438153734712646,-4.09568466464885,-2.73962455346797,518.971658068319,-0.289017570132022
"cv",49.5419900732349,0.0658891628792632,-5.68566208901425,-2.76112105639754,248.479348280676,-0.0646616102698752
