"","","par1","par2","par3","par4","par5"
"cv",88.5076379669487,0.739287838366994,-11.2049714353125,-2.21481931526033,38.0814495398395,-0.0682189260334366
"cv",109.471708735821,0.69177740289759,-23.9699885598329,-2.29099001841313,40.5927287393862,-5.56213857067149
"cv",86.2846968575031,0.71368830667911,-17.8420829316861,-2.26461726941273,33.4636933639343,-0.237687224365544
"cv",115.00024008945,0.673694478647905,-29.855435267639,-2.31933282026686,22.2951010462966,-0.279447339586615
"cv",92.8837411351742,0.628326049422097,-7.82337042145905,-2.24339821266251,19.9640667998823,-0.577622526765901
"cv",131.692889699643,-1.24881311940313,2.18625961294393,-8.26740387283548,-142.161374644239,-9.00950113777071
"cv",65.3675616684158,-0.731554922084033,-0.488640286497447,-4.46712138734133,-855.440836034121,3.0976532817943
