"","","par1","par2","par3","par4","par5"
"cv",127.974408790034,0.642185688054664,-9.97641441407806,-2.6012941720257,57.3114361234397,-0.113022444543185
"cv",88.5715299824091,0.466905190434607,-3.47868593902815,-2.39543422641409,17.0117709373655,-0.752246477165521
"cv",106.194138747567,0.797348574807603,-22.8327276959132,-2.60144033506656,79.7408172667886,0.000462458320627412
"cv",108.153399200868,0.0679807686610185,-1.68987600942804,-2.86331051815953,-414.864174285386,-1.09225895851396
"cv",71.9061440857473,0.658526195994295,-6.66755764174779,-2.40947704225597,16.9267055376836,-0.914542339489344
"cv",72.2159960992677,0.737988743535976,-12.6453095698128,-2.30229188823575,23.0194550385459,0.0545048387780365
"cv",71.7978973047968,0.521328356795259,-9.89074119005255,-2.37967861157702,15.4634833312416,-5.74621243992496
