"","","par1","par2","par3","par4","par5"
"cv",68.3352518486871,-1.02585216945991,-0.216089990144655,-6.26983065397756,-28.1809112869485,6.79378940822811
"cv",92.3044702411592,0.571703426980258,-20.5164651157325,-2.03621929414986,18.1799859141018,-9.60735523530293
"cv",76.6989445176411,-0.517522252338071,-0.673161237670821,-4.05341001931161,-850.328004567398,-0.000256397618208837
"cv",44.4762236140928,-0.956718245822322,-0.313675923327527,-5.69609460549473,-260.569858908623,6.58125884069402
"cv",83.3035573401357,-1.21992070308548,0.377930027666284,-8.12204166463264,-93.9853016730122,4.43256935302294
"cv",62.66536605097,-0.805975562589794,-0.0853349248531439,-5.06904501678588,-73.8613053713832,6.99805489582068
"cv",65.9373220450041,-1.13312470669241,-0.298313116566747,-7.16517158327139,-2.26040018619746,5.43286930839049
