"","","par1","par2","par3","par4","par5"
"cv",59.8424344418729,-0.817884441388548,-0.597229410099549,-5.07103847586714,-673.673250881001,-6.71601144596934
"cv",57.9745248708052,-1.3162563215002,1.21343736786174,-9.3837712758558,-964.119837153703,7.47732935426021
"cv",61.2038448897784,-1.297175968694,0.534751965584292,-9.00707630440593,-103.47264803216,6.20466849964137
"cv",60.0846335360875,-0.978600725494325,-0.486887735314667,-5.90018814797111,-26.1532717335391,3.19326598450505
"cv",85.7745855386458,-1.32927410698059,1.86237267283805,-9.57201020981806,-686.685782345919,6.37178095830265
"cv",57.6554427428352,-1.09082031242748,-0.0238605684284128,-6.84956135977258,-696.628725878852,8.97971015889198
"cv",64.9471909051432,-1.04714197252202,0.53255208533691,-6.59593092274494,-2.70124436977324,8.59547132113051
