"","","par1","par2","par3","par4","par5"
"cv",124.544417936665,1.10518084891964,-2.48895398635751,-2.33750667000465,894.715729506588,-7.33358953161052
"cv",73.1575144471308,-1.3446876970909,1.19423142964868,-9.40016617685057,-508.414744745244,-8.41201571142234
"cv",84.6984588795869,-1.1184089060459,0.214645119892195,-6.78131232477766,-506.131955327633,-9.89807410631329
"cv",67.1688184683134,-1.06849609671828,-0.6011153964198,-6.2936783832304,-308.70960661203,-2.28932429078684
"cv",112.537736268505,0.726739370976214,-1.17369471283893,-2.57026546352378,875.400434285243,-2.79942621610123
"cv",74.3972853335001,-1.36424176403552,0.622292788732057,-9.72723969402607,-586.53038931305,-1.03386925716892
"cv",81.8584793265038,-1.06660867058293,0.334533652487635,-6.47846608459021,-486.415037277286,-1.76775683071391
