"","","par1","par2","par3","par4","par5"
"cv",106.086019771247,-0.740327300856967,0.87163624390946,-4.70440232499701,-344.413029198373,1.48632591118195
"cv",79.7977623901304,-0.808407723553551,0.624992950008929,-4.61219773155253,-370.339342538055,2.97061553062414
"cv",104.697032374123,-0.737307888183032,-0.150458389456204,-4.04116655292714,-380.984955814332,1.4090436976403
"cv",92.2386604071368,-0.38904109886816,-0.652993115147218,-3.63422958453102,-167.014495538931,9.10997759964981
"cv",87.1381899509514,-0.337000556798637,-0.624471052318248,-3.45811828213822,-437.255938888302,7.63365473584531
"cv",105.72618650236,-0.521173093539426,0.0592242468462507,-4.05224367148535,-586.299858721605,1.70226276541954
"cv",86.0579733910352,-1.09810580229837,3.53024091292172,-6.87653685541239,-715.107756643699,2.50040153803237
