"","","par1","par2","par3","par4","par5"
"cv",97.0474408824534,0.524022388628453,-34.8732197812453,-3.26857300120343,91.8425762881832,-8.28959047631613
"cv",62.860754394833,-0.0654550345672398,-1.82194311142226,-3.34896340877748,6.41630405633308,-8.41534079826122
"cv",71.2656241035747,0.429233014839868,-41.7347877574069,-3.03300820034274,290.004341569266,-2.45501158360055
"cv",35.9753689776834,0.599285652775662,-29.8469198950946,-3.09296869859348,194.719580043801,-7.76436064392328
"cv",20.0703830236699,0.64421509780139,-16.772643375671,-3.19082125446071,95.0015518048525,-0.0745057024023975
"cv",43.9811882551547,0.620871675223083,-47.5956196120575,-3.08380351769509,194.161190165878,-0.749321528698666
"cv",56.3687572172335,0.685401628853296,-33.7433594361703,-3.25272984936661,85.5757699897748,-4.67131902795417
