"","","par1","par2","par3","par4","par5"
"cv",57.0066981784922,0.630108190214409,-18.3434356118404,-2.47836339800353,25.8050230655633,-0.752483380755308
"cv",74.2786187465731,0.609684456142409,-29.9587573338502,-2.46878751626998,26.002996175107,-0.752871442504382
"cv",86.475509025305,0.598866917183685,-5.244557203291,-2.59049853145027,28.1024094352456,0.255613960474178
"cv",89.2918713318976,0.514070256341111,-9.62140046103843,-2.55798244126273,25.3217578040944,0.255560557385278
"cv",90.000005507068,0.560083527957273,-20.6014847980481,-2.56370653786746,25.2852523843309,-0.72045678916616
"cv",115.433087230883,0.550666472314315,-9.3809942195627,-2.67783178055688,20.5928534269333,0.326894203384589
"cv",79.9472102446187,0.593541138525771,-47.0670066827728,-2.47864899421123,30.8477943029088,0.208717258647084
