"","","par1","par2","par3","par4","par5"
"cv",128.041694760622,0.865274562159702,-31.8980616514451,-3.04621376678438,85.643091134472,-0.43048340389867
"cv",122.01501758656,0.318142804505844,-19.9366386661761,-2.70575465357476,975.505411826905,-0.0902308013422117
"cv",73.8245201097882,0.428280200832003,-30.4195884565701,-2.64703822439224,990.514624320967,-0.104714232498047
"cv",54.795802284029,0.596290046061822,-24.3886750442228,-2.63642828477272,759.957883438415,-0.122804293964583
"cv",54.1708928453775,0.488869433881842,-21.2387867065304,-2.64881854163263,932.669425140844,-0.0953722771973289
"cv",38.2837060076628,0.566194301526219,-37.4774391336026,-2.65857084677896,556.742906168706,-0.114763574828286
"cv",60.5716310708939,0.494438511193612,-13.7424386979999,-2.61163207975681,858.923065435284,-0.126190138764265
