"","","par1","par2","par3","par4","par5"
"cv",89.6643580736825,-0.768998916891786,0.690926409163726,-4.84294552481672,-306.707423201417,8.39793645771198
"cv",91.6021464183406,-0.353467618328589,-0.87994153147838,-3.88017360449025,-558.181624473243,6.35216284044757
"cv",64.5748964544871,-0.68573928665328,-0.267784372176437,-4.48341063409438,-309.834235776897,3.1797741772607
"cv",90.444359538305,-0.439434868068701,-1.21828509035837,-2.89329551851336,-727.404831003696,-6.19244627188891
"cv",119.649204691872,1.05555159395006,-2.39384931490143,-2.35730968797763,6.37071052464849,7.84259346343615
"cv",88.7319738585303,-0.544229542288016,-0.828312112860501,-4.01439089827752,-869.014969134262,-1.04704744790151
"cv",84.2932837345364,-0.712888451847998,-0.0704768788344898,-4.76612726681493,-254.229952875145,8.97316690777678
