"","","par1","par2","par3","par4","par5"
"cv",102.270581253568,0.357685565635822,-18.2516996900728,-3.14735881618905,25.4443546312848,-2.97456090832814
"cv",106.239058055857,0.455549177752916,-18.3632704226294,-3.11364658798912,20.4368807476909,-1.24594890003586
"cv",88.4377949905426,0.388552765398075,-20.1302044938327,-2.9602157114978,28.225623712559,-2.40560026050725
"cv",92.238984649897,0.417111846507143,-7.2227283897988,-3.0053773662325,23.3729806764525,-1.05473709280593
"cv",43.9889828766959,0.556266636913987,-18.6486245419598,-2.95529675374293,23.07867385209,-2.62804353884685
"cv",39.667413585145,0.402557115187208,-11.227058457092,-2.97410708283507,27.1140784758971,-1.11369803313422
"cv",33.9448212737284,0.5866904610741,-26.3490856596817,-2.88408118009159,28.0042085268372,-6.50976854305316
