"","","par1","par2","par3","par4","par5"
"cv",113.221654670241,-0.342814153595442,-0.756192465633607,-3.72513916698126,-784.210871439427,1.8092012887164
"cv",83.6335339648998,-1.19682537832337,2.29125246367374,-7.59929066180333,-615.962800834314,5.26604474852517
"cv",92.4298957440184,0.767012578804533,-38.449384037238,-2.4665817224404,64.5084956944605,-0.148125910200179
"cv",84.8715403866788,-0.736590527644672,-0.698915159155318,-4.3333481485501,-502.903556982009,2.17386932876752
"cv",96.3580896344963,-0.263720280302775,-1.24625883704608,-3.28818784784345,-962.442982102746,4.72173265874065
"cv",85.5578191041584,0.779314062033256,-8.18999062621548,-2.4347786467987,57.4438697125308,-3.91851929652037
"cv",110.887554633281,0.821107023116397,-11.0601758544538,-2.58291459912176,50.1775443314429,-1.11266781002981
