"","","par1","par2","par3","par4","par5"
"cv",115.281137972192,0.795631317627578,-24.4770693303634,-2.10110176584318,27.8112233236204,-0.332294209492645
"cv",105.368987134989,0.682249249026229,-4.96849004411696,-2.07552157894265,16.101081994605,-0.787780473120648
"cv",98.4406099067022,0.660426711205161,-16.4918473607475,-2.04880426786317,17.071445684974,-1.12069533765385
"cv",98.7914719882821,0.641007649009681,-25.0727737176614,-2.10822319283896,14.991604331079,-0.822687339289211
"cv",111.080950019456,0.64212037314721,-4.23095556604309,-2.14250609433157,15.1930310157704,-0.77992533645535
"cv",131.06939313089,-0.979527221659732,-0.228331954539627,-5.71824809429404,-301.967888225796,0.725190874006748
"cv",101.682522203054,0.680347683455422,-6.21259970404613,-2.07630720018187,13.713914795028,-0.754789380428285
