"","","par1","par2","par3","par4","par5"
"cv",125.103255704971,-0.197480269885236,-1.27636129370024,-3.45582141580709,-541.035589881568,4.11475804594591
"cv",76.8555643350591,0.450410651504869,-2.11875915107693,-2.66645462063233,-448.432897344382,7.35007925657454
"cv",66.6742718350535,0.328749267001831,-2.21771580660839,-2.73730908907744,-355.21574331567,5.80205179648897
"cv",47.3189802408305,0.701863573080842,-35.5470367788794,-2.44542779215969,25.8363954372525,-8.83129114483566
"cv",120.804132941732,0.584537830733857,-2.38940350862129,-2.72064110559464,5.8300150974527,5.50922093649533
"cv",75.1806340613711,0.403533324962237,-2.15798799785417,-2.73344325251297,21.6106986626983,-0.435234531760216
"cv",70.8192532835936,0.592876303035765,-2.47155524028807,-2.61177392146441,5.96266752686495,5.9759471416458
