"","","par1","par2","par3","par4","par5"
"cv",55.0823894827687,-0.518824920365929,-1.38349554876717,-3.76415086572335,-328.407143679188,6.3443321283327
"cv",8.55344000779575,0.353685574049455,-3.89989377281067,-3.08050633077731,26.6133318623041,-2.48830715826077
"cv",43.2976170462368,-0.393439521389877,-1.54009009349125,-3.49318874610719,-977.158197496951,4.52354030217975
"cv",47.7102532676576,0.0838593343182934,-9.97480513561756,-2.82867430339708,992.664108580952,-1.29317118013661
"cv",85.1069122385235,-0.120267418151527,-1.82948880567654,-3.25869096979365,23.4138045042069,-1.88448774734946
"cv",17.2521464852059,0.160495292672159,-29.2361183457184,-2.88463681348211,28.3938082866371,-6.71743558719754
"cv",90.8064537843926,0.141042576664319,-14.9455360565327,-2.92681920797882,971.04772908274,-1.33850581724587
