"","","par1","par2","par3","par4","par5"
"cv",69.4954434336405,-0.206063165406804,-1.38327844656922,-3.12428914565174,-926.405763427962,5.27169954963028
"cv",69.3509990699098,-0.224382026750149,-1.25133712324628,-3.14006493492528,-971.909241701449,4.26354439309858
"cv",130.720486985348,-0.107692568391759,-1.22046423270728,-3.28713887421878,-833.643507241581,3.11348382411068
"cv",79.8297729339658,0.135877732193817,-1.59443496445676,-2.83512373737432,-323.595090670924,5.67241617483354
"cv",127.284557428465,-0.00175262514079189,-1.20468861160139,-3.29794772082397,-578.268455143437,8.32427577887885
"cv",105.559165293071,-0.449560205662436,-1.08300997511423,-3.59782881407978,-209.278597049398,3.61525082029402
"cv",69.0438675845494,-0.299615240479343,-1.23505880944464,-3.16830756328541,-685.500210589924,4.92310453768848
