"","","par1","par2","par3","par4","par5"
"cv",35.7620109619256,-0.378998729977144,-1.0570325223545,-3.78903010976818,-744.309350710135,5.94929971660154
"cv",72.2413385102991,-0.228845076498161,-1.13996804017317,-3.63284232685933,-584.785824177595,4.6721726149711
"cv",56.0318131303626,-0.254207131548845,-1.05473418402103,-3.70950849308649,-555.893410952308,2.81567597196494
"cv",47.0591277404095,-0.231663414297751,-1.06479072994241,-3.82089057616572,23.2469899240794,-2.94239118459549
"cv",34.3141637039452,-0.384485391256676,-1.08106624362453,-3.73318330955989,-549.720342448068,4.28066300794175
"cv",92.1193602021633,0.423251667320481,-18.2888941965735,-2.6371463051364,758.038504273829,-0.308495015794623
"cv",99.4451326904317,0.055239571688408,-1.61556359099431,-3.1749443374553,-717.704693916646,3.49554053286831
