"","","par1","par2","par3","par4","par5"
"cv",96.9041064220919,1.34074783772677,-46.9198692351189,-2.39647742844019,788.601686157566,-0.585480181441343
"cv",105.579895374561,1.2856469314939,-20.1625371864411,-2.51173056582796,970.380177925841,-0.86801510696164
"cv",97.6884511125159,1.78850264838038,-33.1210804017839,-2.85757012587782,147.008127007849,-1.17325491044715
"cv",100.88880762672,-0.967157519912346,0.123637138331304,-6.36021792052653,-363.475755595188,-2.12713455212994
"cv",65.0160319134077,-1.2351912157569,1.88811061652113,-8.74191746078662,-811.791080783446,8.82765802089125
"cv",83.0282489694803,-0.78365337801562,0.560943283114618,-5.3145387076973,18.7583970837295,-1.1029538828408
"cv",115.078470124583,-1.19675979395575,0.270215453470396,-8.24019869629351,-332.391653296342,-3.9091846971371
