"","","par1","par2","par3","par4","par5"
"cv",112.085060385212,-0.530080860382126,-0.774956003696173,-3.91396780048467,-7.33706893869967,6.11831842456013
"cv",71.1457198420481,-0.349886168471201,-0.87425294964506,-3.49602676320893,-583.250453079463,7.30319507957959
"cv",79.6961702772952,-0.507956963408093,-0.661463325327171,-3.70601253685722,-487.734324298799,6.81124199405754
"cv",85.8557020540094,-0.309260010987389,-0.815599465415559,-3.63002474498926,-340.217376975973,-0.40012645984982
"cv",66.2956472115449,-0.371178820436756,-0.905008296418991,-3.52143598930398,-585.099119827026,1.86626767273992
"cv",76.1416671350615,-0.296346894005873,-0.798030233335016,-3.42595142031533,-544.010123208492,0.573540068636079
"cv",142.572897258439,-0.642970494935979,-0.0618032902460803,-4.36695521053306,-132.794059009694,9.77382755351934
