"","","par1","par2","par3","par4","par5"
"cv",91.2709481533851,-0.0916228774027088,-0.934625326018326,-2.96909161902031,-729.366588406265,9.65356398839504
"cv",95.3574490982672,-0.177771690994121,-0.807737132534385,-3.12761800104851,-280.801479928966,6.24788506152964
"cv",96.3232277760256,-0.38711913643907,-0.813735247194421,-2.94319454482121,-486.004561326467,7.51897564517941
"cv",102.400151806508,-0.0926414497967034,-0.85303356935095,-3.14116698656692,-378.916490599482,4.18510077173227
"cv",128.270236622556,-0.0831466314269955,-0.813688491077351,-3.45133970819949,-949.384664132383,8.76170964186287
"cv",94.1885869958736,-0.0850356408849763,-1.00557721325646,-2.99079967514565,-479.91344209744,0.801892443935271
"cv",87.7940894043814,-0.219296817236605,-0.716946073446638,-3.0387903908042,-683.952685817754,-3.69167426402604
