"","","par1","par2","par3","par4","par5"
"cv",75.2268061927997,0.220455031313124,-2.9464126945018,-2.8173547688745,295.179484535545,-6.00639192493588
"cv",72.8687843572562,0.246989409658746,-2.74565549888516,-2.79435475075362,280.246519205528,-0.324017981277152
"cv",49.1347401642983,0.126003382983542,-1.5490182032924,-3.42115654131017,22.2010818647557,-2.6990483403623
"cv",81.6305925375214,0.427294440331695,-2.23848432880534,-3.25397400343553,31.0399490894682,-2.96970731847035
"cv",46.2484027391533,0.275297882314181,-1.72961047924234,-3.3209885025805,14.2115225126891,-3.55058487857122
"cv",114.021242629935,0.429935213824542,-5.21791299703606,-2.80103577047015,259.507079044771,-1.7850762515723
"cv",87.7537321733681,0.278342363848847,-3.53898179958938,-2.77955611616276,301.764163974569,-1.21126092514839
