"","","par1","par2","par3","par4","par5"
"cv",67.1849331684178,0.315053677830672,-27.5038831880866,-3.45979742213374,14.3562076086518,0.766677937967439
"cv",27.6777881217516,0.353171039699304,-10.9010447349382,-3.5356328859734,-55.4109335926043,0.491429172654394
"cv",33.3301214658324,0.388970571761763,-23.5307873217037,-3.4935636088352,-57.063375727744,0.457625832336347
"cv",42.3983417553369,0.320302859289348,-11.5870368256476,-3.60761579034105,-34.0324866515363,7.31493007726091
"cv",18.9370570273373,0.356591718643553,-22.7847298784582,-3.52896895204695,-57.9772149874105,0.484055702961037
"cv",29.7939153179624,0.330465428526032,-10.4378519334821,-3.49232403250938,2.59434948095309,-0.928538361081918
"cv",52.7217501818577,0.318030344636475,-13.3204168404749,-3.56564751011483,-54.1555932960961,0.433672800557059
