"","","par1","par2","par3","par4","par5"
"cv",81.9847165038564,-1.30857267140173,1.31012220748407,-8.75737938289301,-643.024556804448,7.06679883209681
"cv",94.9607836414604,1.95051382869324,-23.992734429439,-3.23494437102784,65.4545749879151,-2.55099112302467
"cv",96.3276666043334,-1.17290107140912,2.22599976696074,-7.18286350793638,-132.778767836008,2.906902348471
"cv",90.5054560663957,-0.789731992408633,0.0281002093106508,-4.08458411516023,-55.4447101632389,2.59102684465841
"cv",96.5051404533484,2.25996812016477,-24.3618087896958,-3.7030712649935,77.808962025503,-4.73735502328212
"cv",96.1959424889417,1.93939375516054,-48.0387288678014,-3.26361776063592,73.4840913593308,-1.89636152639626
"cv",96.3384790410703,-1.02251798922503,-0.320383015693274,-5.99040575365366,-314.124152804762,2.62528201284038
