"","","par1","par2","par3","par4","par5"
"cv",106.573545301938,0.548870219580733,-9.21630637566998,-1.91982566753009,6.48615326791934,4.53313335645467
"cv",94.2905417451058,-0.48870114857917,-0.779677540213845,-3.21885763271643,-26.2061490589699,-0.945932783590745
"cv",93.8553968471671,-0.613169334687154,-0.503303292901936,-3.90252376914573,-624.791363908824,-3.09091729716922
"cv",110.431516998482,0.644390712250183,-6.5340770834851,-2.06370318417534,6.98153825818123,4.35815146941546
"cv",110.947393505264,0.528878679394742,-22.2613792472295,-1.98476544492983,6.34637691298667,7.47465404877493
"cv",96.5085498756861,-0.909860041547282,-0.495784891579916,-5.05958629856384,-244.469097592075,2.6543302135542
"cv",104.436299664334,0.573370923103221,-4.60646223769649,-2.01553210972242,5.5638213732642,4.45431018680483
