"","","par1","par2","par3","par4","par5"
"cv",96.7452744500154,-0.369875947231361,-0.777167880190917,-3.54313698607751,-321.590551698073,7.02293310966829
"cv",75.4117036185884,-0.531448801248599,-0.85220267895261,-3.74227646641323,-285.733639221215,6.03793921275326
"cv",73.3962020919244,-1.28273085633148,0.268845489453527,-8.42032131411845,-959.154247185271,6.27039930399974
"cv",117.619766150121,-0.503719440966303,-0.774181159210521,-3.81616473256478,-727.12793632956,3.24264465365559
"cv",90.4859852899882,-0.946281411372358,0.137329558928485,-5.39926829434405,-371.999748593385,7.35340941697359
"cv",109.199604783718,0.869368456030704,-5.04142322714753,-2.15671738054726,47.5788986879826,-0.134330827852241
"cv",83.212141500492,-1.32960666779664,-0.588664058032729,-9.06648709261679,-895.420545090591,0.134971341731416
