"","","par1","par2","par3","par4","par5"
"cv",98.7482552645873,0.171319947452518,-6.51821131286173,-2.93217315049599,705.492217381931,-0.220853304581825
"cv",61.6530183123295,0.0449970175601163,-5.45582833432898,-2.82747696782646,601.948745443952,-0.369615023955703
"cv",44.2628144524554,0.0544035755073021,-4.94874280778795,-2.83618966043114,613.736658197892,-0.319971749466245
"cv",34.5152534681296,0.0956293848863944,-5.30248381119741,-2.81639258102693,600.243341558485,-0.304272427325198
"cv",37.7755328956364,0.113096050012851,-8.38894442882665,-2.81881309150898,600.91363262525,-0.314812070103111
"cv",77.011468687069,-0.0436772470490213,-2.52141539849295,-2.97303305636548,635.569196451746,-9.81669555987246
"cv",70.8755259604546,0.117011505310848,-40.7964443599948,-2.83250042515209,598.361803708588,-0.336278469427024
