"","","par1","par2","par3","par4","par5"
"cv",76.0296233639828,-0.885046201948105,-0.033545045954309,-5.17710533680714,-193.478421074851,-2.99411970729765
"cv",82.3116862960071,-0.563803405265263,-0.511699557266696,-4.23614343592752,-760.359702674217,3.62634979808176
"cv",83.5053197611787,-0.537276939929286,-0.753679482846137,-4.35378899247505,-724.760759149486,0.377234255027643
"cv",62.3387556752737,-0.579893280360125,-0.564561670788373,-4.34877234213624,-521.284449534549,0.174757473090559
"cv",65.1248503311406,-0.718189548451711,-0.0937597163238423,-4.77040036758124,-496.765529748918,3.15611116122454
"cv",94.6052372003951,0.241816082386129,-1.78127101759752,-2.54216018843465,-68.3503120052738,7.49999485093701
"cv",78.1968976512075,-1.23631609046256,3.70846021980213,-8.40423951256809,-837.778605805809,5.11769525628576
