"","","par1","par2","par3","par4","par5"
"cv",96.7485958168146,0.931410586279399,-27.3509005730958,-2.96388927176365,138.104725502386,-5.0196653477313
"cv",71.3021388092382,1.03402881321967,-47.0505773411151,-3.13238187854347,125.946439691524,-7.18462155047149
"cv",136.548547930431,1.38037827485205,-48.212434356787,-3.94969696931403,139.328640215754,-2.29048716692452
"cv",83.2309309273269,1.06400648493337,-41.9328780191449,-3.23913168589527,109.766266109305,-1.20881817415368
"cv",78.6294363737958,1.23156548174603,-20.1834018786038,-3.26168306138693,128.137297450947,-2.53964447517016
"cv",101.339451022019,1.12636131895639,-37.8591907122335,-3.17017427961837,136.305833967483,-7.6577416662595
"cv",72.7995101115813,1.3763372145154,-35.8173936085031,-3.53396492534839,120.877050886641,-4.73727483093527
