"","","par1","par2","par3","par4","par5"
"cv",94.9086083981273,-0.936141346550368,-0.0255667676609076,-5.69943402902238,-790.626003253991,-6.32182881904444
"cv",72.6805938662939,-0.999650864407979,1.3104609387792,-6.40221256563557,-383.457051928594,-0.319619459950384
"cv",95.2924846230434,0.358627042579183,-2.3525305315565,-2.37824690939033,-694.938656074787,-5.85271578282118
"cv",69.9235970512414,-0.632583695009094,-0.648224000267156,-4.47503096788225,-500.494042083345,1.77730311639607
"cv",98.6115723082023,0.078030945073139,-1.49354452347253,-2.753844484806,-658.670491737176,5.79533238335135
"cv",71.8884936153776,-0.951802767910191,1.1658648317799,-6.08543816609956,-411.21910429547,-9.27666008938104
"cv",96.3198211300892,-1.19239990391568,1.77322365366988,-8.34984023593344,-248.137392307873,7.43404508568347
