"","","par1","par2","par3","par4","par5"
"cv",133.069697597351,-0.158072687235297,-1.88901635538787,-3.24490082526907,-582.570525792982,0.522654629893648
"cv",65.0427550303395,0.517107624222566,-24.9437377348444,-2.790952423147,15.4573636143738,-1.78690072600717
"cv",68.9111702838955,0.399446253906704,-32.3738707220273,-2.85826231740215,17.9872785465088,-0.297089559514571
"cv",57.1862851530217,0.461225786246877,-5.03281177042831,-2.72822968000407,20.3294930412083,-8.04135415006869
"cv",52.0128556903206,0.481846271921942,-8.39145818319617,-2.78321260205802,14.9136654143316,-7.03550708076028
"cv",108.057586529304,0.102797941828305,-12.1568079904693,-2.62003071283279,999.071039558877,-7.08459305820706
"cv",65.3993720662392,0.394310977000981,-6.14650104252448,-2.81917035915031,18.3270445140787,-1.14122735832795
