"","","par1","par2","par3","par4","par5"
"cv",115.656489461587,0.528965205758195,-3.49727106203712,-2.61277993053342,25.3810311701818,-0.482829392850272
"cv",139.270192280471,0.71792099380611,-13.4178028289223,-2.71597044383267,16.5954785149943,-1.00890304418397
"cv",92.7716673925912,0.612071350316147,-9.18012085374822,-2.52125486587383,987.056587503204,-0.298252506453995
"cv",81.5026288804174,0.791726024614869,-33.3175824742697,-2.53152689289201,593.535586796519,-0.350756563398813
"cv",69.5126936259799,0.743283431760022,-17.8070984754304,-2.55230483112636,563.407324042091,-0.350973304445456
"cv",82.2510264180542,0.765450610013245,-39.1719705011673,-2.52356755680774,733.24956146288,-0.349896370065817
"cv",64.2741599818833,0.73774550040875,-46.8413505996083,-2.46379755012747,713.073639436491,-0.33712704628852
