"","","par1","par2","par3","par4","par5"
"cv",113.415525029073,-1.15316097642823,0.795355987624212,-7.71595846968504,-227.348008941236,7.75000650368619
"cv",90.9158308234617,-1.00968962482385,1.50813605384778,-6.30362368699835,-575.499195906432,9.87113318619567
"cv",92.2011472728726,0.784085430081129,-23.8119261062055,-2.43184841847777,20.6650596815023,-0.101636048934237
"cv",99.8660869233869,0.968084697092832,-6.69996254508374,-2.54765285998634,35.9631780413814,0.20508913903553
"cv",93.0934222028945,0.861106496944827,-6.28042892889916,-2.52362005672374,23.200810561949,-0.193448775368981
"cv",49.9120336913856,-0.418138332990441,-1.02883949816227,-3.81976106640733,-577.876436988419,8.39744082500881
"cv",96.5238651854775,0.627369636527778,-31.1102291478523,-2.4747147270567,13.1781890305883,0.0438708238488621
