"","","par1","par2","par3","par4","par5"
"cv",96.6889949484995,1.45772755949499,-42.3801599676601,-2.67104166895187,54.0760476178324,-1.00905690400927
"cv",92.7297261982255,1.39555836005648,-41.1107889338705,-2.55849710174402,520.344363699273,-0.588050097258644
"cv",116.991713713098,-1.33884383151945,-0.349277033350051,-9.66827207710594,-50.7667734814681,4.95810537964955
"cv",113.879473610274,1.08558700734653,-9.69103935343886,-2.51293866076644,89.940245460437,-0.348978261463344
"cv",98.2081590066599,1.55863194358531,-22.8558128157116,-2.6926682971216,656.172173295008,-0.706094009662042
"cv",101.403309528266,1.53640617065567,-26.5641149756539,-2.65151524416999,581.273682283507,-0.609260188803728
"cv",75.6789887478443,-1.17553520129017,0.872221899535738,-7.25895188465946,-853.804182618441,1.94939451757818
