"","","par1","par2","par3","par4","par5"
"cv",42.0293023099565,0.263064575099778,-12.8631261392266,-2.74448959106089,999.646267692176,-4.04412707114814
"cv",51.1815857157665,0.11468267308161,-5.58813191212905,-2.7679240851468,997.456996715399,-2.10584013479232
"cv",57.5210250790068,0.196184662776465,-41.7385159496042,-2.7610993009881,999.867302003105,-2.35051606483314
"cv",63.2045982484471,0.253799261527279,-23.0226768891467,-2.72759267189072,987.721691870304,-0.485612188671529
"cv",54.5414057168208,0.184390013810132,-6.07908273427917,-2.71891698095557,997.537038211975,-1.29482435756197
"cv",113.025402787405,0.328885234979797,-3.95837686932968,-3.15765463852969,995.386850661215,-1.4895179320037
"cv",36.5496557080258,0.188156007261024,-12.9878940060735,-2.75251093178439,999.916453383572,-5.33420214725213
