"","","par1","par2","par3","par4","par5"
"cv",100.952636325465,0.314698284821086,-1.59886816604271,-3.17409050038897,-876.522218456522,9.97129794210196
"cv",69.1932729138214,0.336477325085343,-1.70560778546335,-2.99063813269841,-684.69046305372,0.0336245950615651
"cv",95.1006961185775,0.271606936909395,-1.47620190857738,-3.11219296165933,-681.829811238324,0.200203207720365
"cv",70.4050985541778,0.224981159002118,-1.55137565535074,-3.0446419731473,-46.2567829807777,0.088400239804975
"cv",72.9492435324383,0.234639789034113,-1.50289152378457,-3.05756036401094,-109.345274224711,-6.1744883570189
"cv",79.8600328368643,0.627848322801102,-2.05616667503117,-2.85038628169575,6.4206484468765,2.50430381314032
"cv",76.8397121330582,0.193279486751252,-1.60864909961578,-3.05604709484163,-742.020894790003,0.0530441700589224
