"","","par1","par2","par3","par4","par5"
"cv",70.2433882396266,0.152031294168455,-1.27488481087507,-3.07402589665947,-945.385403045838,3.0247489248301
"cv",84.1173029974514,0.171941522985611,-1.2890643010025,-3.13681757490435,-357.707126232069,8.21996549003678
"cv",59.3884076435346,0.266436870557267,-1.23113058732676,-3.09387908546016,-754.205304420329,3.82383640855551
"cv",64.5823891728649,0.219983587146578,-1.20689240561241,-3.15188280253153,-357.286059527872,6.32687193722031
"cv",65.0354756835946,0.294891377477358,-1.21087316197348,-2.99666543223633,-14.1293780211327,1.74559751525521
"cv",82.796501117149,0.866637035361469,-10.0396341941776,-2.52545565778145,9.61766196626832,-1.02609660723414
"cv",96.4598222706787,0.206574517529098,-1.12669921960826,-3.27166518798142,-964.1987242113,4.4207705800728
