"","","par1","par2","par3","par4","par5"
"cv",99.8025015314024,0.764721663565731,-10.0249325831113,-2.08811988484861,2.43100001302284,8.02790082004265
"cv",88.4653840185364,-0.523161959314014,-0.742532050097572,-4.24399587430093,-652.266961988062,9.0581445582211
"cv",80.7197547216024,-1.0289974534872,0.405396724728051,-6.11041513919858,-523.584059257686,5.46364247803448
"cv",72.9319802563794,-0.734328229935099,-0.264703080389876,-4.65544123734972,-811.428310780996,0.654023230579474
"cv",122.791127767457,-0.793393429122023,-0.363499260823397,-4.95163752592389,-870.159781392072,6.45136712866954
"cv",93.1535839053739,0.607434347587595,-13.8675741550847,-2.12865497870902,13.8903545849568,-3.38086929172277
"cv",55.3627831106144,-0.485657980348748,-0.67936149668864,-4.03825053664857,-865.333775989711,2.98294813383237
